#format table ## [Custom WaveView] saved 14:30:11 Mon Oct  5 2026
v(qout):monte_carlo=1 
 7.445455E-09 
 7.447321E-09 
 7.445436E-09 
 1.800000E+00 
 1.800000E+00 
 1.800000E+00 
 3.874313E-08 
 3.554568E-08 
 1.800002E+00 
-3.389030E-10 
 7.989210E-09 
 1.800000E+00 
 1.800003E+00 
 8.726051E-09 
 1.799998E+00 
 5.638234E-08 
 1.800000E+00 
 1.903044E-05 
 1.800000E+00 
 3.183132E-06 
 3.295639E-06 
 1.799999E+00 
 1.800000E+00 
 1.800000E+00 
-4.600402E-06 
 5.140381E-09 
 5.140048E-09 
 1.800000E+00 
 1.800000E+00 
 1.800000E+00 
 1.187830E-08 
 3.342784E-08 
 1.800003E+00 
 1.282677E-06 
 1.800001E+00 
-4.310748E-06 
 1.800000E+00 
 1.800000E+00 
-1.582994E-06 
-1.756272E-06 
 1.800000E+00 
 1.800000E+00 
 6.579146E-06 
 4.926619E-10 
 1.800000E+00 
 1.800001E+00 
 1.145144E-06 
 1.800000E+00 
-5.287709E-08 
 1.800000E+00 
 1.595992E-07 
 1.800000E+00 
-4.865090E-07 
 1.800000E+00 
 1.263432E-07 
 1.800000E+00 
 6.227689E-07 
 1.800000E+00 
 1.800000E+00 
-3.971014E-08 
-1.448752E-08 
 1.800000E+00 
 1.800000E+00 
 7.515348E-09 
 1.800000E+00 
-2.270570E-06 
 1.800000E+00 
 4.577932E-06 
 1.800003E+00 
-4.659416E-07 
 1.800000E+00 
 6.023705E-09 
 1.800000E+00 
 1.800000E+00 
 1.844650E-05 
 1.800000E+00 
-1.792032E-05 
-1.803692E-05 
 1.800000E+00 
 1.800000E+00 
 5.958295E-09 
 1.800004E+00 
 1.800000E+00 
 1.320447E-06 
 8.294722E-09 
 1.800000E+00 
-4.497498E-08 
 1.800000E+00 
 1.800000E+00 
 4.327232E-08 
 1.800000E+00 
 5.441623E-08 
 1.799998E+00 
 1.800000E+00 
-6.387547E-07 
 2.170010E-09 
 1.799999E+00 
 1.800000E+00 
-1.056100E-07 
-2.001837E-09 
 1.800000E+00 
 1.800000E+00 
 1.800000E+00 
-2.858044E-07 
-1.336260E-07 
 1.800000E+00 
 1.800000E+00 
 3.239618E-07 
 2.095818E-09 
 1.800000E+00 
 1.800000E+00 
 1.800000E+00 
 5.470111E-06 
 7.405931E-09 
 1.800000E+00 
 1.800000E+00 
-3.332332E-07 
-3.212658E-08 
 1.799999E+00 
 1.800000E+00 
 1.800001E+00 
-2.115491E-05 
 8.299034E-09 
 1.799999E+00 
 1.800000E+00 
 9.355315E-09 
 1.799999E+00 
 1.800000E+00 
-3.306157E-06 
 8.263350E-09 
 1.800000E+00 
 1.799997E+00 
 1.156435E-06 
 1.800000E+00 
-1.478008E-09 
 1.800001E+00 
 3.383062E-08 
 1.800000E+00 
 1.800000E+00 
 1.440491E-06 
 1.800000E+00 
 1.428963E-07 
 1.800000E+00 
 1.800000E+00 
-8.285517E-05 
 5.036768E-08 
 1.800000E+00 
 1.800000E+00 
 1.800000E+00 
-1.935077E-06 
-2.317374E-06 
 1.800000E+00 
 1.800000E+00 
 1.167995E-08 
 1.800000E+00 
 1.800000E+00 
 1.961740E-06 
 1.944578E-06 
 1.800000E+00 
 1.800000E+00 
 1.800000E+00 
-3.409719E-07 
-1.216127E-08 
 1.800000E+00 
 1.800000E+00 
-8.007730E-09 
 1.800000E+00 
 1.800000E+00 
 1.927876E-06 
 1.026692E-08 
 1.800001E+00 
 1.800000E+00 
 1.800000E+00 
-5.307115E-07 
 1.800000E+00 
 1.759110E-07 
 1.800000E+00 
-1.181334E-06 
 1.800000E+00 
 1.800000E+00 
 2.902771E-06 
-4.358926E-08 
 1.800000E+00 
 1.800000E+00 
 1.800000E+00 
 6.527549E-09 
 1.800000E+00 
 1.800002E+00 
 1.585345E-07 
 2.375113E-07 
 1.800000E+00 
 1.800000E+00 
-7.248275E-08 
 1.800001E+00 
 1.799998E+00 
-4.405241E-06 
 1.800000E+00 
-7.599257E-06 
 1.800000E+00 
 1.800000E+00 
 2.595658E-07 
 1.800000E+00 
 6.949277E-08 
 1.800002E+00 
 1.800000E+00 
-6.062459E-06 
 1.800000E+00 
 1.562798E-08 
 1.800000E+00 
 1.800000E+00 
-5.569913E-08 
 1.800000E+00 
-5.793555E-08 
 1.800000E+00 
 1.800000E+00 
 1.799999E+00 
 8.781506E-08 
 4.814564E-09 
 1.800000E+00 
 1.800000E+00 
-8.464753E-08 
 1.800000E+00 
 1.800000E+00 
 5.212885E-09 
 1.800002E+00 
 1.800000E+00 
 2.609365E-06 
 2.615003E-06 
 1.800000E+00 
 1.800000E+00 
 1.800000E+00 
 1.800000E+00 
-3.111708E-07 
 1.672966E-08 
 1.800000E+00 
 1.800000E+00 
-6.277781E-06 
 1.799998E+00 
 7.987215E-08 
 1.800002E+00 
 1.800002E+00 
 1.800000E+00 
 8.758211E-08 
 1.800000E+00 
 2.183099E-06 
 1.800002E+00 
 1.800000E+00 
 1.287048E-06 
 1.800000E+00 
 8.463279E-07 
 1.800000E+00 
 1.800000E+00 
 4.592683E-07 
 1.800000E+00 
 1.800001E+00 
 1.856421E-09 
 1.800000E+00 
 1.800000E+00 
 1.845296E-07 
 1.800000E+00 
 2.358689E-07 
 1.800000E+00 
 1.800000E+00 
 9.259145E-09 
 1.800000E+00 
 1.799999E+00 
-1.379417E-07 
 1.799999E+00 
 1.800000E+00 
-1.928945E-09 
 1.800000E+00 
 1.945570E-08 
 1.800000E+00 
 1.800000E+00 
 1.800000E+00 
-1.588685E-07 
 3.335594E-09 
 1.800000E+00 
 1.800000E+00 
 1.800000E+00 
 1.800000E+00 
-3.330985E-08 
 7.223348E-09 
 1.800001E+00 
 1.800000E+00 
 1.800000E+00 
 3.357746E-08 
 1.800000E+00 
-2.000597E-07 
 1.800000E+00 
 1.800000E+00 
 1.800000E+00 
-3.151237E-06 
 8.445168E-09 
 1.800000E+00 
 1.800000E+00 
 1.800000E+00 
 1.800000E+00 
-2.061269E-06 
 1.800000E+00 
-1.005688E-07 
 1.800000E+00 
 1.800001E+00 
 7.111829E-07 
 1.800000E+00 
-6.205580E-08 
 1.800000E+00 
 1.800000E+00 
 1.800000E+00 
 4.242244E-09 
 1.800000E+00 
 1.800000E+00 
-1.015952E-06 
 1.800000E+00 
 1.800001E+00 
-3.762780E-06 
 1.800000E+00 
-1.976662E-05 
 1.800000E+00 
 1.800000E+00 
 1.800001E+00 
 6.568196E-08 
 1.799999E+00 
 1.800000E+00 
 6.592876E-08 
 1.800000E+00 
-7.383161E-08 
 1.800000E+00 
 1.800000E+00 
 1.800000E+00 
-5.199435E-07 
 1.800001E+00 
 1.800000E+00 
 8.727929E-07 
 1.800000E+00 
-1.196226E-07 
 1.800000E+00 
 1.800000E+00 
 1.800000E+00 
 1.799999E+00 
-9.928418E-08 
-6.858744E-09 
 1.800000E+00 
 1.800000E+00 
 1.800000E+00 
 1.800000E+00 
 1.110355E-07 
 1.163812E-08 
 1.799998E+00 
 1.800000E+00 
 1.800000E+00 
 1.800000E+00 
-1.556004E-06 
 1.800000E+00 
-9.603945E-08 
 1.800000E+00 
 1.800000E+00 
 1.800002E+00 
 6.807968E-08 
 1.800000E+00 
 1.800000E+00 
 1.796040E-07 
 1.800000E+00 
 1.800000E+00 
-5.172498E-07 
 1.800000E+00 
 1.800000E+00 
-1.128670E-07 
 1.800000E+00 
 1.800000E+00 
 1.800000E+00 
-1.224507E-08 
 1.800001E+00 
-1.090483E-06 
 1.800000E+00 
 1.800000E+00 
 1.800000E+00 
-1.105239E-05 
 1.800000E+00 
 1.800000E+00 
-1.807496E-05 
 1.800000E+00 
 1.800000E+00 
 1.800000E+00 
 8.215873E-07 
 1.800000E+00 
-6.850979E-09 
 1.800000E+00 
 1.800000E+00 
 1.800000E+00 
 1.800000E+00 
-6.623275E-05 
 1.800000E+00 
-3.669135E-09 
 1.800000E+00 
 1.800000E+00 
 1.800000E+00 
-7.980012E-09 
 1.800000E+00 
 1.800000E+00 
 2.921216E-05 
 1.800000E+00 
 1.800000E+00 
 1.800001E+00 
-1.309385E-06 
 1.800000E+00 
-8.176504E-07 
 1.800001E+00 
 1.800001E+00 
 1.800001E+00 
 1.800000E+00 
 1.715621E-05 
 1.800000E+00 
 1.800000E+00 
 1.784278E-08 
 1.800000E+00 
 1.800000E+00 
-7.344188E-08 
 1.800000E+00 
 1.800000E+00 
 1.800000E+00 
-5.659318E-08 
 1.800000E+00 
 1.800000E+00 
 1.918971E-06 
 1.800003E+00 
 1.800001E+00 
 1.800008E+00 
-3.277883E-06 
 1.799998E+00 
 1.800000E+00 
-2.785883E-08 
 1.800000E+00 
 1.800000E+00 
 1.800000E+00 
 7.643427E-09 
 1.800001E+00 
 1.800000E+00 
 1.800000E+00 
 2.011972E-07 
 1.800000E+00 
 1.800000E+00 
 1.194863E-08 
 1.799999E+00 
 1.800000E+00 
 1.800000E+00 
-6.571451E-06 
 1.800000E+00 
 1.800000E+00 
-2.385801E-08 
 1.800002E+00 
 1.800002E+00 
 1.800000E+00 
 2.337600E-07 
 1.800000E+00 
 1.800000E+00 
 1.800001E+00 
 3.894834E-06 
 1.800000E+00 
 1.800001E+00 
-2.755278E-06 
 1.800001E+00 
 1.800000E+00 
 1.800000E+00 
 1.800000E+00 
-7.834081E-07 
 1.800000E+00 
 1.341195E-08 
 1.799999E+00 
 1.800000E+00 
 1.800000E+00 
 1.800000E+00 
 1.800000E+00 
 1.058100E-06 
 8.071104E-09 
 1.800000E+00 
 1.800000E+00 
 1.800000E+00 
 1.800000E+00 
 1.800000E+00 
 1.800000E+00 
 2.216524E-07 
 9.246726E-09 
 1.800000E+00 
 1.800000E+00 
 1.800000E+00 
 1.800000E+00 
 1.800000E+00 
 5.525258E-07 
 1.800000E+00 
 1.800000E+00 
-4.220477E-08 
 1.800000E+00 
 1.800000E+00 
 1.800000E+00 
 3.073026E-07 
 1.799999E+00 
 1.800000E+00 
 2.822188E-08 
 1.800000E+00 
 1.800000E+00 
 1.800000E+00 
 1.800000E+00 
 1.800001E+00 
 6.824352E-08 
 1.800000E+00 
 6.751370E-08 
 1.800000E+00 
 1.800000E+00 
 1.800000E+00 
 1.800000E+00 
 1.800000E+00 
 5.646992E-07 
 1.799999E+00 
-1.199681E-07 
 1.800000E+00 
 1.800000E+00 
 1.800000E+00 
 1.800000E+00 
 1.800000E+00 
-1.334303E-07 
 1.800000E+00 
 1.800000E+00 
 1.232963E-07 
 1.800000E+00 
 1.800000E+00 
 1.800000E+00 
-1.582941E-08 
 1.800000E+00 
 1.800000E+00 
 1.800000E+00 
 1.800000E+00 
 6.752635E-09 
 1.800000E+00 
 1.800000E+00 
 1.800000E+00 
-1.288966E-08 
 1.800000E+00 
 1.800003E+00 
 4.069119E-07 
 1.800000E+00 
 1.800000E+00 
 1.800000E+00 
 1.800000E+00 
 1.800001E+00 
 4.300975E-07 
 1.800000E+00 
 1.800000E+00 
 1.799998E+00 
 3.310175E-07 
 1.800003E+00 
 1.800000E+00 
-5.525086E-09 
 1.800000E+00 
 1.800000E+00 
 1.800000E+00 
 1.800000E+00 
 1.800000E+00 
-3.071027E-07 
 1.800000E+00 
 1.800000E+00 
 1.800000E+00 
 4.759860E-08 
 1.800000E+00 
 1.800000E+00 
 2.141152E-09 
 1.800000E+00 
 1.800000E+00 
 1.800000E+00 
 1.800000E+00 
 1.800000E+00 
 1.800000E+00 
 1.058998E-07 
 1.800000E+00 
 2.333842E-06 
 1.800000E+00 
 1.800000E+00 
 1.800000E+00 
 1.800000E+00 
 1.800000E+00 
-7.535243E-09 
 1.800000E+00 
 1.800000E+00 
 1.800002E+00 
 1.800000E+00 
 1.298462E-08 
 1.800000E+00 
 1.800000E+00 
-2.314371E-06 
 1.799997E+00 
 1.800000E+00 
 1.800000E+00 
 1.800000E+00 
 1.800000E+00 
 7.432460E-09 
 1.800000E+00 
 1.800000E+00 
 1.799999E+00 
 4.057314E-07 
 1.799999E+00 
 1.800000E+00 
 1.800000E+00 
 1.800000E+00 
 2.543830E-06 
 1.800000E+00 
 1.800000E+00 
 1.799998E+00 
 1.799999E+00 
 6.480590E-07 
 1.800000E+00 
 1.800000E+00 
 1.800000E+00 
-1.103846E-07 
 1.800000E+00 
 1.800000E+00 
 1.800000E+00 
 1.800000E+00 
 1.800000E+00 
-5.046607E-06 
 1.800000E+00 
 1.800000E+00 
 1.800001E+00 
 1.262066E-06 
 1.800000E+00 
 1.800000E+00 
 1.800000E+00 
 1.800000E+00 
-7.032943E-08 
 1.800001E+00 
 1.800000E+00 
 1.800000E+00 
 1.800000E+00 
-5.064555E-06 
 1.800000E+00 
 1.800000E+00 
 1.800000E+00 
 1.800000E+00 
 1.800002E+00 
-1.479872E-06 
 1.800001E+00 
 1.800000E+00 
 4.263129E-09 
 1.800000E+00 
 1.800000E+00 
 1.800000E+00 
 1.800000E+00 
 1.800000E+00 
 1.800000E+00 
 1.800000E+00 
-7.190701E-07 
 1.800000E+00 
 7.867285E-09 
 1.800000E+00 
 1.800000E+00 
 1.800000E+00 
 1.800000E+00 
 1.800000E+00 
 1.800000E+00 
 1.800001E+00 
-8.381681E-09 
 1.800000E+00 
 1.800000E+00 
-4.157531E-07 
 1.800000E+00 
 1.800000E+00 
 1.800000E+00 
 1.800000E+00 
 1.800000E+00 
 1.799997E+00 
-2.326775E-08 
 1.799999E+00 
 1.800000E+00 
 1.800000E+00 
 1.800002E+00 
 1.630459E-06 
 1.799999E+00 
 1.800000E+00 
 1.800000E+00 
 1.800000E+00 
 5.955214E-08 
 1.799999E+00 
 1.799999E+00 
 1.799999E+00 
 1.800000E+00 
 1.800000E+00 
-2.240396E-06 
 1.800000E+00 
 1.800001E+00 
 1.800000E+00 
 8.533855E-09 
 1.800000E+00 
 1.800000E+00 
 1.800000E+00 
 1.800000E+00 
 1.800000E+00 
 1.800000E+00 
 1.800000E+00 
-4.747589E-06 
 1.800000E+00 
 1.800001E+00 
-1.977858E-07 
 1.799997E+00 
 1.799997E+00 
 1.799997E+00 
 1.799997E+00 
 1.799997E+00 
 1.799997E+00 
 1.800000E+00 
 8.243210E-07 
 1.800000E+00 
 1.800000E+00 
 1.800000E+00 
 1.800000E+00 
-5.496163E-06 
 1.800000E+00 
 1.800000E+00 
 1.800000E+00 
 1.800000E+00 
 3.239864E-06 
 1.800000E+00 
 1.800000E+00 
 1.800000E+00 
 1.800000E+00 
 1.800000E+00 
 1.800000E+00 
 4.656285E-07 
 1.800000E+00 
 1.800000E+00 
 1.800001E+00 
 1.800000E+00 
 1.656037E-08 
 1.800002E+00 
 1.800002E+00 
 1.800002E+00 
 1.800002E+00 
 1.800002E+00 
 1.800000E+00 
 7.415512E-06 
 1.800001E+00 
 1.800001E+00 
 1.800000E+00 
 1.800000E+00 
 1.656173E-07 
 1.800000E+00 
 1.800000E+00 
 1.800000E+00 
 1.800000E+00 
 1.800000E+00 
 1.799998E+00 
 7.318203E-08 
 1.800005E+00 
 1.800005E+00 
 1.800005E+00 
 1.800000E+00 
 1.800001E+00 
 5.608243E-08 
 1.800002E+00 
 1.800000E+00 
 1.800000E+00 
 1.800000E+00 
 1.800000E+00 
-8.430884E-07 
 1.800000E+00 
 1.800000E+00 
 1.800000E+00 
 1.800000E+00 
 1.800000E+00 
 2.891740E-07 
 1.800000E+00 
 1.800000E+00 
 1.800000E+00 
 1.800000E+00 
 1.800000E+00 
 1.800000E+00 
 6.878576E-08 
 1.800000E+00 
 1.800000E+00 
 1.800000E+00 
 1.800000E+00 
 1.800000E+00 
 1.800000E+00 
-9.770153E-06 
 1.800000E+00 
 1.800002E+00 
 1.800000E+00 
 1.800000E+00 
 1.713458E-05 
 1.800000E+00 
 1.800000E+00 
 1.800000E+00 
 1.800000E+00 
 1.800000E+00 
 1.800000E+00 
 1.800000E+00 
 1.360791E-08 
 1.800000E+00 
 1.800000E+00 
 1.800000E+00 
 1.800000E+00 
 1.800000E+00 
 5.060738E-06 
 1.799997E+00 
 1.800000E+00 
 1.800000E+00 
 1.800000E+00 
 1.800000E+00 
 1.800000E+00 
-2.339765E-08 
 1.800000E+00 
 1.800000E+00 
 1.800000E+00 
 1.800000E+00 
 1.800000E+00 
 1.800000E+00 
-2.488919E-06 
 1.800003E+00 
 1.800002E+00 
 1.800002E+00 
 1.800002E+00 
 1.800002E+00 
 1.800000E+00 
 2.270070E-08 
 1.800000E+00 
 1.800000E+00 
 1.800000E+00 
 1.800000E+00 
 1.800000E+00 
 1.800000E+00 
-1.715278E-07 
 1.799999E+00 
 1.799999E+00 
 1.799999E+00 
 1.799999E+00 
 1.799999E+00 
 1.800001E+00 
-5.378399E-06 
 1.800000E+00 
 1.800000E+00 
 1.800000E+00 
 1.800000E+00 
 1.800000E+00 
 1.800000E+00 
 7.013971E-09 
 1.800000E+00 
 1.800000E+00 
 1.800000E+00 
 1.800000E+00 
 1.800000E+00 
 1.800000E+00 
 1.800000E+00 
-4.304906E-07 
 1.800000E+00 
 1.800000E+00 
 1.800000E+00 
 1.800000E+00 
 1.800000E+00 
 1.800001E+00 
 3.404768E-07 
 1.800000E+00 
 1.800000E+00 
 1.800000E+00 
 1.800000E+00 
 1.800000E+00 
 1.800000E+00 
 9.965268E-08 
 1.800000E+00 
 1.800000E+00 
 1.800000E+00 
 1.800000E+00 
 1.800000E+00 
 1.800000E+00 
 1.800000E+00 
 1.800000E+00 
-8.378939E-07 
 1.800000E+00 
 1.800000E+00 
 1.800000E+00 
 1.800000E+00 
 6.504539E-09 
 1.800000E+00 
 1.800000E+00 
 1.800000E+00 
 1.800000E+00 
 1.800000E+00 
 1.800000E+00 
 1.800000E+00 
 1.800000E+00 
 1.800000E+00 
 1.800000E+00 
-2.453920E-06 
 1.800000E+00 
 1.800000E+00 
 1.800000E+00 
 1.800000E+00 
-8.607665E-07 
 1.800000E+00 
 1.800000E+00 
 1.800000E+00 
 1.800000E+00 
 1.800000E+00 
 1.800000E+00 
 1.800000E+00 
 1.800000E+00 
 1.800002E+00 
 1.570508E-08 
 1.800000E+00 
 1.800000E+00 
 1.800000E+00 
 1.800000E+00 
 1.800000E+00 
 1.800000E+00 
 1.777168E-08 
 1.800000E+00 
 1.800000E+00 
 1.800000E+00 
 1.800000E+00 
 1.800000E+00 
 1.800000E+00 
 1.800000E+00 
 1.800000E+00 
 5.300019E-06 
 1.800000E+00 
 1.800000E+00 
 1.800000E+00 
 1.800000E+00 
 1.799999E+00 
 1.800000E+00 
-5.606124E-09 
 1.800000E+00 
 1.800000E+00 
 1.800000E+00 
 1.800000E+00 
 1.800000E+00 
 1.800000E+00 
 1.800000E+00 
 1.800000E+00 
 1.800000E+00 
 2.040013E-06 
 1.800000E+00 
 1.800000E+00 
 1.800000E+00 
 1.800000E+00 
 1.800000E+00 
 5.841589E-08 
 1.800002E+00 
 1.800002E+00 
 1.800002E+00 
 1.800002E+00 
 1.800002E+00 
 1.800002E+00 
 1.800002E+00 
 1.800002E+00 
 1.800002E+00 
 1.800000E+00 
 4.984204E-07 
 1.800000E+00 
 1.800000E+00 
 1.800000E+00 
 1.800000E+00 
 1.800000E+00 
 1.800000E+00 
-1.980261E-09 
 1.800000E+00 
 1.800000E+00 
 1.800000E+00 
 1.800000E+00 
 1.800000E+00 
 1.800000E+00 
 1.800000E+00 
 1.800000E+00 
 1.800002E+00 
 3.278804E-09 
 1.799996E+00 
 1.799996E+00 
 1.799996E+00 
 1.799996E+00 
 1.799996E+00 
 1.800000E+00 
 1.800001E+00 
 7.522254E-07 
 1.800000E+00 
 1.800000E+00 
 1.800000E+00 
 1.800000E+00 
 1.800000E+00 
 1.800000E+00 
 1.800000E+00 
 1.800000E+00 
 4.020262E-09 
 1.800001E+00 
 1.800000E+00 
 1.800000E+00 
 1.800000E+00 
 1.800000E+00 
 1.800000E+00 
 1.800000E+00 
 1.800000E+00 
 3.196420E-08 
 1.800000E+00 
 1.800000E+00 
 1.800000E+00 
 1.800000E+00 
 1.800000E+00 
 1.800000E+00 
 1.800000E+00 
 1.800000E+00 
 1.800000E+00 
-4.224659E-08 
 1.800000E+00 
 1.800000E+00 
 1.800000E+00 
 1.800000E+00 
 1.800000E+00 
 1.799999E+00 
 1.800000E+00 
-5.349336E-07 
 1.800000E+00 
 1.800000E+00 
 1.800000E+00 
 1.800000E+00 
 1.800000E+00 
 1.800000E+00 
 1.800000E+00 
 1.799999E+00 
 1.800000E+00 
 9.971485E-09 
 1.800000E+00 
 1.800000E+00 
 1.800000E+00 
 1.800000E+00 
 1.800000E+00 
 1.800000E+00 
 1.800001E+00 
 1.800000E+00 
 6.536024E-09 
 1.800000E+00 
 1.800000E+00 
 1.800000E+00 
 1.800000E+00 
 1.800000E+00 
 1.800000E+00 
 1.800000E+00 
 1.800000E+00 
 1.800001E+00 
-1.379980E-06 
 1.800001E+00 
 1.800001E+00 
 1.800001E+00 
 1.800001E+00 
 1.800001E+00 
 1.800001E+00 
 1.800000E+00 
-1.765942E-06 
 1.800000E+00 
 1.800000E+00 
 1.800000E+00 
 1.800000E+00 
 1.800000E+00 
 1.800000E+00 
 1.800000E+00 
 1.800000E+00 
 1.800000E+00 
 1.800000E+00 
 1.800000E+00 
 2.079316E-07 
 1.800001E+00 
 1.800000E+00 
 1.800000E+00 
 1.800000E+00 
 1.800000E+00 
 1.800000E+00 
 1.800002E+00 
-4.978236E-08 
 1.800000E+00 
 1.800000E+00 
 1.800000E+00 
 1.800000E+00 
 1.800000E+00 
 1.800000E+00 
 1.800000E+00 
 1.800000E+00 
 1.800000E+00 
-2.274722E-08 
 1.800000E+00 
 1.800000E+00 
 1.800000E+00 
 1.800000E+00 
 1.800000E+00 
 1.800000E+00 
 1.800000E+00 
 1.800000E+00 
 1.800000E+00 
 1.800000E+00 
-7.638877E-07 
 1.800002E+00 
 1.800001E+00 
 1.800001E+00 
 1.800001E+00 
 1.800001E+00 
 1.800000E+00 
 1.799999E+00 
 2.028354E-08 
 1.800000E+00 
 1.800000E+00 
 1.800000E+00 
 1.800000E+00 
 1.800000E+00 
 1.800000E+00 
 1.800000E+00 
 1.800000E+00 
 1.800000E+00 
 1.800000E+00 
-2.202313E-07 
 1.800000E+00 
 1.800000E+00 
 1.800000E+00 
 1.800000E+00 
 1.800000E+00 
 1.800000E+00 
 1.800000E+00 
 1.800000E+00 
 1.800000E+00 
-7.412869E-08 
 1.800000E+00 
 1.800000E+00 
 1.800000E+00 
 1.800000E+00 
 1.800000E+00 
 1.800000E+00 
 1.800000E+00 
 1.800000E+00 
 1.800001E+00 
 1.112894E-06 
 1.800000E+00 
 1.800000E+00 
 1.800000E+00 
 1.800000E+00 
 1.800000E+00 
 1.800000E+00 
 1.800000E+00 
 1.800001E+00 
 1.800000E+00 
 2.095291E-06 
 1.800000E+00 
 1.800000E+00 
 1.800000E+00 
 1.800000E+00 
 1.800000E+00 
 1.800000E+00 
 1.800000E+00 
 1.800000E+00 
-5.436314E-08 
 1.800000E+00 
 1.800000E+00 
 1.800000E+00 
 1.800000E+00 
 1.800000E+00 
 1.800000E+00 
 1.800000E+00 
 1.800000E+00 
 1.800000E+00 
 1.800000E+00 
 1.800000E+00 
-2.892833E-07 
 1.800000E+00 
 1.800000E+00 
 1.800000E+00 
 1.800000E+00 
 1.800000E+00 
 1.800000E+00 
 1.800000E+00 
 7.797462E-09 
 1.800001E+00 
 1.800000E+00 
 1.800000E+00 
 1.800000E+00 
 1.800000E+00 
 1.800000E+00 
 1.800000E+00 
 1.800000E+00 
 1.800000E+00 
 1.800000E+00 
 1.800001E+00 
 9.355835E-08 
 1.800006E+00 
 1.800006E+00 
 1.800006E+00 
 1.800006E+00 
 1.800006E+00 
 1.800006E+00 
 1.800004E+00 
 1.800002E+00 
-2.341638E-09 
 1.800000E+00 
 1.800000E+00 
 1.800000E+00 
 1.800000E+00 
 1.800000E+00 
 1.800000E+00 
 1.800000E+00 
 1.800000E+00 
 1.800000E+00 
 8.212488E-08 
 1.800000E+00 
 1.800000E+00 
 1.800000E+00 
 1.800000E+00 
 1.800000E+00 
 1.800000E+00 
 1.800000E+00 
 1.800000E+00 
 1.800000E+00 
 1.800000E+00 
 4.856021E-08 
 1.800000E+00 
 1.800000E+00 
 1.800000E+00 
 1.800000E+00 
 1.800000E+00 
 1.800000E+00 
 1.800001E+00 
 2.136043E-06 
 1.800000E+00 
 1.800000E+00 
 1.800000E+00 
 1.800000E+00 
 1.800000E+00 
 1.800000E+00 
 1.800000E+00 
 1.800000E+00 
 1.800000E+00 
 1.800000E+00 
 1.800000E+00 
 7.218426E-06 
 1.799999E+00 
 1.800000E+00 
 1.800000E+00 
 1.800000E+00 
 1.800000E+00 
 1.800000E+00 
 1.800000E+00 
 1.800000E+00 
 2.650778E-06 
 1.800000E+00 
 1.800000E+00 
 1.800000E+00 
 1.800000E+00 
 1.800000E+00 
 1.800000E+00 
 1.800000E+00 
 1.800000E+00 
 1.800000E+00 
-3.678493E-07 
 1.800000E+00 
 1.800000E+00 
 1.800000E+00 
 1.800000E+00 
 1.800000E+00 
 1.800000E+00 
 1.800000E+00 
 1.800000E+00 
 1.800000E+00 
 7.208367E-08 
 1.800000E+00 
 1.800000E+00 
 1.800000E+00 
 1.800000E+00 
 1.800000E+00 
 1.800000E+00 
 1.800000E+00 
 1.800000E+00 
 6.441499E-07 
 1.800000E+00 
 1.800000E+00 
 1.800000E+00 
 1.800000E+00 
 1.800000E+00 
 1.800000E+00 
 1.800000E+00 
 1.800000E+00 
 1.800000E+00 
 1.800000E+00 
 1.424482E-07 
 1.800000E+00 
 1.800000E+00 
 1.800000E+00 
 1.800000E+00 
 1.800000E+00 
 1.800000E+00 
 1.800000E+00 
-1.699162E-08 
 1.800004E+00 
 1.800004E+00 
 1.800004E+00 
 1.800004E+00 
 1.800004E+00 
 1.800004E+00 
 1.800004E+00 
 1.800004E+00 
 1.800004E+00 
 1.800001E+00 
-7.036501E-06 
 1.799999E+00 
 1.800000E+00 
 1.800000E+00 
 1.800000E+00 
 1.800000E+00 
 1.800000E+00 
 1.800000E+00 
 1.799999E+00 
 2.975182E-06 
 1.800001E+00 
 1.800001E+00 
 1.800001E+00 
 1.800001E+00 
 1.800001E+00 
 1.800001E+00 
 1.800000E+00 
 1.800000E+00 
 2.607405E-06 
 1.800000E+00 
 1.800000E+00 
 1.800000E+00 
 1.800000E+00 
 1.800000E+00 
 1.800000E+00 
 1.800000E+00 
 1.800000E+00 
 1.800000E+00 
 4.577546E-08 
 1.800000E+00 
 1.800000E+00 
 1.800000E+00 
 1.800000E+00 
 1.800000E+00 
 1.800000E+00 
 1.800002E+00 
 2.457089E-08 
 1.800000E+00 
 1.800000E+00 
 1.800000E+00 
 1.800000E+00 
 1.800000E+00 
 1.800000E+00 
 1.800000E+00 
 1.800000E+00 
 1.800000E+00 
 1.761891E-08 
 1.800001E+00 
 1.800001E+00 
 1.800001E+00 
 1.800001E+00 
 1.800001E+00 
 1.800001E+00 
 1.800001E+00 
 1.800001E+00 
-6.767038E-08 
 1.799997E+00 
 1.800000E+00 
 1.800000E+00 
 1.800000E+00 
 1.800000E+00 
 1.800000E+00 
 1.800000E+00 
 1.800001E+00 
 1.796904E-06 
 1.800000E+00 
 1.800000E+00 
 1.800000E+00 
 1.800000E+00 
 1.800000E+00 
 1.800000E+00 
 1.800000E+00 
 1.800000E+00 
 2.562223E-06 
 1.800000E+00 
 1.800000E+00 
 1.800000E+00 
 1.800000E+00 
 1.800000E+00 
 1.800001E+00 
 1.800000E+00 
 1.180962E-07 
 1.800000E+00 
 1.800000E+00 
 1.800000E+00 
 1.800000E+00 
 1.800000E+00 
 1.800000E+00 
 1.800000E+00 
 1.799999E+00 
 6.831598E-08 
 1.799999E+00 
 1.799999E+00 
 1.799999E+00 
 1.799999E+00 
 1.799999E+00 
 1.799999E+00 
 1.800000E+00 
 1.800000E+00 
-7.160585E-06 
 1.800000E+00 
 1.800000E+00 
 1.800000E+00 
 1.800000E+00 
 1.800000E+00 
 1.800000E+00 
 7.947981E-09 
 1.800000E+00 
 1.800000E+00 
 1.800000E+00 
 1.800000E+00 
 1.800000E+00 
 1.800000E+00 
 1.800000E+00 
 1.800000E+00 
 1.800000E+00 
 8.272455E-08 
 1.800000E+00 
 1.800000E+00 
 1.800000E+00 
 1.800000E+00 
 1.800000E+00 
 1.800000E+00 
 1.248934E-07 
 1.800002E+00 
 1.800000E+00 
 1.800000E+00 
 1.800000E+00 
 1.800000E+00 
 1.800000E+00 
 1.800000E+00 
 1.800000E+00 
-5.785599E-10 
 1.800000E+00 
 1.800000E+00 
 1.800000E+00 
 1.800000E+00 
 1.800000E+00 
 1.800000E+00 
 1.800000E+00 
 8.848140E-06 
 1.800000E+00 
 1.800000E+00 
 1.800000E+00 
 1.800000E+00 
 1.800000E+00 
 1.800000E+00 
 1.465527E-07 
 1.799999E+00 
 1.799999E+00 
 1.799999E+00 
 1.799999E+00 
 1.799999E+00 
 1.799999E+00 
 1.799999E+00 
 1.800000E+00 
-1.731622E-08 
 1.800000E+00 
 1.800000E+00 
 1.800000E+00 
 1.800000E+00 
 1.800000E+00 
 1.800000E+00 
-3.084331E-08 
 1.800001E+00 
 1.800000E+00 
 1.800000E+00 
 1.800000E+00 
 1.800000E+00 
 1.800000E+00 
 1.800000E+00 
 7.727128E-09 
 1.800000E+00 
 1.800000E+00 
 1.800000E+00 
 1.800000E+00 
 1.800000E+00 
 1.800000E+00 
 1.800000E+00 
-7.777655E-07 
 1.800000E+00 
 1.800000E+00 
 1.800000E+00 
 1.800000E+00 
 1.800000E+00 
 1.800000E+00 
-1.199411E-06 
 1.800001E+00 
 1.800001E+00 
 1.800001E+00 
 1.800001E+00 
 1.800001E+00 
 1.800000E+00 
 1.990375E-09 
 1.800001E+00 
 1.800001E+00 
 1.800001E+00 
 1.800001E+00 
 1.800001E+00 
 1.800001E+00 
 1.800000E+00 
 5.263513E-07 
 1.800000E+00 
 1.800000E+00 
 1.800000E+00 
 1.800000E+00 
 1.800000E+00 
-5.327235E-05 
 1.799997E+00 
 1.800000E+00 
 1.800000E+00 
 1.800000E+00 
 1.800000E+00 
 1.800000E+00 
 1.800000E+00 
 1.799999E+00 
 1.086985E-07 
 1.800000E+00 
 1.800000E+00 
 1.800000E+00 
 1.800000E+00 
 5.703730E-09 
 1.800000E+00 
 1.800000E+00 
 1.800000E+00 
 1.800000E+00 
 1.800000E+00 
 1.800000E+00 
 1.800000E+00 
 1.800000E+00 
 1.917682E-05 
 1.800000E+00 
 1.799999E+00 
 1.799999E+00 
 1.800000E+00 
-4.263316E-06 
 1.800000E+00 
 1.800000E+00 
 1.800000E+00 
 1.800000E+00 
 1.800000E+00 
 1.800000E+00 
 1.800000E+00 
 8.632043E-09 
 1.799997E+00 
 1.800000E+00 
 1.800000E+00 
 1.800000E+00 
 1.800000E+00 
-1.737292E-07 
 1.800001E+00 
 1.800000E+00 
 1.800000E+00 
 1.800000E+00 
 1.800000E+00 
 1.800000E+00 
 1.800000E+00 
 5.133128E-07 
 1.800000E+00 
 1.800000E+00 
 1.800000E+00 
 1.389717E-08 
 1.800000E+00 
 1.800000E+00 
 1.800000E+00 
 1.800000E+00 
 1.800000E+00 
 1.800000E+00 
 1.800000E+00 
 1.800000E+00 
-6.063162E-08 
 1.800000E+00 
 1.800000E+00 
 1.800000E+00 
 1.800000E+00 
-8.453890E-09 
 1.800000E+00 
 1.800000E+00 
 1.800000E+00 
 1.800000E+00 
 1.800000E+00 
 1.800000E+00 
 1.548096E-08 
 1.800000E+00 
 1.800000E+00 
 1.800000E+00 
 1.800000E+00 
 1.800000E+00 
 1.522134E-07 
 1.800000E+00 
 1.800000E+00 
 1.800000E+00 
 1.800000E+00 
 1.800000E+00 
 6.417392E-09 
 1.800000E+00 
 1.800000E+00 
 1.800000E+00 
 1.800000E+00 
 1.800000E+00 
 1.800001E+00 
 2.740661E-07 
 1.800000E+00 
 1.800001E+00 
 1.800000E+00 
 1.800000E+00 
-1.726149E-08 
 1.800002E+00 
 1.800002E+00 
 1.800002E+00 
 1.800002E+00 
 1.800000E+00 
 4.239595E-08 
 1.800000E+00 
 1.800000E+00 
 1.800000E+00 
 1.800000E+00 
 1.800000E+00 
 1.800000E+00 
-1.146534E-07 
 1.800001E+00 
 1.800001E+00 
 1.800000E+00 
 1.800000E+00 
 6.593717E-08 
 1.800003E+00 
 1.800003E+00 
 1.800003E+00 
 1.799998E+00 
 1.800000E+00 
 5.178933E-08 
 1.800000E+00 
 1.800000E+00 
 1.800000E+00 
 1.799999E+00 
 1.800000E+00 
 6.819738E-09 
 1.800000E+00 
 1.800000E+00 
 1.800000E+00 
 1.800000E+00 
-2.399962E-07 
 1.800000E+00 
 1.800000E+00 
 1.800000E+00 
 1.800000E+00 
 1.800000E+00 
-6.249569E-07 
 1.800000E+00 
 1.800000E+00 
 1.800000E+00 
 1.800000E+00 
 1.800000E+00 
-9.734054E-08 
 1.800000E+00 
 1.800000E+00 
 1.800000E+00 
 1.800000E+00 
 9.833630E-09 
 1.800000E+00 
 1.800000E+00 
 1.800000E+00 
 1.800000E+00 
 1.800001E+00 
-1.554936E-06 
 1.799998E+00 
 1.800000E+00 
 1.800000E+00 
 1.800000E+00 
 6.659425E-07 
 1.800000E+00 
 1.800000E+00 
 1.800000E+00 
 1.800000E+00 
 6.016350E-08 
 1.800000E+00 
 1.800000E+00 
 1.800000E+00 
 1.800000E+00 
 1.800000E+00 
 9.760487E-09 
 1.800001E+00 
 1.800000E+00 
 1.800000E+00 
 1.799999E+00 
 7.999768E-09 
 1.800000E+00 
 1.800000E+00 
 1.800000E+00 
 1.800000E+00 
-5.201512E-08 
 1.800000E+00 
 1.800000E+00 
 1.800000E+00 
 1.800000E+00 
 1.800000E+00 
 5.840903E-07 
 1.800000E+00 
 1.800000E+00 
 1.800000E+00 
-9.559426E-09 
 1.800000E+00 
 1.800000E+00 
 1.800000E+00 
 1.800000E+00 
 1.800000E+00 
-1.408250E-07 
 1.800000E+00 
 1.800000E+00 
 1.800000E+00 
-1.173512E-05 
 1.800001E+00 
 1.800000E+00 
 1.800000E+00 
 1.800000E+00 
 1.800000E+00 
-1.098673E-06 
 1.800000E+00 
 1.800000E+00 
 1.800002E+00 
 2.054441E-08 
 1.800000E+00 
 1.800000E+00 
 1.800000E+00 
 1.800000E+00 
 1.799997E+00 
 4.250938E-07 
 1.800000E+00 
 1.800000E+00 
 1.800000E+00 
 2.301301E-06 
 1.800000E+00 
 1.800000E+00 
 1.800000E+00 
 1.800000E+00 
-5.969255E-07 
 1.800000E+00 
 1.800000E+00 
 1.800000E+00 
 1.800000E+00 
 1.050638E-08 
 1.800000E+00 
 1.800000E+00 
 1.800000E+00 
 3.848706E-08 
 1.800000E+00 
 1.800000E+00 
 1.800000E+00 
 1.800000E+00 
 1.799999E+00 
 3.112002E-07 
 1.799999E+00 
 1.800000E+00 
 4.671939E-08 
 1.800000E+00 
 1.800000E+00 
 1.800000E+00 
 1.800000E+00 
 1.800000E+00 
-1.252541E-06 
 1.800001E+00 
 1.800000E+00 
 1.800000E+00 
-1.550440E-07 
 1.799999E+00 
 1.800000E+00 
 1.800000E+00 
 1.800000E+00 
-2.949903E-06 
 1.800000E+00 
 1.800000E+00 
 1.800000E+00 
-6.031719E-07 
 1.800000E+00 
 1.800000E+00 
 1.800000E+00 
 1.377868E-07 
 1.800002E+00 
 1.800000E+00 
 1.800000E+00 
 1.800000E+00 
 1.800000E+00 
-1.340139E-06 
 1.800000E+00 
-1.514247E-07 
 1.800000E+00 
 1.800000E+00 
 1.800000E+00 
 1.800000E+00 
 1.800000E+00 
 1.800000E+00 
-2.402144E-05 
 1.800001E+00 
 1.800001E+00 
 7.111954E-07 
 1.800001E+00 
 1.800000E+00 
 1.800000E+00 
-1.717995E-06 
 1.800000E+00 
 1.800000E+00 
 1.800000E+00 
 1.800000E+00 
-1.063713E-07 
 1.800001E+00 
 1.800000E+00 
 1.800000E+00 
 2.115693E-08 
 1.800001E+00 
 1.800000E+00 
 1.800000E+00 
 1.939949E-07 
 1.799997E+00 
 1.799997E+00 
 1.799997E+00 
 1.799997E+00 
 4.678691E-08 
 1.800000E+00 
 1.800000E+00 
 2.737146E-07 
 1.800000E+00 
 1.800000E+00 
 1.800000E+00 
 1.799999E+00 
 1.453697E-05 
 1.800000E+00 
 1.800000E+00 
-3.998433E-08 
 1.800000E+00 
 1.800000E+00 
 1.800000E+00 
 1.800000E+00 
 8.115248E-09 
 1.800000E+00 
 1.800000E+00 
 1.799999E+00 
 1.026307E-08 
 1.800000E+00 
 1.800000E+00 
 1.800000E+00 
-2.043549E-06 
 1.800000E+00 
 1.800001E+00 
 1.800002E+00 
-1.208054E-05 
 1.800000E+00 
 1.800000E+00 
-2.071522E-10 
 1.800000E+00 
 1.800000E+00 
 1.800000E+00 
 1.800000E+00 
 7.790526E-09 
 1.800000E+00 
 1.800000E+00 
 1.800000E+00 
 6.107424E-08 
 1.800000E+00 
 1.800000E+00 
-4.554394E-07 
 1.800001E+00 
 1.800001E+00 
 1.800001E+00 
 1.800001E+00 
 6.878094E-06 
 1.800000E+00 
 6.794741E-09 
 1.799997E+00 
 1.800000E+00 
 1.800000E+00 
 1.800000E+00 
 1.800002E+00 
-1.499747E-06 
 1.800000E+00 
 4.760717E-07 
 1.799998E+00 
 1.800000E+00 
 1.800000E+00 
 1.800000E+00 
-3.502355E-07 
 1.800000E+00 
 1.800000E+00 
-1.730109E-06 
 1.800000E+00 
 1.800000E+00 
 1.800000E+00 
 3.791093E-09 
 1.800000E+00 
 1.800000E+00 
 1.800001E+00 
 3.864681E-08 
 1.800000E+00 
 1.800001E+00 
 2.661459E-08 
 1.800000E+00 
 1.800000E+00 
 1.800000E+00 
-3.009779E-07 
 1.800000E+00 
 1.800000E+00 
 1.800000E+00 
 1.300899E-07 
 1.800000E+00 
 1.800000E+00 
 5.022772E-06 
 1.800000E+00 
 1.800000E+00 
 1.800000E+00 
-1.591882E-07 
 1.800002E+00 
 1.800000E+00 
 4.274234E-09 
 1.800000E+00 
 1.800000E+00 
 1.799999E+00 
 7.451269E-08 
 1.800000E+00 
 1.800000E+00 
 1.799996E+00 
 1.167044E-05 
 1.799999E+00 
-1.979502E-08 
 1.800000E+00 
 1.800000E+00 
 1.800000E+00 
 1.799999E+00 
-1.491629E-07 
 1.800003E+00 
 1.800000E+00 
 2.764777E-08 
 1.800000E+00 
 1.800000E+00 
 4.072245E-08 
 1.800001E+00 
 1.800000E+00 
 1.799999E+00 
 8.926285E-07 
 1.800000E+00 
 1.800000E+00 
-3.869853E-07 
 1.800000E+00 
 1.800000E+00 
 1.800000E+00 
-1.312573E-06 
 1.800000E+00 
-3.608868E-07 
 1.800000E+00 
 1.800000E+00 
 1.800000E+00 
 1.800000E+00 
 2.011491E-07 
 1.800000E+00 
 4.397516E-07 
 1.800000E+00 
 1.800000E+00 
 1.800000E+00 
 1.800000E+00 
 2.121594E-05 
 1.413719E-06 
 1.800000E+00 
 1.800000E+00 
 1.800000E+00 
 1.800000E+00 
 1.188457E-07 
 1.799999E+00 
 1.800000E+00 
-2.923025E-05 
 1.800000E+00 
 1.800000E+00 
-4.556242E-08 
 1.800000E+00 
 1.800000E+00 
-8.569480E-08 
 1.800000E+00 
 1.800000E+00 
 1.800000E+00 
 4.167138E-08 
 1.800000E+00 
-1.649288E-09 
 1.800002E+00 
 1.800002E+00 
 1.800002E+00 
 1.799998E+00 
 8.504408E-07 
 8.321869E-07 
 1.800000E+00 
 1.800000E+00 
 1.800000E+00 
 1.800000E+00 
-1.238024E-07 
 1.800000E+00 
-1.498475E-07 
 1.800000E+00 
 1.800000E+00 
 1.800000E+00 
 5.385958E-07 
 1.800000E+00 
 9.816958E-07 
 1.800000E+00 
 1.800000E+00 
 1.800001E+00 
 1.423639E-07 
 1.800000E+00 
 1.800000E+00 
 1.815252E-08 
 1.800000E+00 
 1.800000E+00 
 3.102409E-05 
 1.800000E+00 
 1.800000E+00 
-1.781024E-06 
 1.799999E+00 
 1.800001E+00 
-1.290190E-07 
 1.800000E+00 
 1.800000E+00 
 4.309716E-08 
 1.800000E+00 
 1.800000E+00 
 1.071366E-07 
 1.799998E+00 
 1.800001E+00 
 1.324268E-07 
 1.800000E+00 
 1.800000E+00 
-2.280053E-06 
 1.800000E+00 
 1.799999E+00 
 8.619769E-09 
 1.800000E+00 
 1.800000E+00 
 9.254924E-09 
 1.800001E+00 
 1.800001E+00 
 6.853934E-08 
 1.800000E+00 
 1.800001E+00 
-3.143053E-08 
 1.800000E+00 
 1.800000E+00 
-4.040960E-06 
 1.800000E+00 
-3.113834E-08 
 1.800000E+00 
 1.800000E+00 
 1.799998E+00 
 7.692561E-09 
 1.800000E+00 
 1.800000E+00 
-1.596864E-06 
 1.799994E+00 
 2.424058E-07 
 1.800000E+00 
 1.800000E+00 
-4.295077E-06 
 1.800000E+00 
 1.800000E+00 
 1.800000E+00 
-2.222926E-06 
-4.022835E-09 
 1.800000E+00 
 1.800000E+00 
 1.800000E+00 
-1.498533E-07 
 1.800000E+00 
 1.800001E+00 
 7.875925E-06 
 1.800000E+00 
-3.052614E-06 
 1.800001E+00 
 1.800002E+00 
 1.800001E+00 
-3.904783E-06 
 2.966457E-09 
 1.800000E+00 
 1.800000E+00 
 1.800000E+00 
 1.800000E+00 
-7.666805E-08 
 2.066156E-09 
 1.800000E+00 
 1.800000E+00 
-3.830090E-08 
 1.800000E+00 
 1.800000E+00 
-4.242619E-09 
 1.800000E+00 
 1.799999E+00 
 3.068205E-08 
 1.800000E+00 
 1.800000E+00 
 1.288038E-05 
 1.800000E+00 
 5.697737E-08 
 1.800001E+00 
 1.800000E+00 
-3.535082E-08 
 1.800000E+00 
 1.800000E+00 
 8.892795E-07 
 8.361650E-10 
 1.800004E+00 
 1.800004E+00 
 1.800004E+00 
 1.800000E+00 
-3.201874E-06 
 1.716347E-07 
 1.800001E+00 
 1.800000E+00 
 1.800002E+00 
-1.500762E-06 
 1.800000E+00 
-2.865144E-09 
 1.800000E+00 
-1.823496E-08 
 1.800000E+00 
 1.800000E+00 
 1.800000E+00 
-1.536786E-08 
 5.445765E-09 
 1.800000E+00 
 1.800000E+00 
 1.800000E+00 
-5.163251E-08 
 1.800000E+00 
 7.811714E-09 
 1.800000E+00 
 1.800000E+00 
 1.411204E-07 
 1.800000E+00 
 4.567899E-05 
 1.800000E+00 
 1.800000E+00 
 7.195002E-07 
 1.800000E+00 
-2.495761E-06 
 1.800000E+00 
 1.799998E+00 
 3.344936E-08 
 1.800000E+00 
 3.654586E-07 
 1.800000E+00 
 1.800000E+00 
 1.800000E+00 
-2.743810E-05 
-3.321734E-06 
 1.800001E+00 
 1.800000E+00 
-7.697740E-06 
 1.800000E+00 
 1.800000E+00 
-8.715453E-07 
-6.844780E-09 
 1.800000E+00 
 1.800000E+00 
 1.799999E+00 
 6.281397E-07 
 1.800000E+00 
 1.007978E-06 
 1.800003E+00 
 1.800000E+00 
 5.856828E-07 
 1.800000E+00 
 1.998568E-05 
 1.800000E+00 
 5.285322E-07 
 1.800000E+00 
 1.800002E+00 
-4.562993E-07 
 1.800000E+00 
 1.800000E+00 
 2.424944E-06 
 2.471491E-06 
 1.799999E+00 
 1.800000E+00 
 1.800000E+00 
 6.009049E-08 
 7.388786E-09 
 1.800000E+00 
 1.800000E+00 
 1.018878E-07 
 1.800000E+00 
 1.800000E+00 
 4.797154E-06 
 1.800000E+00 
 4.618787E-07 
 1.800000E+00 
 2.162364E-08 
 1.800007E+00 
 1.800000E+00 
 2.422729E-07 
 1.800001E+00 
-1.300670E-07 
 1.799999E+00 
-9.739049E-06 
 1.800000E+00 
 1.800000E+00 
 3.833665E-06 
 1.800000E+00 
-4.325073E-08 
 1.800000E+00 
 1.800001E+00 
 5.544861E-05 
 1.800000E+00 
-2.684898E-08 
 1.800000E+00 
-1.059914E-05 
 1.800000E+00 
 1.799997E+00 
-2.731924E-06 
-3.552891E-06 
 1.800000E+00 
 1.800000E+00 
 1.800000E+00 
 8.016268E-06 
 8.156647E-06 
 1.800001E+00 
 1.800000E+00 
-1.362767E-07 
 1.800003E+00 
-7.690769E-08 
 1.800000E+00 
 1.800000E+00 
 6.502903E-07 
 8.299874E-09 
 1.800000E+00 
 1.800000E+00 
 1.783988E-08 
 1.800000E+00 
 1.800000E+00 
 9.247026E-06 
 2.469952E-07 
 1.800000E+00 
 1.800000E+00 
-2.468731E-08 
 1.800001E+00 
 9.293448E-08 
 1.800000E+00 
 7.612619E-08 
 1.800000E+00 
 1.800000E+00 
 3.933867E-07 
 1.800000E+00 
-6.665106E-06 
-1.720743E-09 
 1.800000E+00 
 1.800000E+00 
 1.800000E+00 
 3.064872E-08 
 9.031506E-09 
 1.800000E+00 
 1.800000E+00 
-2.043676E-05 
 1.800000E+00 
-1.112787E-06 
 1.800000E+00 
 8.169021E-08 
 1.800000E+00 
 1.603302E-08 
 1.800000E+00 
 1.800000E+00 
 6.562181E-09 
 1.800000E+00 
 4.466129E-06 
 5.075141E-06 
 1.800002E+00 
 1.800002E+00 
 1.800000E+00 
 3.147999E-06 
 2.520584E-06 
 1.800000E+00 
-2.325012E-06 
 1.800000E+00 
 1.800001E+00 
-7.676522E-08 
-1.113589E-08 
 1.800000E+00 
 1.800001E+00 
-8.224336E-08 
 1.800000E+00 
-2.165834E-06 
 1.800000E+00 
 7.883562E-06 
 1.800000E+00 
 1.668312E-08 
 1.800000E+00 
 1.800001E+00 
-2.833078E-06 
 1.126894E-05 
 1.800000E+00 
 1.800000E+00 
 1.061956E-07 
 1.800000E+00 
-2.963321E-06 
 4.598486E-09 
 1.800000E+00 
 1.800000E+00 
-2.627312E-06 
 1.800000E+00 
-2.651937E-06 
 1.800003E+00 
 1.800000E+00 
 9.062188E-09 
 9.083093E-09 
 1.800000E+00 
-7.805692E-08 
 1.800000E+00 
 1.011669E-08 
 1.800000E+00 
 1.800000E+00 
-7.232385E-07 
-8.022062E-07 
 1.800002E+00 
 1.800002E+00 
 7.986866E-06 
 2.630486E-07 
 1.800000E+00 
 1.800000E+00 
-2.959406E-06 
 1.800000E+00 
 9.301148E-07 
 1.800000E+00 
 5.414040E-07 
 1.395906E-07 
 1.800000E+00 
 1.800000E+00 
 1.640692E-08 
 1.800000E+00 
 5.439240E-07 
 1.800000E+00 
-4.121261E-08 
 1.800000E+00 
 7.199859E-09 
 1.800000E+00 
 1.889635E-07 
 1.800000E+00 
-1.009149E-08 
 1.800000E+00 
 5.319799E-07 
 1.800000E+00 
-5.682078E-09 
 1.800000E+00 
-4.807007E-09 
 1.800000E+00 
 1.037251E-07 
 1.800000E+00 
-2.601510E-06 
 1.800000E+00 
-1.322590E-06 
 1.799994E+00 
 8.913517E-07 
 1.799999E+00 
-7.332643E-08 
 1.335946E-07 
 1.800000E+00 
 1.800000E+00 
 1.800000E+00 
-4.918545E-06 
 2.829578E-07 
 2.829585E-07 
 1.800000E+00 
 1.800000E+00 
 6.504905E-07 
 3.634542E-07 
 1.800000E+00 
 1.800000E+00 
 1.627820E-08 
 1.800000E+00 
 7.445320E-07 
 4.645445E-09 
 1.800000E+00 
 1.800000E+00 
-4.095440E-06 
 5.161616E-09 
 1.799998E+00 
 1.800000E+00 
 2.718848E-06 
 8.414369E-09 
 1.800000E+00 
 2.438168E-08 
 1.800000E+00 
-4.004275E-08 
 1.800000E+00 
-2.680252E-06 
 1.800000E+00 
-5.052839E-07 
 1.800000E+00 
-7.826953E-07 
 1.800002E+00 
 8.360341E-06 
 8.033764E-08 
 1.800003E+00 
 1.800000E+00 
 1.773867E-06 
 2.303112E-09 
 1.800000E+00 
 1.800000E+00 
 3.399296E-06 
 7.231651E-09 
 1.800000E+00 
-1.696447E-06 
 1.800000E+00 
-2.254927E-07 
 1.800000E+00 
-6.450117E-07 
 1.800000E+00 
 1.168284E-06 
 9.222951E-07 
 1.800000E+00 
 1.800000E+00 
 1.693149E-06 
 9.334036E-09 
 1.800000E+00 
 3.521454E-08 
 1.800000E+00 
 3.230128E-08 
 1.800001E+00 
-3.447185E-08 
 1.799998E+00 
 6.490016E-06 
 1.455642E-08 
 1.800000E+00 
 1.800000E+00 
 1.582969E-08 
-2.207167E-09 
 1.800000E+00 
-7.262829E-10 
 1.800000E+00 
 2.370077E-06 
 1.800002E+00 
-3.662026E-06 
 8.186887E-09 
 1.800000E+00 
 1.800005E+00 
-1.178585E-08 
 1.017345E-08 
 1.800000E+00 
 1.047301E-07 
 1.800000E+00 
 2.027186E-08 
 1.800000E+00 
 3.218560E-07 
 4.789634E-09 
 1.800000E+00 
 1.042352E-08 
 1.800000E+00 
-1.592196E-07 
 1.800000E+00 
 9.884020E-09 
 1.800000E+00 
-1.348084E-06 
 5.761177E-09 
 1.800000E+00 
 1.800000E+00 
 1.523648E-05 
 7.994980E-06 
 7.995011E-06 
 1.800002E+00 
 1.799999E+00 
 3.842955E-08 
 5.124474E-08 
 1.800000E+00 
-1.747516E-06 
 1.800000E+00 
-8.230519E-08 
 1.800001E+00 
 6.048430E-09 
 7.400717E-09 
 1.799999E+00 
 4.672568E-08 
 1.800000E+00 
 8.512047E-07 
 1.800001E+00 
 3.091795E-08 
 6.475392E-09 
 1.800000E+00 
 1.800000E+00 
-1.803993E-07 
 8.343184E-09 
 8.342714E-09 
 1.799999E+00 
 1.800000E+00 
 1.588048E-08 
 5.638478E-09 
 1.800000E+00 
-3.578577E-08 
-9.543571E-09 
 1.800000E+00 
 1.800000E+00 
-2.755922E-07 
 6.122323E-09 
 6.130166E-09 
 1.800001E+00 
 1.800000E+00 
-1.666768E-06 
-1.417306E-06 
 1.800000E+00 
 2.604690E-07 
 1.800000E+00 
-9.903554E-06 
 1.296974E-06 
 1.800000E+00 
 7.328040E-09 
 1.800000E+00 
 8.244057E-07 
 1.800000E+00 
-1.576113E-06 
 1.160072E-05 
 1.800000E+00 
-5.337180E-06 
-6.312436E-06 
 1.800000E+00 
 1.800001E+00 
-1.519074E-07 
-5.704626E-08 
-5.699227E-08 
 1.800000E+00 
 1.311355E-05 
 1.800000E+00 
 1.800000E+00 
 7.973919E-06 
-2.211459E-08 
-2.211358E-08 
-2.211544E-08 
 1.800000E+00 
 1.800000E+00 
 2.612564E-08 
 1.800000E+00 
 4.000638E-08 
-6.904360E-08 
-6.903211E-08 
 1.800001E+00 
 1.800000E+00 
-4.214602E-09 
 5.797098E-09 
 1.800000E+00 
 6.439593E-09 
 6.443150E-09 
 1.800000E+00 
-2.024031E-06 
 1.799997E+00 
-1.696691E-08 
 7.558153E-09 
 1.800000E+00 
 5.856774E-07 
 1.800000E+00 
 2.328915E-06 
 4.442538E-07 
 1.800000E+00 
 4.806273E-07 
 2.969538E-09 
 1.800000E+00 
 8.613289E-09 
 1.800000E+00 
 3.665737E-08 
 1.800000E+00 
-1.302218E-08 
 6.695362E-09 
 6.701974E-09 
 1.800000E+00 
 1.800000E+00 
-6.410804E-08 
 1.292330E-08 
 1.292474E-08 
 1.800000E+00 
 1.495633E-05 
 1.800000E+00 
 7.329563E-06 
 7.291320E-06 
 1.800000E+00 
 5.631693E-08 
 1.799998E+00 
 1.676061E-08 
-3.614308E-09 
 1.800000E+00 
 7.173009E-09 
 7.376942E-09 
 1.800000E+00 
 1.800001E+00 
 1.458332E-06 
 9.066133E-09 
 9.069766E-09 
 9.070768E-09 
 1.800000E+00 
 1.800000E+00 
-3.820122E-08 
-3.146739E-08 
-3.147672E-08 
 1.800000E+00 
-7.270395E-07 
 1.800000E+00 
 8.075350E-09 
 8.076882E-09 
 1.800000E+00 
 6.500229E-08 
 1.800000E+00 
 1.517161E-06 
 1.061204E-06 
 1.061187E-06 
 1.800004E+00 
 1.800000E+00 
-9.190873E-07 
 3.569316E-08 
 3.569317E-08 
 1.800000E+00 
-1.725708E-08 
 1.420947E-08 
 1.800001E+00 
 1.884738E-07 
 1.799999E+00 
-2.330317E-06 
 6.729154E-09 
 1.800000E+00 
-1.721030E-05 
-1.707563E-05 
 1.800000E+00 
 4.233343E-05 
-5.679527E-07 
 1.800000E+00 
 2.401641E-08 
 5.542140E-09 
 1.800000E+00 
 1.621305E-08 
 1.800000E+00 
 8.809700E-08 
 7.077666E-09 
 1.800001E+00 
-1.076805E-06 
 8.270309E-09 
 1.800000E+00 
 5.776947E-05 
-2.833712E-06 
 1.800000E+00 
-3.795417E-07 
 7.309878E-09 
 1.799999E+00 
-2.692496E-06 
 2.593511E-09 
 1.800000E+00 
-1.821152E-06 
-2.941868E-06 
 1.800000E+00 
-4.812219E-09 
 1.800000E+00 
-7.213820E-07 
 2.508991E-07 
 2.508980E-07 
 1.800000E+00 
 1.818238E-08 
 1.800000E+00 
-1.315791E-06 
 4.761481E-07 
 4.761480E-07 
 1.800000E+00 
 4.418255E-08 
 1.799999E+00 
 3.928102E-05 
 1.125016E-05 
 1.125014E-05 
 1.800000E+00 
 1.800000E+00 
-8.728102E-08 
-6.748037E-08 
-6.748024E-08 
-6.748010E-08 
 1.800000E+00 
 3.065703E-06 
 8.215625E-09 
 1.800000E+00 
-3.467603E-07 
 1.800000E+00 
 7.669974E-06 
 7.678092E-06 
 7.678094E-06 
 1.800000E+00 
 2.610272E-07 
 1.800000E+00 
-1.944166E-07 
-2.052154E-07 
-2.052149E-07 
 1.800002E+00 
 1.388957E-07 
 1.468171E-07 
 1.799999E+00 
 8.025288E-09 
 1.800000E+00 
-3.190665E-07 
 6.700928E-09 
 6.701554E-09 
 6.700556E-09 
 1.800000E+00 
 1.800000E+00 
 1.077203E-07 
-1.923291E-09 
-1.900667E-09 
-1.900725E-09 
 1.800000E+00 
 5.107048E-07 
 1.800000E+00 
 1.125086E-07 
 4.020888E-09 
 4.020593E-09 
 1.800000E+00 
 5.086213E-09 
 1.077292E-08 
 1.800000E+00 
-2.466265E-09 
 1.800000E+00 
-2.680365E-07 
 8.365064E-09 
 8.366014E-09 
 8.364801E-09 
 1.800001E+00 
 7.265228E-09 
 1.800000E+00 
-4.476633E-06 
-3.818215E-06 
-3.818214E-06 
 1.800001E+00 
-5.479954E-07 
 2.837952E-09 
 1.800000E+00 
-1.698503E-07 
-1.177692E-07 
-1.177724E-07 
 1.800005E+00 
-1.158156E-08 
 1.800000E+00 
 2.673039E-05 
-7.625139E-09 
-7.610235E-09 
 1.800000E+00 
 2.042176E-06 
 2.770071E-06 
 2.770102E-06 
 1.800000E+00 
 2.064186E-07 
 1.800000E+00 
-8.446156E-07 
 3.399539E-09 
 3.392355E-09 
 1.800001E+00 
-2.009641E-06 
 8.262669E-09 
 8.263557E-09 
 1.800000E+00 
 2.767329E-07 
 1.800000E+00 
-2.671150E-07 
 6.621178E-09 
 6.621826E-09 
 6.621019E-09 
 1.800000E+00 
-6.696425E-09 
-3.214995E-09 
 1.800000E+00 
-3.557676E-07 
-9.913423E-07 
 1.800000E+00 
 1.090041E-06 
 5.214944E-08 
 5.215117E-08 
 1.800000E+00 
 8.794535E-08 
 1.641876E-08 
 1.800000E+00 
-1.810107E-10 
 6.193593E-09 
 6.194576E-09 
 1.800000E+00 
 8.357619E-08 
 1.353816E-07 
 1.800000E+00 
-2.044854E-08 
 4.616871E-09 
 4.614296E-09 
 1.800000E+00 
-1.885579E-06 
-1.940872E-06 
 1.800001E+00 
 4.051122E-06 
 5.252151E-06 
 5.252151E-06 
 5.252150E-06 
 1.800000E+00 
-1.316492E-06 
 1.800000E+00 
 4.197477E-08 
 5.637108E-09 
 5.712662E-09 
 5.635089E-09 
 1.800001E+00 
 8.232530E-08 
 1.800000E+00 
-1.540167E-06 
 6.836683E-09 
 6.831095E-09 
 6.830692E-09 
 6.828551E-09 
 1.800000E+00 
 7.663540E-09 
 1.800000E+00 
-2.994906E-06 
-4.329597E-06 
-4.329597E-06 
 1.800000E+00 
-1.573164E-06 
-1.571913E-06 
-1.571913E-06 
 1.800000E+00 
 9.054934E-06 
-1.406403E-05 
-1.406403E-05 
 1.800000E+00 
-2.055581E-06 
 6.309012E-09 
 6.317025E-09 
 1.800000E+00 
 2.944444E-06 
 2.943780E-06 
 1.800000E+00 
-3.045804E-07 
 6.101762E-09 
 6.106153E-09 
 6.217238E-09 
 1.800000E+00 
-4.244360E-07 
 1.800000E+00 
 3.455291E-08 
 2.265703E-09 
 2.270808E-09 
 2.271103E-09 
 2.269167E-09 
 1.800000E+00 
 1.263883E-07 
 1.633774E-07 
 1.800000E+00 
 6.648899E-09 
 7.432679E-09 
 7.425421E-09 
 1.800003E+00 
-4.054877E-06 
-5.718208E-08 
-5.718187E-08 
 1.800000E+00 
 7.150368E-06 
 1.517253E-07 
 1.517254E-07 
 1.800000E+00 
 4.332241E-05 
-7.072954E-09 
-7.076252E-09 
 1.800000E+00 
 6.114740E-05 
-3.490770E-07 
-3.490777E-07 
-3.490779E-07 
 1.800000E+00 
 1.985795E-08 
 1.800001E+00 
-4.194667E-06 
-4.055346E-06 
-4.055345E-06 
-4.055349E-06 
-4.055347E-06 
-4.055342E-06 
 1.800000E+00 
 1.800000E+00 
 1.556120E-05 
-5.246737E-07 
-5.246580E-07 
-5.246717E-07 
-5.246692E-07 
-5.246656E-07 
 1.800000E+00 
-4.977072E-09 
 1.800000E+00 
-9.536694E-08 
 7.677839E-09 
 7.677576E-09 
 7.675645E-09 
 7.677624E-09 
 1.800000E+00 
-1.600355E-06 
-1.035142E-06 
 1.800001E+00 
-1.807737E-06 
 6.482300E-09 
 6.482088E-09 
 6.483066E-09 
 6.477693E-09 
 1.800001E+00 
-1.680808E-08 
 1.800000E+00 
 3.502761E-05 
-2.718462E-09 
-2.717427E-09 
-2.715281E-09 
-2.715610E-09 
 1.800000E+00 
-4.027387E-06 
-3.129870E-06 
-3.129883E-06 
 1.800000E+00 
 5.039251E-06 
 5.043927E-06 
 5.043921E-06 
 5.043926E-06 
 1.800000E+00 
-3.386339E-05 
 4.693231E-06 
 1.800000E+00 
-3.752109E-08 
 1.536801E-08 
 1.537708E-08 
 1.537232E-08 
 1.537373E-08 
 1.800002E+00 
-8.110366E-06 
-1.749697E-07 
-1.749638E-07 
 1.800000E+00 
-1.321162E-06 
 6.420901E-09 
 6.420825E-09 
 6.420908E-09 
 1.800001E+00 
-4.284776E-07 
 6.287337E-09 
 6.282789E-09 
 1.800000E+00 
 7.518840E-06 
 7.956033E-06 
 7.956033E-06 
 7.956033E-06 
 1.799999E+00 
-6.113537E-06 
 2.844955E-09 
 2.845772E-09 
 2.849952E-09 
 1.800003E+00 
-5.249676E-07 
 7.570732E-09 
 7.570308E-09 
 1.799998E+00 
-6.050906E-06 
-3.833252E-08 
-3.833245E-08 
-3.833228E-08 
 1.800000E+00 
 3.319942E-05 
-3.856713E-07 
-3.856514E-07 
-3.856658E-07 
 1.799998E+00 
-2.616881E-08 
 1.096399E-08 
 1.089872E-08 
 1.096427E-08 
 1.800000E+00 
-2.380753E-06 
-1.029509E-07 
-1.029322E-07 
-1.029492E-07 
 1.800000E+00 
-3.091896E-05 
-4.187524E-06 
-4.187524E-06 
-4.187524E-06 
 1.800000E+00 
-8.287824E-08 
-7.034995E-08 
-7.030006E-08 
 1.800000E+00 
 6.083592E-07 
 4.717383E-09 
 4.717438E-09 
 4.703730E-09 
 4.717131E-09 
 1.800000E+00 
-6.011728E-06 
-5.745914E-06 
-5.745911E-06 
-5.745908E-06 
 1.800000E+00 
 4.249403E-06 
 4.882386E-06 
 4.882393E-06 
 4.882392E-06 
 1.800000E+00 
 1.117957E-06 
 5.899883E-09 
 5.893064E-09 
 5.902138E-09 
 1.800000E+00 
-1.144481E-05 
 1.535887E-07 
 1.535909E-07 
 1.535889E-07 
 1.535884E-07 
 1.800000E+00 
-2.068287E-07 
-1.202763E-06 
-1.202767E-06 
 1.800000E+00 
 1.133423E-06 
 5.469396E-09 
 5.469569E-09 
 5.479331E-09 
 5.469283E-09 
 5.469864E-09 
 1.800000E+00 
 6.859736E-08 
 7.192548E-09 
 7.191767E-09 
 1.800000E+00 
 2.134336E-07 
-1.702540E-09 
-1.708726E-09 
-1.714551E-09 
-1.709811E-09 
 1.799998E+00 
 1.210466E-06 
 6.880851E-09 
 6.873530E-09 
 6.881654E-09 
 1.800000E+00 
 1.280352E-05 
 1.305861E-05 
 1.305862E-05 
 1.305862E-05 
 1.305862E-05 
 1.800000E+00 
 2.882999E-07 
-9.587114E-08 
-9.586823E-08 
-9.586868E-08 
-9.587086E-08 
 1.800000E+00 
 7.589669E-08 
 1.025839E-08 
 1.025932E-08 
 1.049623E-08 
 1.800000E+00 
-7.010030E-06 
-8.008430E-08 
-8.008453E-08 
-8.006902E-08 
-8.008397E-08 
 1.800000E+00 
 5.159626E-07 
 9.015847E-08 
 9.015614E-08 
 9.015917E-08 
 1.800000E+00 
-2.010936E-06 
 4.496282E-08 
 4.496497E-08 
 4.496283E-08 
 4.496130E-08 
 4.496345E-08 
 1.800000E+00 
-5.483478E-07 
 2.148332E-09 
 2.143108E-09 
 2.143929E-09 
 1.800000E+00 
 1.017042E-06 
 1.632239E-08 
 1.631775E-08 
 1.632265E-08 
 1.631831E-08 
 1.632267E-08 
 1.799997E+00 
 1.675602E-07 
 3.744410E-09 
 3.742611E-09 
 3.745025E-09 
 1.800000E+00 
 4.290306E-06 
 4.537031E-06 
 4.537042E-06 
 4.537040E-06 
 4.537036E-06 
 4.537041E-06 
 1.800000E+00 
 2.385017E-06 
 6.724181E-09 
 6.766543E-09 
 6.724238E-09 
 1.800000E+00 
-3.264316E-06 
-3.904432E-07 
-3.904414E-07 
-3.904429E-07 
-3.904374E-07 
-3.904427E-07 
 1.800000E+00 
-1.921169E-06 
 2.780756E-08 
 2.780840E-08 
 2.780824E-08 
 2.780769E-08 
 2.786016E-08 
 1.800000E+00 
-9.633698E-08 
 6.878399E-08 
 6.878255E-08 
 1.800000E+00 
-6.849499E-08 
 7.444617E-09 
 7.443020E-09 
 7.445493E-09 
 7.446055E-09 
 7.438146E-09 
 7.445496E-09 
 7.444689E-09 
 1.800000E+00 
-2.807605E-06 
-2.055930E-06 
-2.055930E-06 
-2.055934E-06 
 1.800000E+00 
-5.625123E-07 
-4.147232E-07 
-4.147265E-07 
-4.147233E-07 
-4.147220E-07 
-4.147231E-07 
-4.147244E-07 
 1.800000E+00 
-4.396004E-08 
 1.358364E-07 
 1.358358E-07 
 1.358356E-07 
 1.800000E+00 
 8.842113E-07 
 9.663079E-07 
 9.663076E-07 
 9.663077E-07 
 9.663075E-07 
 9.663057E-07 
 9.663072E-07 
 1.800000E+00 
 1.499868E-09 
 5.696884E-09 
 5.705898E-09 
 5.694171E-09 
 5.698166E-09 
 1.800000E+00 
 1.559412E-05 
 4.488714E-08 
 4.488170E-08 
 4.488391E-08 
 4.488699E-08 
 4.488692E-08 
 4.488718E-08 
 1.800004E+00 
 2.561943E-06 
 2.213124E-06 
 2.213123E-06 
 2.213122E-06 
 1.800001E+00 
 3.213416E-06 
-1.181770E-05 
-1.181770E-05 
-1.181770E-05 
-1.181770E-05 
-1.181770E-05 
-1.181770E-05 
-1.181767E-05 
 1.799999E+00 
 4.355755E-07 
 4.925707E-07 
 4.925761E-07 
 4.925789E-07 
 4.925771E-07 
 4.925745E-07 
 1.800000E+00 
 1.758136E-06 
 2.134645E-06 
 2.134643E-06 
 2.134644E-06 
 2.134642E-06 
 1.800000E+00 
-1.202439E-06 
 8.377912E-06 
 8.377911E-06 
 8.377910E-06 
 8.377912E-06 
 8.377913E-06 
 8.377911E-06 
 1.800001E+00 
 7.547080E-06 
 2.121054E-08 
 2.121056E-08 
 2.121599E-08 
 2.116277E-08 
 2.121424E-08 
 2.120928E-08 
 1.800000E+00 
 1.041365E-06 
 8.282751E-09 
 8.282244E-09 
 8.282799E-09 
 8.282478E-09 
 8.285987E-09 
 1.800000E+00 
 3.288702E-06 
 6.642871E-07 
 6.642878E-07 
 6.642867E-07 
 6.642876E-07 
 6.642854E-07 
 1.800000E+00 
 7.633813E-07 
 3.488384E-09 
 3.486870E-09 
 3.490857E-09 
 3.487007E-09 
 3.488749E-09 
 3.489711E-09 
 3.490135E-09 
 1.800000E+00 
-1.389590E-06 
-1.294423E-07 
-1.294437E-07 
-1.294431E-07 
-1.294438E-07 
 1.800003E+00 
 1.897693E-07 
 6.397340E-09 
 6.397722E-09 
 6.399822E-09 
 6.387120E-09 
 6.399840E-09 
 6.432026E-09 
 6.398989E-09 
 6.398285E-09 
 1.800002E+00 
-2.415145E-06 
-1.938809E-07 
-1.938792E-07 
-1.938756E-07 
-1.938897E-07 
-1.938759E-07 
 1.800000E+00 
 2.868742E-08 
 2.639188E-08 
 2.639072E-08 
 2.639118E-08 
 2.637274E-08 
 2.638876E-08 
 2.639165E-08 
 1.800000E+00 
-2.944470E-06 
-5.147716E-10 
-5.070576E-10 
-5.129654E-10 
-4.725191E-10 
-5.129403E-10 
-5.141821E-10 
 1.800000E+00 
-7.572419E-08 
 1.208285E-08 
 1.209178E-08 
 1.207354E-08 
 1.207901E-08 
 1.208422E-08 
 1.208397E-08 
 1.205788E-08 
 1.800000E+00 
-1.680365E-06 
-2.520090E-06 
-2.520089E-06 
-2.520090E-06 
-2.520090E-06 
-2.520090E-06 
 1.800000E+00 
 1.456438E-07 
 1.470854E-07 
 1.470845E-07 
 1.470862E-07 
 1.470859E-07 
 1.470862E-07 
 1.470861E-07 
 1.470861E-07 
 1.470868E-07 
 1.800001E+00 
-2.085199E-06 
 6.713304E-09 
 6.727384E-09 
 6.728260E-09 
 6.717109E-09 
 6.728452E-09 
 6.728284E-09 
 1.800000E+00 
-9.464896E-07 
 6.520536E-09 
 6.529962E-09 
 6.525641E-09 
 6.530015E-09 
 6.537164E-09 
 6.530454E-09 
 6.530146E-09 
 1.800000E+00 
-3.956529E-10 
-4.954064E-09 
-4.951696E-09 
-4.954576E-09 
-4.954045E-09 
-4.953773E-09 
-4.955348E-09 
 1.800000E+00 
-1.075496E-06 
 8.339450E-09 
 8.343246E-09 
 8.340589E-09 
 8.337166E-09 
 8.339871E-09 
 8.339999E-09 
 8.340099E-09 
 8.337308E-09 
 1.799998E+00 
-4.692709E-07 
 3.495302E-07 
 3.495252E-07 
 3.495237E-07 
 3.495540E-07 
 3.495253E-07 
 1.800000E+00 
-3.519627E-07 
-1.683424E-07 
-1.683178E-07 
-1.683488E-07 
-1.683491E-07 
-1.683489E-07 
-1.683658E-07 
-1.683490E-07 
-1.683489E-07 
-1.683488E-07 
-1.683489E-07 
 1.799997E+00 
-1.135098E-06 
 5.537472E-09 
 5.538377E-09 
 5.538243E-09 
 5.537617E-09 
 1.800000E+00 
-1.279379E-07 
-1.847847E-09 
-1.846348E-09 
-1.845994E-09 
-1.846588E-09 
-1.852651E-09 
-1.846173E-09 
-1.847051E-09 
-1.850766E-09 
-1.853047E-09 
-1.846059E-09 
 1.800000E+00 
 7.964982E-06 
-3.499139E-09 
-3.516479E-09 
-3.516794E-09 
-3.516865E-09 
-3.516826E-09 
 1.800000E+00 
-2.947518E-06 
 6.160530E-09 
 6.152724E-09 
 6.152469E-09 
 6.153946E-09 
 6.152250E-09 
 6.150145E-09 
 6.152324E-09 
 6.152279E-09 
 6.152316E-09 
 1.800000E+00 
-2.173121E-06 
 6.243905E-09 
 6.230728E-09 
 6.225605E-09 
 6.229431E-09 
 6.230754E-09 
 6.230075E-09 
 6.231731E-09 
 1.800000E+00 
-4.993346E-07 
 4.479145E-09 
 4.479544E-09 
 4.479616E-09 
 4.475495E-09 
 4.480056E-09 
 4.479597E-09 
 4.479233E-09 
 4.480048E-09 
 1.800001E+00 
 2.112802E-08 
 1.956098E-08 
 1.955660E-08 
 1.955849E-08 
 1.955954E-08 
 1.956099E-08 
 1.952266E-08 
 1.955879E-08 
 1.800000E+00 
-1.554208E-08 
 7.429808E-09 
 7.434222E-09 
 7.429988E-09 
 7.436232E-09 
 7.430088E-09 
 7.429836E-09 
 7.427433E-09 
 7.429858E-09 
 1.800000E+00 
-8.875407E-06 
-4.172557E-07 
-4.172707E-07 
-4.172708E-07 
-4.172700E-07 
-4.172719E-07 
-4.172794E-07 
-4.172708E-07 
-4.172712E-07 
 1.800001E+00 
-2.986298E-07 
 7.455005E-09 
 7.455071E-09 
 7.455485E-09 
 7.448548E-09 
 7.456572E-09 
 7.455006E-09 
 7.454493E-09 
 1.800000E+00 
-3.960156E-09 
 1.122992E-08 
 1.124357E-08 
 1.123186E-08 
 1.123208E-08 
 1.123237E-08 
 1.123151E-08 
 1.122900E-08 
 1.123188E-08 
 1.123164E-08 
 1.800002E+00 
 1.156251E-05 
-3.874325E-07 
-3.874360E-07 
-3.874328E-07 
-3.874289E-07 
-3.874288E-07 
-3.874329E-07 
-3.874329E-07 
 1.800000E+00 
-8.218588E-06 
-6.915933E-06 
-6.915932E-06 
-6.915932E-06 
-6.915936E-06 
-6.915930E-06 
-6.915929E-06 
-6.915931E-06 
-6.915934E-06 
-6.915930E-06 
 1.800000E+00 
-1.948739E-07 
-1.971441E-07 
-1.971413E-07 
-1.971425E-07 
-1.971426E-07 
-1.971424E-07 
-1.971426E-07 
-1.971427E-07 
 1.800004E+00 
 7.030868E-06 
 7.244347E-06 
 7.244387E-06 
 7.244348E-06 
 7.244348E-06 
 7.244351E-06 
 7.244347E-06 
 7.244347E-06 
 7.244341E-06 
 7.244348E-06 
 1.800000E+00 
-3.797796E-07 
-5.300112E-08 
-5.299380E-08 
-5.299929E-08 
-5.299678E-08 
-5.299908E-08 
-5.299937E-08 
-5.299592E-08 
 1.800000E+00 
 5.201045E-06 
-1.930740E-07 
-1.930741E-07 
-1.930756E-07 
-1.930740E-07 
-1.930752E-07 
-1.930739E-07 
-1.930757E-07 
-1.930742E-07 
-1.930741E-07 
 1.800001E+00 
-1.198997E-06 
 7.462563E-09 
 7.464424E-09 
 7.457877E-09 
 7.460351E-09 
 7.463587E-09 
 7.463384E-09 
 7.463309E-09 
 7.459860E-09 
 1.800000E+00 
 3.559496E-07 
-1.187678E-07 
-1.187649E-07 
-1.187663E-07 
-1.187653E-07 
-1.187660E-07 
-1.187665E-07 
-1.187662E-07 
 1.800000E+00 
-8.048093E-08 
 1.864938E-08 
 1.864449E-08 
 1.864937E-08 
 1.865211E-08 
 1.864982E-08 
 1.864930E-08 
 1.866465E-08 
 1.865078E-08 
 1.864931E-08 
 1.864925E-08 
 1.800001E+00 
 3.413924E-07 
 1.829569E-08 
 1.830370E-08 
 1.830299E-08 
 1.830313E-08 
 1.829823E-08 
 1.830244E-08 
 1.800000E+00 
 1.732304E-08 
 7.435758E-09 
 7.444706E-09 
 7.446475E-09 
 7.442912E-09 
 7.444958E-09 
 7.445624E-09 
 7.443895E-09 
 7.442901E-09 
 7.445025E-09 
 7.447801E-09 
 1.799999E+00 
 6.133182E-07 
 2.926738E-09 
 2.923658E-09 
 2.922773E-09 
 2.923842E-09 
 2.921009E-09 
 1.800003E+00 
 2.141868E-05 
-1.285085E-08 
-1.284070E-08 
-1.284070E-08 
-1.284707E-08 
-1.283982E-08 
-1.283743E-08 
-1.284126E-08 
-1.284101E-08 
-1.284051E-08 
-1.283906E-08 
-1.284074E-08 
-1.283772E-08 
 1.800000E+00 
-5.363680E-07 
-1.513058E-07 
-1.513035E-07 
-1.513056E-07 
-1.513060E-07 
 1.800000E+00 
 1.300052E-06 
 1.165203E-06 
 1.165203E-06 
 1.165202E-06 
 1.165205E-06 
 1.165206E-06 
 1.165203E-06 
 1.165202E-06 
 1.165200E-06 
 1.165202E-06 
 1.165203E-06 
 1.165201E-06 
 1.800000E+00 
-9.049862E-07 
-1.049144E-06 
-1.049154E-06 
-1.049152E-06 
-1.049147E-06 
-1.049076E-06 
 1.799998E+00 
 1.460413E-05 
-2.534180E-08 
-2.534168E-08 
-2.534156E-08 
-2.533737E-08 
-2.534223E-08 
-2.536733E-08 
-2.534160E-08 
-2.534179E-08 
-2.534182E-08 
-2.534157E-08 
-2.534171E-08 
 1.800000E+00 
-1.400363E-06 
-2.970568E-08 
-2.971306E-08 
-2.971173E-08 
-2.971863E-08 
 1.800000E+00 
-1.052014E-06 
-1.056125E-06 
-1.056128E-06 
-1.056124E-06 
-1.056124E-06 
-1.056122E-06 
-1.056124E-06 
-1.056123E-06 
-1.056124E-06 
-1.056123E-06 
-1.056124E-06 
-1.056124E-06 
 1.800000E+00 
-5.596295E-08 
-3.798608E-08 
-3.798198E-08 
-3.797122E-08 
-3.798819E-08 
-3.798811E-08 
 1.800000E+00 
-2.005096E-06 
 6.381129E-09 
 6.376750E-09 
 6.377001E-09 
 6.375821E-09 
 6.377656E-09 
 6.377480E-09 
 6.377581E-09 
 6.388759E-09 
 6.377182E-09 
 1.800000E+00 
 4.203106E-06 
-7.893892E-06 
-7.893892E-06 
-7.893892E-06 
-7.893893E-06 
-7.893891E-06 
-7.893890E-06 
 1.800000E+00 
 1.279374E-07 
 6.540131E-09 
 6.537230E-09 
 6.549800E-09 
 6.545156E-09 
 6.545073E-09 
 6.555245E-09 
 6.542763E-09 
 6.544002E-09 
 6.530165E-09 
 1.799998E+00 
-8.453580E-06 
-2.474996E-05 
-2.474997E-05 
-2.474998E-05 
-2.474997E-05 
-2.474997E-05 
 1.800000E+00 
 5.824808E-05 
-5.487058E-06 
-5.487059E-06 
-5.487058E-06 
-5.487057E-06 
-5.487058E-06 
-5.487062E-06 
-5.487055E-06 
-5.487058E-06 
-5.487058E-06 
 1.800000E+00 
 2.045115E-07 
 2.566881E-07 
 2.566895E-07 
 2.566875E-07 
 2.566953E-07 
 2.566878E-07 
 2.566769E-07 
 1.800001E+00 
-3.534045E-05 
-4.228123E-06 
-4.228119E-06 
-4.228112E-06 
-4.228123E-06 
-4.228122E-06 
-4.228123E-06 
-4.228124E-06 
 1.800000E+00 
-3.572450E-07 
 9.151730E-09 
 9.152913E-09 
 9.153090E-09 
 9.153529E-09 
 9.138371E-09 
 9.141539E-09 
 9.152704E-09 
 1.800001E+00 
-3.021300E-05 
-6.718217E-06 
-6.718217E-06 
-6.718214E-06 
-6.718197E-06 
-6.718216E-06 
-6.718214E-06 
 1.800000E+00 
 1.135441E-06 
 6.614247E-09 
 6.612201E-09 
 6.614657E-09 
 6.613214E-09 
 6.614183E-09 
 6.614418E-09 
 6.612456E-09 
 6.613259E-09 
 1.800000E+00 
-3.402286E-05 
 5.010687E-08 
 5.009428E-08 
 5.010712E-08 
 5.010689E-08 
 5.010803E-08 
 1.800002E+00 
-7.164730E-06 
 7.491586E-09 
 7.492295E-09 
 7.490921E-09 
 7.490408E-09 
 7.489860E-09 
 7.485907E-09 
 7.495477E-09 
 7.493192E-09 
 1.800000E+00 
 9.283913E-08 
 8.555993E-07 
 8.556036E-07 
 8.556058E-07 
 8.556036E-07 
 1.800002E+00 
 1.750088E-06 
 3.374169E-07 
 3.374181E-07 
 3.374172E-07 
 3.374169E-07 
 3.374026E-07 
 3.374172E-07 
 3.374169E-07 
 3.374171E-07 
 3.374169E-07 
 1.800001E+00 
-2.109533E-05 
 4.508909E-07 
 4.508909E-07 
 4.508906E-07 
 1.800000E+00 
-7.686194E-07 
-1.020793E-08 
-1.020810E-08 
-1.020821E-08 
-1.020766E-08 
-1.020805E-08 
-1.020867E-08 
-1.022379E-08 
-1.021051E-08 
-1.020817E-08 
 1.800000E+00 
 1.745101E-06 
 2.098141E-06 
 2.098141E-06 
 2.098142E-06 
 2.098191E-06 
 1.800000E+00 
-1.417066E-06 
 1.167027E-09 
 1.174226E-09 
 1.174055E-09 
 1.174240E-09 
 1.175386E-09 
 1.174197E-09 
 1.175499E-09 
 1.800000E+00 
-1.542070E-06 
 2.798373E-08 
 2.798491E-08 
 2.798486E-08 
 2.799413E-08 
 1.800001E+00 
-3.447982E-06 
-4.920755E-06 
-4.920770E-06 
-4.920753E-06 
-4.920754E-06 
-4.920784E-06 
-4.920755E-06 
-4.920751E-06 
-4.920757E-06 
 1.799999E+00 
-4.756296E-09 
 1.307811E-07 
 1.307818E-07 
 1.307841E-07 
 1.799999E+00 
 3.070043E-06 
 1.035903E-08 
 1.035899E-08 
 1.035655E-08 
 1.035766E-08 
 1.038359E-08 
 1.035876E-08 
 1.036025E-08 
 1.036130E-08 
 1.800000E+00 
 5.974390E-07 
 7.805371E-08 
 7.804712E-08 
 7.804644E-08 
 1.799999E+00 
-1.395258E-06 
-7.924011E-08 
-7.923974E-08 
-7.923230E-08 
-7.924847E-08 
-7.923845E-08 
-7.923861E-08 
-7.923839E-08 
 1.800000E+00 
-2.299504E-07 
-1.935834E-07 
-1.936050E-07 
-1.935782E-07 
-1.935967E-07 
 1.800000E+00 
-1.982055E-07 
 2.438754E-08 
 2.438842E-08 
 2.438810E-08 
 2.438791E-08 
 2.438830E-08 
 2.438887E-08 
 1.800000E+00 
-5.693479E-06 
-2.334305E-05 
-2.334305E-05 
-2.334305E-05 
-2.334309E-05 
 1.799998E+00 
 4.920009E-05 
-7.861206E-08 
-7.862450E-08 
-7.862469E-08 
-7.862995E-08 
-7.862499E-08 
-7.862605E-08 
 1.800000E+00 
 2.000628E-06 
 1.283451E-06 
 1.283451E-06 
 1.283451E-06 
 1.283452E-06 
 1.799997E+00 
 6.566006E-06 
 6.563391E-06 
 6.563392E-06 
 6.563388E-06 
 6.563413E-06 
 6.563391E-06 
 1.800000E+00 
-1.848272E-07 
 3.282392E-09 
 3.274391E-09 
 3.276501E-09 
 3.272987E-09 
 3.274498E-09 
 1.800000E+00 
 4.158338E-07 
 5.928847E-09 
 5.928837E-09 
 5.920961E-09 
 5.929474E-09 
 1.800001E+00 
 5.979605E-08 
 6.123151E-09 
 6.124862E-09 
 6.123464E-09 
 6.122109E-09 
 6.123216E-09 
 1.800000E+00 
-1.193193E-06 
-8.407772E-08 
-8.407962E-08 
-8.407451E-08 
-8.407899E-08 
-8.407914E-08 
 1.800000E+00 
-1.790685E-08 
 9.879894E-09 
 9.883998E-09 
 9.881984E-09 
 1.800000E+00 
-1.656260E-06 
 2.036563E-08 
 2.034934E-08 
 2.035205E-08 
 2.035082E-08 
 2.035231E-08 
 1.800000E+00 
 7.559934E-07 
 5.807852E-09 
 5.800197E-09 
 5.811943E-09 
 5.810120E-09 
 5.810213E-09 
 1.799999E+00 
-1.529255E-05 
 6.407539E-07 
 6.407535E-07 
 1.800001E+00 
-5.606149E-06 
-5.518538E-06 
-5.518539E-06 
-5.518535E-06 
-5.518523E-06 
-5.518535E-06 
-5.518535E-06 
-5.518534E-06 
 1.800000E+00 
-1.039742E-06 
-8.202585E-07 
 1.800000E+00 
 2.343713E-06 
 1.169872E-08 
 1.170010E-08 
 1.170453E-08 
 1.167851E-08 
 1.170189E-08 
 1.169977E-08 
 1.169953E-08 
 1.800000E+00 
-5.590120E-07 
 6.866679E-09 
 6.865739E-09 
 1.800006E+00 
 5.389164E-06 
 5.697500E-06 
 5.697500E-06 
 5.697500E-06 
 5.697500E-06 
 1.800002E+00 
-2.572786E-06 
-2.576250E-06 
-2.576247E-06 
-2.576247E-06 
-2.576248E-06 
-2.576244E-06 
 1.800000E+00 
-1.672728E-06 
 9.459909E-09 
 1.800000E+00 
 9.688907E-07 
 8.662363E-09 
 8.660696E-09 
 8.649255E-09 
 8.661959E-09 
 8.661930E-09 
 8.659120E-09 
 8.658678E-09 
 1.800006E+00 
-4.594627E-08 
 8.401911E-09 
 1.799999E+00 
-9.364950E-07 
 2.942819E-08 
 2.942790E-08 
 2.942388E-08 
 2.942814E-08 
 2.942901E-08 
 2.943718E-08 
 1.799997E+00 
 8.615974E-07 
 4.799569E-07 
 1.800000E+00 
-1.234249E-06 
 4.123093E-09 
 4.131626E-09 
 4.129642E-09 
 4.129547E-09 
 4.129675E-09 
 1.800000E+00 
-2.952421E-06 
 6.850908E-09 
 6.853268E-09 
 6.851414E-09 
 1.800000E+00 
 5.457486E-08 
 1.091622E-07 
 1.091650E-07 
 1.091621E-07 
 1.800000E+00 
-1.176300E-05 
 5.098646E-08 
 5.098665E-08 
 5.098659E-08 
 5.097477E-08 
 1.800000E+00 
 1.359554E-06 
 1.591347E-06 
 1.591347E-06 
 1.591348E-06 
 1.800000E+00 
 9.194440E-08 
 4.474100E-09 
 4.474311E-09 
 4.449697E-09 
 1.800001E+00 
 1.584580E-06 
 1.774217E-06 
 1.774232E-06 
 1.774215E-06 
 1.800000E+00 
 5.052808E-07 
-2.644163E-08 
-2.643734E-08 
-2.643604E-08 
 1.800000E+00 
-7.721532E-08 
 5.625675E-09 
 5.638576E-09 
 5.630752E-09 
 5.632232E-09 
 1.800000E+00 
-3.644983E-07 
 6.367395E-10 
 1.800000E+00 
-1.415072E-07 
 7.627936E-09 
 7.629141E-09 
 7.627901E-09 
 7.627820E-09 
 7.627837E-09 
 1.800003E+00 
-1.322148E-07 
 5.281075E-09 
 5.284571E-09 
 1.800000E+00 
 5.315540E-08 
-1.406258E-08 
-1.406026E-08 
-1.406906E-08 
-1.406002E-08 
 1.800002E+00 
-3.082844E-08 
 5.629175E-09 
 1.800000E+00 
-5.968826E-06 
-5.705796E-06 
-5.705797E-06 
-5.705794E-06 
-5.705792E-06 
 1.800000E+00 
 1.023786E-07 
 9.307894E-08 
 9.307056E-08 
 9.307086E-08 
 1.800000E+00 
 8.223017E-06 
 2.898107E-08 
 1.800000E+00 
-9.242947E-09 
-3.812894E-08 
-3.812579E-08 
-3.812710E-08 
-3.812704E-08 
-3.812728E-08 
 1.799999E+00 
 7.909963E-09 
 7.441036E-09 
 1.800000E+00 
 5.170109E-06 
 4.894482E-06 
 4.894478E-06 
 4.894478E-06 
 1.800000E+00 
 3.803983E-06 
 3.684891E-06 
 3.684889E-06 
 3.684881E-06 
 1.800000E+00 
 6.410788E-09 
 9.433061E-09 
 9.426533E-09 
 1.800000E+00 
 1.073945E-06 
 1.085625E-06 
 1.085625E-06 
 1.085626E-06 
 1.800000E+00 
 4.822503E-09 
 4.561590E-09 
 1.800000E+00 
 1.531710E-05 
 1.533335E-05 
 1.533335E-05 
 1.533335E-05 
 1.533335E-05 
 1.533334E-05 
 1.800000E+00 
 1.800000E+00 
 1.030991E-04 
 2.798320E-08 
 2.807259E-08 
 2.807570E-08 
 2.807306E-08 
 2.807262E-08 
 2.807809E-08 
 1.800001E+00 
 7.677399E-09 
 1.800000E+00 
-1.216410E-05 
 6.828617E-09 
 6.827970E-09 
 6.828645E-09 
 1.800000E+00 
-8.277680E-07 
-6.198930E-07 
-6.198935E-07 
 1.800000E+00 
-4.748666E-08 
-7.392827E-10 
-7.378279E-10 
-7.555569E-10 
 1.800000E+00 
 7.928806E-09 
 8.014868E-09 
 1.800000E+00 
-1.923735E-11 
-1.228281E-07 
-1.228282E-07 
-1.228276E-07 
 1.800000E+00 
-1.251380E-05 
-4.303033E-07 
-4.303463E-07 
 1.800000E+00 
-2.187466E-08 
 3.959985E-09 
 1.800002E+00 
-2.512931E-07 
-2.963529E-07 
-2.963584E-07 
-2.963563E-07 
-2.963585E-07 
 1.800000E+00 
-4.402450E-08 
 7.488324E-09 
 1.800000E+00 
 2.209588E-06 
 1.930550E-06 
 1.930553E-06 
 1.799999E+00 
-2.278224E-05 
-9.693346E-06 
-9.693345E-06 
 1.800000E+00 
 2.792646E-07 
-5.550564E-08 
-5.550477E-08 
 1.800000E+00 
-8.536290E-08 
 4.526171E-10 
 4.530500E-10 
 1.799999E+00 
-2.948145E-06 
 8.373208E-09 
 8.373439E-09 
 1.800000E+00 
 2.789440E-07 
-1.940498E-07 
-1.940501E-07 
 1.800000E+00 
-5.622293E-06 
-4.638981E-08 
-4.638982E-08 
 1.800000E+00 
 2.553310E-06 
 5.950432E-09 
 5.946759E-09 
 1.799999E+00 
-2.833603E-07 
-2.834133E-07 
 1.800000E+00 
 1.664508E-07 
 7.445589E-09 
 7.446797E-09 
 1.800000E+00 
 6.225468E-07 
-1.203569E-07 
-1.203519E-07 
 1.800000E+00 
-8.979181E-07 
-7.171406E-08 
-7.171351E-08 
 1.800000E+00 
 4.332720E-06 
 7.069819E-08 
 1.800001E+00 
-6.345174E-08 
 6.363181E-09 
 6.365128E-09 
 6.363052E-09 
 1.800000E+00 
 1.241799E-08 
 1.800000E+00 
 3.740652E-06 
 1.010587E-08 
 1.009918E-08 
 1.010571E-08 
 1.800000E+00 
 1.308933E-08 
 1.439842E-08 
 1.800000E+00 
-1.605030E-08 
-6.478923E-08 
-6.478890E-08 
 1.800000E+00 
 1.216953E-07 
 4.207377E-08 
 1.800000E+00 
-2.409492E-07 
-7.187022E-10 
-7.192303E-10 
 1.800000E+00 
 1.033574E-06 
 3.146006E-09 
 3.148053E-09 
 1.800000E+00 
 9.808737E-09 
 1.800000E+00 
 1.949848E-07 
 9.381751E-09 
 9.378660E-09 
 9.379211E-09 
 1.800000E+00 
 5.044297E-07 
-2.791987E-09 
 1.800000E+00 
 6.752231E-07 
 8.646374E-09 
 8.647301E-09 
 1.800000E+00 
 2.186472E-06 
 1.800000E+00 
 1.098127E-05 
 5.301894E-07 
 5.301820E-07 
 5.301822E-07 
 1.800000E+00 
-2.922889E-06 
-4.316038E-06 
 1.800000E+00 
 1.527537E-07 
-3.207418E-08 
 1.800000E+00 
-6.048141E-07 
 1.913232E-08 
 1.909934E-08 
 1.800001E+00 
-1.889744E-07 
 1.800000E+00 
 3.328983E-05 
-1.087319E-05 
-1.087319E-05 
-1.087319E-05 
 1.799999E+00 
-3.381117E-06 
 1.800000E+00 
 2.631547E-06 
 4.975219E-09 
 4.974561E-09 
 4.971548E-09 
 1.800000E+00 
 1.800000E+00 
-3.445962E-07 
-1.354890E-06 
-1.354888E-06 
-1.354887E-06 
 1.800001E+00 
 8.586646E-07 
 3.150724E-09 
 1.800000E+00 
 1.028791E-06 
 6.384612E-09 
 1.800000E+00 
 3.169993E-06 
 1.135729E-08 
 1.135740E-08 
 1.800005E+00 
 1.800000E+00 
-2.211696E-05 
-2.341789E-05 
-2.341789E-05 
-2.341789E-05 
-2.341789E-05 
 1.799997E+00 
 1.800000E+00 
-1.034259E-09 
-1.083523E-08 
-1.081990E-08 
-1.083435E-08 
 1.800000E+00 
 1.799999E+00 
 1.288595E-06 
 6.885876E-09 
 6.885044E-09 
 6.882808E-09 
 1.800000E+00 
-1.341210E-06 
-1.465812E-06 
 1.799999E+00 
 9.513580E-09 
 1.799997E+00 
 6.205507E-06 
 1.320853E-08 
 1.320971E-08 
 1.800001E+00 
-1.298899E-07 
 1.800000E+00 
 5.456564E-07 
 7.431552E-09 
 7.429872E-09 
 7.526487E-09 
 1.800000E+00 
 1.800000E+00 
-2.411397E-06 
 5.918319E-09 
 5.918183E-09 
 1.800000E+00 
-7.515174E-09 
 7.936313E-09 
 1.800000E+00 
-4.356165E-06 
 2.875657E-08 
 1.800000E+00 
 1.260998E-08 
 1.286146E-08 
 1.800000E+00 
 1.930741E-08 
 7.177823E-09 
 1.799999E+00 
 2.177462E-05 
-3.382164E-07 
 1.800000E+00 
-1.064690E-08 
 3.778330E-09 
 1.800000E+00 
-1.016179E-06 
 1.800000E+00 
-7.461707E-07 
 5.299488E-09 
 5.300539E-09 
 1.800000E+00 
 7.281885E-08 
-1.656056E-08 
 1.800000E+00 
-4.697507E-07 
-1.496264E-07 
 1.800000E+00 
-6.827566E-06 
 1.799999E+00 
-5.234616E-07 
-1.645532E-06 
 1.800000E+00 
-1.420808E-06 
 1.166070E-07 
 1.166118E-07 
 1.800000E+00 
-8.714926E-09 
 1.800000E+00 
-8.346375E-07 
 3.002755E-08 
 1.800000E+00 
-2.210803E-10 
 1.800000E+00 
 1.454578E-08 
 6.227191E-08 
 6.226910E-08 
 1.800000E+00 
-2.865246E-07 
 6.901417E-09 
 1.800000E+00 
 3.211210E-09 
 1.800000E+00 
-7.270607E-06 
-8.101787E-06 
 1.800000E+00 
 1.563989E-07 
 2.518447E-07 
 1.800000E+00 
 2.868388E-07 
 1.800005E+00 
 1.404022E-06 
 1.405281E-06 
 1.405280E-06 
 1.800005E+00 
-1.338475E-08 
 1.800000E+00 
-1.503379E-07 
-1.854831E-07 
 1.800000E+00 
 3.441892E-07 
 1.799999E+00 
 2.527346E-06 
 1.885127E-09 
 1.868715E-09 
 1.800000E+00 
 1.800000E+00 
-6.812188E-07 
 4.066881E-08 
 4.065941E-08 
 1.800000E+00 
 9.361586E-07 
 8.683063E-07 
 1.800002E+00 
 1.800000E+00 
 1.123227E-05 
 1.155354E-05 
 1.155354E-05 
 1.155356E-05 
 1.800000E+00 
 1.800000E+00 
 3.815799E-08 
 3.675986E-08 
 1.800000E+00 
-1.015767E-07 
-6.328879E-08 
 1.800000E+00 
-8.633142E-08 
 1.800000E+00 
-3.654466E-07 
-2.984606E-07 
 1.800000E+00 
-1.844665E-07 
 1.800000E+00 
-6.903000E-06 
 8.317723E-09 
 8.317934E-09 
 1.800000E+00 
 1.800001E+00 
 3.916814E-07 
 8.242548E-09 
 8.245079E-09 
 1.799997E+00 
-1.977617E-08 
 1.800000E+00 
 3.937282E-08 
 1.800000E+00 
 2.255132E-05 
 2.248910E-05 
 1.800001E+00 
-1.572837E-06 
 6.389707E-09 
 1.800000E+00 
-2.420104E-07 
 1.800000E+00 
-1.606650E-06 
-3.684462E-07 
 1.800000E+00 
 2.545039E-06 
 1.800000E+00 
-3.830525E-08 
-3.428419E-08 
 1.800000E+00 
 7.333599E-08 
 1.800000E+00 
-1.720161E-07 
-1.381806E-07 
 1.800000E+00 
 1.206906E-07 
 1.800000E+00 
-3.814834E-06 
-3.500499E-06 
 1.800000E+00 
 6.440351E-09 
 1.800000E+00 
 7.806771E-08 
 1.127993E-08 
 1.800000E+00 
 1.800000E+00 
-2.515637E-07 
 6.177460E-09 
 6.182720E-09 
 1.800000E+00 
-7.847174E-06 
 1.800001E+00 
 1.585350E-05 
-1.539686E-05 
 1.800000E+00 
 1.549837E-08 
 1.800003E+00 
-3.489077E-07 
 1.800000E+00 
 8.930321E-07 
 3.443198E-07 
 1.800000E+00 
 3.651058E-09 
 1.800000E+00 
-7.431432E-07 
 1.800000E+00 
-8.106320E-08 
 7.467615E-09 
 7.467144E-09 
 1.800000E+00 
 1.800000E+00 
 1.005576E-08 
 1.800000E+00 
-3.319846E-06 
-1.158649E-06 
-1.158649E-06 
 1.799997E+00 
 1.800000E+00 
 3.741809E-06 
 3.757533E-06 
 1.800000E+00 
-2.017095E-06 
 1.800000E+00 
-2.176534E-08 
 1.800003E+00 
 5.042229E-07 
 9.316773E-09 
 1.800000E+00 
 1.783674E-08 
 8.858107E-09 
 1.800000E+00 
 1.799999E+00 
 1.756766E-06 
 9.309986E-09 
 1.800000E+00 
 7.078037E-08 
 1.800000E+00 
 4.187415E-09 
 1.800000E+00 
-4.263287E-06 
-4.948229E-06 
 1.800000E+00 
 1.426170E-07 
 1.799999E+00 
 1.368971E-06 
 1.800000E+00 
-5.540534E-06 
-1.457311E-08 
 1.800000E+00 
-2.031325E-08 
 1.800005E+00 
 4.731552E-06 
 1.800000E+00 
-2.165225E-07 
 1.800000E+00 
 3.457524E-08 
 5.984424E-08 
 1.800000E+00 
-2.394035E-09 
 1.800000E+00 
-1.546395E-07 
 1.800000E+00 
 2.778669E-09 
 1.800000E+00 
 9.679376E-06 
 8.255109E-09 
 1.800000E+00 
-2.736666E-09 
 1.799999E+00 
 1.800000E+00 
 2.770105E-07 
-5.693729E-08 
-5.693618E-08 
 1.800000E+00 
 1.800000E+00 
 1.254307E-07 
 7.428099E-09 
 1.800000E+00 
 4.439651E-08 
 1.800001E+00 
 7.717547E-07 
 1.799998E+00 
-1.041342E-05 
 1.800000E+00 
-7.349980E-06 
-2.713235E-09 
 1.800000E+00 
 1.800000E+00 
 5.401480E-08 
 7.353705E-09 
 1.800000E+00 
-8.818654E-07 
 1.800000E+00 
 1.195286E-08 
 1.799998E+00 
-6.775060E-06 
 1.800000E+00 
 2.234103E-06 
 1.800000E+00 
 4.789582E-07 
 7.448285E-07 
 1.800000E+00 
-3.434338E-07 
 1.800001E+00 
 1.800000E+00 
-1.217576E-06 
-2.324447E-06 
 1.800000E+00 
 1.147677E-06 
 1.800000E+00 
 3.207427E-07 
 1.800000E+00 
 5.702242E-07 
 1.952707E-09 
 1.800000E+00 
 1.800001E+00 
-4.145129E-08 
 1.800000E+00 
 6.878981E-07 
-5.624269E-09 
 1.800000E+00 
 1.800000E+00 
 4.994465E-06 
 5.174731E-06 
 1.800000E+00 
 7.906326E-07 
 1.800000E+00 
 1.161652E-05 
 1.800000E+00 
-5.551708E-06 
 1.800000E+00 
-1.315011E-07 
 1.800003E+00 
 1.434281E-07 
 1.800000E+00 
-8.182498E-08 
 1.800000E+00 
-7.383634E-08 
 1.800000E+00 
-2.460241E-07 
 1.800000E+00 
 1.160675E-05 
 3.224954E-07 
 1.800001E+00 
 1.800002E+00 
-6.057386E-07 
 1.800000E+00 
 4.332875E-07 
 4.460684E-07 
 1.800000E+00 
 1.800000E+00 
 9.839732E-07 
 1.800000E+00 
 1.638476E-05 
 1.604298E-05 
 1.800000E+00 
 1.800000E+00 
-1.377423E-06 
-4.920057E-08 
 1.800000E+00 
 1.800000E+00 
-8.188538E-07 
-4.588633E-07 
 1.800000E+00 
 1.800002E+00 
 1.088476E-07 
 7.919030E-08 
 1.799999E+00 
 1.800000E+00 
 2.977144E-08 
 1.800000E+00 
-7.107587E-07 
-2.605250E-07 
 1.800000E+00 
 1.800000E+00 
 3.653013E-06 
 1.800000E+00 
-1.774916E-06 
 1.565451E-08 
 1.800000E+00 
 1.800000E+00 
-7.847446E-07 
 1.800000E+00 
 3.665654E-07 
 1.800000E+00 
 4.566372E-07 
 1.800001E+00 
-6.131249E-06 
 1.800001E+00 
-3.388555E-06 
 1.800000E+00 
-3.931060E-08 
 1.800000E+00 
-1.010159E-06 
 1.800000E+00 
-2.612452E-08 
 1.800000E+00 
 1.284183E-06 
 1.800000E+00 
 1.800000E+00 
-3.171048E-06 
 1.112316E-09 
 1.800000E+00 
 1.799996E+00 
 1.052722E-07 
-1.679944E-07 
 1.800000E+00 
 1.800000E+00 
 9.700444E-08 
 1.800000E+00 
 2.957780E-08 
 1.800000E+00 
-4.921537E-07 
 1.800000E+00 
 9.415230E-08 
 1.800000E+00 
-8.638885E-07 
 1.800000E+00 
 1.800003E+00 
 6.084361E-06 
 1.728216E-08 
 1.800000E+00 
 1.800000E+00 
-1.203323E-05 
-1.204069E-05 
 1.800000E+00 
 1.800000E+00 
 6.563499E-09 
 1.800000E+00 
 1.007032E-08 
 1.800001E+00 
 1.800000E+00 
-2.166260E-07 
-1.610604E-07 
 1.800000E+00 
 1.800000E+00 
 1.274983E-07 
 1.308704E-07 
 1.799998E+00 
 1.800000E+00 
 2.009700E-08 
 1.799999E+00 
-2.094666E-06 
 1.800000E+00 
 1.800000E+00 
 7.122717E-07 
-4.151951E-09 
 1.799999E+00 
 1.800000E+00 
 2.726792E-08 
 1.800000E+00 
 9.809920E-07 
 1.800000E+00 
-4.630064E-08 
 1.800001E+00 
-1.269166E-07 
 1.800000E+00 
 1.800000E+00 
 5.271546E-08 
 1.800000E+00 
 7.220527E-07 
 1.800000E+00 
 1.351965E-10 
 1.799999E+00 
 2.150243E-07 
 1.800000E+00 
 1.800000E+00 
 3.884772E-07 
 1.800000E+00 
-6.684622E-06 
-1.650554E-05 
 1.800000E+00 
 1.800000E+00 
 1.799999E+00 
-8.108257E-08 
 1.800000E+00 
 5.939479E-06 
 1.800000E+00 
 3.111279E-06 
 1.800002E+00 
 3.784168E-06 
 1.800000E+00 
-1.670759E-07 
 1.800000E+00 
 1.800000E+00 
-1.536043E-06 
 1.800000E+00 
-5.529202E-07 
 1.800000E+00 
 1.800000E+00 
 1.493465E-07 
 1.800000E+00 
-3.237154E-07 
 1.310828E-08 
 1.800000E+00 
 1.800000E+00 
 1.800000E+00 
 1.358306E-08 
 1.800000E+00 
-3.839231E-07 
 1.800002E+00 
-3.117657E-06 
 1.799997E+00 
 1.800000E+00 
 1.086779E-05 
-3.390808E-08 
 1.800000E+00 
 1.800000E+00 
 1.800000E+00 
 4.867648E-07 
 3.615052E-07 
 1.800000E+00 
 1.800000E+00 
-7.981405E-08 
 1.800000E+00 
 1.800000E+00 
-1.571425E-05 
-1.576934E-05 
 1.800001E+00 
 1.800001E+00 
 1.800000E+00 
-1.150209E-07 
 3.620973E-08 
 1.800000E+00 
 1.800004E+00 
-8.759892E-08 
 1.800000E+00 
 1.800000E+00 
 4.227352E-06 
 4.204357E-06 
 1.800000E+00 
 1.800000E+00 
 1.800002E+00 
-1.334210E-05 
 1.800000E+00 
 1.918248E-06 
 1.800000E+00 
-6.291044E-07 
 1.800000E+00 
 1.800000E+00 
-5.811350E-06 
 1.800000E+00 
-7.389046E-07 
 1.800000E+00 
 8.630387E-09 
 1.800000E+00 
 1.800000E+00 
 1.800000E+00 
-7.886404E-06 
 4.891658E-06 
 1.800000E+00 
 1.799999E+00 
 1.800000E+00 
 1.784185E-05 
-2.809639E-06 
 1.800000E+00 
 1.800000E+00 
 2.552412E-08 
 1.800000E+00 
 1.800000E+00 
 2.081101E-07 
 1.800000E+00 
 7.828689E-08 
 1.799999E+00 
 1.800000E+00 
-1.336601E-06 
 1.800000E+00 
 1.800000E+00 
 2.974962E-09 
 7.215842E-09 
 1.800000E+00 
 1.800000E+00 
 1.800000E+00 
-5.136639E-09 
 1.800000E+00 
-2.659039E-09 
 1.800000E+00 
 1.800000E+00 
 1.399402E-05 
 1.800000E+00 
 2.309343E-09 
 1.800000E+00 
 1.799999E+00 
 4.919910E-07 
 1.800000E+00 
 1.800000E+00 
 1.196163E-07 
 1.800000E+00 
-1.919984E-06 
 1.800000E+00 
 1.800000E+00 
-2.123911E-07 
 1.800000E+00 
 4.073470E-08 
 1.800000E+00 
 1.800000E+00 
-1.482184E-06 
 1.799999E+00 
 1.799998E+00 
 1.430658E-06 
 1.800000E+00 
 1.799998E+00 
 1.963801E-07 
 1.261154E-07 
 1.800000E+00 
 1.800000E+00 
 1.800000E+00 
 1.800000E+00 
 1.158825E-06 
 1.565877E-06 
 1.800000E+00 
 1.800000E+00 
 1.800000E+00 
-3.394454E-08 
 3.243492E-09 
 1.800000E+00 
 1.800000E+00 
 1.800000E+00 
 2.509163E-08 
 1.800000E+00 
 1.800000E+00 
-5.514150E-06 
 1.800000E+00 
 3.774053E-07 
 1.800000E+00 
 1.800000E+00 
-2.201280E-07 
 1.800004E+00 
 1.799999E+00 
-5.160791E-06 
 1.799999E+00 
 3.698183E-08 
 1.800000E+00 
 1.800000E+00 
 1.800002E+00 
-2.240519E-07 
 1.800000E+00 
 9.706641E-07 
 1.800000E+00 
 1.800000E+00 
-1.404715E-07 
 1.800000E+00 
 1.800000E+00 
 1.149371E-07 
 1.800000E+00 
 1.800000E+00 
-2.671778E-08 
 1.800000E+00 
-5.043736E-08 
 1.800000E+00 
 1.800000E+00 
 1.800000E+00 
 1.098327E-05 
 1.800000E+00 
-4.110415E-08 
 1.800000E+00 
 1.800000E+00 
-5.294721E-08 
 1.800000E+00 
 1.800000E+00 
 1.800000E+00 
 1.431359E-06 
 1.280778E-06 
 1.800000E+00 
 1.800000E+00 
 1.800000E+00 
 1.800000E+00 
 6.640316E-06 
 6.728995E-09 
 1.799999E+00 
 1.800000E+00 
 1.800000E+00 
 1.800000E+00 
 1.778356E-07 
 9.256584E-09 
 1.800000E+00 
 1.800000E+00 
 1.800003E+00 
-1.433416E-06 
 1.799999E+00 
 1.800001E+00 
 2.169186E-08 
 1.800001E+00 
 1.800000E+00 
 6.936928E-08 
 1.800000E+00 
 1.800000E+00 
 2.337684E-07 
 1.800000E+00 
 1.800000E+00 
-1.145044E-05 
 1.800000E+00 
 1.800000E+00 
 6.929354E-07 
 1.800000E+00 
 1.800001E+00 
-3.291244E-08 
 1.800000E+00 
 1.800000E+00 
 8.952271E-09 
 1.800000E+00 
 1.800000E+00 
 5.336661E-05 
 1.800000E+00 
 1.800000E+00 
 1.800000E+00 
-4.395043E-06 
 3.693248E-09 
 1.800000E+00 
 1.800000E+00 
 1.800000E+00 
 1.800000E+00 
 1.800000E+00 
 6.932302E-07 
 6.082082E-09 
 1.800001E+00 
 1.800000E+00 
 1.800000E+00 
-2.653692E-09 
 1.800000E+00 
 1.800000E+00 
 4.219705E-08 
 1.800000E+00 
 1.800000E+00 
 1.800000E+00 
-1.972942E-05 
-1.754114E-06 
 1.800000E+00 
 1.800000E+00 
 1.800000E+00 
 1.800000E+00 
 1.800000E+00 
-1.710076E-06 
 8.387911E-09 
 1.799995E+00 
 1.799995E+00 
 1.799995E+00 
 1.800000E+00 
-4.412928E-07 
 1.800000E+00 
-7.963041E-07 
 1.800000E+00 
 1.800000E+00 
 1.800000E+00 
-3.606842E-07 
 1.800000E+00 
 1.800000E+00 
 5.130794E-09 
 1.800000E+00 
 1.800000E+00 
 1.800000E+00 
 1.292059E-07 
 1.800000E+00 
-3.460387E-08 
 1.800000E+00 
 1.800000E+00 
 1.800000E+00 
 1.800000E+00 
 5.124453E-06 
 1.799999E+00 
 1.797104E-07 
 1.800000E+00 
 1.800000E+00 
 1.799996E+00 
-4.209790E-07 
 1.800000E+00 
 1.800000E+00 
 3.074910E-08 
 1.800000E+00 
 1.800000E+00 
 1.800000E+00 
 2.411816E-07 
 1.800001E+00 
 1.800001E+00 
 5.529404E-08 
 1.800000E+00 
 1.800000E+00 
 1.800000E+00 
-1.045061E-06 
 1.800000E+00 
 1.800000E+00 
-5.596437E-08 
 1.800000E+00 
 1.800000E+00 
 1.800000E+00 
-4.081027E-08 
 1.800000E+00 
 1.800000E+00 
 6.382460E-07 
 1.800000E+00 
 1.800000E+00 
 1.800000E+00 
 1.286603E-06 
 1.800000E+00 
 1.800000E+00 
-1.701531E-07 
 1.799999E+00 
 1.799999E+00 
 1.800000E+00 
 9.344419E-08 
 1.799999E+00 
 1.800000E+00 
 1.800000E+00 
-4.080127E-06 
 1.799999E+00 
 1.800002E+00 
 3.128515E-07 
 1.800000E+00 
 1.800000E+00 
 1.800000E+00 
-1.999181E-07 
 1.800000E+00 
 1.800000E+00 
-1.523487E-08 
 1.800000E+00 
 1.800000E+00 
 1.800001E+00 
 6.193566E-08 
 1.800000E+00 
 1.800000E+00 
 1.799998E+00 
 1.800000E+00 
-4.033100E-08 
-3.601240E-08 
 1.799999E+00 
 1.799999E+00 
 1.799999E+00 
 1.799999E+00 
 1.799999E+00 
 1.800000E+00 
 1.030812E-05 
-3.640532E-07 
 1.800000E+00 
 1.800000E+00 
 1.800000E+00 
 1.800000E+00 
 1.800001E+00 
 1.038472E-08 
 1.800001E+00 
 1.799999E+00 
-1.373466E-06 
 1.800000E+00 
 1.799999E+00 
 8.962844E-09 
 1.800000E+00 
 1.800000E+00 
 1.800000E+00 
 1.800001E+00 
 3.682533E-09 
 1.800002E+00 
 1.800000E+00 
 1.799999E+00 
 1.162392E-07 
 1.800000E+00 
 1.800001E+00 
 2.270225E-06 
 1.800001E+00 
 1.800000E+00 
 1.800000E+00 
 1.800000E+00 
-7.917322E-07 
 1.800000E+00 
 1.800000E+00 
 3.234020E-09 
 1.800000E+00 
 1.800000E+00 
 1.800000E+00 
 1.800000E+00 
 3.839154E-07 
 1.800000E+00 
 1.800000E+00 
 1.666033E-07 
 1.800000E+00 
 1.800000E+00 
 1.800000E+00 
 1.800000E+00 
 4.488043E-08 
 1.800000E+00 
 1.800000E+00 
 5.492086E-07 
 1.800000E+00 
 1.800000E+00 
 1.800000E+00 
 1.800000E+00 
 1.800000E+00 
 1.542685E-07 
 1.800000E+00 
 4.062191E-07 
 1.800005E+00 
 1.800005E+00 
 1.800005E+00 
 1.800005E+00 
 1.800000E+00 
-1.058470E-05 
 1.800000E+00 
 1.800000E+00 
-2.008648E-08 
 1.800000E+00 
 1.800000E+00 
 1.800000E+00 
 1.800000E+00 
 8.310006E-07 
 1.800003E+00 
 1.800000E+00 
-5.790351E-07 
 1.800000E+00 
 1.800000E+00 
 1.800000E+00 
 1.800000E+00 
 1.800000E+00 
 7.716042E-09 
 1.800000E+00 
 1.800000E+00 
 1.799997E+00 
-3.546565E-07 
 1.800000E+00 
 1.800000E+00 
-2.572247E-06 
 1.800000E+00 
 1.800000E+00 
 1.800000E+00 
 1.800000E+00 
 1.800003E+00 
-7.280721E-08 
 1.800000E+00 
 1.799998E+00 
 1.800000E+00 
 5.282554E-07 
 1.800000E+00 
 1.799999E+00 
 1.800002E+00 
-9.981858E-08 
 1.800000E+00 
 1.800000E+00 
 1.800000E+00 
 1.800001E+00 
 5.458073E-08 
 1.799998E+00 
 1.799998E+00 
 1.800000E+00 
 1.800000E+00 
-7.767564E-06 
 1.800000E+00 
 1.800000E+00 
 4.351578E-08 
 1.800000E+00 
 1.800000E+00 
 1.800000E+00 
 1.800000E+00 
 1.800000E+00 
 9.824214E-09 
 1.800000E+00 
 1.800000E+00 
 1.800000E+00 
 1.800000E+00 
-2.904259E-06 
 1.800000E+00 
 1.800000E+00 
 6.658439E-10 
 1.800000E+00 
 1.800000E+00 
 1.800000E+00 
 1.800000E+00 
 1.800000E+00 
 1.800000E+00 
 1.365861E-06 
 1.800002E+00 
 6.589379E-09 
 1.800000E+00 
 1.800000E+00 
 1.800000E+00 
 1.800000E+00 
 1.800000E+00 
 1.800000E+00 
 1.800000E+00 
-5.430850E-07 
 1.800003E+00 
 1.166114E-06 
 1.800000E+00 
 1.800000E+00 
 1.800000E+00 
 1.800000E+00 
 1.800000E+00 
 1.800000E+00 
-9.146122E-06 
 1.800000E+00 
 1.800000E+00 
 1.800000E+00 
 5.935789E-07 
 1.800000E+00 
 1.800000E+00 
 1.800000E+00 
 1.800000E+00 
-6.225268E-06 
 1.800000E+00 
 1.800000E+00 
 1.800000E+00 
 1.800000E+00 
-4.174852E-08 
 1.800000E+00 
 1.800000E+00 
 1.800000E+00 
 1.800000E+00 
 1.164939E-08 
 1.800000E+00 
 1.800000E+00 
 1.800000E+00 
 1.800000E+00 
 1.800000E+00 
-6.649288E-08 
 1.800000E+00 
 1.800000E+00 
 1.800000E+00 
-2.127668E-08 
 1.800000E+00 
 1.800000E+00 
 1.800000E+00 
 1.800000E+00 
 1.800000E+00 
 3.910139E-09 
 1.800000E+00 
 1.800000E+00 
 1.800000E+00 
 1.800000E+00 
-1.395432E-07 
 1.800000E+00 
 1.800000E+00 
 1.800000E+00 
 1.800000E+00 
 1.800003E+00 
 6.461280E-07 
 1.800000E+00 
 1.800000E+00 
 1.800001E+00 
-3.146657E-08 
 1.800000E+00 
 1.800000E+00 
 1.800000E+00 
 1.800000E+00 
 1.800000E+00 
 1.800001E+00 
 5.950460E-09 
 1.800000E+00 
 1.800000E+00 
 1.800000E+00 
-2.101466E-08 
 1.800000E+00 
 1.800000E+00 
 1.800000E+00 
 1.800000E+00 
 1.800000E+00 
 1.800000E+00 
 9.145657E-10 
 1.800000E+00 
 1.799999E+00 
 1.800000E+00 
 1.204822E-08 
 1.799999E+00 
 1.800000E+00 
 1.800000E+00 
 1.800000E+00 
 1.800000E+00 
 1.800000E+00 
-1.329638E-06 
 1.800000E+00 
 1.800000E+00 
 1.800000E+00 
 1.800000E+00 
 5.575774E-09 
 1.799997E+00 
 1.800000E+00 
 1.800000E+00 
 1.800000E+00 
 1.800001E+00 
 1.800000E+00 
-1.172564E-05 
 1.800000E+00 
 1.800001E+00 
-2.939689E-08 
 1.800000E+00 
 1.800000E+00 
 1.800000E+00 
 1.800000E+00 
 1.800000E+00 
 1.800000E+00 
 1.800000E+00 
 1.800000E+00 
 1.575187E-08 
 1.800000E+00 
 1.800000E+00 
 1.800000E+00 
 1.800000E+00 
-1.905742E-06 
 1.800000E+00 
 1.800000E+00 
 1.800000E+00 
 1.800000E+00 
 3.478671E-06 
 1.800000E+00 
 1.800000E+00 
 1.800000E+00 
 1.800000E+00 
 1.800000E+00 
 1.800000E+00 
 1.921588E-09 
 1.800000E+00 
 1.800000E+00 
 1.800000E+00 
 1.800000E+00 
 1.800000E+00 
-1.064481E-06 
 1.799999E+00 
 1.799999E+00 
 1.799999E+00 
 1.799999E+00 
 1.799999E+00 
 4.068109E-06 
 1.800000E+00 
 1.800000E+00 
 1.800000E+00 
 1.800000E+00 
 1.800000E+00 
 1.800000E+00 
-4.803961E-08 
 1.800000E+00 
 1.800000E+00 
 1.800000E+00 
 1.800002E+00 
 9.153321E-09 
 1.800000E+00 
 1.800000E+00 
 1.800000E+00 
 1.800000E+00 
 1.800000E+00 
 1.800000E+00 
 1.800000E+00 
-2.893880E-08 
 1.800000E+00 
 1.800000E+00 
 1.800000E+00 
 1.800000E+00 
 1.800000E+00 
 3.313120E-07 
 1.800000E+00 
 1.800000E+00 
 1.800000E+00 
 1.800000E+00 
 1.800000E+00 
-4.931471E-06 
 1.800000E+00 
 1.800000E+00 
 1.800000E+00 
 1.800000E+00 
 1.800000E+00 
 1.800000E+00 
 8.284107E-07 
 1.800001E+00 
 1.800001E+00 
 1.800001E+00 
 1.800001E+00 
 1.800001E+00 
 1.800000E+00 
 1.810491E-08 
 1.800002E+00 
 1.800002E+00 
 1.800002E+00 
 1.800002E+00 
 1.800000E+00 
 8.794088E-06 
 1.800000E+00 
 1.800000E+00 
 1.800000E+00 
 1.800000E+00 
 1.800000E+00 
 1.800000E+00 
 1.800000E+00 
-3.962515E-06 
 1.800000E+00 
 1.800000E+00 
 1.800000E+00 
 1.800000E+00 
 1.800000E+00 
 1.800000E+00 
-7.456103E-09 
 1.800000E+00 
 1.799999E+00 
 1.799999E+00 
 1.800000E+00 
 1.799999E+00 
 2.519023E-08 
 1.799999E+00 
 1.800000E+00 
 1.800000E+00 
 1.800000E+00 
 1.800000E+00 
 1.800000E+00 
 1.800000E+00 
 1.254735E-07 
 1.800000E+00 
 1.800000E+00 
 1.800000E+00 
 1.800000E+00 
 1.800003E+00 
 1.800000E+00 
-3.308856E-06 
 1.800000E+00 
 1.800000E+00 
 1.800000E+00 
 1.800000E+00 
 1.800000E+00 
 1.800000E+00 
-1.164275E-07 
 1.800000E+00 
 1.800000E+00 
 1.800000E+00 
 1.800000E+00 
 1.800000E+00 
 1.800000E+00 
 1.800000E+00 
 8.217294E-06 
 1.800000E+00 
 1.800000E+00 
 1.800000E+00 
 1.800000E+00 
 1.800000E+00 
 1.800000E+00 
 2.533371E-07 
 1.799998E+00 
 1.799998E+00 
 1.799998E+00 
 1.799998E+00 
 1.799998E+00 
 1.799998E+00 
 1.800000E+00 
 2.748603E-06 
 1.800000E+00 
 1.800000E+00 
 1.800000E+00 
 1.800000E+00 
 1.800000E+00 
 1.800000E+00 
 3.696560E-08 
 1.800000E+00 
 1.800000E+00 
 1.800000E+00 
 1.800000E+00 
 1.800000E+00 
 1.800000E+00 
 1.800000E+00 
 1.800000E+00 
 3.725429E-08 
 1.800000E+00 
 1.800000E+00 
 1.800000E+00 
 1.800000E+00 
 1.799996E+00 
 1.800000E+00 
 1.059801E-07 
 1.800000E+00 
 1.800000E+00 
 1.800000E+00 
 1.800000E+00 
 1.800000E+00 
 1.800000E+00 
 1.800000E+00 
-2.749792E-07 
 1.800000E+00 
 1.800000E+00 
 1.800000E+00 
 1.800000E+00 
 1.800000E+00 
 1.800000E+00 
 1.800000E+00 
 1.800000E+00 
-3.761387E-06 
 1.800000E+00 
 1.800000E+00 
 1.800000E+00 
 1.800000E+00 
 1.800000E+00 
 1.800000E+00 
-1.056936E-07 
 1.800002E+00 
 1.800002E+00 
 1.800002E+00 
 1.800002E+00 
 1.800002E+00 
 1.800002E+00 
 1.800000E+00 
 1.800001E+00 
 3.072392E-07 
 1.800000E+00 
 1.800000E+00 
 1.800000E+00 
 1.800000E+00 
 1.800000E+00 
 1.800000E+00 
 1.800000E+00 
 4.554584E-06 
 1.800000E+00 
 1.800000E+00 
 1.800000E+00 
 1.800000E+00 
 1.800000E+00 
 1.800000E+00 
 1.800000E+00 
-7.724163E-08 
 1.800000E+00 
 1.800000E+00 
 1.800000E+00 
 1.800000E+00 
 1.800000E+00 
 1.800000E+00 
 1.800000E+00 
 1.800000E+00 
 1.800000E+00 
-3.683727E-07 
 1.800000E+00 
 1.800000E+00 
 1.800000E+00 
 1.800000E+00 
 1.800000E+00 
 1.800000E+00 
-1.751288E-07 
 1.800000E+00 
 1.800000E+00 
 1.800000E+00 
 1.800000E+00 
 1.800000E+00 
 1.800000E+00 
 1.800000E+00 
 1.800000E+00 
 1.800001E+00 
 1.120847E-08 
 1.800000E+00 
 1.800000E+00 
 1.800000E+00 
 1.800000E+00 
 1.800000E+00 
 1.800000E+00 
 1.800000E+00 
 1.800000E+00 
-6.387544E-06 
 1.800000E+00 
 1.800000E+00 
 1.800000E+00 
 1.800000E+00 
 1.800000E+00 
 1.800000E+00 
 1.800000E+00 
 7.307598E-09 
 1.799996E+00 
 1.800000E+00 
 1.800000E+00 
 1.800000E+00 
 1.800000E+00 
 1.800000E+00 
 1.800000E+00 
 1.800001E+00 
 1.800000E+00 
 3.708212E-08 
 1.800000E+00 
 1.800000E+00 
 1.800000E+00 
 1.800000E+00 
 1.800000E+00 
 1.800000E+00 
 1.800000E+00 
-1.602517E-06 
 1.800000E+00 
 1.800000E+00 
 1.800000E+00 
 1.800000E+00 
 1.800000E+00 
 1.800000E+00 
 1.800000E+00 
 1.800000E+00 
 1.800000E+00 
 5.683648E-07 
 1.800000E+00 
 1.800000E+00 
 1.800000E+00 
 1.800000E+00 
 1.800000E+00 
 1.800000E+00 
 1.800000E+00 
 1.800000E+00 
-3.805009E-07 
 1.800000E+00 
 1.800000E+00 
 1.800000E+00 
 1.800000E+00 
 1.800000E+00 
 1.800000E+00 
 1.800000E+00 
 1.800000E+00 
 1.800000E+00 
-1.243391E-06 
 1.800000E+00 
 1.800000E+00 
 1.800000E+00 
 1.800000E+00 
 1.800000E+00 
 1.800000E+00 
 1.800000E+00 
 1.800000E+00 
-1.851475E-07 
 1.800000E+00 
 1.800000E+00 
 1.800000E+00 
 1.800000E+00 
 1.800000E+00 
 1.800000E+00 
 1.800000E+00 
 1.800000E+00 
 1.800000E+00 
 1.081531E-08 
 1.800002E+00 
 1.800002E+00 
 1.800002E+00 
 1.800002E+00 
 1.800002E+00 
 1.800002E+00 
 1.800000E+00 
 1.800000E+00 
-3.363338E-07 
 1.800000E+00 
 1.800000E+00 
 1.800000E+00 
 1.800000E+00 
 1.800000E+00 
 1.800000E+00 
 1.800000E+00 
 1.800000E+00 
 1.800000E+00 
 6.528878E-08 
 1.800000E+00 
 1.800000E+00 
 1.800000E+00 
 1.800000E+00 
 1.800000E+00 
 1.800000E+00 
 1.800000E+00 
 1.800000E+00 
 1.800000E+00 
-8.927346E-07 
 1.800000E+00 
 1.800000E+00 
 1.800000E+00 
 1.800000E+00 
 1.800000E+00 
 1.800000E+00 
 1.800000E+00 
 1.800000E+00 
 1.800000E+00 
-8.361632E-08 
 1.800000E+00 
 1.800000E+00 
 1.800000E+00 
 1.800000E+00 
 1.800000E+00 
 1.800000E+00 
 1.800000E+00 
 1.800000E+00 
 1.577223E-07 
 1.799998E+00 
 1.799998E+00 
 1.799998E+00 
 1.799998E+00 
 1.799998E+00 
 1.799998E+00 
 1.799998E+00 
 1.799998E+00 
 1.799998E+00 
 1.800000E+00 
 2.132047E-08 
 1.800001E+00 
 1.800001E+00 
 1.800001E+00 
 1.800001E+00 
 1.800001E+00 
 1.800001E+00 
 1.800000E+00 
 1.800000E+00 
-3.670130E-08 
 1.800000E+00 
 1.800000E+00 
 1.800000E+00 
 1.800000E+00 
 1.800000E+00 
 1.800000E+00 
 1.800000E+00 
 1.800000E+00 
 1.800000E+00 
 1.800000E+00 
-4.790142E-07 
 1.800000E+00 
 1.800000E+00 
 1.800000E+00 
 1.800000E+00 
 1.800000E+00 
 1.800000E+00 
 1.800000E+00 
 1.800000E+00 
-1.012195E-07 
 1.800000E+00 
 1.800000E+00 
 1.800000E+00 
 1.800000E+00 
 1.800000E+00 
 1.800000E+00 
 1.800000E+00 
 1.800000E+00 
 1.800000E+00 
 1.800001E+00 
 6.990447E-08 
 1.800001E+00 
 1.800000E+00 
 1.800000E+00 
 1.800000E+00 
 1.800000E+00 
 1.800000E+00 
 1.800000E+00 
 1.800000E+00 
 1.200924E-05 
 1.800000E+00 
 1.800000E+00 
 1.800000E+00 
 1.800000E+00 
 1.800000E+00 
 1.800000E+00 
 1.800000E+00 
 1.800000E+00 
 1.800000E+00 
 1.800000E+00 
 1.800000E+00 
 3.106864E-07 
 1.799999E+00 
 1.800000E+00 
 1.800000E+00 
 1.800000E+00 
 1.800000E+00 
 1.800000E+00 
 2.071596E-09 
 1.800000E+00 
 1.800000E+00 
 1.800000E+00 
 1.800000E+00 
 1.800000E+00 
 1.800000E+00 
 1.800000E+00 
 1.800000E+00 
 1.800000E+00 
 1.800000E+00 
 1.800000E+00 
 1.800000E+00 
 1.800000E+00 
-2.396951E-06 
 1.800000E+00 
 1.800000E+00 
 1.800000E+00 
 1.800000E+00 
-1.071370E-07 
 1.800002E+00 
 1.800002E+00 
 1.800002E+00 
 1.800002E+00 
 1.800002E+00 
 1.800002E+00 
 1.800002E+00 
 1.800002E+00 
 1.800002E+00 
 1.800002E+00 
 1.800002E+00 
 1.800002E+00 
 1.800002E+00 
 1.800002E+00 
 1.800000E+00 
 5.791829E-06 
 1.800000E+00 
 1.800000E+00 
 1.800001E+00 
 6.166166E-07 
 1.800001E+00 
 1.800001E+00 
 1.800001E+00 
 1.800001E+00 
 1.800001E+00 
 1.800001E+00 
 1.800001E+00 
 1.800001E+00 
 1.800001E+00 
 1.800001E+00 
 1.800001E+00 
 1.800001E+00 
 1.800001E+00 
 1.800000E+00 
-1.055128E-08 
 1.800000E+00 
 1.800000E+00 
 1.800000E+00 
 1.800000E+00 
 1.800000E+00 
 1.800000E+00 
 6.976257E-08 
 1.799999E+00 
 1.799999E+00 
 1.799999E+00 
 1.799999E+00 
 1.799999E+00 
 1.799999E+00 
 1.799999E+00 
 1.799999E+00 
 1.799999E+00 
 1.800000E+00 
-5.609046E-08 
 1.800000E+00 
 1.800000E+00 
 1.800000E+00 
 1.800000E+00 
 1.800000E+00 
 1.800000E+00 
 1.800000E+00 
 1.800000E+00 
-9.660093E-07 
 1.800000E+00 
 1.800000E+00 
 1.800000E+00 
 1.800000E+00 
 1.800000E+00 
 1.800000E+00 
 1.800000E+00 
 1.800000E+00 
 1.800000E+00 
 1.800000E+00 
-1.588863E-06 
 1.800000E+00 
 1.800000E+00 
 1.800000E+00 
 1.800000E+00 
 1.800000E+00 
 1.800000E+00 
 1.800000E+00 
 2.054713E-07 
 1.800000E+00 
 1.800000E+00 
 1.800000E+00 
 1.800000E+00 
 1.800000E+00 
 1.800000E+00 
 1.800000E+00 
 1.800000E+00 
 1.800000E+00 
 1.800000E+00 
 4.969722E-09 
 1.800000E+00 
 1.800000E+00 
 1.800000E+00 
 1.800000E+00 
 1.800000E+00 
 1.800000E+00 
 1.799998E+00 
 3.178267E-08 
 1.800000E+00 
 1.800000E+00 
 1.800000E+00 
 1.800000E+00 
 1.800000E+00 
 1.800000E+00 
 1.800000E+00 
 1.800000E+00 
 1.800000E+00 
 1.800000E+00 
 2.673353E-09 
 1.800000E+00 
 1.800000E+00 
 1.800000E+00 
 1.800000E+00 
 1.800000E+00 
 1.800000E+00 
 1.799998E+00 
 1.800002E+00 
 3.485972E-06 
 1.800000E+00 
 1.800000E+00 
 1.800000E+00 
 1.800000E+00 
 1.800000E+00 
 1.800000E+00 
 1.799998E+00 
 5.111272E-08 
 1.800000E+00 
 1.800000E+00 
 1.800000E+00 
 1.800000E+00 
 1.800000E+00 
 1.800000E+00 
 1.800000E+00 
 1.800000E+00 
 1.800000E+00 
 1.800000E+00 
-1.268197E-08 
 1.800000E+00 
 1.800000E+00 
 1.800000E+00 
 1.800000E+00 
 1.800000E+00 
 1.800000E+00 
 1.800000E+00 
 1.500190E-07 
 1.800000E+00 
 1.800000E+00 
 1.800000E+00 
 1.800000E+00 
 1.800000E+00 
 1.800000E+00 
 1.800000E+00 
 1.800000E+00 
-8.933353E-07 
 1.800001E+00 
 1.800000E+00 
 1.800000E+00 
 1.800000E+00 
 1.800000E+00 
 1.800000E+00 
 1.800000E+00 
 1.800000E+00 
-2.118306E-07 
 1.800000E+00 
 1.800000E+00 
 1.800000E+00 
 1.800000E+00 
 1.800000E+00 
 1.800000E+00 
 1.800000E+00 
 1.800001E+00 
 1.141700E-07 
 1.800000E+00 
 1.800000E+00 
 1.800000E+00 
 1.800000E+00 
 1.800000E+00 
 1.800000E+00 
 1.800000E+00 
 1.800000E+00 
-8.380497E-09 
 1.800000E+00 
 1.800000E+00 
 1.800000E+00 
 1.800000E+00 
 1.800000E+00 
 1.800000E+00 
 1.800000E+00 
 3.392389E-06 
 1.800000E+00 
 1.800000E+00 
 1.800000E+00 
 1.800000E+00 
 1.800000E+00 
 1.800000E+00 
 1.800000E+00 
 1.800000E+00 
-2.965134E-06 
 1.800000E+00 
 1.800000E+00 
 1.800000E+00 
 1.800000E+00 
 1.800000E+00 
 1.800002E+00 
-2.820712E-05 
 1.799999E+00 
 1.800000E+00 
 1.800000E+00 
 1.800000E+00 
 1.800000E+00 
 1.800000E+00 
 1.800000E+00 
 1.800000E+00 
 1.800000E+00 
 2.920187E-08 
 1.800000E+00 
 1.800000E+00 
 1.800000E+00 
 1.800000E+00 
 1.800000E+00 
 1.800000E+00 
 1.799999E+00 
 3.376914E-08 
 1.800000E+00 
 1.800000E+00 
 1.800000E+00 
 1.800000E+00 
 1.800000E+00 
 1.800000E+00 
 1.379442E-05 
 1.800000E+00 
 1.800000E+00 
 1.800000E+00 
 1.800000E+00 
 1.800000E+00 
 1.800000E+00 
 1.800000E+00 
 1.800000E+00 
 7.727712E-09 
 1.800001E+00 
 1.800001E+00 
 1.800001E+00 
 1.800001E+00 
 1.800001E+00 
 1.799998E+00 
 1.800000E+00 
 9.508532E-06 
 1.800000E+00 
 1.800000E+00 
 1.800000E+00 
 1.800000E+00 
 1.800002E+00 
 1.800000E+00 
 3.946984E-07 
 1.800000E+00 
 1.800000E+00 
 1.800000E+00 
 1.800000E+00 
 1.800000E+00 
 1.800000E+00 
 1.800000E+00 
 3.736910E-09 
 1.800000E+00 
 1.800000E+00 
 1.800000E+00 
 1.800000E+00 
 1.800000E+00 
 1.800000E+00 
 1.800000E+00 
-7.747098E-07 
 1.800000E+00 
 1.800000E+00 
 1.800000E+00 
 1.800000E+00 
 1.800000E+00 
 1.800001E+00 
 6.059233E-09 
 1.800000E+00 
 1.800000E+00 
 1.800000E+00 
 1.800000E+00 
 1.800000E+00 
 1.800000E+00 
 1.800000E+00 
 9.514545E-07 
 1.800000E+00 
 1.800000E+00 
 1.800000E+00 
 1.800000E+00 
 1.800002E+00 
 1.800000E+00 
 1.123671E-08 
 1.800000E+00 
 1.800000E+00 
 1.800000E+00 
 1.800000E+00 
 1.800000E+00 
 1.800000E+00 
 4.427273E-06 
 1.800000E+00 
 1.800000E+00 
 1.800000E+00 
 1.800000E+00 
 1.800000E+00 
 1.800000E+00 
 1.800000E+00 
 1.960784E-07 
 1.800000E+00 
 1.800000E+00 
 1.800000E+00 
 1.800000E+00 
 1.800000E+00 
 8.831530E-09 
 1.800000E+00 
 1.800000E+00 
 1.800000E+00 
 1.800000E+00 
 1.800000E+00 
 1.800000E+00 
 1.800000E+00 
-8.367286E-07 
 1.800000E+00 
 1.800000E+00 
 1.800000E+00 
 1.800000E+00 
 1.800000E+00 
 1.800000E+00 
 2.759396E-07 
 1.800000E+00 
 1.800000E+00 
 1.800000E+00 
 1.800000E+00 
 1.800000E+00 
 2.625404E-07 
 1.800000E+00 
 1.800000E+00 
 1.800000E+00 
 1.800000E+00 
 1.800000E+00 
 1.800000E+00 
 1.905747E-07 
 1.799990E+00 
 1.800000E+00 
 1.800000E+00 
 1.800000E+00 
 1.800000E+00 
 1.800000E+00 
-4.924659E-08 
 1.800000E+00 
 1.800000E+00 
 1.800000E+00 
 1.800000E+00 
 1.800000E+00 
 1.800000E+00 
-7.995663E-07 
 1.799999E+00 
 1.800000E+00 
 1.800000E+00 
 1.799999E+00 
 3.872113E-06 
 1.800000E+00 
 1.800000E+00 
 1.800000E+00 
 1.800000E+00 
 1.800000E+00 
 1.800000E+00 
 1.800000E+00 
 1.028707E-08 
 1.800000E+00 
 1.800000E+00 
 1.800000E+00 
 1.800000E+00 
 1.799999E+00 
-1.115220E-06 
 1.800000E+00 
 1.800001E+00 
 1.800000E+00 
 1.800000E+00 
 1.800000E+00 
 1.656233E-05 
 1.800000E+00 
 1.800000E+00 
 1.800000E+00 
 1.800000E+00 
 1.800004E+00 
-6.287723E-09 
 1.800000E+00 
 1.800000E+00 
 1.800000E+00 
 1.800000E+00 
 1.800000E+00 
 1.800002E+00 
 1.718939E-08 
 1.800000E+00 
 1.800000E+00 
 1.800000E+00 
 1.800000E+00 
-5.767648E-08 
 1.800000E+00 
 1.800000E+00 
 1.800000E+00 
 1.800000E+00 
 1.800000E+00 
 1.800000E+00 
 4.548138E-08 
 1.800000E+00 
 1.800000E+00 
 1.800000E+00 
 1.800001E+00 
 1.800000E+00 
 1.016574E-08 
 1.800000E+00 
 1.800000E+00 
 1.800000E+00 
 1.800001E+00 
-6.356135E-09 
 1.800000E+00 
 1.800000E+00 
 1.800000E+00 
 1.800000E+00 
 1.800000E+00 
 1.800000E+00 
 3.565113E-08 
 1.800001E+00 
 1.800000E+00 
 1.800000E+00 
 1.800001E+00 
-1.488724E-07 
 1.800000E+00 
 1.800000E+00 
 1.800000E+00 
 1.800000E+00 
 1.800000E+00 
 1.239159E-08 
 1.800000E+00 
 1.800000E+00 
 1.800000E+00 
 1.800001E+00 
-1.527309E-06 
 1.800000E+00 
 1.800000E+00 
 1.800000E+00 
 1.800000E+00 
 1.800000E+00 
 1.800001E+00 
-5.849690E-06 
 1.800000E+00 
 1.800000E+00 
 1.800000E+00 
-8.727289E-07 
 1.799997E+00 
 1.799997E+00 
 1.799997E+00 
 1.799997E+00 
 1.799997E+00 
 1.800001E+00 
-6.150886E-08 
 1.800000E+00 
 1.799999E+00 
 1.800000E+00 
 2.231752E-08 
 1.800000E+00 
 1.800000E+00 
 1.800000E+00 
 1.800000E+00 
 1.800000E+00 
 1.800000E+00 
-6.189489E-08 
 1.800000E+00 
 1.800000E+00 
 1.800000E+00 
 3.758266E-07 
 1.800001E+00 
 1.800001E+00 
 1.800001E+00 
 1.800000E+00 
 1.800000E+00 
 1.293658E-07 
 1.800000E+00 
 1.800000E+00 
 1.800000E+00 
 1.800000E+00 
-2.402267E-07 
 1.800000E+00 
 1.800000E+00 
 1.800000E+00 
 1.800000E+00 
-1.235891E-06 
 1.800000E+00 
 1.800000E+00 
 1.800000E+00 
 1.800000E+00 
 1.638559E-07 
 1.800001E+00 
 1.800000E+00 
 1.800000E+00 
 1.800000E+00 
 1.800001E+00 
 1.069772E-05 
 1.800000E+00 
 1.800000E+00 
 1.800000E+00 
-3.123862E-08 
 1.800000E+00 
 1.800000E+00 
 1.800000E+00 
 1.800000E+00 
 1.800001E+00 
-1.283130E-07 
 1.800000E+00 
 1.800000E+00 
 1.800001E+00 
 4.388691E-07 
 1.800000E+00 
 1.800000E+00 
 1.800000E+00 
 1.800000E+00 
 1.800002E+00 
 1.845407E-05 
 1.800000E+00 
 1.800000E+00 
 1.800000E+00 
-1.425225E-07 
 1.800002E+00 
 1.800000E+00 
 1.800000E+00 
 1.800000E+00 
-4.067512E-09 
 1.800000E+00 
 1.800000E+00 
 1.800000E+00 
 1.800000E+00 
 1.029177E-08 
 1.800000E+00 
 1.800000E+00 
 1.800000E+00 
 1.800000E+00 
-7.010006E-08 
 1.800000E+00 
 1.800000E+00 
 1.800000E+00 
-1.045852E-06 
 1.800001E+00 
 1.800000E+00 
 1.800000E+00 
 1.800000E+00 
-3.479045E-09 
 1.800000E+00 
 1.800000E+00 
 1.800000E+00 
 1.800000E+00 
-2.242188E-06 
 1.800000E+00 
 1.800000E+00 
 1.800002E+00 
-3.893058E-09 
 1.799999E+00 
 1.800000E+00 
 1.800000E+00 
 1.800000E+00 
-2.326971E-07 
 1.800000E+00 
 1.800000E+00 
 1.800001E+00 
-2.173786E-07 
 1.799998E+00 
 1.800000E+00 
 1.800000E+00 
 1.800000E+00 
 1.800000E+00 
 2.538101E-07 
 1.800000E+00 
-1.666542E-07 
 1.800000E+00 
 1.800000E+00 
 1.800000E+00 
 1.800000E+00 
 1.800000E+00 
 1.800000E+00 
-1.654032E-05 
 1.800000E+00 
 3.157776E-08 
 1.800000E+00 
 1.800000E+00 
 1.800000E+00 
 1.800000E+00 
 1.800001E+00 
 5.018643E-07 
 1.800000E+00 
 1.800000E+00 
 1.800002E+00 
-7.412664E-07 
 1.800000E+00 
 1.800000E+00 
 1.800000E+00 
 4.230782E-08 
 1.800000E+00 
 1.800000E+00 
 1.800000E+00 
 1.800000E+00 
 7.137141E-06 
 1.800001E+00 
 1.800000E+00 
-2.533315E-06 
 1.800003E+00 
 1.800002E+00 
 1.800002E+00 
 1.800001E+00 
-5.701477E-08 
 1.800000E+00 
 1.800000E+00 
 1.800000E+00 
 1.380936E-07 
 1.800000E+00 
 1.800000E+00 
 1.800000E+00 
 3.005576E-09 
 1.800000E+00 
 1.800000E+00 
 1.800000E+00 
 3.229024E-09 
 1.800000E+00 
 1.800000E+00 
 1.800000E+00 
 1.800000E+00 
 4.635851E-06 
 1.800001E+00 
 1.800000E+00 
-1.641812E-07 
 1.800000E+00 
 1.800000E+00 
 1.800000E+00 
-2.502495E-07 
 1.800000E+00 
 1.800000E+00 
 1.800000E+00 
 1.800000E+00 
-1.763215E-06 
 1.800000E+00 
 1.800000E+00 
 6.772963E-09 
 1.800000E+00 
 1.800000E+00 
 1.800000E+00 
 1.800000E+00 
-7.394894E-06 
 1.799999E+00 
 1.128461E-07 
 1.800000E+00 
 1.800000E+00 
 1.800000E+00 
 1.800000E+00 
 1.800006E+00 
-2.659843E-08 
 1.800000E+00 
 1.800000E+00 
 7.214865E-07 
 1.800000E+00 
 1.800000E+00 
 1.800000E+00 
 2.402674E-07 
 1.800001E+00 
 1.800000E+00 
-1.193298E-07 
 1.800000E+00 
 1.800000E+00 
 1.800000E+00 
 1.800000E+00 
 1.162401E-08 
 1.800000E+00 
 1.800000E+00 
 1.678334E-07 
 1.800000E+00 
 1.800000E+00 
 1.800000E+00 
-7.452177E-07 
 1.800000E+00 
 1.800000E+00 
 1.800000E+00 
-6.332780E-07 
 1.800000E+00 
 1.800000E+00 
-7.837727E-07 
 1.800000E+00 
 1.800000E+00 
 1.800000E+00 
 1.800000E+00 
-1.685656E-07 
 1.800000E+00 
-2.773641E-08 
 1.800000E+00 
 1.800000E+00 
 1.800000E+00 
 1.800000E+00 
 5.415223E-06 
 1.800000E+00 
-1.669567E-07 
 1.800001E+00 
 1.800000E+00 
 1.800000E+00 
 1.800000E+00 
-2.722844E-08 
 1.800004E+00 
 1.800000E+00 
 1.799999E+00 
-1.745527E-07 
 1.800000E+00 
 1.930710E-08 
 1.800000E+00 
 1.800000E+00 
 1.800000E+00 
 1.800000E+00 
-2.337274E-06 
 1.800000E+00 
-2.580612E-07 
 1.800000E+00 
 1.800000E+00 
 1.800000E+00 
 1.800000E+00 
-4.663154E-07 
 1.800000E+00 
-1.343074E-08 
 1.800000E+00 
 1.800000E+00 
 1.800000E+00 
 1.800000E+00 
-2.227278E-09 
 1.800000E+00 
 9.897526E-08 
 1.800000E+00 
 1.800000E+00 
 1.800000E+00 
 1.800000E+00 
-2.111539E-08 
 5.962084E-09 
 1.800000E+00 
 1.800000E+00 
 1.800000E+00 
 1.800000E+00 
 1.800000E+00 
 1.725302E-07 
 1.800000E+00 
 1.074235E-07 
 1.800000E+00 
 1.800000E+00 
 1.800000E+00 
 2.482044E-06 
 1.800001E+00 
-2.852761E-08 
 1.800000E+00 
 1.800000E+00 
 1.800000E+00 
 1.800001E+00 
-7.106647E-08 
 1.800000E+00 
 2.041212E-08 
 1.800000E+00 
 1.800000E+00 
 1.800000E+00 
 2.129642E-08 
 1.800000E+00 
 1.800000E+00 
 1.800000E+00 
-3.717712E-05 
-9.581919E-09 
 1.800000E+00 
 1.800000E+00 
 1.800000E+00 
 1.800000E+00 
 1.800000E+00 
 5.379142E-06 
 5.485250E-06 
 1.800000E+00 
 1.800000E+00 
 1.800002E+00 
-9.758570E-08 
 1.800000E+00 
 1.800000E+00 
-2.035191E-06 
 1.800000E+00 
 1.800000E+00 
 1.800000E+00 
 2.016768E-08 
 1.800000E+00 
-2.220626E-07 
 1.799999E+00 
 1.800000E+00 
 1.800000E+00 
-1.498702E-07 
 1.800000E+00 
 1.800000E+00 
 2.039170E-07 
 1.800000E+00 
 1.535209E-08 
 1.800000E+00 
 1.800000E+00 
 1.800000E+00 
 1.800000E+00 
-2.848365E-06 
 8.397018E-09 
 1.800000E+00 
 1.800000E+00 
 1.800000E+00 
 1.800000E+00 
 7.290957E-09 
 1.800001E+00 
-2.961532E-08 
 1.800000E+00 
 1.800000E+00 
 2.504362E-08 
 1.800000E+00 
 1.800000E+00 
-1.318934E-06 
 1.800000E+00 
 1.800000E+00 
 1.800000E+00 
-1.477482E-06 
 8.227341E-09 
 1.800001E+00 
 1.800000E+00 
 1.800000E+00 
 1.800000E+00 
-3.819232E-08 
 1.800000E+00 
-2.779394E-05 
 1.800000E+00 
 1.800000E+00 
 1.800000E+00 
 7.785020E-08 
 4.406049E-09 
 1.800001E+00 
 1.800000E+00 
 1.800000E+00 
 1.800000E+00 
 1.723966E-07 
 1.238533E-07 
 1.800002E+00 
 1.800001E+00 
 1.800001E+00 
 1.800000E+00 
 5.456636E-06 
 5.689428E-06 
 1.800000E+00 
 1.800000E+00 
 1.800000E+00 
-1.207167E-06 
 1.800000E+00 
 1.800000E+00 
 1.518352E-07 
 1.800002E+00 
 1.924775E-07 
 1.800003E+00 
 1.800000E+00 
-3.514803E-06 
 1.800000E+00 
 1.800000E+00 
 1.800000E+00 
 5.812012E-09 
 5.169515E-09 
 1.800001E+00 
 1.800001E+00 
 1.800000E+00 
-1.977464E-06 
 1.800004E+00 
 1.800000E+00 
 3.131408E-06 
 1.799999E+00 
-2.727129E-08 
 1.800000E+00 
 1.800000E+00 
 6.727599E-09 
 1.800000E+00 
 1.800000E+00 
 2.976079E-07 
 1.800004E+00 
 1.800000E+00 
-1.638231E-05 
 1.800000E+00 
-9.054248E-08 
 1.800000E+00 
 1.799998E+00 
-1.742468E-08 
 1.800000E+00 
 1.799999E+00 
 2.151647E-08 
 1.800001E+00 
 1.800000E+00 
-1.250688E-07 
 1.800000E+00 
 2.741719E-06 
 1.800000E+00 
 1.800000E+00 
-1.697676E-07 
 1.800000E+00 
 1.800002E+00 
 1.391194E-08 
 1.799997E+00 
-1.278199E-08 
 1.800000E+00 
 1.800000E+00 
 1.800005E+00 
-3.747942E-06 
-1.422431E-09 
 1.799997E+00 
 1.800000E+00 
 1.800000E+00 
 2.350547E-06 
 7.365025E-07 
 1.800000E+00 
 1.800000E+00 
 1.800000E+00 
 2.745909E-08 
 1.799998E+00 
 1.799999E+00 
 3.312652E-06 
 8.214106E-09 
 1.799998E+00 
 1.800000E+00 
 1.800000E+00 
-1.043355E-08 
 1.800000E+00 
-1.452683E-08 
 1.800000E+00 
 1.800000E+00 
 1.644880E-05 
 1.800000E+00 
-6.041554E-06 
 1.800000E+00 
 1.800000E+00 
-1.304508E-09 
 1.800000E+00 
 2.808408E-07 
 1.800001E+00 
 1.800001E+00 
-5.060969E-08 
 1.800000E+00 
 1.800000E+00 
 8.885425E-08 
 1.800000E+00 
-1.101512E-06 
 1.799999E+00 
-1.482497E-08 
 1.800001E+00 
 1.800000E+00 
-3.007615E-07 
 1.800001E+00 
 1.800000E+00 
-3.294477E-05 
 1.800000E+00 
-2.760133E-08 
 1.800000E+00 
 1.800000E+00 
-2.035505E-07 
 1.543391E-08 
 1.800000E+00 
 1.800000E+00 
 1.800000E+00 
 2.851248E-07 
 1.800000E+00 
-1.220458E-08 
 1.800000E+00 
 1.800000E+00 
-1.472310E-06 
 5.547288E-09 
 1.800000E+00 
 1.800000E+00 
 1.799999E+00 
 1.096802E-07 
 1.800000E+00 
-2.121322E-06 
 1.800000E+00 
 3.844119E-09 
 1.800000E+00 
 1.800000E+00 
-6.336051E-05 
 1.800000E+00 
-1.172541E-06 
 1.800000E+00 
-2.629525E-06 
 1.800000E+00 
 1.800000E+00 
-1.095510E-07 
 1.800000E+00 
 1.800000E+00 
-1.021743E-06 
-4.719715E-07 
 1.800000E+00 
 1.800000E+00 
 1.123960E-08 
 1.800000E+00 
 1.800000E+00 
-7.860905E-08 
-4.701305E-07 
 1.800000E+00 
 1.800000E+00 
 1.800000E+00 
 1.292453E-05 
 1.326599E-05 
 1.800001E+00 
 1.800000E+00 
-2.280480E-08 
 1.800000E+00 
-7.859047E-06 
 1.799998E+00 
 1.800000E+00 
-2.205963E-07 
 5.573578E-09 
 1.800000E+00 
 1.800000E+00 
 1.800001E+00 
 1.759798E-06 
 5.538322E-07 
 1.800000E+00 
 1.800000E+00 
 4.183809E-06 
 1.800001E+00 
 2.542829E-07 
 1.800000E+00 
 2.263801E-08 
 1.800000E+00 
 1.800000E+00 
 4.497855E-09 
 1.800000E+00 
-1.788070E-07 
 1.800000E+00 
-1.781860E-06 
 1.800000E+00 
 1.800000E+00 
-2.040543E-06 
 3.489394E-09 
 1.800000E+00 
 1.800000E+00 
-8.438081E-10 
 1.800001E+00 
 1.800000E+00 
 7.123873E-07 
 1.544655E-06 
 1.800003E+00 
 1.800000E+00 
-1.149701E-08 
 1.799998E+00 
 6.227046E-06 
 1.799999E+00 
 2.947007E-07 
 1.800000E+00 
-7.964955E-09 
 1.800000E+00 
 1.800000E+00 
 3.428263E-07 
 1.800000E+00 
 2.667155E-06 
 1.800000E+00 
-6.475961E-07 
 1.800002E+00 
 4.501105E-07 
 1.800000E+00 
-1.572149E-07 
 1.800000E+00 
 1.800000E+00 
-1.463487E-07 
 1.800000E+00 
 6.208588E-07 
 2.751714E-09 
 1.800000E+00 
 1.800000E+00 
 1.800000E+00 
-3.206531E-07 
-8.634618E-08 
 1.800000E+00 
-1.012842E-06 
 1.800000E+00 
 1.800000E+00 
 4.181137E-08 
 1.800000E+00 
-1.050417E-07 
-1.521294E-07 
 1.800000E+00 
 1.800000E+00 
 1.800000E+00 
-2.190159E-06 
-9.702360E-08 
 1.800000E+00 
 4.827397E-08 
 1.800000E+00 
 1.995205E-09 
 1.800000E+00 
 1.800000E+00 
 1.268309E-08 
 1.170981E-08 
 1.800003E+00 
 1.800000E+00 
 1.001892E-08 
 1.800000E+00 
-4.704521E-08 
 1.800000E+00 
 1.903045E-07 
 1.800000E+00 
 5.454538E-06 
 1.800007E+00 
 7.183377E-07 
 1.800001E+00 
-1.077805E-07 
 1.800000E+00 
 1.595558E-08 
 1.800000E+00 
 1.800000E+00 
 1.565438E-06 
-1.383949E-07 
 1.800000E+00 
 3.049207E-07 
 1.800000E+00 
 1.800000E+00 
 2.333615E-06 
 2.412336E-06 
 1.800000E+00 
 1.800000E+00 
 1.792988E-05 
 1.800000E+00 
 3.021101E-09 
 7.446519E-09 
 1.800000E+00 
 1.800002E+00 
-6.486713E-08 
 1.800000E+00 
 4.061799E-06 
 3.378906E-06 
 1.800000E+00 
 1.799998E+00 
-1.870395E-06 
 1.800000E+00 
 2.414504E-06 
 1.800000E+00 
-2.851886E-06 
 1.800000E+00 
 1.561089E-05 
 1.561074E-05 
 1.800000E+00 
 1.800000E+00 
 8.266345E-08 
 1.800000E+00 
 2.918566E-09 
 1.800000E+00 
-4.180868E-08 
 1.800000E+00 
 1.030845E-06 
 1.036527E-06 
 1.800000E+00 
 1.800000E+00 
 6.884834E-07 
 1.800000E+00 
 1.527109E-08 
 1.800000E+00 
-3.461676E-08 
 1.424538E-08 
 1.800000E+00 
 1.800000E+00 
 2.042987E-06 
 9.657382E-09 
 1.800000E+00 
 1.800000E+00 
 7.387632E-09 
 7.075057E-09 
 1.800000E+00 
 1.799998E+00 
-5.785019E-05 
 7.978101E-06 
 1.800000E+00 
 1.800000E+00 
-3.726972E-07 
-3.162294E-08 
 1.799999E+00 
 3.212952E-08 
 1.800000E+00 
-2.632853E-07 
 1.800001E+00 
 2.148612E-05 
 1.800000E+00 
-3.731412E-08 
 1.799991E+00 
 6.440277E-08 
 3.901163E-09 
 1.800001E+00 
 1.799999E+00 
 5.056253E-08 
 1.800001E+00 
 7.593201E-08 
-3.173745E-08 
 1.800000E+00 
 1.800000E+00 
 4.174903E-08 
 4.087730E-08 
 1.800000E+00 
-6.877639E-07 
 1.800000E+00 
 9.802905E-07 
 1.800000E+00 
 4.008553E-06 
 1.800001E+00 
-4.587106E-07 
 7.098861E-09 
 1.800000E+00 
 1.800001E+00 
-6.584318E-07 
-6.611708E-07 
 1.800000E+00 
-8.746401E-08 
 1.800000E+00 
 1.800000E+00 
-4.349386E-06 
-2.285484E-05 
-2.285484E-05 
 1.800000E+00 
 1.800000E+00 
 8.812114E-08 
 1.800000E+00 
-1.786975E-06 
-1.677333E-06 
 1.800000E+00 
 1.064903E-08 
 1.800000E+00 
 7.987553E-08 
 1.800000E+00 
 4.171599E-07 
 1.800000E+00 
-6.639191E-07 
 7.467625E-09 
 1.799999E+00 
 1.800000E+00 
 1.481893E-06 
 1.410198E-08 
 1.800000E+00 
 1.237983E-05 
 1.239388E-05 
 1.800000E+00 
 1.800000E+00 
 1.793090E-08 
 1.800000E+00 
-6.783875E-06 
-6.920965E-06 
 1.800000E+00 
-2.542446E-06 
 1.800001E+00 
-3.430304E-07 
 1.404741E-07 
 1.800002E+00 
 1.800000E+00 
 1.943353E-06 
 1.018374E-06 
 1.800000E+00 
 1.369289E-06 
 1.800001E+00 
 1.725664E-06 
 1.684587E-06 
 1.800001E+00 
 1.800000E+00 
-1.729656E-06 
 6.803298E-09 
 6.812026E-09 
 1.800000E+00 
 1.800000E+00 
-1.983482E-06 
 1.800000E+00 
 4.726699E-05 
-1.091884E-08 
 1.800000E+00 
 1.809270E-06 
 1.200655E-08 
 1.800000E+00 
 1.800000E+00 
-1.661784E-06 
 1.149611E-08 
 1.800000E+00 
-6.095482E-07 
 1.800000E+00 
 2.925650E-06 
 1.071421E-08 
 1.800000E+00 
-4.239149E-06 
 1.800000E+00 
-1.630922E-06 
 1.800000E+00 
-7.897011E-08 
 3.570186E-08 
 1.800000E+00 
-3.356992E-08 
 1.800000E+00 
-9.542771E-07 
-7.396940E-07 
 1.800000E+00 
 1.800000E+00 
-1.521085E-06 
-1.016325E-07 
-1.015812E-07 
 1.800001E+00 
 1.800000E+00 
 4.741223E-07 
 6.840115E-07 
 1.799992E+00 
 5.551031E-06 
 5.179993E-06 
 1.799998E+00 
-1.062431E-08 
 1.800000E+00 
 1.430883E-08 
 1.800000E+00 
 1.698184E-06 
 1.089241E-08 
 1.800000E+00 
 2.451702E-07 
 1.800000E+00 
-7.241679E-08 
 1.921649E-08 
 1.800000E+00 
 2.386698E-10 
 1.800000E+00 
-7.189216E-08 
 1.800000E+00 
-5.421673E-06 
-5.154907E-06 
-5.154904E-06 
 1.800000E+00 
 1.800000E+00 
-2.178466E-05 
-9.534635E-07 
 1.800000E+00 
 9.126172E-07 
 1.024040E-06 
 1.800000E+00 
-4.671838E-08 
 1.800000E+00 
 1.807852E-08 
 1.800000E+00 
 1.523895E-07 
 5.785697E-07 
 5.785684E-07 
 1.800000E+00 
 1.800000E+00 
 1.376932E-06 
 2.285359E-09 
 2.288323E-09 
 1.800006E+00 
 1.800000E+00 
-3.006155E-07 
 4.548796E-10 
 4.571859E-10 
 1.800000E+00 
 1.800000E+00 
-4.720366E-06 
-1.879277E-06 
-1.879278E-06 
 1.800000E+00 
 1.696717E-06 
 1.800000E+00 
 1.589664E-06 
 2.074776E-09 
 1.800000E+00 
 1.608534E-08 
 1.800000E+00 
-5.188461E-05 
 1.051964E-07 
 1.800000E+00 
 9.168774E-07 
-3.545514E-08 
 1.800000E+00 
 1.800000E+00 
-9.105345E-07 
-9.822244E-08 
-9.822568E-08 
-9.822916E-08 
 1.800000E+00 
 1.800000E+00 
-7.091179E-07 
 7.399266E-09 
 1.800000E+00 
 6.241813E-08 
-8.483251E-09 
 1.800000E+00 
 1.677471E-08 
 1.800000E+00 
-1.844167E-08 
-4.069389E-10 
-4.073833E-10 
 1.800001E+00 
 1.800000E+00 
 6.075411E-06 
-1.343645E-08 
-1.343494E-08 
 1.800001E+00 
 4.932425E-06 
 1.712244E-08 
 1.800004E+00 
 1.800000E+00 
 1.609995E-08 
 7.444268E-09 
 7.444418E-09 
 7.444119E-09 
 1.800000E+00 
 1.800000E+00 
 1.753345E-07 
 2.496489E-09 
 1.800000E+00 
 4.899534E-05 
 2.319497E-08 
 2.319509E-08 
 1.800000E+00 
 1.800002E+00 
-1.864102E-08 
-2.116418E-08 
-2.116500E-08 
 1.800000E+00 
-1.153036E-08 
-2.189819E-08 
 1.800000E+00 
 1.800000E+00 
 4.654680E-08 
 4.736213E-08 
 4.736373E-08 
 4.736177E-08 
 1.799999E+00 
 2.961292E-07 
 1.800000E+00 
-1.366344E-06 
 8.564297E-09 
 1.800000E+00 
-2.552569E-09 
 1.800000E+00 
-1.369425E-06 
-3.421093E-07 
-3.421106E-07 
 1.799999E+00 
-6.647584E-06 
-6.781794E-06 
 1.800000E+00 
-7.113638E-06 
 1.800000E+00 
 5.303323E-08 
 4.365377E-08 
 1.800000E+00 
 2.829324E-06 
 1.179068E-08 
 1.178979E-08 
 1.800000E+00 
 1.799999E+00 
-4.223466E-06 
 4.453618E-09 
 4.454059E-09 
 4.453818E-09 
 1.800000E+00 
-3.890085E-08 
 1.800001E+00 
 7.953104E-08 
 5.541501E-09 
 1.800000E+00 
 6.165708E-06 
 5.699633E-06 
 1.800002E+00 
 5.192486E-06 
 5.585599E-06 
 1.800000E+00 
-6.907222E-06 
-3.716852E-09 
 1.800002E+00 
-4.495835E-06 
-2.581707E-06 
-2.581706E-06 
 1.800000E+00 
 1.800000E+00 
-4.864979E-06 
-4.146479E-06 
-4.146486E-06 
-4.146423E-06 
 1.800000E+00 
-4.147021E-07 
 1.800000E+00 
 2.409899E-06 
 2.495511E-06 
 2.495511E-06 
 1.800000E+00 
 1.800000E+00 
 5.516579E-06 
-7.132163E-06 
-7.132157E-06 
-7.132161E-06 
-7.132162E-06 
 1.800000E+00 
 1.800000E+00 
-4.795865E-06 
 2.285067E-09 
 2.286486E-09 
 1.800000E+00 
 3.735703E-08 
 3.878319E-08 
 1.800000E+00 
-4.419773E-06 
 9.937293E-08 
 9.935965E-08 
 1.800001E+00 
 1.800001E+00 
-3.926599E-07 
 1.936433E-08 
 1.936200E-08 
 1.934941E-08 
 1.936298E-08 
 1.800000E+00 
 1.800000E+00 
-9.745577E-07 
-7.273700E-09 
-7.274549E-09 
 1.800000E+00 
 8.816654E-08 
 4.500024E-08 
 4.500026E-08 
 1.800000E+00 
-1.062245E-07 
 1.800000E+00 
 3.127118E-08 
-1.586812E-09 
-1.588724E-09 
 1.800000E+00 
 2.150523E-07 
 8.319329E-09 
 1.800000E+00 
 1.056329E-05 
 3.770131E-08 
 3.770024E-08 
 1.799999E+00 
 8.783777E-08 
 1.800000E+00 
 4.086128E-05 
 3.451110E-08 
 3.450756E-08 
 3.450594E-08 
 1.800000E+00 
 1.801412E-08 
 1.799999E+00 
-3.912695E-06 
 6.369296E-09 
 6.369870E-09 
 1.800000E+00 
-1.731594E-06 
 6.762730E-09 
 6.762030E-09 
 1.800000E+00 
-2.390379E-07 
 1.800000E+00 
 1.240445E-05 
 1.186833E-05 
 1.186833E-05 
 1.186833E-05 
 1.800000E+00 
 1.664548E-08 
 1.800000E+00 
-1.289506E-06 
-4.732000E-08 
-4.734556E-08 
-4.733896E-08 
 1.800000E+00 
 2.783908E-08 
 1.800000E+00 
-8.284738E-05 
 5.449401E-07 
 5.449348E-07 
 5.449495E-07 
 1.800000E+00 
 2.945921E-09 
 1.800000E+00 
 8.677535E-08 
 6.010665E-09 
 6.015499E-09 
 6.015441E-09 
 1.800000E+00 
-1.317693E-06 
 1.800000E+00 
 7.767449E-05 
-1.920020E-07 
-1.920016E-07 
-1.920024E-07 
 1.800000E+00 
 3.250487E-06 
 8.250570E-09 
 1.800000E+00 
-5.402336E-06 
-5.204285E-06 
-5.204294E-06 
 1.799998E+00 
-4.689552E-10 
 4.588726E-09 
 1.800000E+00 
-2.229914E-07 
-2.005033E-08 
-2.005024E-08 
 1.800000E+00 
-4.516207E-06 
-4.330035E-06 
-4.330034E-06 
 1.800000E+00 
 8.895922E-07 
 7.010854E-07 
 7.012464E-07 
 1.800000E+00 
 1.657874E-07 
 1.933357E-07 
 1.800000E+00 
 3.376112E-08 
 7.460874E-09 
 7.467040E-09 
 1.800000E+00 
 7.679903E-09 
 9.252266E-09 
 9.251330E-09 
 1.800000E+00 
 3.481689E-06 
 6.729652E-09 
 6.729530E-09 
 1.800000E+00 
-3.786945E-07 
-3.716687E-07 
 1.800000E+00 
 9.213615E-07 
-1.731561E-08 
-1.731559E-08 
-1.731555E-08 
 1.800002E+00 
 1.618124E-06 
-2.641617E-07 
 1.800000E+00 
 1.849208E-07 
 3.152030E-07 
 3.152032E-07 
 3.152044E-07 
 1.800000E+00 
 5.611949E-08 
 7.451032E-09 
 1.800000E+00 
 8.075368E-06 
 6.959420E-06 
 6.959430E-06 
 1.800000E+00 
 1.623261E-05 
 2.923175E-06 
 2.923175E-06 
 2.923175E-06 
 1.800000E+00 
-2.532871E-07 
 1.800000E+00 
 1.400666E-08 
 7.522628E-09 
 7.522793E-09 
 7.522381E-09 
 7.523669E-09 
 1.800000E+00 
-9.948217E-07 
 1.277162E-08 
 1.274542E-08 
 1.800000E+00 
-3.408547E-08 
 6.110114E-09 
 1.800000E+00 
 6.298728E-10 
 4.898256E-09 
 4.904124E-09 
 4.899609E-09 
 1.800000E+00 
-3.445859E-08 
-4.228180E-08 
-4.228050E-08 
 1.800000E+00 
-5.069487E-06 
 3.399962E-08 
 3.399969E-08 
 1.800002E+00 
 9.148192E-07 
-4.644822E-08 
-4.644884E-08 
 1.800002E+00 
 2.989481E-06 
 3.247420E-06 
 3.247423E-06 
 3.247421E-06 
 1.800001E+00 
 3.068958E-07 
 7.704487E-09 
 7.698718E-09 
 1.800000E+00 
-9.910373E-07 
 1.599993E-08 
 1.600035E-08 
 1.800000E+00 
-5.543123E-08 
-4.177887E-07 
-4.177943E-07 
-4.177929E-07 
 1.800000E+00 
-1.148621E-08 
 1.088767E-08 
 1.799999E+00 
 9.380175E-08 
 5.350067E-08 
 5.349977E-08 
 5.350013E-08 
 5.350081E-08 
 1.800000E+00 
 1.220339E-08 
 1.200393E-08 
 1.201284E-08 
 1.800000E+00 
-3.527217E-07 
 6.490300E-09 
 6.490405E-09 
 6.498806E-09 
 1.800000E+00 
 3.908954E-08 
 2.055837E-08 
 1.800000E+00 
 8.891788E-07 
 1.230905E-08 
 1.230732E-08 
 1.230892E-08 
 1.230908E-08 
 1.800001E+00 
 3.575729E-09 
 1.639030E-09 
 1.641064E-09 
 1.800001E+00 
 6.829821E-08 
 5.712435E-09 
 5.712130E-09 
 5.714304E-09 
 1.800000E+00 
-5.764029E-07 
 6.712163E-09 
 6.709514E-09 
 1.800000E+00 
 2.141756E-07 
 1.800137E-07 
 1.800149E-07 
 1.800143E-07 
 1.800142E-07 
 1.800000E+00 
-5.363421E-07 
 1.548387E-08 
 1.800001E+00 
-2.824085E-07 
 1.206432E-07 
 1.206487E-07 
 1.206495E-07 
 1.206498E-07 
 1.206479E-07 
 1.800000E+00 
-6.923142E-08 
 3.345265E-09 
 1.800000E+00 
 2.008333E-06 
 9.037140E-09 
 9.037860E-09 
 9.036639E-09 
 9.041424E-09 
 1.800000E+00 
-9.759514E-06 
-9.744082E-06 
-9.744073E-06 
 1.799999E+00 
-5.460773E-06 
 9.098100E-09 
 9.097853E-09 
 9.098073E-09 
 9.098085E-09 
 1.800000E+00 
 5.991788E-06 
 1.314818E-08 
 1.313631E-08 
 1.800000E+00 
-4.746200E-06 
-4.392870E-06 
-4.392869E-06 
-4.392870E-06 
-4.392870E-06 
 1.800000E+00 
-8.077459E-09 
 7.445021E-09 
 7.447580E-09 
 1.800000E+00 
-1.320954E-06 
-3.081227E-08 
-3.081249E-08 
-3.081380E-08 
-3.081222E-08 
 1.800000E+00 
 7.539698E-06 
-2.480079E-08 
-2.479944E-08 
-2.479916E-08 
 1.800000E+00 
 1.640888E-06 
 5.705218E-09 
 5.706158E-09 
 5.706151E-09 
 5.707184E-09 
 1.799997E+00 
-3.254033E-08 
-1.768364E-08 
-1.766980E-08 
 1.799994E+00 
 2.308186E-05 
-8.762678E-10 
-8.665281E-10 
-8.666711E-10 
-8.666711E-10 
 1.800000E+00 
-4.073684E-07 
 2.237420E-08 
 2.237887E-08 
 2.238608E-08 
 2.238167E-08 
 1.800000E+00 
-1.191542E-08 
-1.262652E-08 
-1.263092E-08 
 1.800000E+00 
 9.103796E-06 
-1.468816E-07 
-1.468832E-07 
-1.468835E-07 
-1.468838E-07 
-1.468832E-07 
 1.800001E+00 
 2.063439E-06 
 1.861710E-08 
 1.861566E-08 
 1.865664E-08 
 1.800000E+00 
 3.080030E-07 
 2.502180E-07 
 2.502249E-07 
 2.502218E-07 
 1.800000E+00 
-2.920103E-07 
 8.698003E-09 
 8.695852E-09 
 8.699049E-09 
 8.699097E-09 
 8.698834E-09 
 1.800005E+00 
 5.266370E-08 
 1.239683E-08 
 1.239646E-08 
 1.800000E+00 
-1.615481E-07 
 1.291385E-08 
 1.291386E-08 
 1.291180E-08 
 1.291084E-08 
 1.291482E-08 
 1.291396E-08 
 1.800000E+00 
-2.523782E-06 
-3.056386E-07 
-3.056686E-07 
 1.800000E+00 
 3.526901E-07 
 5.734494E-09 
 5.735412E-09 
 5.714290E-09 
 5.731437E-09 
 5.734694E-09 
 1.800000E+00 
-5.122930E-07 
 5.238221E-09 
 5.237575E-09 
 5.238209E-09 
 1.800000E+00 
 3.354843E-05 
-1.758626E-08 
-1.758594E-08 
-1.758483E-08 
-1.758664E-08 
-1.760121E-08 
 1.800000E+00 
-3.947478E-08 
 2.937361E-09 
 2.930202E-09 
 2.932531E-09 
 2.925645E-09 
 1.799998E+00 
-3.025428E-05 
 1.513711E-08 
 1.513480E-08 
 1.513161E-08 
 1.513176E-08 
 1.800000E+00 
 1.037877E-05 
 3.252020E-09 
 3.251866E-09 
 3.240895E-09 
 3.251250E-09 
 1.800000E+00 
 5.985160E-07 
 5.806416E-09 
 5.806392E-09 
 5.808094E-09 
 5.813884E-09 
 5.806847E-09 
 1.800000E+00 
-1.304344E-08 
 8.993693E-09 
 8.993441E-09 
 8.976453E-09 
 8.987087E-09 
 1.800000E+00 
 1.320318E-07 
 4.811356E-09 
 4.811753E-09 
 4.808208E-09 
 4.811070E-09 
 1.800001E+00 
-1.493833E-07 
-1.557104E-08 
-1.557178E-08 
-1.557181E-08 
-1.556618E-08 
-1.557228E-08 
-1.557161E-08 
 1.800000E+00 
 1.500989E-07 
 8.779258E-09 
 8.779340E-09 
 8.793913E-09 
 1.800000E+00 
 2.571844E-07 
 6.099956E-07 
 6.099941E-07 
 6.099980E-07 
 6.099968E-07 
 6.100277E-07 
 6.099963E-07 
 1.800000E+00 
-8.960737E-08 
-7.972429E-08 
-7.972420E-08 
-7.972471E-08 
 1.800000E+00 
 2.338440E-06 
 2.005972E-06 
 2.005972E-06 
 2.005979E-06 
 2.005972E-06 
 2.005972E-06 
 2.005986E-06 
 2.005972E-06 
 1.800000E+00 
-6.245289E-07 
 3.938202E-07 
 3.938105E-07 
 3.938105E-07 
 3.938118E-07 
 1.800000E+00 
-3.915464E-06 
-4.413294E-06 
-4.413295E-06 
-4.413295E-06 
-4.413297E-06 
-4.413293E-06 
 1.800000E+00 
 1.288728E-06 
 6.465494E-09 
 6.462039E-09 
 6.465631E-09 
 6.465915E-09 
 6.465414E-09 
 1.800001E+00 
 1.743271E-05 
-4.507563E-06 
-4.507563E-06 
-4.507563E-06 
-4.507563E-06 
-4.507563E-06 
 1.800000E+00 
 1.176758E-04 
-4.903027E-06 
-4.903026E-06 
-4.903026E-06 
-4.903025E-06 
-4.903025E-06 
-4.903025E-06 
 1.800000E+00 
-5.311769E-06 
-4.470257E-07 
-4.470293E-07 
-4.470292E-07 
-4.470279E-07 
-4.470278E-07 
 1.800000E+00 
-1.895741E-07 
 1.637635E-08 
 1.637554E-08 
 1.637851E-08 
 1.637599E-08 
 1.637475E-08 
 1.635940E-08 
 1.800000E+00 
-8.980838E-06 
-9.188557E-06 
-9.188558E-06 
-9.188558E-06 
-9.188558E-06 
 1.800009E+00 
 2.241803E-05 
-1.274467E-09 
-1.267217E-09 
-1.270724E-09 
-1.274501E-09 
-1.274690E-09 
-1.274643E-09 
-1.272685E-09 
-1.275719E-09 
 1.800001E+00 
-4.420840E-07 
 5.575773E-09 
 5.582391E-09 
 5.583381E-09 
 1.800000E+00 
 3.106760E-06 
 1.034064E-08 
 1.034072E-08 
 1.034091E-08 
 1.033962E-08 
 1.035384E-08 
 1.034087E-08 
 1.034293E-08 
 1.034093E-08 
 1.034071E-08 
 1.800001E+00 
-8.373630E-07 
 1.582007E-08 
 1.581982E-08 
 1.582379E-08 
 1.800000E+00 
-1.236031E-06 
-1.829693E-07 
-1.829676E-07 
-1.829609E-07 
-1.829775E-07 
-1.829688E-07 
-1.829700E-07 
-1.829642E-07 
-1.829646E-07 
 1.800001E+00 
-4.850021E-06 
 4.817978E-09 
 4.826041E-09 
 4.821946E-09 
 4.821961E-09 
 4.822012E-09 
 1.799998E+00 
 2.782984E-08 
 8.889358E-09 
 8.887070E-09 
 8.885744E-09 
 8.885638E-09 
 8.885660E-09 
 8.883987E-09 
 8.904090E-09 
 1.800000E+00 
 1.737880E-05 
 3.523879E-06 
 3.523874E-06 
 3.523874E-06 
 3.523874E-06 
 3.523874E-06 
 3.523869E-06 
 1.799999E+00 
-2.731689E-07 
 8.576297E-09 
 8.575560E-09 
 8.575131E-09 
 8.575671E-09 
 8.574623E-09 
 8.575524E-09 
 8.575270E-09 
 1.800000E+00 
-2.210141E-06 
-2.191997E-06 
-2.192001E-06 
-2.191998E-06 
-2.191998E-06 
-2.192000E-06 
 1.800000E+00 
 1.023508E-06 
-3.490833E-09 
-3.491636E-09 
-3.491468E-09 
-3.491815E-09 
-3.517123E-09 
-3.487601E-09 
-3.491357E-09 
-3.494210E-09 
-3.491736E-09 
 1.800000E+00 
-1.081945E-08 
 4.652071E-08 
 4.651640E-08 
 4.651602E-08 
 4.651811E-08 
 1.800000E+00 
 1.144149E-05 
 3.929205E-08 
 3.929228E-08 
 3.929159E-08 
 3.929190E-08 
 3.929249E-08 
 3.929209E-08 
 3.929255E-08 
 3.929370E-08 
 3.929195E-08 
 1.799999E+00 
-3.387571E-06 
-2.947790E-06 
-2.947782E-06 
-2.947781E-06 
-2.947781E-06 
-2.947781E-06 
-2.947780E-06 
 1.800000E+00 
 1.399124E-05 
 3.074549E-07 
 3.074552E-07 
 3.074554E-07 
 3.074512E-07 
 3.074539E-07 
 3.074553E-07 
 3.074545E-07 
 1.799987E+00 
-1.024277E-07 
-2.428613E-09 
-2.428624E-09 
-2.427838E-09 
-2.428625E-09 
-2.428718E-09 
-2.430245E-09 
-2.415129E-09 
 1.800000E+00 
-1.062243E-07 
 7.403646E-09 
 7.404717E-09 
 7.403247E-09 
 7.403436E-09 
 7.403700E-09 
 7.402210E-09 
 7.403418E-09 
 7.399953E-09 
 1.800000E+00 
-7.885085E-07 
 8.347085E-09 
 8.347930E-09 
 8.345700E-09 
 8.353169E-09 
 8.358682E-09 
 8.348230E-09 
 1.800000E+00 
-1.370579E-06 
 6.480959E-09 
 6.481703E-09 
 6.481508E-09 
 6.482030E-09 
 6.482285E-09 
 6.482144E-09 
 6.482295E-09 
 6.469379E-09 
 6.483032E-09 
 1.800001E+00 
-7.120755E-07 
 8.526958E-09 
 8.534730E-09 
 8.526621E-09 
 8.528846E-09 
 8.525252E-09 
 8.525717E-09 
 1.800001E+00 
-3.458704E-07 
 4.947054E-09 
 4.946114E-09 
 4.948185E-09 
 4.946638E-09 
 4.946723E-09 
 4.919513E-09 
 4.946592E-09 
 4.946552E-09 
 4.946940E-09 
 1.800001E+00 
 1.736449E-07 
-5.778560E-09 
-5.777958E-09 
-5.786759E-09 
-5.792219E-09 
-5.780373E-09 
 1.800000E+00 
 5.909072E-07 
 1.019967E-05 
 1.019967E-05 
 1.019967E-05 
 1.019967E-05 
 1.019967E-05 
 1.019967E-05 
 1.019966E-05 
 1.019967E-05 
 1.019967E-05 
 1.019967E-05 
 1.019967E-05 
 1.800000E+00 
-2.657923E-06 
 1.186451E-08 
 1.186436E-08 
 1.186543E-08 
 1.186375E-08 
 1.186420E-08 
 1.799999E+00 
 1.027552E-05 
 1.003963E-05 
 1.003953E-05 
 1.003963E-05 
 1.003963E-05 
 1.003963E-05 
 1.003963E-05 
 1.003963E-05 
 1.003962E-05 
 1.003963E-05 
 1.003960E-05 
 1.800001E+00 
-3.448966E-06 
-3.159905E-06 
-3.159904E-06 
-3.159905E-06 
-3.159908E-06 
-3.159903E-06 
-3.159886E-06 
 1.800000E+00 
-5.648206E-06 
 6.577530E-09 
 6.570653E-09 
 6.570309E-09 
 6.570425E-09 
 6.570317E-09 
 6.570884E-09 
 6.571559E-09 
 6.570356E-09 
 6.569932E-09 
 6.593574E-09 
 1.800000E+00 
 3.003393E-07 
 2.499015E-07 
 2.498731E-07 
 2.498993E-07 
 2.499069E-07 
 2.498991E-07 
 2.499019E-07 
 1.800000E+00 
-2.694841E-06 
-2.398984E-06 
-2.398992E-06 
-2.398984E-06 
-2.398986E-06 
-2.398985E-06 
-2.398984E-06 
-2.398984E-06 
-2.398985E-06 
-2.398988E-06 
 1.800000E+00 
-2.758642E-07 
 9.334847E-07 
 9.334840E-07 
 9.334931E-07 
 9.334847E-07 
 9.334852E-07 
 9.334849E-07 
 9.334852E-07 
 9.334852E-07 
 1.800000E+00 
 4.877890E-08 
 8.766121E-10 
 8.746345E-10 
 8.741170E-10 
 8.712738E-10 
 8.723353E-10 
 8.721032E-10 
 8.723867E-10 
 8.725326E-10 
 1.800008E+00 
 1.407512E-05 
 2.787684E-07 
 2.787674E-07 
 2.787711E-07 
 2.787657E-07 
 2.787685E-07 
 2.787532E-07 
 2.787684E-07 
 1.800000E+00 
-6.269284E-07 
 5.678514E-09 
 5.674341E-09 
 5.674026E-09 
 5.676704E-09 
 5.675830E-09 
 5.664950E-09 
 5.665370E-09 
 5.676727E-09 
 5.675847E-09 
 5.676634E-09 
 1.800000E+00 
 1.803704E-06 
 3.051245E-06 
 3.051246E-06 
 3.051245E-06 
 3.051245E-06 
 3.051253E-06 
 3.051245E-06 
 1.800000E+00 
-2.481939E-06 
-2.485942E-06 
-2.485943E-06 
-2.485942E-06 
-2.485943E-06 
-2.485943E-06 
-2.485943E-06 
-2.485939E-06 
-2.485939E-06 
-2.485943E-06 
-2.485943E-06 
 1.800000E+00 
 5.776184E-06 
-1.850491E-06 
-1.850495E-06 
-1.850497E-06 
-1.850511E-06 
-1.850495E-06 
-1.850504E-06 
-1.850495E-06 
 1.800000E+00 
-8.157269E-06 
-7.303537E-06 
-7.303535E-06 
-7.303543E-06 
-7.303538E-06 
-7.303537E-06 
-7.303537E-06 
-7.303534E-06 
-7.303537E-06 
 1.800000E+00 
-8.984929E-07 
-3.611722E-07 
-3.611651E-07 
-3.611647E-07 
-3.611657E-07 
-3.611677E-07 
-3.611648E-07 
-3.611660E-07 
-3.611660E-07 
-3.612233E-07 
 1.800000E+00 
-1.910585E-06 
-3.178537E-06 
-3.178538E-06 
-3.178541E-06 
-3.178538E-06 
-3.178542E-06 
-3.178538E-06 
 1.800000E+00 
 5.425199E-06 
 5.602508E-06 
 5.602452E-06 
 5.602515E-06 
 5.602515E-06 
 5.602515E-06 
 5.602515E-06 
 5.602515E-06 
 5.602584E-06 
 5.602514E-06 
 5.602515E-06 
 1.800000E+00 
 4.235353E-06 
-3.731293E-08 
-3.730464E-08 
-3.730919E-08 
-3.731345E-08 
-3.731293E-08 
-3.729646E-08 
-3.731283E-08 
 1.800000E+00 
-1.135645E-05 
-1.095908E-05 
-1.095910E-05 
-1.095908E-05 
-1.095908E-05 
-1.095908E-05 
-1.095908E-05 
-1.095907E-05 
-1.095910E-05 
 1.800000E+00 
 3.424860E-05 
-1.020024E-06 
-1.020027E-06 
-1.020024E-06 
-1.020013E-06 
-1.020031E-06 
-1.020027E-06 
-1.020027E-06 
 1.800000E+00 
 1.504989E-06 
 5.488320E-09 
 5.488297E-09 
 5.489436E-09 
 5.488270E-09 
 5.487962E-09 
 5.497120E-09 
 5.488344E-09 
 5.488317E-09 
 5.488467E-09 
 1.800000E+00 
-2.649807E-07 
 4.222350E-09 
 4.216968E-09 
 4.155704E-09 
 4.217464E-09 
 4.215318E-09 
 4.216845E-09 
 1.800000E+00 
 2.150482E-07 
-2.485761E-08 
-2.485750E-08 
-2.485716E-08 
-2.484369E-08 
-2.485676E-08 
-2.486518E-08 
-2.485685E-08 
-2.485541E-08 
-2.485577E-08 
 1.800004E+00 
 1.139846E-04 
-2.689223E-06 
-2.689224E-06 
-2.689225E-06 
-2.689219E-06 
-2.689222E-06 
-2.689223E-06 
-2.689222E-06 
 1.800001E+00 
 4.655768E-05 
-2.864230E-08 
-2.864620E-08 
-2.864512E-08 
-2.864317E-08 
-2.864324E-08 
-2.864194E-08 
-2.864317E-08 
 1.800000E+00 
 4.567551E-08 
 1.426504E-06 
 1.426508E-06 
 1.426509E-06 
 1.426507E-06 
 1.426507E-06 
 1.426507E-06 
 1.426507E-06 
 1.426509E-06 
 1.800000E+00 
 3.303695E-06 
 3.344255E-06 
 3.344255E-06 
 3.344253E-06 
 3.344255E-06 
 3.344253E-06 
 3.344255E-06 
 3.344250E-06 
 1.800000E+00 
-1.118752E-06 
 4.073765E-08 
 4.073118E-08 
 4.073294E-08 
 4.073124E-08 
 4.073069E-08 
 4.073180E-08 
 4.073646E-08 
 1.800000E+00 
 1.786200E-07 
 3.889361E-08 
 3.889370E-08 
 3.889382E-08 
 3.889378E-08 
 3.888059E-08 
 3.889525E-08 
 1.800000E+00 
-5.080244E-06 
 8.332427E-09 
 8.332664E-09 
 8.333717E-09 
 8.332188E-09 
 8.335482E-09 
 8.334127E-09 
 8.332206E-09 
 8.332683E-09 
 8.331975E-09 
 1.800000E+00 
-1.750798E-07 
 7.585563E-09 
 7.583869E-09 
 7.582942E-09 
 7.581157E-09 
 7.581427E-09 
 1.800000E+00 
-4.398650E-08 
 1.177848E-08 
 1.177802E-08 
 1.177792E-08 
 1.177564E-08 
 1.177861E-08 
 1.178142E-08 
 1.177837E-08 
 1.177769E-08 
 1.800000E+00 
-1.309713E-06 
 5.863880E-09 
 5.866856E-09 
 5.866028E-09 
 5.867242E-09 
 5.866798E-09 
 5.867056E-09 
 1.800000E+00 
-4.441585E-07 
-1.013926E-07 
-1.013847E-07 
-1.013854E-07 
-1.013835E-07 
-1.013850E-07 
-1.013860E-07 
-1.013854E-07 
 1.800000E+00 
 5.435281E-07 
 1.492679E-06 
 1.492682E-06 
 1.492679E-06 
 1.492680E-06 
 1.492680E-06 
 1.492680E-06 
 1.800000E+00 
-2.226397E-05 
-1.359253E-06 
-1.359253E-06 
-1.359252E-06 
-1.359258E-06 
-1.359250E-06 
-1.359254E-06 
 1.800000E+00 
 1.726209E-06 
 1.057236E-08 
 1.057160E-08 
 1.057163E-08 
 1.057196E-08 
 1.055227E-08 
 1.057166E-08 
 1.057156E-08 
 1.799997E+00 
-6.151293E-06 
-4.076677E-08 
-4.076891E-08 
-4.076670E-08 
-4.076707E-08 
-4.076536E-08 
-4.076681E-08 
 1.799999E+00 
-1.605780E-06 
-8.754146E-07 
-8.754109E-07 
-8.754119E-07 
-8.754120E-07 
-8.754112E-07 
-8.754125E-07 
 1.800000E+00 
 2.319257E-05 
 1.561000E-06 
 1.561027E-06 
 1.560999E-06 
 1.560999E-06 
 1.560999E-06 
 1.560917E-06 
 1.800001E+00 
-5.032045E-06 
-5.432481E-06 
-5.432480E-06 
-5.432480E-06 
-5.432480E-06 
-5.432481E-06 
-5.432480E-06 
 1.800000E+00 
-3.201854E-06 
 8.971762E-09 
 8.966016E-09 
 8.969119E-09 
 8.967457E-09 
 8.970012E-09 
 1.800002E+00 
 8.463096E-08 
 9.918194E-08 
 9.918373E-08 
 9.918399E-08 
 9.918229E-08 
 9.917857E-08 
 9.918236E-08 
 1.800000E+00 
 6.902548E-07 
 1.725353E-09 
 1.730641E-09 
 1.724848E-09 
 1.725452E-09 
 1.725249E-09 
 1.719201E-09 
 1.799999E+00 
 1.258605E-07 
 4.924194E-09 
 4.924108E-09 
 4.922170E-09 
 4.924285E-09 
 4.967080E-09 
 1.800000E+00 
 9.352966E-06 
-9.444413E-07 
-9.444390E-07 
-9.444389E-07 
-9.444329E-07 
-9.444396E-07 
-9.444399E-07 
 1.800000E+00 
-2.570662E-06 
 3.359410E-09 
 3.353420E-09 
 3.358379E-09 
 3.359885E-09 
 3.376400E-09 
 1.799999E+00 
 4.680116E-06 
 1.016534E-08 
 1.017911E-08 
 1.016903E-08 
 1.017238E-08 
 1.016468E-08 
 1.800001E+00 
-4.599277E-06 
-4.065313E-06 
-4.065316E-06 
-4.065312E-06 
-4.065312E-06 
-4.065312E-06 
 1.800000E+00 
-3.059021E-06 
-4.598650E-07 
-4.598644E-07 
-4.598653E-07 
-4.598747E-07 
-4.598653E-07 
-4.598650E-07 
 1.800006E+00 
-8.382666E-07 
-6.391440E-07 
-6.391483E-07 
-6.391496E-07 
 1.800001E+00 
-2.253254E-06 
 1.111668E-05 
 1.111669E-05 
 1.111669E-05 
 1.111669E-05 
 1.111668E-05 
 1.111668E-05 
 1.111668E-05 
 1.800005E+00 
 3.367214E-09 
 4.066022E-09 
 4.065298E-09 
 4.062629E-09 
 4.065258E-09 
 1.800000E+00 
-1.604609E-05 
-1.551736E-05 
-1.551737E-05 
-1.551737E-05 
-1.551738E-05 
 1.800000E+00 
 5.209784E-07 
 7.353963E-09 
 7.354409E-09 
 7.352936E-09 
 7.354032E-09 
 7.354496E-09 
 7.353664E-09 
 1.800000E+00 
 5.258465E-06 
 1.131051E-05 
 1.131051E-05 
 1.131051E-05 
 1.131051E-05 
 1.800002E+00 
 7.727481E-08 
 5.169303E-09 
 5.171876E-09 
 5.170974E-09 
 5.171820E-09 
 1.799998E+00 
-9.956519E-05 
 4.820262E-07 
 4.820226E-07 
 4.820298E-07 
 4.820301E-07 
 4.820455E-07 
 1.800000E+00 
-1.413675E-07 
 2.572007E-09 
 2.571861E-09 
 2.571823E-09 
 2.565791E-09 
 1.800000E+00 
-1.333309E-06 
-1.553396E-06 
-1.553372E-06 
-1.553398E-06 
-1.553394E-06 
 1.800000E+00 
 1.746830E-05 
-3.868734E-08 
-3.868645E-08 
-3.868629E-08 
-3.868646E-08 
-3.868598E-08 
 1.800002E+00 
 3.607804E-08 
 1.955919E-08 
 1.955951E-08 
 1.955957E-08 
 1.800002E+00 
 1.770440E-06 
-1.345123E-08 
-1.345744E-08 
-1.345153E-08 
-1.345013E-08 
-1.345151E-08 
-1.345299E-08 
 1.800000E+00 
 1.576825E-08 
 1.306177E-07 
 1.800000E+00 
 4.627891E-06 
 3.285849E-09 
 3.279597E-09 
 3.269538E-09 
 3.280012E-09 
 3.278632E-09 
 3.280554E-09 
 3.280252E-09 
 1.800000E+00 
-2.198394E-06 
-1.125535E-05 
-1.125535E-05 
 1.800000E+00 
 3.133145E-06 
 6.826309E-09 
 6.825918E-09 
 6.826219E-09 
 6.825457E-09 
 6.828856E-09 
 1.800002E+00 
 3.646549E-08 
 2.278725E-08 
 2.278523E-08 
 2.278160E-08 
 1.800000E+00 
-2.282326E-06 
 8.223476E-09 
 8.224042E-09 
 8.228126E-09 
 8.223754E-09 
 1.800000E+00 
-9.191045E-09 
 7.453561E-09 
 7.452253E-09 
 7.451921E-09 
 1.800000E+00 
-2.714111E-08 
 8.733900E-09 
 8.733718E-09 
 8.732778E-09 
 8.733168E-09 
 8.733586E-09 
 1.800000E+00 
 8.657777E-08 
 8.356979E-08 
 8.358939E-08 
 1.800000E+00 
-1.743100E-06 
 8.409800E-09 
 8.409579E-09 
 8.409829E-09 
 8.417425E-09 
 1.800002E+00 
 1.426903E-06 
 5.536833E-09 
 5.536194E-09 
 5.535903E-09 
 5.535840E-09 
 1.800005E+00 
 1.404259E-05 
-1.765220E-08 
-1.767877E-08 
 1.800000E+00 
-1.619008E-07 
 3.830515E-09 
 3.831977E-09 
 3.829608E-09 
 3.829879E-09 
 3.832605E-09 
 1.800004E+00 
-1.776578E-06 
 8.413174E-09 
 8.418601E-09 
 1.800001E+00 
 5.725356E-08 
 6.767582E-09 
 6.767021E-09 
 6.771770E-09 
 6.767589E-09 
 1.800000E+00 
-1.256490E-06 
-1.623513E-06 
-1.623514E-06 
-1.623514E-06 
 1.800000E+00 
-3.153905E-05 
-4.100243E-09 
-4.097870E-09 
 1.800000E+00 
 8.485134E-08 
-8.667330E-09 
-8.667683E-09 
-8.667338E-09 
-8.666211E-09 
-8.667283E-09 
 1.799999E+00 
-3.027842E-07 
 1.105617E-08 
 1.800000E+00 
-1.748960E-07 
 1.056758E-08 
 1.056574E-08 
 1.056361E-08 
 1.056664E-08 
 1.056836E-08 
 1.800000E+00 
-6.788054E-06 
-7.309294E-08 
-7.312767E-08 
 1.800002E+00 
-4.519305E-06 
-4.571111E-06 
-4.571055E-06 
 1.800000E+00 
-8.913413E-06 
-8.459413E-06 
-8.459418E-06 
-8.459419E-06 
-8.459414E-06 
-8.459414E-06 
 1.800001E+00 
-9.840200E-06 
 1.800000E+00 
 6.054250E-08 
-7.534117E-09 
-7.573895E-09 
-7.543557E-09 
-7.533077E-09 
-7.533019E-09 
 1.800000E+00 
 5.599284E-05 
-2.393086E-05 
-2.393087E-05 
 1.800001E+00 
-1.311973E-07 
-2.594934E-07 
-2.594884E-07 
-2.594843E-07 
 1.800000E+00 
 6.446172E-08 
 6.686952E-08 
 6.686838E-08 
 1.800000E+00 
 3.985754E-05 
 2.590464E-08 
 2.590465E-08 
 2.590545E-08 
 1.800000E+00 
 5.053124E-06 
 3.178156E-09 
 3.167806E-09 
 3.168624E-09 
 1.800000E+00 
 1.190216E-07 
 8.777995E-09 
 8.773898E-09 
 1.800000E+00 
-1.952825E-08 
 1.369193E-08 
 1.368563E-08 
 1.368575E-08 
 1.800000E+00 
-2.875339E-09 
 6.334186E-09 
 1.800000E+00 
 2.745218E-06 
 5.003468E-08 
 5.002332E-08 
 5.003424E-08 
 4.999912E-08 
 1.800000E+00 
 4.760718E-09 
 4.587574E-09 
 4.589187E-09 
 1.799999E+00 
 6.570711E-09 
 8.988315E-09 
 8.988470E-09 
 1.800001E+00 
-2.300457E-05 
 8.594624E-07 
 8.594587E-07 
 8.594635E-07 
 1.799997E+00 
-2.619260E-06 
-2.386374E-06 
-2.386380E-06 
 1.800000E+00 
 3.564786E-07 
 3.607658E-07 
 3.607726E-07 
 1.800000E+00 
-7.155948E-07 
 6.188778E-09 
 6.193151E-09 
 6.191199E-09 
 1.800000E+00 
-4.972520E-09 
 5.270032E-09 
 1.799999E+00 
-1.208849E-05 
 4.383900E-08 
 4.377119E-08 
 4.377145E-08 
 1.799999E+00 
 7.871170E-07 
 1.172241E-06 
 1.172241E-06 
 1.800000E+00 
-3.343145E-06 
 2.418974E-09 
 2.419113E-09 
 2.417974E-09 
 1.800000E+00 
-1.268303E-09 
 1.800000E+00 
-1.966097E-06 
-2.016164E-07 
-2.015908E-07 
-2.016147E-07 
-2.016143E-07 
 1.800000E+00 
-4.590174E-06 
 4.666562E-07 
 1.800003E+00 
-5.906348E-06 
-5.850676E-06 
-5.850676E-06 
-5.850676E-06 
 1.800000E+00 
 2.310464E-06 
 2.266423E-06 
 1.800000E+00 
-1.264410E-07 
 8.925119E-09 
 8.924588E-09 
 1.800001E+00 
 2.960645E-08 
 6.667133E-09 
 6.665128E-09 
 6.664622E-09 
 1.799996E+00 
 3.242432E-08 
 1.800000E+00 
 5.254476E-07 
 3.984111E-07 
 3.984201E-07 
 3.984205E-07 
 3.984205E-07 
 1.800000E+00 
 3.271595E-07 
 1.799998E+00 
 3.790107E-06 
 1.034932E-08 
 1.034842E-08 
 1.034719E-08 
 1.800000E+00 
-4.749758E-06 
-2.255999E-09 
-2.254245E-09 
 1.799999E+00 
-5.408624E-08 
-6.112796E-08 
 1.800000E+00 
 4.259955E-08 
 5.591604E-09 
 5.591941E-09 
 1.800000E+00 
-2.267042E-06 
-2.503288E-06 
-2.503289E-06 
 1.799997E+00 
-6.573878E-07 
-4.224931E-07 
 1.800000E+00 
 5.628956E-05 
-7.363075E-06 
-7.363073E-06 
-7.363071E-06 
 1.800000E+00 
 3.074026E-08 
 1.800000E+00 
 1.935506E-07 
 2.415312E-07 
 2.415318E-07 
 2.415265E-07 
 1.800000E+00 
 4.403900E-07 
 8.057956E-09 
 1.800000E+00 
-3.740654E-07 
-2.236144E-07 
-2.236145E-07 
 1.800001E+00 
 1.074391E-07 
-7.153856E-07 
 1.800000E+00 
-8.522832E-08 
 6.416561E-08 
 6.416322E-08 
 1.800002E+00 
-4.300312E-07 
-3.271188E-07 
-3.271178E-07 
 1.800003E+00 
-3.549306E-09 
 1.800000E+00 
-7.918335E-06 
-7.524581E-06 
-7.524586E-06 
-7.524581E-06 
 1.799997E+00 
-4.353643E-05 
 6.706661E-08 
 1.800000E+00 
-9.624425E-07 
-7.722222E-07 
-7.722498E-07 
 1.800000E+00 
 1.053736E-07 
 1.800000E+00 
-2.941541E-06 
 6.335461E-09 
 6.333172E-09 
 6.337316E-09 
 1.800000E+00 
 5.330348E-09 
 1.800003E+00 
-4.270666E-07 
-1.118366E-06 
-1.118368E-06 
-1.118367E-06 
 1.800000E+00 
 5.279071E-06 
 1.800000E+00 
-9.861178E-07 
-1.429175E-06 
-1.429175E-06 
 1.800000E+00 
-1.298475E-07 
 7.443968E-09 
 1.800000E+00 
 2.386976E-07 
-5.181778E-08 
-5.181445E-08 
 1.800000E+00 
-1.897470E-07 
 1.800000E+00 
-1.802502E-07 
 6.037769E-09 
 6.017172E-09 
 6.019255E-09 
 1.800000E+00 
 1.800000E+00 
-2.325571E-08 
 1.198219E-07 
 1.198232E-07 
 1.198229E-07 
 1.198227E-07 
 1.799999E+00 
 1.799997E+00 
-2.874040E-07 
-2.404977E-08 
-2.405141E-08 
-2.405337E-08 
 1.800000E+00 
 1.800000E+00 
 5.226379E-07 
 5.118918E-07 
 5.118919E-07 
 5.118918E-07 
 1.800002E+00 
-9.976705E-08 
 6.626309E-09 
 1.800000E+00 
-1.101475E-06 
 7.036905E-08 
 1.800001E+00 
-1.950960E-07 
 1.800000E+00 
-1.097307E-06 
-1.541992E-08 
-1.541967E-08 
-1.541958E-08 
 1.800000E+00 
 3.159069E-08 
 1.800000E+00 
 5.915594E-08 
 1.339246E-08 
 1.800000E+00 
-2.089736E-06 
 1.585885E-05 
 1.585886E-05 
 1.800000E+00 
 7.326697E-09 
 1.799998E+00 
 3.145268E-07 
 3.095713E-07 
 3.095708E-07 
 1.800000E+00 
-5.962121E-07 
 1.800000E+00 
-4.003484E-08 
 8.965364E-09 
 8.961126E-09 
 1.800000E+00 
 7.396861E-07 
 1.800004E+00 
-3.702948E-06 
 7.849189E-08 
 7.849340E-08 
 1.800000E+00 
-9.253635E-06 
 2.657767E-09 
 1.800000E+00 
 2.712573E-08 
 1.800000E+00 
 1.017926E-04 
 3.700211E-08 
 3.700038E-08 
 1.800000E+00 
-3.391533E-07 
-1.022170E-08 
 1.800002E+00 
 2.445420E-08 
 1.800000E+00 
 5.798145E-07 
 1.346953E-07 
 1.800000E+00 
-5.480244E-07 
-2.356789E-07 
-2.356791E-07 
 1.800000E+00 
 2.845769E-07 
 1.800002E+00 
 1.441209E-07 
 7.623246E-09 
 1.800000E+00 
-1.848006E-08 
-2.627066E-08 
 1.800000E+00 
-2.995251E-06 
 1.893418E-09 
 1.800000E+00 
-7.086522E-08 
-5.470925E-08 
 1.800000E+00 
 9.033607E-07 
 1.800000E+00 
 4.406653E-07 
 4.542061E-07 
 4.542178E-07 
 1.800000E+00 
 8.483996E-07 
 1.800000E+00 
 5.749135E-08 
 6.187995E-09 
 1.799999E+00 
-3.107572E-07 
 4.993553E-08 
 1.800000E+00 
 3.158281E-08 
 1.800000E+00 
 1.653956E-06 
 1.129006E-08 
 1.127997E-08 
 1.800000E+00 
 1.094602E-08 
 1.800000E+00 
 4.254886E-07 
 7.452286E-09 
 1.800000E+00 
-1.111913E-06 
 1.800000E+00 
-7.111924E-06 
-6.034407E-06 
-6.034402E-06 
 1.800001E+00 
 1.208585E-07 
 1.800000E+00 
 3.875085E-06 
 1.628780E-08 
 1.800001E+00 
 2.656923E-08 
 1.800000E+00 
 8.337686E-06 
 8.339976E-06 
 8.339975E-06 
 1.800000E+00 
 1.800000E+00 
 5.203658E-05 
-1.233737E-06 
-1.233736E-06 
 1.800000E+00 
 2.212010E-08 
-1.246877E-07 
 1.800000E+00 
 1.800000E+00 
-9.277378E-07 
 6.507784E-09 
 6.507711E-09 
 1.799999E+00 
-7.537329E-07 
 1.800000E+00 
 4.409082E-06 
 3.778801E-06 
 1.800000E+00 
 5.165949E-07 
 5.216408E-07 
 1.800000E+00 
 1.800000E+00 
 9.497799E-07 
 1.110273E-08 
 1.110557E-08 
 1.800000E+00 
-1.727399E-06 
 6.952293E-09 
 1.800000E+00 
 1.800000E+00 
-6.032110E-06 
-5.932525E-06 
-5.932534E-06 
 1.800000E+00 
-4.583975E-06 
 1.800000E+00 
 2.833855E-06 
 1.800000E+00 
 8.816228E-07 
 6.228299E-09 
 1.800000E+00 
 3.414150E-06 
 1.764413E-07 
 1.800000E+00 
 2.401899E-08 
 1.800000E+00 
 4.226531E-06 
 1.047099E-08 
 1.799999E+00 
-1.445533E-07 
 1.800004E+00 
 9.145173E-09 
 4.342425E-09 
 1.800000E+00 
 4.563740E-09 
 1.800000E+00 
 6.778453E-07 
 1.800000E+00 
 2.354051E-05 
-6.462919E-09 
-6.460128E-09 
 1.800000E+00 
 1.800000E+00 
 1.475332E-06 
 1.055766E-08 
 1.800000E+00 
-1.612438E-06 
-1.109925E-06 
 1.800000E+00 
 1.450596E-08 
 1.800000E+00 
-2.597018E-06 
 1.800000E+00 
-1.955206E-07 
 4.103918E-09 
 1.800001E+00 
 6.450434E-07 
 7.899357E-09 
 1.800000E+00 
 1.800000E+00 
 1.190594E-08 
 5.698102E-09 
 1.800000E+00 
 8.353575E-06 
 6.108277E-07 
 1.800000E+00 
-4.921859E-09 
 1.800000E+00 
-6.344734E-08 
 1.800000E+00 
 7.709225E-07 
 4.801675E-08 
 1.800000E+00 
-4.081637E-08 
 1.800000E+00 
-2.811130E-06 
 1.800000E+00 
-3.525066E-07 
-4.811139E-07 
 1.800000E+00 
-7.446343E-06 
 1.800000E+00 
 6.811629E-07 
 6.491015E-09 
 1.800000E+00 
 7.519881E-07 
 1.800001E+00 
 2.186015E-08 
 1.800000E+00 
 6.391374E-07 
 1.800000E+00 
 7.659150E-06 
-7.691977E-08 
 1.800002E+00 
 1.275989E-06 
 1.799999E+00 
 1.172554E-06 
 1.581663E-06 
 1.800000E+00 
 1.800000E+00 
-4.074678E-06 
 3.494361E-09 
 3.496537E-09 
 1.800000E+00 
 1.800001E+00 
 1.010634E-07 
 1.904407E-07 
 1.800000E+00 
 1.800000E+00 
-6.095012E-08 
-4.996137E-09 
-4.995150E-09 
 1.800000E+00 
 1.800000E+00 
 1.331816E-06 
 9.523946E-07 
 1.800000E+00 
-6.778830E-08 
 1.800000E+00 
-1.489589E-07 
 1.800000E+00 
 6.664361E-08 
 1.800000E+00 
-8.573244E-07 
-5.799917E-07 
 1.800001E+00 
 6.020415E-09 
 1.800000E+00 
 6.027399E-09 
 1.800000E+00 
-1.818927E-08 
 1.800000E+00 
 1.490187E-06 
 1.445738E-06 
 1.799998E+00 
 1.800000E+00 
-3.580374E-07 
 3.501633E-09 
 3.501615E-09 
 1.800000E+00 
 1.800000E+00 
 4.261289E-07 
 1.800000E+00 
 2.222622E-07 
 1.800000E+00 
-5.923320E-07 
 6.866905E-09 
 1.800000E+00 
-5.562689E-08 
 1.800000E+00 
 4.103382E-08 
 1.800000E+00 
-3.403056E-07 
 1.800000E+00 
-8.438466E-09 
 1.800000E+00 
 2.202653E-07 
 7.422949E-09 
 1.800001E+00 
 1.800000E+00 
-2.110669E-06 
-2.973078E-07 
 1.800000E+00 
-1.187764E-06 
 1.800000E+00 
-8.286004E-09 
 1.800000E+00 
 7.894543E-06 
 1.800000E+00 
 2.779501E-06 
 8.254940E-09 
 1.799999E+00 
 1.800000E+00 
 5.521018E-09 
 1.799997E+00 
-3.046136E-06 
-6.565219E-07 
 1.800003E+00 
 6.772007E-06 
 1.800000E+00 
 1.800000E+00 
 2.582480E-08 
-1.363682E-07 
 1.800000E+00 
 5.753963E-06 
 1.800004E+00 
-8.547690E-06 
 1.800000E+00 
 4.736624E-08 
 1.800001E+00 
-6.152236E-08 
 1.800000E+00 
 8.272108E-06 
 3.950315E-07 
 1.800000E+00 
 1.800000E+00 
 5.940421E-07 
 1.800000E+00 
 2.063192E-08 
 1.878491E-08 
 1.800000E+00 
 1.800000E+00 
-1.125593E-06 
 1.800000E+00 
-4.324370E-07 
-9.699561E-07 
 1.800000E+00 
 1.800000E+00 
-2.988054E-07 
-3.009497E-07 
 1.800002E+00 
 4.259089E-08 
 1.800000E+00 
 1.800000E+00 
-1.587728E-07 
 6.665572E-08 
 1.800000E+00 
 1.800006E+00 
 6.149702E-06 
-8.687519E-06 
 1.800000E+00 
-5.401657E-08 
 1.800000E+00 
 1.800000E+00 
 8.155492E-07 
 5.367185E-09 
 1.800000E+00 
 1.800000E+00 
-2.026371E-06 
-1.209099E-05 
 1.800000E+00 
 3.406523E-07 
 1.800000E+00 
 1.800000E+00 
 1.268858E-06 
 1.481677E-07 
 1.800000E+00 
 1.800000E+00 
-6.803343E-08 
 9.501401E-09 
 1.800000E+00 
 1.800000E+00 
-4.046211E-07 
 1.800000E+00 
-2.430410E-06 
 9.621512E-09 
 1.800000E+00 
 1.800000E+00 
 1.219976E-07 
 1.800001E+00 
-3.849668E-07 
 1.800000E+00 
 3.848601E-09 
 1.800000E+00 
-1.008633E-05 
 1.800000E+00 
-2.026404E-06 
 1.800000E+00 
 5.400052E-07 
 1.800000E+00 
 4.309953E-09 
 1.800000E+00 
 1.800000E+00 
 5.376895E-07 
 4.351299E-09 
 1.800000E+00 
-2.603157E-06 
 1.799999E+00 
 1.800000E+00 
 2.332467E-07 
 1.800000E+00 
-1.107133E-08 
 5.939653E-09 
 1.800001E+00 
 1.800000E+00 
 1.800000E+00 
 8.030222E-05 
-2.835395E-05 
-2.835394E-05 
 1.800000E+00 
 1.800000E+00 
 1.800000E+00 
 3.887776E-07 
 1.800000E+00 
 2.726141E-08 
 3.220776E-09 
 1.800000E+00 
 1.800000E+00 
-7.703586E-08 
 1.800000E+00 
-2.767087E-06 
 1.799999E+00 
 1.940228E-08 
 1.799998E+00 
 3.521954E-08 
 1.800000E+00 
 1.800000E+00 
-5.381974E-07 
-3.454355E-07 
 1.800000E+00 
 1.800000E+00 
 1.181095E-06 
 1.800001E+00 
-4.342408E-08 
 1.800000E+00 
 1.799992E+00 
-2.330740E-06 
 1.038399E-08 
 1.800000E+00 
 6.736147E-09 
 1.800000E+00 
 1.800000E+00 
-4.669107E-06 
 1.799998E+00 
-1.337423E-05 
 1.800001E+00 
 1.800001E+00 
-7.737682E-06 
-4.508597E-08 
 1.800000E+00 
 1.800000E+00 
-9.835709E-08 
 1.800000E+00 
-7.484901E-06 
 1.800000E+00 
 4.655856E-09 
 1.800000E+00 
 1.800000E+00 
-1.126083E-07 
-8.908473E-08 
 1.800000E+00 
 1.800003E+00 
-2.322550E-06 
 1.800000E+00 
 1.800000E+00 
 3.226340E-06 
 6.831396E-09 
 1.800000E+00 
 1.800000E+00 
-5.081939E-08 
 1.800000E+00 
 3.460119E-08 
 1.800000E+00 
 1.799999E+00 
-7.019158E-06 
-7.824231E-06 
 1.800000E+00 
 1.800000E+00 
 7.372570E-09 
 1.800000E+00 
 1.800000E+00 
 3.613370E-06 
 1.202220E-09 
 1.800000E+00 
 1.800000E+00 
 1.800000E+00 
-1.002623E-06 
 5.364179E-10 
 1.800000E+00 
 1.800004E+00 
-7.850509E-07 
-7.845498E-07 
 1.800001E+00 
 1.800000E+00 
 1.800000E+00 
-7.544672E-08 
 1.800002E+00 
-1.918811E-07 
 1.800000E+00 
 7.101300E-08 
 1.800000E+00 
 1.800001E+00 
 6.053260E-07 
 5.859419E-09 
 1.800000E+00 
 1.800000E+00 
 1.800001E+00 
-2.643899E-07 
 1.800001E+00 
-6.542594E-06 
 1.800000E+00 
 5.138986E-07 
 1.800000E+00 
-1.034332E-07 
 1.800001E+00 
 1.800000E+00 
 1.800000E+00 
 7.410305E-07 
 8.857119E-09 
 1.799999E+00 
 1.800000E+00 
 2.577453E-07 
 1.800000E+00 
 1.708795E-07 
 1.800000E+00 
 1.800000E+00 
-5.833247E-07 
 1.800000E+00 
-3.571528E-08 
 1.800001E+00 
 1.800000E+00 
 4.738783E-06 
 1.800000E+00 
-4.477114E-07 
 1.800003E+00 
 1.800000E+00 
-9.023114E-07 
 6.133045E-09 
 1.800000E+00 
 1.800000E+00 
 1.800000E+00 
 7.419677E-09 
 1.800000E+00 
 1.800000E+00 
 9.617752E-07 
 3.620227E-09 
 1.800000E+00 
 1.800000E+00 
 1.800000E+00 
-4.655801E-07 
-1.809008E-07 
 1.800000E+00 
 1.800000E+00 
 1.800000E+00 
 5.984357E-07 
-1.095401E-07 
 1.800001E+00 
 1.800000E+00 
 1.800000E+00 
-6.455925E-06 
 1.800000E+00 
-1.486654E-07 
 1.800000E+00 
-1.317420E-08 
 1.800000E+00 
 1.800001E+00 
 1.799995E+00 
 4.345242E-05 
 2.481866E-08 
 1.799998E+00 
 1.800000E+00 
 1.800000E+00 
 1.199568E-07 
 7.673560E-09 
 1.800000E+00 
 1.800000E+00 
 1.800000E+00 
 2.078111E-06 
 1.800000E+00 
 5.168351E-08 
 1.800000E+00 
 1.800000E+00 
 7.123367E-09 
 1.800000E+00 
 1.800000E+00 
 1.680977E-07 
 1.800000E+00 
-3.666267E-07 
 1.799997E+00 
 1.799999E+00 
 1.778459E-06 
 1.800000E+00 
 9.562557E-07 
 1.800000E+00 
 1.800000E+00 
 1.800000E+00 
-1.899104E-07 
-6.059299E-07 
 1.800000E+00 
 1.800000E+00 
 1.800000E+00 
-2.638949E-05 
 1.800000E+00 
-7.736191E-09 
 1.800000E+00 
 1.800000E+00 
 1.800000E+00 
 6.058388E-07 
 1.040657E-06 
 1.800000E+00 
 1.800000E+00 
 1.800001E+00 
-2.190069E-06 
 1.800000E+00 
 3.406636E-09 
 1.800000E+00 
 1.800000E+00 
 3.185742E-09 
 1.800000E+00 
 1.800000E+00 
 7.315198E-06 
 1.799998E+00 
 1.800000E+00 
 2.079250E-08 
 1.800000E+00 
 1.800000E+00 
-1.672315E-06 
 6.325181E-09 
 1.799999E+00 
 1.799999E+00 
 1.799999E+00 
 1.800000E+00 
-1.195970E-06 
 1.800000E+00 
 4.376296E-08 
 1.800000E+00 
 1.800000E+00 
 1.670349E-08 
 1.800000E+00 
 7.655428E-09 
 1.800000E+00 
 1.800000E+00 
 1.800001E+00 
 2.316740E-06 
 1.800000E+00 
 1.800000E+00 
-1.194838E-06 
 1.800000E+00 
-1.186667E-05 
 1.800000E+00 
 1.800000E+00 
-3.867346E-07 
 1.800000E+00 
 1.800000E+00 
 1.800000E+00 
-3.436294E-06 
 6.038917E-09 
 1.800001E+00 
 1.800001E+00 
 1.800001E+00 
 1.799999E+00 
-8.413922E-07 
 1.800000E+00 
-2.076682E-08 
 1.800000E+00 
 1.800002E+00 
-2.071701E-08 
 1.800000E+00 
 1.799999E+00 
-6.702303E-06 
 1.800000E+00 
 1.800000E+00 
 4.155297E-06 
 1.799999E+00 
 1.800000E+00 
-3.253434E-08 
 1.800000E+00 
 1.800000E+00 
 4.679685E-08 
 1.800000E+00 
 1.800000E+00 
 1.432147E-08 
 1.800000E+00 
 1.800000E+00 
-3.317382E-06 
 1.800000E+00 
 1.800000E+00 
 1.799998E+00 
-4.545842E-05 
 1.844860E-06 
 1.800001E+00 
 1.800001E+00 
 1.800001E+00 
 1.800001E+00 
-9.549333E-07 
 1.800001E+00 
 1.800000E+00 
-2.879270E-08 
 1.800000E+00 
-2.473364E-07 
 1.800000E+00 
 1.800000E+00 
 1.800002E+00 
-2.239863E-08 
 1.800001E+00 
 1.800000E+00 
 6.218554E-08 
 1.800000E+00 
 1.800001E+00 
 3.233520E-08 
 1.800000E+00 
 1.800000E+00 
 1.800000E+00 
 2.340401E-06 
 1.800000E+00 
-2.367512E-05 
 1.800000E+00 
 1.800000E+00 
 1.800000E+00 
 1.846221E-06 
 1.800000E+00 
 1.800000E+00 
 7.871843E-09 
 1.800000E+00 
 1.800000E+00 
 5.182651E-08 
 1.800000E+00 
 1.800000E+00 
 1.800000E+00 
-6.708084E-07 
 1.800000E+00 
-7.996025E-08 
 1.800000E+00 
 1.800000E+00 
 1.800001E+00 
 1.731766E-08 
 1.800000E+00 
 1.800000E+00 
 1.800000E+00 
 1.837330E-08 
 1.800000E+00 
-1.857209E-08 
 1.800000E+00 
 1.800000E+00 
 1.800000E+00 
 1.800000E+00 
 1.602244E-07 
 9.939392E-09 
 1.800000E+00 
 1.800000E+00 
 1.800000E+00 
 1.800000E+00 
 1.800000E+00 
-2.929593E-06 
 1.800000E+00 
-7.305873E-06 
 1.800000E+00 
 1.800001E+00 
 4.043327E-08 
 1.800000E+00 
 1.800000E+00 
 1.800000E+00 
 1.800000E+00 
 8.773510E-09 
 1.800000E+00 
-1.683410E-08 
 1.800000E+00 
 1.800000E+00 
 1.800000E+00 
 7.950143E-06 
 1.800003E+00 
 1.800000E+00 
 1.800000E+00 
 8.064491E-08 
 1.800000E+00 
 1.800000E+00 
 5.305594E-08 
 1.800000E+00 
 1.800000E+00 
-6.566424E-08 
 1.800000E+00 
 1.800000E+00 
 1.800000E+00 
 1.800000E+00 
-3.123573E-08 
 1.800000E+00 
-5.404352E-07 
 1.799999E+00 
 1.800000E+00 
 1.800000E+00 
 1.800000E+00 
 3.362887E-08 
 1.800000E+00 
-6.578128E-08 
 1.800001E+00 
 1.800001E+00 
 1.800001E+00 
 1.800001E+00 
-7.077379E-08 
 1.800000E+00 
 1.800000E+00 
 7.514775E-07 
 1.800000E+00 
 1.800000E+00 
 1.800000E+00 
 2.355742E-07 
 1.800000E+00 
 1.800000E+00 
 1.800000E+00 
 8.635686E-07 
 1.800008E+00 
 1.800000E+00 
 4.369054E-08 
 1.800000E+00 
 1.800000E+00 
 1.800007E+00 
 6.784460E-08 
 1.800000E+00 
 1.800000E+00 
 1.800000E+00 
-3.598674E-09 
 1.800000E+00 
 1.800000E+00 
 1.800000E+00 
-2.043699E-06 
 1.800000E+00 
 1.800000E+00 
-1.897903E-07 
 1.800000E+00 
 1.800000E+00 
 1.800000E+00 
 1.800000E+00 
-2.573234E-07 
 1.800000E+00 
 1.800000E+00 
 1.554082E-05 
 1.800001E+00 
 1.800000E+00 
 1.800000E+00 
-7.576037E-08 
 1.800000E+00 
 1.800000E+00 
 1.800000E+00 
-8.917875E-08 
 1.800000E+00 
 1.800000E+00 
 1.800000E+00 
 8.487558E-08 
 1.800000E+00 
 1.800000E+00 
 1.800000E+00 
-5.401794E-08 
 1.800000E+00 
 1.800000E+00 
 1.800000E+00 
-3.336845E-07 
 1.800001E+00 
 1.800000E+00 
 1.800000E+00 
 2.942862E-06 
 1.800000E+00 
 1.800000E+00 
 1.800000E+00 
 1.489015E-08 
 1.800000E+00 
 1.800000E+00 
 1.800000E+00 
 1.800000E+00 
-1.497059E-07 
 1.800000E+00 
 7.470178E-09 
 1.800000E+00 
 1.800000E+00 
 1.800000E+00 
 1.800000E+00 
 1.800000E+00 
 8.814664E-09 
 1.800000E+00 
 1.800000E+00 
 1.800000E+00 
 2.886314E-06 
 1.800002E+00 
 1.800000E+00 
 5.979505E-07 
 1.799999E+00 
 1.800000E+00 
 1.800000E+00 
 1.800000E+00 
 1.800000E+00 
-1.535778E-05 
 1.800000E+00 
 1.902300E-07 
 1.800001E+00 
 1.800000E+00 
 1.800000E+00 
 1.800000E+00 
 1.800000E+00 
 1.800000E+00 
 1.064977E-06 
 3.959187E-07 
 1.800000E+00 
 1.800000E+00 
 1.800000E+00 
 1.800000E+00 
 1.800000E+00 
 1.800000E+00 
 1.800000E+00 
-5.265234E-07 
 1.800000E+00 
 2.980137E-08 
 1.800009E+00 
 1.800009E+00 
 1.800009E+00 
 1.800000E+00 
 1.360133E-07 
 1.800004E+00 
 1.800004E+00 
 1.800004E+00 
 1.800000E+00 
 4.825350E-08 
 1.800000E+00 
 1.800000E+00 
 1.800000E+00 
 8.372274E-09 
 1.800000E+00 
 1.800000E+00 
 1.800002E+00 
 3.007196E-07 
 1.800000E+00 
 1.800000E+00 
 1.800000E+00 
 1.800000E+00 
 1.800000E+00 
 3.309552E-06 
 1.800000E+00 
 1.800000E+00 
 3.987889E-09 
 1.800000E+00 
 1.800000E+00 
 1.800000E+00 
 1.800000E+00 
 1.800000E+00 
 4.544781E-06 
 1.800000E+00 
 1.800000E+00 
 1.800000E+00 
-1.816329E-07 
 1.800000E+00 
 1.800000E+00 
 1.800000E+00 
 1.104857E-08 
 1.800000E+00 
 1.800000E+00 
 1.800000E+00 
 1.800000E+00 
 1.800000E+00 
-5.694208E-09 
 1.800001E+00 
 1.800001E+00 
 1.800000E+00 
 1.800002E+00 
-2.944650E-05 
 1.800000E+00 
 1.800000E+00 
-9.918796E-06 
 1.800001E+00 
 1.800000E+00 
 1.800000E+00 
 1.800000E+00 
 1.800000E+00 
 1.800000E+00 
-9.424762E-07 
 1.800000E+00 
 1.800001E+00 
 1.800002E+00 
 2.528736E-07 
 1.800000E+00 
 1.800000E+00 
 1.800000E+00 
 1.800000E+00 
-2.101067E-07 
 1.800000E+00 
 1.799999E+00 
 1.800000E+00 
 1.800000E+00 
-1.631961E-06 
 1.800000E+00 
 1.800000E+00 
 1.799999E+00 
 1.800000E+00 
 5.010389E-07 
 1.800000E+00 
 1.800000E+00 
 1.800000E+00 
 1.800000E+00 
-3.137757E-08 
 1.800000E+00 
 1.800000E+00 
 1.800000E+00 
 1.800000E+00 
 7.697805E-08 
 1.799999E+00 
 1.800000E+00 
 1.800000E+00 
 1.800000E+00 
 1.800002E+00 
 2.664765E-09 
 1.800000E+00 
 1.799999E+00 
 1.800000E+00 
-5.005667E-08 
 1.800001E+00 
 1.800000E+00 
 1.800000E+00 
 1.800000E+00 
 1.800000E+00 
 1.800000E+00 
-1.743039E-08 
 1.800000E+00 
 1.800000E+00 
 1.799999E+00 
 2.819591E-05 
 1.800000E+00 
 1.800000E+00 
 1.800000E+00 
 1.800000E+00 
 1.800005E+00 
 4.899567E-08 
 1.800000E+00 
 1.800000E+00 
 1.800000E+00 
 1.800000E+00 
 7.389916E-09 
 1.800000E+00 
 1.800000E+00 
 1.800000E+00 
 1.800000E+00 
 1.800003E+00 
-8.039931E-07 
 1.800000E+00 
 1.800000E+00 
 1.800000E+00 
 1.800000E+00 
 3.331011E-08 
 1.800000E+00 
 1.800000E+00 
 1.800000E+00 
 1.800000E+00 
 1.800000E+00 
 2.931055E-09 
 1.800000E+00 
 1.800000E+00 
 1.800000E+00 
 1.800000E+00 
 1.800001E+00 
-3.717309E-08 
 1.800000E+00 
 1.800000E+00 
 1.800000E+00 
 1.800000E+00 
 2.681638E-06 
 1.800000E+00 
 1.800000E+00 
 1.800000E+00 
 1.800000E+00 
 1.800001E+00 
 5.965425E-09 
 1.800000E+00 
 1.800000E+00 
 1.800000E+00 
 1.800000E+00 
 1.800000E+00 
-1.364577E-06 
 1.800000E+00 
 1.800000E+00 
 1.800000E+00 
 1.800000E+00 
 1.800000E+00 
 2.220476E-07 
 1.800000E+00 
 1.800000E+00 
 1.800000E+00 
 1.800000E+00 
 1.800000E+00 
 2.144868E-06 
 1.800000E+00 
 1.800000E+00 
 1.800000E+00 
 1.800000E+00 
 1.800000E+00 
 3.526654E-08 
 1.800000E+00 
 1.800000E+00 
 1.800000E+00 
 1.800000E+00 
 1.800000E+00 
 3.470848E-08 
 1.800000E+00 
 1.800000E+00 
 1.800000E+00 
 1.800000E+00 
 1.800000E+00 
 9.249818E-09 
 1.800001E+00 
 1.800001E+00 
 1.800001E+00 
 1.800001E+00 
 1.800001E+00 
 1.799999E+00 
-7.723986E-09 
 1.800000E+00 
 1.800000E+00 
 1.800000E+00 
 1.800000E+00 
 4.684507E-08 
 1.800000E+00 
 1.800000E+00 
 1.800000E+00 
 1.800000E+00 
 1.800000E+00 
 1.800000E+00 
 1.800000E+00 
 2.768767E-07 
 1.800001E+00 
 1.800001E+00 
 1.800001E+00 
 1.800001E+00 
-1.429011E-09 
 1.800000E+00 
 1.800000E+00 
 1.800000E+00 
 1.800000E+00 
 1.800000E+00 
 1.800000E+00 
 1.800003E+00 
 3.750238E-08 
 1.800000E+00 
 1.800000E+00 
 1.800000E+00 
 1.800000E+00 
 5.356318E-09 
 1.800000E+00 
 1.800000E+00 
 1.800000E+00 
 1.800000E+00 
 1.800000E+00 
 1.800000E+00 
 1.800000E+00 
 4.718473E-08 
 1.800000E+00 
 1.800000E+00 
 1.800000E+00 
 1.800000E+00 
 1.800000E+00 
-4.634447E-06 
 1.800005E+00 
 1.800005E+00 
 1.800005E+00 
 1.800005E+00 
 1.800005E+00 
 1.800000E+00 
 7.784283E-06 
 1.799998E+00 
 1.800000E+00 
 1.800000E+00 
 1.800000E+00 
 1.800000E+00 
 1.799999E+00 
 1.800002E+00 
 9.185596E-07 
 1.800000E+00 
 1.800000E+00 
 1.800000E+00 
 1.800000E+00 
 7.464352E-09 
 1.800000E+00 
 1.800000E+00 
 1.800000E+00 
 1.800000E+00 
 1.800000E+00 
 1.800000E+00 
 1.800000E+00 
 1.800000E+00 
 1.035729E-06 
 1.800000E+00 
 1.800000E+00 
 1.800000E+00 
 1.800000E+00 
 1.800000E+00 
 8.330607E-06 
 1.799998E+00 
 1.799998E+00 
 1.799998E+00 
 1.799998E+00 
 1.799998E+00 
 1.800000E+00 
 7.583653E-09 
 1.800001E+00 
 1.800000E+00 
 1.800000E+00 
 1.800000E+00 
 1.800000E+00 
 1.800000E+00 
 1.800000E+00 
 1.800000E+00 
 6.008371E-06 
 1.800000E+00 
 1.800000E+00 
 1.800000E+00 
 1.800001E+00 
-2.861135E-07 
 1.800000E+00 
 1.800000E+00 
 1.800000E+00 
 1.800000E+00 
 1.800000E+00 
 1.800000E+00 
 1.800000E+00 
 1.800000E+00 
 1.800002E+00 
 6.586523E-08 
 1.800000E+00 
 1.800000E+00 
 1.800000E+00 
 1.800000E+00 
 1.800000E+00 
 2.748191E-07 
 1.800000E+00 
 1.800000E+00 
 1.800000E+00 
 1.800000E+00 
 1.800000E+00 
 1.800000E+00 
 1.800000E+00 
 1.800000E+00 
 1.010267E-07 
 1.800000E+00 
 1.800000E+00 
 1.800000E+00 
 1.800000E+00 
 1.800000E+00 
 1.800000E+00 
 4.049512E-07 
 1.800000E+00 
 1.800000E+00 
 1.800000E+00 
 1.800000E+00 
 1.800000E+00 
 1.800000E+00 
 1.800000E+00 
 9.625105E-07 
 1.800006E+00 
 1.800006E+00 
 1.800006E+00 
 1.800006E+00 
 1.800006E+00 
 1.800006E+00 
 1.800001E+00 
 1.049222E-06 
 1.800000E+00 
 1.800000E+00 
 1.800000E+00 
 1.800000E+00 
 1.800000E+00 
 1.800000E+00 
 1.800000E+00 
-4.829536E-09 
 1.800001E+00 
 1.800001E+00 
 1.800001E+00 
 1.800001E+00 
 1.800001E+00 
 1.800001E+00 
 1.800001E+00 
 1.800000E+00 
-2.214482E-08 
 1.800000E+00 
 1.800000E+00 
 1.800000E+00 
 1.800000E+00 
 1.800000E+00 
 1.800000E+00 
 2.072543E-08 
 1.800002E+00 
 1.800002E+00 
 1.800002E+00 
 1.800002E+00 
 1.800002E+00 
 1.800002E+00 
 1.800002E+00 
 1.800002E+00 
 1.800002E+00 
 3.386744E-07 
 1.800000E+00 
 1.800000E+00 
 1.800000E+00 
 1.800000E+00 
 1.800000E+00 
 1.800000E+00 
 1.272060E-08 
 1.800004E+00 
 1.800004E+00 
 1.800004E+00 
 1.800004E+00 
 1.800004E+00 
 1.800004E+00 
 1.800004E+00 
 1.800000E+00 
 1.800000E+00 
 5.743203E-07 
 1.800000E+00 
 1.800000E+00 
 1.800000E+00 
 1.800000E+00 
 1.800000E+00 
 1.799999E+00 
-1.558481E-07 
 1.799998E+00 
 1.799998E+00 
 1.799998E+00 
 1.799998E+00 
 1.799998E+00 
 1.799998E+00 
 1.799998E+00 
 1.799998E+00 
 1.800000E+00 
 1.799998E+00 
-4.410327E-06 
 1.800002E+00 
 1.800000E+00 
 1.800000E+00 
 1.800000E+00 
 1.800000E+00 
 3.020279E-06 
 1.800000E+00 
 1.800000E+00 
 1.800000E+00 
 1.800000E+00 
 1.800000E+00 
 1.800000E+00 
 1.800000E+00 
 1.800000E+00 
 1.800000E+00 
 1.800000E+00 
 1.800000E+00 
-6.198727E-07 
 1.800000E+00 
 1.800000E+00 
 1.800000E+00 
 1.800000E+00 
 1.800000E+00 
 1.800000E+00 
 7.929749E-06 
 1.800000E+00 
 1.800000E+00 
 1.800000E+00 
 1.800000E+00 
 1.800000E+00 
 1.800000E+00 
 1.800000E+00 
 1.800000E+00 
 1.800000E+00 
 1.800000E+00 
-2.741779E-08 
 1.800000E+00 
 1.800000E+00 
 1.800000E+00 
 1.800000E+00 
 1.800000E+00 
 1.800000E+00 
-7.104322E-07 
 1.800000E+00 
 1.800000E+00 
 1.800000E+00 
 1.800000E+00 
 1.800000E+00 
 1.800000E+00 
 1.800000E+00 
 1.800000E+00 
 1.800000E+00 
 1.800000E+00 
 3.478939E-06 
 1.800000E+00 
 1.800000E+00 
 1.800000E+00 
 1.800000E+00 
 1.800000E+00 
 1.800000E+00 
 1.800000E+00 
 1.800001E+00 
 6.312026E-09 
 1.800000E+00 
 1.800000E+00 
 1.800000E+00 
 1.800000E+00 
 1.800000E+00 
 1.800000E+00 
 1.800000E+00 
 1.800000E+00 
 1.800000E+00 
-3.434862E-06 
 1.800000E+00 
 1.800000E+00 
 1.800000E+00 
 1.800000E+00 
 1.800000E+00 
 1.800000E+00 
 1.800000E+00 
-3.474897E-09 
 1.800000E+00 
 1.800000E+00 
 1.800000E+00 
 1.800000E+00 
 1.800000E+00 
 1.800000E+00 
 1.800000E+00 
 1.800000E+00 
 1.800000E+00 
 1.800000E+00 
 1.800000E+00 
 1.752737E-05 
 1.800000E+00 
 1.800000E+00 
 1.800000E+00 
 1.800000E+00 
 1.800000E+00 
 1.800000E+00 
 1.800000E+00 
-3.966566E-07 
 1.800000E+00 
 1.800000E+00 
 1.800000E+00 
 1.800000E+00 
 1.800000E+00 
 1.800000E+00 
 1.800000E+00 
 1.800000E+00 
 1.800000E+00 
-4.707693E-09 
 1.800002E+00 
 1.800000E+00 
 1.800000E+00 
 1.800000E+00 
 1.800000E+00 
 1.800000E+00 
 1.800000E+00 
 1.800000E+00 
 1.800000E+00 
 1.800000E+00 
 1.059399E-05 
 1.800000E+00 
 1.800000E+00 
 1.800000E+00 
 1.800000E+00 
 1.800000E+00 
 1.800000E+00 
 1.800000E+00 
 1.561172E-09 
 1.800000E+00 
 1.800000E+00 
 1.800000E+00 
 1.800000E+00 
 1.800000E+00 
 1.800000E+00 
 1.800000E+00 
 1.800000E+00 
 1.800000E+00 
 1.800000E+00 
 1.800000E+00 
-2.050549E-06 
 1.800000E+00 
 1.800000E+00 
 1.800000E+00 
 1.800000E+00 
 1.800000E+00 
 1.800000E+00 
 1.800003E+00 
 1.800000E+00 
-1.392804E-06 
 1.800001E+00 
 1.800000E+00 
 1.800000E+00 
 1.800000E+00 
 1.800000E+00 
 1.800000E+00 
 1.800000E+00 
 1.800000E+00 
 1.800000E+00 
-7.053672E-09 
 1.800001E+00 
 1.800000E+00 
 1.800000E+00 
 1.800000E+00 
 1.800000E+00 
 1.800000E+00 
 1.800000E+00 
 1.800000E+00 
 1.800000E+00 
 1.318497E-08 
 1.800000E+00 
 1.800000E+00 
 1.800000E+00 
 1.800000E+00 
 1.800000E+00 
 1.800000E+00 
 1.800000E+00 
 1.800000E+00 
 1.800000E+00 
-6.019308E-09 
 1.800000E+00 
 1.800000E+00 
 1.800000E+00 
 1.800000E+00 
 1.800000E+00 
 1.800000E+00 
 1.800000E+00 
 1.800000E+00 
 1.800000E+00 
 1.800000E+00 
-1.228880E-06 
 1.800000E+00 
 1.800000E+00 
 1.800000E+00 
 1.800000E+00 
 1.800000E+00 
 1.800000E+00 
 1.799999E+00 
-1.777250E-07 
 1.799999E+00 
 1.800000E+00 
 1.800000E+00 
 1.800000E+00 
 1.800000E+00 
 1.800000E+00 
 1.800000E+00 
 1.800000E+00 
 1.800000E+00 
 1.800000E+00 
 1.800000E+00 
 1.800000E+00 
 1.464510E-05 
 1.800000E+00 
 1.800000E+00 
 1.800000E+00 
 1.800000E+00 
 1.800000E+00 
 1.800002E+00 
-1.160834E-06 
 1.800000E+00 
 1.800000E+00 
 1.800000E+00 
 1.800000E+00 
 1.800000E+00 
 1.800000E+00 
 1.800000E+00 
 1.800000E+00 
 1.800000E+00 
 1.800000E+00 
 1.800000E+00 
-2.221954E-08 
 1.800000E+00 
 1.800000E+00 
 1.800000E+00 
 1.800000E+00 
 1.800000E+00 
 1.800000E+00 
 1.800000E+00 
 1.800000E+00 
 1.800000E+00 
-2.751617E-08 
 1.800000E+00 
 1.800000E+00 
 1.800000E+00 
 1.800000E+00 
 1.800000E+00 
 1.800000E+00 
 1.800004E+00 
 1.800000E+00 
-2.997809E-05 
 1.800000E+00 
 1.800000E+00 
 1.800000E+00 
 1.800000E+00 
 1.800000E+00 
 1.800000E+00 
 1.800000E+00 
 1.800000E+00 
 1.800000E+00 
-1.679658E-08 
 1.800000E+00 
 1.800000E+00 
 1.800000E+00 
 1.800000E+00 
 1.800000E+00 
 1.800000E+00 
 1.800000E+00 
 1.800000E+00 
 1.800000E+00 
 1.800000E+00 
 1.001965E-06 
 1.799999E+00 
 1.799999E+00 
 1.799999E+00 
 1.799999E+00 
 1.799999E+00 
 1.799999E+00 
 1.800002E+00 
 1.800002E+00 
-1.402373E-06 
 1.800000E+00 
 1.800000E+00 
 1.800000E+00 
 1.800000E+00 
 1.800000E+00 
 1.800000E+00 
 1.800000E+00 
 1.800000E+00 
 1.800000E+00 
-1.956530E-08 
 1.800000E+00 
 1.800000E+00 
 1.800000E+00 
 1.800000E+00 
 1.800000E+00 
 1.800000E+00 
 1.800000E+00 
 1.800000E+00 
 9.024925E-08 
 1.800000E+00 
 1.800000E+00 
 1.800000E+00 
 1.800000E+00 
 1.800000E+00 
 1.800000E+00 
 1.800000E+00 
 1.800000E+00 
 1.800000E+00 
 1.800001E+00 
 1.445079E-06 
 1.800000E+00 
 1.800000E+00 
 1.800000E+00 
 1.800000E+00 
 1.800000E+00 
 1.800000E+00 
 1.800000E+00 
-1.384184E-07 
 1.800000E+00 
 1.800000E+00 
 1.800000E+00 
 1.800000E+00 
 1.800000E+00 
 1.800000E+00 
 1.800000E+00 
 1.800000E+00 
 1.800000E+00 
 1.800000E+00 
-2.600351E-06 
 1.800000E+00 
 1.800000E+00 
 1.800000E+00 
 1.800000E+00 
 1.800000E+00 
 1.800000E+00 
 1.800000E+00 
-7.898764E-08 
 1.800000E+00 
 1.800000E+00 
 1.800000E+00 
 1.800000E+00 
 1.800000E+00 
 1.800000E+00 
 1.800000E+00 
 1.800000E+00 
 1.800000E+00 
 1.800000E+00 
 1.483247E-07 
 1.800001E+00 
 1.800001E+00 
 1.800001E+00 
 1.800000E+00 
 1.800002E+00 
 1.800000E+00 
 2.471944E-07 
 1.800000E+00 
 1.800000E+00 
 1.800000E+00 
 1.800000E+00 
 1.800000E+00 
 1.800000E+00 
 1.800000E+00 
 1.800000E+00 
 1.800000E+00 
 1.800000E+00 
 6.339798E-09 
 1.799994E+00 
 1.799994E+00 
 1.799994E+00 
 1.800000E+00 
 1.800000E+00 
 1.800000E+00 
 1.800002E+00 
 9.094658E-09 
 1.800000E+00 
 1.800000E+00 
 1.800000E+00 
 1.800000E+00 
 1.800000E+00 
 1.800000E+00 
 1.800000E+00 
 1.800000E+00 
 1.800000E+00 
-2.529456E-07 
 1.800000E+00 
 1.800000E+00 
 1.800000E+00 
 1.800000E+00 
 1.800000E+00 
 1.800000E+00 
 1.800000E+00 
 2.487480E-07 
 1.800001E+00 
 1.800001E+00 
 1.800001E+00 
 1.800001E+00 
 1.800001E+00 
 1.800001E+00 
 1.800001E+00 
 1.800000E+00 
-2.039513E-07 
 1.800003E+00 
 1.800002E+00 
 1.800002E+00 
 1.800002E+00 
 1.800002E+00 
 1.800002E+00 
 1.800002E+00 
 1.800000E+00 
-7.706278E-08 
 1.800000E+00 
 1.800000E+00 
 1.800000E+00 
 1.800000E+00 
 1.800000E+00 
 1.800000E+00 
 1.800000E+00 
-6.640256E-08 
 1.800000E+00 
 1.800000E+00 
 1.800000E+00 
 1.800000E+00 
 1.800000E+00 
 1.800000E+00 
 1.800000E+00 
 1.800000E+00 
-2.897795E-06 
 1.800000E+00 
 1.800000E+00 
 1.800000E+00 
 1.800000E+00 
 1.800000E+00 
 1.800000E+00 
 1.800002E+00 
 7.156383E-08 
 1.800000E+00 
 1.800000E+00 
 1.800000E+00 
 1.800000E+00 
 1.800000E+00 
 1.800000E+00 
 1.800000E+00 
 1.777961E-06 
 1.800000E+00 
 1.800000E+00 
 1.800000E+00 
 1.800000E+00 
 1.800000E+00 
 1.800000E+00 
 1.800000E+00 
 1.800000E+00 
-3.718036E-07 
 1.800000E+00 
 1.800000E+00 
 1.800000E+00 
 1.800000E+00 
 1.800000E+00 
 1.800000E+00 
 1.191614E-06 
 1.800001E+00 
 1.800000E+00 
 1.800000E+00 
 1.800000E+00 
 1.800000E+00 
 1.800000E+00 
 1.800000E+00 
 1.800000E+00 
-1.200153E-07 
 1.800000E+00 
 1.800000E+00 
 1.800000E+00 
 1.800000E+00 
 1.800000E+00 
 1.800001E+00 
 1.097413E-09 
 1.800001E+00 
 1.800000E+00 
 1.800000E+00 
 1.800000E+00 
 1.800000E+00 
 1.800000E+00 
 1.800000E+00 
 1.800000E+00 
 1.016227E-08 
 1.800000E+00 
 1.800000E+00 
 1.800000E+00 
 1.800000E+00 
 1.800000E+00 
 2.711009E-06 
 1.800000E+00 
 1.800000E+00 
 1.800000E+00 
 1.800000E+00 
 1.800000E+00 
 1.800000E+00 
 1.800000E+00 
 1.800000E+00 
 5.021137E-09 
 1.800000E+00 
 1.800000E+00 
 1.800000E+00 
 1.800000E+00 
 1.800000E+00 
 1.800000E+00 
-8.725918E-07 
 1.799999E+00 
 1.800000E+00 
 1.800000E+00 
 1.800000E+00 
 1.800000E+00 
 1.800000E+00 
 6.446233E-08 
 1.800000E+00 
 1.800000E+00 
 1.800000E+00 
 1.800000E+00 
 1.800000E+00 
 1.800000E+00 
 1.800000E+00 
-8.178938E-06 
 1.800000E+00 
 1.800000E+00 
 1.800000E+00 
 1.800000E+00 
 1.800000E+00 
 1.800000E+00 
-9.481343E-07 
 1.800000E+00 
 1.800000E+00 
 1.800000E+00 
 1.800000E+00 
 1.800000E+00 
 1.799998E+00 
 1.891625E-08 
 1.799999E+00 
 1.800000E+00 
 1.800000E+00 
 1.800000E+00 
 1.800000E+00 
 1.800001E+00 
 1.800000E+00 
 6.708725E-07 
 1.800000E+00 
 1.800000E+00 
 1.800000E+00 
 1.800000E+00 
 1.532932E-07 
 1.799999E+00 
 1.800000E+00 
 1.800000E+00 
 1.800000E+00 
 1.800000E+00 
 1.800000E+00 
 1.800000E+00 
 1.800000E+00 
 1.245215E-06 
 1.800000E+00 
 1.800000E+00 
 1.800000E+00 
 1.800000E+00 
-6.015906E-06 
 1.800000E+00 
 1.800000E+00 
 1.800000E+00 
 1.800000E+00 
 1.800000E+00 
 1.800000E+00 
 1.800000E+00 
 5.237681E-08 
 1.800000E+00 
 1.800000E+00 
 1.800000E+00 
 1.800000E+00 
 1.800000E+00 
 9.095793E-06 
 1.800000E+00 
 1.800000E+00 
 1.800000E+00 
 1.800000E+00 
 1.800000E+00 
 1.800000E+00 
 2.904357E-08 
 1.800000E+00 
 1.800000E+00 
 1.800000E+00 
 1.800000E+00 
 1.800001E+00 
 1.800000E+00 
 7.085712E-06 
 1.800000E+00 
 1.800001E+00 
 1.800000E+00 
 1.800000E+00 
-2.795456E-06 
 1.800000E+00 
 1.800000E+00 
 1.800000E+00 
 1.800000E+00 
 1.800000E+00 
 1.800000E+00 
 1.800000E+00 
-1.216296E-06 
 1.800000E+00 
 1.800000E+00 
 1.800000E+00 
 7.489733E-09 
 1.800000E+00 
 1.800000E+00 
 1.800000E+00 
 1.800000E+00 
 1.800000E+00 
 1.800000E+00 
 1.800000E+00 
 1.800001E+00 
-7.969178E-06 
 1.800000E+00 
 1.800000E+00 
 1.799999E+00 
-1.167572E-06 
 1.800000E+00 
 1.800000E+00 
 1.800000E+00 
 1.800000E+00 
 1.800000E+00 
 1.800000E+00 
-2.674139E-07 
 1.800000E+00 
 1.800000E+00 
 1.800000E+00 
 1.800000E+00 
 1.799999E+00 
 7.949129E-08 
 1.800000E+00 
 1.800000E+00 
 1.800000E+00 
 1.800000E+00 
 1.800000E+00 
 7.525297E-10 
 1.800000E+00 
 1.800000E+00 
 1.800000E+00 
 1.800000E+00 
 2.009894E-06 
 1.800000E+00 
 1.800000E+00 
 1.800000E+00 
 1.800000E+00 
 1.800000E+00 
 1.799999E+00 
 1.145762E-07 
 1.799999E+00 
 1.800000E+00 
 1.800000E+00 
 1.800002E+00 
-6.880877E-08 
 1.800000E+00 
 1.800000E+00 
 1.800000E+00 
 1.800000E+00 
 1.800000E+00 
 1.799999E+00 
 1.481678E-06 
 1.800000E+00 
 1.800000E+00 
 1.800000E+00 
-2.676902E-08 
 1.800010E+00 
 1.800010E+00 
 1.800010E+00 
 1.800010E+00 
 1.800000E+00 
 3.468405E-08 
 1.800000E+00 
 1.800000E+00 
 1.800000E+00 
 1.800000E+00 
 1.800000E+00 
-4.360116E-07 
 1.800000E+00 
 1.800000E+00 
 1.800000E+00 
 1.800000E+00 
 1.800000E+00 
-3.243101E-09 
 1.800000E+00 
 1.800001E+00 
 1.800000E+00 
-1.452988E-06 
 1.800000E+00 
 1.800000E+00 
 1.800000E+00 
 1.800000E+00 
 1.800000E+00 
 3.980652E-09 
 1.800000E+00 
 1.800000E+00 
 1.800000E+00 
 1.800000E+00 
 1.800001E+00 
 7.147015E-08 
 1.800000E+00 
 1.800000E+00 
 1.800000E+00 
 5.035530E-09 
 1.800000E+00 
 1.800000E+00 
 1.800000E+00 
 1.800000E+00 
 1.800000E+00 
 1.800000E+00 
 1.390916E-06 
 1.799998E+00 
 1.800000E+00 
 2.072192E-08 
 1.800000E+00 
 1.800000E+00 
 1.800000E+00 
 1.800000E+00 
 1.800000E+00 
 1.799999E+00 
 1.901114E-05 
 1.800000E+00 
 1.799999E+00 
 1.800000E+00 
-8.400590E-08 
 1.800001E+00 
 1.800000E+00 
 1.800000E+00 
 1.800004E+00 
 1.800000E+00 
 6.713149E-06 
 1.800002E+00 
 1.799999E+00 
 1.413024E-07 
 1.800004E+00 
 1.800004E+00 
 1.800004E+00 
 1.800004E+00 
 1.800004E+00 
 1.800004E+00 
-7.788094E-07 
 1.800000E+00 
 1.800000E+00 
 1.800000E+00 
-1.354656E-08 
 1.800000E+00 
 1.800000E+00 
 1.800000E+00 
 1.800000E+00 
 1.800000E+00 
-1.399979E-05 
 1.800000E+00 
 1.800000E+00 
-6.989798E-08 
 1.800000E+00 
 1.800000E+00 
 1.800000E+00 
 1.800000E+00 
 1.800001E+00 
-7.393111E-07 
 1.800000E+00 
 1.800000E+00 
 1.800000E+00 
 7.655437E-08 
 1.800000E+00 
 1.800000E+00 
 1.800000E+00 
 1.800000E+00 
 1.800000E+00 
 2.187541E-08 
 1.799998E+00 
 1.800000E+00 
 7.392440E-09 
 1.799998E+00 
 1.799998E+00 
 1.799998E+00 
 1.799998E+00 
 1.800000E+00 
-5.689060E-07 
 1.800000E+00 
 1.800000E+00 
-1.054185E-07 
 1.800002E+00 
 1.800002E+00 
 1.800002E+00 
 1.800002E+00 
 1.800000E+00 
 7.501019E-09 
 1.800000E+00 
 1.800000E+00 
 1.800000E+00 
-1.552724E-08 
 1.800001E+00 
 1.800000E+00 
 1.800000E+00 
 1.800000E+00 
 1.249511E-09 
 1.799998E+00 
 1.800000E+00 
 1.800000E+00 
-5.131662E-07 
 1.800000E+00 
 1.800000E+00 
 1.800000E+00 
 4.263124E-07 
 1.800002E+00 
 1.800002E+00 
 1.800002E+00 
 1.800000E+00 
-4.476914E-07 
 1.800000E+00 
 1.800000E+00 
 1.800000E+00 
 2.894017E-08 
 1.800001E+00 
 1.800000E+00 
 1.800000E+00 
 1.509103E-06 
 1.800000E+00 
 1.800000E+00 
 1.800000E+00 
 1.800000E+00 
 7.011116E-08 
 1.800004E+00 
 1.799999E+00 
 1.800000E+00 
 9.931069E-09 
 1.800001E+00 
 1.800000E+00 
 1.800000E+00 
-4.591511E-09 
 1.800000E+00 
 1.800000E+00 
 1.800000E+00 
 1.800000E+00 
 2.548727E-07 
 1.800000E+00 
 1.799999E+00 
 3.465622E-09 
 1.800002E+00 
 1.800002E+00 
 1.800002E+00 
 1.800000E+00 
-9.060126E-08 
 1.800000E+00 
 1.800001E+00 
 3.736734E-06 
 1.800000E+00 
 1.800000E+00 
 1.800000E+00 
 1.800000E+00 
 1.800000E+00 
-1.997948E-05 
 1.799999E+00 
 4.924332E-09 
 1.800000E+00 
 1.800000E+00 
 1.800000E+00 
 1.800000E+00 
-1.844059E-06 
 1.800003E+00 
 1.800003E+00 
 1.800001E+00 
 1.301021E-07 
 1.800000E+00 
 1.800000E+00 
 1.800000E+00 
 1.696271E-08 
 1.800000E+00 
 1.800000E+00 
 1.800000E+00 
 9.503405E-06 
 1.800000E+00 
 1.800000E+00 
 5.706598E-09 
 1.799997E+00 
 1.800000E+00 
 1.800000E+00 
 1.800000E+00 
-1.058000E-06 
 1.800000E+00 
 1.800000E+00 
 1.800000E+00 
 4.593247E-08 
 1.800000E+00 
-7.412108E-08 
 1.800000E+00 
 1.800000E+00 
 1.800000E+00 
 1.800000E+00 
 1.800000E+00 
-8.402707E-08 
 1.800000E+00 
 1.800001E+00 
 4.050938E-08 
 1.799999E+00 
 1.800000E+00 
-1.091385E-05 
 1.800000E+00 
 1.800000E+00 
 1.800000E+00 
 1.800000E+00 
-1.881554E-07 
 1.799999E+00 
 1.800000E+00 
 1.100680E-06 
 1.800000E+00 
 1.800000E+00 
 1.800000E+00 
 7.046068E-06 
 1.800000E+00 
 1.800000E+00 
-9.084852E-08 
 1.800000E+00 
 1.800000E+00 
 1.800000E+00 
 1.800000E+00 
 4.627112E-05 
 1.800000E+00 
 2.238856E-07 
 1.800000E+00 
 1.800000E+00 
 1.800000E+00 
 1.800000E+00 
-8.947824E-07 
 1.800001E+00 
 1.800000E+00 
-7.768652E-06 
 1.800000E+00 
 1.800000E+00 
 1.033541E-08 
 1.800000E+00 
 1.800000E+00 
 1.800000E+00 
 1.799999E+00 
 7.323764E-08 
 1.424358E-08 
 1.800000E+00 
 1.800000E+00 
 1.800000E+00 
 1.800000E+00 
 1.800000E+00 
 2.047778E-07 
 1.800000E+00 
 1.800000E+00 
 1.061678E-07 
 1.800000E+00 
 1.800000E+00 
-1.637643E-06 
 1.800002E+00 
 1.800000E+00 
 1.799991E+00 
 5.828024E-07 
 1.800000E+00 
 6.295911E-09 
 1.800000E+00 
 1.800000E+00 
 1.800000E+00 
 1.799999E+00 
-1.834490E-06 
 1.800000E+00 
 1.799999E+00 
-1.591286E-05 
 1.800000E+00 
 1.800000E+00 
-2.822990E-07 
 1.800000E+00 
 1.800000E+00 
 1.800001E+00 
-4.973407E-06 
 1.800000E+00 
 1.767537E-07 
 1.800000E+00 
 1.800000E+00 
 1.800000E+00 
 1.800000E+00 
-1.865693E-07 
 1.800000E+00 
 1.327077E-09 
 1.800000E+00 
 1.800000E+00 
 1.800000E+00 
 6.600619E-09 
 1.800000E+00 
 1.800000E+00 
 1.227473E-08 
 1.800000E+00 
 1.800000E+00 
 1.800000E+00 
-9.798463E-07 
 1.800001E+00 
 1.196758E-05 
 1.800000E+00 
 1.800000E+00 
 1.800001E+00 
 6.924023E-09 
 1.800000E+00 
 1.800002E+00 
-7.177293E-09 
 1.799997E+00 
 1.799999E+00 
-1.194556E-07 
 1.800000E+00 
 1.800000E+00 
 1.800000E+00 
-2.873959E-07 
 1.800000E+00 
-6.352905E-08 
 1.800000E+00 
 1.800000E+00 
 1.800000E+00 
-5.807033E-09 
 1.800000E+00 
 1.799998E+00 
 5.123307E-09 
 1.800000E+00 
 1.800000E+00 
-3.553589E-08 
 1.800000E+00 
 1.800001E+00 
 4.119255E-08 
 1.800000E+00 
 1.800001E+00 
-1.698798E-06 
 1.800000E+00 
 1.800000E+00 
 1.800000E+00 
-1.107272E-05 
-1.100166E-05 
 1.799996E+00 
 1.800000E+00 
 1.800000E+00 
 1.800000E+00 
 2.186538E-09 
 1.799999E+00 
 1.800000E+00 
 3.920276E-06 
 1.800000E+00 
-1.019947E-06 
 1.800001E+00 
 1.800002E+00 
 1.800000E+00 
 3.743945E-06 
 2.737049E-06 
 1.800001E+00 
 1.800000E+00 
 1.800000E+00 
 1.800000E+00 
 1.800000E+00 
 1.916209E-05 
 1.904450E-05 
 1.800000E+00 
 1.800000E+00 
 2.887593E-08 
 1.799998E+00 
 1.800000E+00 
-4.917428E-07 
 1.800000E+00 
 1.800000E+00 
 1.800000E+00 
-9.296935E-06 
-1.020520E-05 
 1.800000E+00 
 1.800000E+00 
 1.800000E+00 
 1.799999E+00 
-5.036528E-06 
 1.800000E+00 
-3.426905E-07 
 1.800000E+00 
 1.034940E-06 
 1.800000E+00 
 1.800000E+00 
 1.800000E+00 
 3.586320E-09 
 1.799999E+00 
 1.800005E+00 
-9.580918E-08 
 1.800000E+00 
 5.875702E-08 
 1.800000E+00 
 1.800000E+00 
-8.740550E-08 
 1.800000E+00 
 1.800000E+00 
 1.800000E+00 
-2.786318E-07 
-2.398129E-08 
 1.800000E+00 
 1.800000E+00 
 1.800000E+00 
-3.447818E-08 
 1.800000E+00 
 7.188085E-09 
 1.800000E+00 
 1.800000E+00 
 1.800000E+00 
 5.337025E-07 
 1.800000E+00 
-1.566722E-08 
 1.800000E+00 
-1.880680E-05 
 1.800000E+00 
 1.800000E+00 
 1.800000E+00 
-4.239062E-07 
 1.799999E+00 
 1.061072E-08 
 1.799999E+00 
 1.800000E+00 
 2.064890E-08 
 1.800002E+00 
 1.800000E+00 
-9.547443E-07 
 1.800000E+00 
-2.566301E-08 
 1.800000E+00 
 1.800000E+00 
 1.800000E+00 
-2.645303E-06 
 1.517885E-08 
 1.800000E+00 
 1.800000E+00 
 1.800000E+00 
-1.485442E-06 
 1.800000E+00 
 6.591284E-06 
 1.800000E+00 
 1.800000E+00 
 1.206702E-07 
 1.800000E+00 
 3.747034E-08 
 1.800000E+00 
 1.800001E+00 
 2.356876E-08 
 1.800000E+00 
 1.800005E+00 
 1.908443E-07 
 1.800000E+00 
 1.187251E-07 
 1.800000E+00 
 1.800000E+00 
 4.849372E-09 
 1.800000E+00 
 1.800000E+00 
 5.168712E-07 
 1.800000E+00 
 3.158734E-05 
 1.800000E+00 
 1.800000E+00 
-5.955661E-06 
 1.800000E+00 
 3.588106E-07 
 1.800000E+00 
 1.800000E+00 
 9.379034E-08 
 1.800000E+00 
 4.152730E-07 
 1.800000E+00 
 1.800003E+00 
-1.543703E-08 
 1.800001E+00 
 1.800000E+00 
-4.479980E-05 
 4.864656E-08 
 1.800000E+00 
 1.800000E+00 
 1.800000E+00 
-8.458843E-07 
 1.799999E+00 
 2.218190E-09 
 1.800000E+00 
 1.800000E+00 
 5.421287E-08 
 1.800000E+00 
-2.808408E-06 
 1.800001E+00 
 1.800000E+00 
-4.738923E-05 
 1.230533E-06 
 1.800000E+00 
 1.800000E+00 
 1.800000E+00 
 4.452076E-07 
 1.800000E+00 
-1.440961E-06 
 1.800001E+00 
 1.800000E+00 
 1.746484E-06 
-1.231634E-07 
 1.800000E+00 
 1.800000E+00 
 1.800000E+00 
-4.374091E-06 
 1.800000E+00 
-3.621324E-06 
 1.800001E+00 
 1.850405E-05 
 1.800000E+00 
-5.828481E-08 
 1.800000E+00 
 1.800000E+00 
 1.800000E+00 
-2.721788E-05 
 6.234315E-08 
 1.800003E+00 
 1.800000E+00 
-2.505250E-08 
 1.799995E+00 
 1.492149E-08 
 1.799999E+00 
 1.800000E+00 
 3.462872E-07 
 1.800000E+00 
-2.172975E-06 
 1.800001E+00 
 3.432940E-07 
 1.800001E+00 
 1.800000E+00 
-4.704917E-07 
 1.799999E+00 
 3.327468E-07 
 1.800000E+00 
-5.449733E-08 
 1.800002E+00 
 1.800000E+00 
 3.487161E-09 
 1.800000E+00 
 2.533099E-08 
 1.800002E+00 
 1.800000E+00 
 1.766776E-06 
 1.800001E+00 
-1.389973E-06 
-3.006217E-08 
 1.800000E+00 
 1.800000E+00 
 1.800000E+00 
 4.633882E-08 
 1.800000E+00 
 8.897026E-07 
 1.800000E+00 
-2.333189E-07 
 1.800000E+00 
-1.703612E-07 
 1.800000E+00 
 1.800000E+00 
-1.756949E-06 
-2.224563E-06 
 1.800001E+00 
 1.800000E+00 
 1.800000E+00 
 7.428675E-06 
 7.102409E-06 
 1.800000E+00 
 1.800000E+00 
 4.141419E-06 
 4.078079E-06 
 1.800000E+00 
 1.800000E+00 
 1.800000E+00 
 3.397568E-06 
 2.151595E-06 
 1.800001E+00 
 1.800002E+00 
 4.547250E-06 
-4.255023E-09 
 1.800000E+00 
 1.800000E+00 
 1.799999E+00 
-1.047347E-05 
-2.882801E-05 
 1.800000E+00 
 1.738887E-07 
 1.800001E+00 
 1.800000E+00 
 3.716886E-07 
 1.800000E+00 
-4.832808E-06 
 1.800000E+00 
-1.389481E-07 
 1.800000E+00 
 1.800000E+00 
-1.069397E-06 
 1.113306E-08 
 1.800000E+00 
 1.800000E+00 
-4.977935E-06 
-5.052305E-06 
 1.800000E+00 
 1.800000E+00 
-7.757088E-08 
 1.800000E+00 
 1.800000E+00 
 3.614175E-07 
 8.915784E-09 
 1.800000E+00 
 1.028951E-08 
 1.799998E+00 
 1.800001E+00 
-4.306266E-07 
 1.800000E+00 
-2.901349E-05 
 2.000673E-08 
 1.800002E+00 
 1.800002E+00 
 1.800000E+00 
-1.428886E-06 
-1.271324E-06 
 1.800000E+00 
-3.366177E-08 
 1.800000E+00 
 1.226487E-08 
 1.800000E+00 
 1.800000E+00 
 1.401152E-06 
 6.608303E-09 
 1.800000E+00 
 1.800001E+00 
 3.242173E-06 
 1.800000E+00 
 3.327457E-06 
 2.390104E-06 
 1.800000E+00 
 1.800000E+00 
 1.800000E+00 
-4.866033E-07 
 8.243061E-09 
 8.243581E-09 
 1.800000E+00 
 1.800000E+00 
 1.800000E+00 
-5.291998E-06 
 8.522450E-09 
 1.800000E+00 
-9.125523E-09 
 1.800000E+00 
 1.800000E+00 
 1.797092E-06 
 1.621205E-06 
 1.800000E+00 
 1.151895E-08 
 1.800000E+00 
 1.799999E+00 
-3.248247E-06 
 6.436356E-09 
 1.800000E+00 
 1.800000E+00 
-3.954515E-08 
-3.866867E-08 
 1.800000E+00 
 1.800000E+00 
-1.807716E-08 
 1.800000E+00 
 9.346104E-07 
 3.886207E-07 
 1.800000E+00 
 1.800000E+00 
 3.745416E-08 
 1.800001E+00 
-1.293336E-07 
-1.050070E-07 
 1.799999E+00 
 1.800000E+00 
-7.745268E-07 
 1.800000E+00 
-1.000172E-05 
-1.043861E-05 
 1.800002E+00 
 1.800000E+00 
-6.706642E-07 
-1.224187E-06 
 1.800002E+00 
 1.800001E+00 
-5.855094E-08 
 1.800000E+00 
-8.214042E-06 
-1.655379E-07 
 1.800000E+00 
 2.621386E-09 
 1.800000E+00 
 1.800000E+00 
 4.838282E-07 
-2.487519E-09 
 1.800000E+00 
 1.800000E+00 
 5.643457E-09 
 5.633030E-09 
 1.800000E+00 
-3.162453E-05 
 1.800000E+00 
 1.200682E-05 
 1.800000E+00 
-3.080008E-07 
 1.799999E+00 
 1.799998E+00 
-8.451648E-07 
-2.913816E-07 
-2.913854E-07 
 1.800001E+00 
 1.800000E+00 
-8.749432E-07 
 1.800000E+00 
-2.143726E-09 
 8.596386E-09 
 1.800000E+00 
 1.800000E+00 
-1.627532E-09 
-2.713479E-10 
 1.800000E+00 
 1.799997E+00 
-3.764530E-08 
 1.380501E-07 
 1.800000E+00 
 2.352993E-09 
 1.800000E+00 
 2.742121E-08 
 1.799999E+00 
 2.812154E-09 
 1.800000E+00 
 5.695255E-08 
 1.800000E+00 
 1.278745E-05 
 6.804754E-09 
 1.800000E+00 
 1.800000E+00 
-6.825668E-06 
 1.702758E-07 
 1.800000E+00 
-2.379890E-09 
 1.800000E+00 
-5.823019E-08 
 1.800000E+00 
 2.076359E-07 
 1.800000E+00 
 6.624215E-07 
-7.048810E-09 
 1.800000E+00 
 1.800000E+00 
 5.598368E-06 
-1.684630E-07 
 1.800000E+00 
 2.176837E-08 
 1.800000E+00 
-7.468301E-09 
 1.800000E+00 
 8.427019E-08 
 1.800000E+00 
-3.519376E-05 
 4.332576E-08 
 1.800000E+00 
-1.126868E-06 
 1.800000E+00 
 1.800000E+00 
 8.100967E-06 
 7.114751E-06 
 7.114748E-06 
 1.800003E+00 
 1.800000E+00 
 1.484513E-07 
 6.870061E-10 
 1.800000E+00 
-1.510514E-08 
 1.800000E+00 
-3.336056E-08 
 1.800000E+00 
 3.622649E-07 
 1.800000E+00 
 1.217519E-05 
 1.183456E-05 
 1.799998E+00 
 8.277312E-09 
 1.800000E+00 
-1.103511E-08 
 1.800000E+00 
-9.014129E-09 
 9.511326E-09 
 1.800000E+00 
 1.800000E+00 
 1.043449E-07 
 9.449956E-08 
 1.799997E+00 
 1.661862E-06 
-1.974220E-08 
 1.799998E+00 
 1.800000E+00 
-3.449260E-06 
 4.298753E-09 
 1.800000E+00 
 1.520439E-06 
 8.668912E-09 
 1.800001E+00 
 1.800000E+00 
 6.252261E-07 
 5.418872E-07 
 1.800000E+00 
 1.032017E-07 
 1.553292E-08 
 1.800005E+00 
 1.800000E+00 
 3.411952E-07 
 1.804548E-07 
 1.800000E+00 
 6.058086E-07 
 1.800000E+00 
 1.012799E-07 
-2.800779E-08 
 1.800000E+00 
-5.969236E-06 
 1.800000E+00 
-1.034246E-07 
 7.452367E-09 
 1.800000E+00 
 1.800000E+00 
 9.270397E-07 
 5.271817E-09 
 5.272149E-09 
 1.800000E+00 
 1.800000E+00 
-3.458258E-07 
-2.418436E-07 
 1.800001E+00 
-2.612239E-06 
-3.892397E-06 
 1.800001E+00 
 1.800002E+00 
-2.850072E-06 
 4.482591E-09 
 4.481074E-09 
 1.800000E+00 
-1.606112E-08 
 1.800000E+00 
-1.970021E-05 
 1.800000E+00 
-6.464143E-07 
 1.800000E+00 
-6.470086E-07 
-1.904998E-07 
-1.904994E-07 
 1.800000E+00 
 1.800000E+00 
 3.115965E-07 
 6.519509E-09 
 1.800000E+00 
 3.553683E-07 
 1.212737E-06 
 1.800000E+00 
 1.800000E+00 
 7.320711E-07 
 7.411604E-09 
 7.455994E-09 
 1.800000E+00 
-4.298292E-09 
 1.800000E+00 
-5.428371E-07 
-1.960892E-07 
 1.800000E+00 
 9.605146E-09 
 1.800000E+00 
-3.945636E-09 
 1.800000E+00 
 7.518855E-05 
-8.609523E-07 
-8.609509E-07 
 1.800000E+00 
 1.800000E+00 
-1.432932E-06 
-2.847742E-07 
-2.847756E-07 
 1.800000E+00 
 1.800000E+00 
 1.588689E-07 
 1.073258E-08 
 1.073143E-08 
 1.800000E+00 
 1.800000E+00 
 1.631180E-08 
-2.176114E-08 
-2.176099E-08 
 1.800001E+00 
 4.625924E-05 
 1.800001E+00 
-1.029210E-07 
 7.434210E-09 
 1.799998E+00 
-4.897587E-08 
 4.967891E-08 
 1.800000E+00 
 1.800000E+00 
-3.202012E-07 
 5.791488E-09 
 5.736945E-09 
 1.800000E+00 
-2.950229E-07 
-6.583949E-08 
 1.799999E+00 
 1.800002E+00 
 3.341323E-05 
-2.171637E-07 
-2.171598E-07 
 1.800000E+00 
-3.639847E-06 
 4.180297E-09 
 1.800000E+00 
 1.800000E+00 
-2.564914E-08 
 7.421472E-09 
 7.423644E-09 
 7.421513E-09 
 1.800000E+00 
 1.800000E+00 
 4.207858E-06 
 4.101273E-06 
 1.800000E+00 
 4.967782E-08 
 6.830855E-09 
 1.799999E+00 
-1.634194E-09 
 4.614291E-09 
 1.800000E+00 
 8.670401E-10 
 1.799999E+00 
-9.652918E-09 
 4.761203E-09 
 1.800000E+00 
-8.793930E-08 
-5.737016E-07 
 1.800000E+00 
 8.941737E-07 
 2.847911E-07 
 1.800000E+00 
 1.542507E-07 
 1.800000E+00 
 1.517184E-06 
 1.035644E-06 
 1.799999E+00 
-2.875761E-08 
 8.924049E-09 
 8.916124E-09 
 1.800000E+00 
 1.800000E+00 
 4.178946E-05 
-8.913550E-08 
-8.914326E-08 
 1.800000E+00 
 1.780880E-07 
 6.198846E-09 
 1.800001E+00 
-7.483162E-09 
 1.800002E+00 
-2.510037E-06 
 4.745587E-09 
 4.745649E-09 
 1.800000E+00 
-6.882571E-06 
 1.800000E+00 
-1.322616E-06 
-1.317945E-06 
 1.799999E+00 
 2.556827E-06 
 2.783538E-06 
 1.800000E+00 
 8.153249E-07 
 2.318273E-08 
 1.800000E+00 
 5.035613E-06 
-8.931254E-08 
 1.800000E+00 
 5.841679E-09 
 9.147191E-09 
 1.800000E+00 
-2.150292E-06 
-2.151909E-06 
 1.800000E+00 
-1.834378E-07 
 1.800000E+00 
 4.064158E-06 
 4.534163E-06 
 4.534162E-06 
 1.800004E+00 
 3.366958E-08 
 1.802162E-08 
 1.800000E+00 
-1.851530E-08 
-1.004769E-08 
 1.800000E+00 
 7.470022E-07 
 1.800000E+00 
-2.435496E-06 
-1.616462E-07 
-1.616474E-07 
 1.800002E+00 
 1.563674E-06 
 1.484371E-06 
 1.800000E+00 
 7.220235E-08 
-1.993064E-09 
 1.799999E+00 
 3.105104E-06 
 2.314086E-06 
 1.800000E+00 
 4.124755E-08 
 4.631298E-09 
 1.800000E+00 
 2.131978E-06 
 2.203494E-06 
 2.203493E-06 
 1.800002E+00 
-3.770363E-08 
 1.800000E+00 
 6.294699E-08 
-8.396738E-10 
 1.800000E+00 
-4.925386E-06 
-4.689836E-06 
-4.689834E-06 
 1.800000E+00 
 5.285000E-07 
 6.432019E-09 
 1.800000E+00 
-1.189670E-06 
-8.162638E-09 
 1.800000E+00 
 1.167850E-07 
 3.756559E-08 
 1.800000E+00 
-4.404976E-06 
 1.491346E-08 
 1.491343E-08 
 1.800000E+00 
-2.425288E-06 
 1.800000E+00 
 8.930537E-07 
 1.494525E-06 
 1.494530E-06 
 1.800000E+00 
 2.829035E-06 
 4.361025E-09 
 1.800000E+00 
 1.275320E-07 
 5.389511E-09 
 5.389366E-09 
 1.800000E+00 
-1.299045E-07 
 1.800000E+00 
-5.216129E-06 
 8.562342E-09 
 8.589747E-09 
 1.800000E+00 
-1.652112E-05 
-4.571846E-07 
-4.572946E-07 
 1.800000E+00 
 4.989663E-07 
 1.800000E+00 
 7.262743E-05 
-6.532569E-08 
-6.533126E-08 
-6.532576E-08 
 1.800000E+00 
 1.799999E+00 
 3.161413E-06 
 3.153808E-06 
 3.153808E-06 
 3.153806E-06 
 3.153816E-06 
 1.800000E+00 
 2.377708E-09 
 1.800000E+00 
-1.433301E-07 
 5.868890E-09 
 5.868988E-09 
 1.800000E+00 
 1.641020E-08 
 7.911116E-09 
 1.800001E+00 
-1.178928E-05 
-1.040558E-05 
 1.800000E+00 
-6.652311E-09 
 7.496803E-09 
 7.495370E-09 
 7.496142E-09 
 1.799999E+00 
-4.996569E-07 
 1.800001E+00 
-2.128699E-07 
-2.275743E-07 
-2.275740E-07 
-2.275693E-07 
 1.800000E+00 
 6.496522E-06 
 1.800000E+00 
 1.929632E-08 
-3.874063E-08 
-3.873813E-08 
-3.873776E-08 
 1.800000E+00 
-1.016563E-08 
 1.799996E+00 
 4.757348E-06 
 6.136433E-09 
 6.149158E-09 
 6.136527E-09 
 1.800000E+00 
-1.102878E-05 
-3.896410E-07 
 1.800000E+00 
 2.985125E-06 
 1.144471E-06 
 1.144471E-06 
 1.800000E+00 
 4.757780E-08 
 1.257956E-08 
 1.800003E+00 
 3.120658E-06 
 5.029336E-09 
 5.029820E-09 
 5.029789E-09 
 1.799998E+00 
-1.577833E-08 
 1.800000E+00 
-1.483836E-06 
 4.859478E-09 
 4.859435E-09 
 4.859642E-09 
 1.800000E+00 
-1.833122E-06 
 5.351530E-09 
 5.351541E-09 
 1.800000E+00 
 2.220534E-08 
 1.799999E+00 
-2.931048E-07 
-2.494141E-07 
-2.494139E-07 
-2.494142E-07 
-2.494140E-07 
 1.800000E+00 
-2.151632E-08 
 1.015757E-08 
 1.800000E+00 
-2.686407E-07 
 2.062732E-07 
 1.800000E+00 
 5.297198E-06 
-4.653955E-08 
-4.653829E-08 
-4.654012E-08 
 1.799999E+00 
 6.475252E-08 
 9.378115E-08 
 9.378169E-08 
 1.800000E+00 
-5.166438E-08 
-4.868447E-08 
 1.800000E+00 
-2.203702E-09 
-1.891428E-07 
-1.891428E-07 
-1.891408E-07 
 1.800000E+00 
-8.766885E-08 
 8.337606E-09 
 1.800000E+00 
 5.539866E-07 
 6.373465E-07 
 6.373506E-07 
 6.373495E-07 
 1.800000E+00 
 1.216232E-06 
 1.384407E-06 
 1.800000E+00 
-5.279794E-07 
-3.954493E-08 
-3.954516E-08 
-3.954115E-08 
 1.800001E+00 
 2.794601E-07 
 6.664362E-08 
 1.800000E+00 
-4.545907E-09 
 8.753572E-09 
 8.753993E-09 
 8.752953E-09 
 8.733967E-09 
 1.799999E+00 
-9.054693E-06 
 1.800000E+00 
-8.640454E-08 
-5.612434E-08 
-5.609247E-08 
-5.610845E-08 
-5.609896E-08 
 1.800001E+00 
-7.293052E-07 
 4.060843E-08 
 1.800001E+00 
-7.069720E-08 
 3.155730E-09 
 3.155361E-09 
 3.161192E-09 
 1.800000E+00 
 1.070850E-06 
 2.236088E-08 
 2.235950E-08 
 1.800000E+00 
 1.743632E-05 
 9.992915E-07 
 9.992936E-07 
 1.800000E+00 
-2.473191E-07 
-2.525481E-07 
-2.525428E-07 
-2.525315E-07 
 1.800000E+00 
-2.279894E-06 
 6.505755E-08 
 1.800000E+00 
 1.492394E-07 
 6.160217E-07 
 6.160289E-07 
 6.160217E-07 
 6.160221E-07 
 1.800000E+00 
 6.480048E-07 
 6.768342E-09 
 6.736502E-09 
 1.800002E+00 
 4.119588E-07 
-6.824142E-09 
-6.829931E-09 
-6.840951E-09 
 1.800000E+00 
-1.395838E-05 
 7.066996E-08 
 1.800000E+00 
 7.984151E-08 
 7.565849E-09 
 7.571727E-09 
 7.566237E-09 
 7.554346E-09 
 1.799998E+00 
-7.862380E-07 
 6.697175E-09 
 6.697314E-09 
 1.800000E+00 
 1.934457E-06 
 9.670134E-09 
 9.668773E-09 
 9.665928E-09 
 1.800000E+00 
 3.219956E-06 
 8.226129E-09 
 8.225934E-09 
 1.799999E+00 
 5.340991E-05 
-4.969730E-08 
-4.969733E-08 
-4.969293E-08 
 1.800000E+00 
 2.139030E-07 
 2.117201E-07 
 2.117422E-07 
 2.117447E-07 
 1.800001E+00 
-8.365784E-06 
 1.885937E-08 
 1.886623E-08 
 1.883327E-08 
 1.800002E+00 
 3.856650E-08 
-4.819420E-09 
-4.815432E-09 
 1.800000E+00 
-4.819822E-06 
-4.864456E-06 
-4.864457E-06 
-4.864455E-06 
 1.800000E+00 
 1.830552E-06 
 9.100740E-09 
 9.099205E-09 
 9.100848E-09 
 9.100887E-09 
 1.800000E+00 
-1.166018E-07 
-1.680926E-07 
 1.800000E+00 
 7.062194E-08 
 7.038414E-08 
 7.037990E-08 
 7.038305E-08 
 7.038368E-08 
 7.038282E-08 
 1.800000E+00 
 2.162649E-05 
-6.420253E-07 
-6.420255E-07 
 1.800001E+00 
 1.749522E-06 
-9.450608E-06 
-9.450608E-06 
-9.450609E-06 
-9.450608E-06 
 1.800000E+00 
 5.211457E-08 
 1.451986E-08 
 1.452142E-08 
 1.800000E+00 
-5.687801E-08 
 1.422706E-07 
 1.422682E-07 
 1.422705E-07 
 1.422708E-07 
 1.800000E+00 
-6.910728E-08 
-4.706779E-07 
-4.706808E-07 
 1.800000E+00 
 3.803918E-08 
-3.149582E-09 
-3.152444E-09 
-3.151839E-09 
-3.149411E-09 
-3.149979E-09 
 1.800000E+00 
 8.539573E-08 
 6.810441E-08 
 6.810440E-08 
 1.800000E+00 
-4.658323E-06 
-3.986349E-06 
-3.986350E-06 
-3.986349E-06 
-3.986349E-06 
 1.800000E+00 
-6.461938E-07 
 6.258168E-09 
 6.257179E-09 
 6.256265E-09 
 6.292097E-09 
 1.800000E+00 
 4.769968E-08 
-2.301597E-08 
-2.301612E-08 
 1.800000E+00 
 1.567066E-05 
-1.510201E-08 
-1.509864E-08 
-1.510177E-08 
-1.510211E-08 
-1.510204E-08 
 1.799999E+00 
-4.638621E-08 
-2.137024E-07 
-2.137018E-07 
-2.137027E-07 
 1.800000E+00 
 3.340158E-06 
 2.315595E-06 
 2.315592E-06 
 2.315594E-06 
 1.800001E+00 
 7.430481E-06 
-1.008704E-07 
-1.008708E-07 
-1.008703E-07 
-1.008701E-07 
-1.008705E-07 
 1.800000E+00 
-4.013073E-07 
-9.473526E-07 
-9.473384E-07 
-9.473759E-07 
 1.800000E+00 
 1.034415E-07 
 6.178256E-09 
 6.180271E-09 
 6.178867E-09 
 6.180904E-09 
 1.800000E+00 
 5.239220E-07 
 4.144723E-09 
 4.144546E-09 
 4.143672E-09 
 4.143354E-09 
 1.800000E+00 
 6.127881E-06 
 6.304139E-06 
 6.304139E-06 
 6.304138E-06 
 6.304138E-06 
 1.800000E+00 
 2.429464E-08 
 2.003434E-08 
 2.003439E-08 
 2.003488E-08 
 1.800000E+00 
-1.079405E-07 
 4.474317E-08 
 4.474438E-08 
 4.473830E-08 
 4.474506E-08 
 4.475181E-08 
 4.474514E-08 
 1.799999E+00 
 1.909502E-07 
 6.831117E-09 
 6.830300E-09 
 1.800000E+00 
-1.991135E-06 
-2.644931E-07 
-2.644885E-07 
-2.644889E-07 
-2.644917E-07 
-2.644936E-07 
-2.644901E-07 
 1.799999E+00 
-1.452599E-07 
 9.454163E-09 
 9.452596E-09 
 9.457338E-09 
 9.457967E-09 
 1.800004E+00 
 2.927566E-07 
-8.571647E-09 
-8.571841E-09 
-8.571985E-09 
-8.571996E-09 
 1.800001E+00 
 6.930830E-06 
 6.407705E-06 
 6.407702E-06 
 6.407705E-06 
 6.407707E-06 
 1.800000E+00 
-5.124025E-07 
-2.930798E-09 
-2.931182E-09 
-2.932191E-09 
-2.931768E-09 
-2.932031E-09 
 1.800001E+00 
-1.645674E-07 
-2.628497E-07 
-2.628494E-07 
-2.628481E-07 
-2.628521E-07 
-2.628815E-07 
 1.800001E+00 
 2.658155E-08 
 7.488639E-09 
 7.542081E-09 
 7.491168E-09 
 7.487967E-09 
 1.800000E+00 
 9.271729E-07 
-1.178703E-05 
-1.178703E-05 
-1.178703E-05 
-1.178703E-05 
-1.178703E-05 
 1.800000E+00 
-4.959855E-07 
-2.765018E-08 
-2.763440E-08 
-2.763467E-08 
-2.763266E-08 
-2.767281E-08 
 1.800000E+00 
-2.719376E-07 
-1.894802E-07 
-1.894748E-07 
-1.894736E-07 
-1.894676E-07 
-1.894735E-07 
 1.800000E+00 
-1.578625E-05 
-1.587721E-05 
-1.587720E-05 
-1.587720E-05 
-1.587721E-05 
 1.800000E+00 
 1.545384E-08 
-1.098376E-08 
-1.099605E-08 
-1.098418E-08 
-1.098276E-08 
-1.098221E-08 
-1.098535E-08 
-1.098384E-08 
 1.800000E+00 
 3.276280E-06 
 3.894457E-06 
 3.894453E-06 
 3.894448E-06 
 1.800000E+00 
 2.401348E-08 
 5.173422E-09 
 5.174534E-09 
 5.185555E-09 
 5.174682E-09 
 5.174322E-09 
 5.174866E-09 
 5.174527E-09 
 1.799999E+00 
-4.064485E-05 
 7.414831E-08 
 7.414497E-08 
 7.415121E-08 
 7.414888E-08 
 1.800000E+00 
-3.229999E-07 
 3.060072E-09 
 3.063799E-09 
 3.062521E-09 
 3.060710E-09 
 3.062540E-09 
 3.062404E-09 
 1.800000E+00 
-1.689776E-07 
 6.930739E-09 
 6.929185E-09 
 6.926010E-09 
 6.939811E-09 
 6.929967E-09 
 6.929627E-09 
 1.800000E+00 
 3.682467E-07 
 9.285316E-09 
 9.285717E-09 
 9.285603E-09 
 9.285499E-09 
 9.314597E-09 
 1.800000E+00 
 6.810164E-06 
 3.587398E-08 
 3.587191E-08 
 3.587292E-08 
 3.587260E-08 
 3.587065E-08 
 3.587070E-08 
 1.800000E+00 
-9.139463E-07 
-4.733449E-07 
-4.733451E-07 
-4.733452E-07 
-4.733453E-07 
-4.733449E-07 
 1.800000E+00 
 8.598018E-07 
 1.062504E-06 
 1.062504E-06 
 1.062504E-06 
 1.062500E-06 
 1.062503E-06 
 1.062504E-06 
 1.062473E-06 
 1.799999E+00 
 2.417044E-05 
 1.023177E-05 
 1.023176E-05 
 1.023176E-05 
 1.023176E-05 
 1.023176E-05 
 1.023176E-05 
 1.800000E+00 
-1.285960E-05 
 2.708856E-08 
 2.708920E-08 
 2.708133E-08 
 2.708881E-08 
 2.708881E-08 
 1.800000E+00 
-1.112140E-05 
-1.065096E-05 
-1.065098E-05 
-1.065096E-05 
-1.065096E-05 
-1.065096E-05 
-1.065096E-05 
-1.065096E-05 
 1.800001E+00 
-1.521422E-06 
 4.676957E-09 
 4.678330E-09 
 4.675815E-09 
 4.676760E-09 
 4.676144E-09 
 4.676019E-09 
 1.799998E+00 
-8.693760E-06 
-5.163543E-08 
-5.163613E-08 
-5.163133E-08 
-5.163767E-08 
-5.163559E-08 
-5.163560E-08 
-5.163588E-08 
 1.800000E+00 
 4.691997E-06 
 4.691853E-06 
 4.691873E-06 
 4.691873E-06 
 4.691873E-06 
 4.691873E-06 
 1.800000E+00 
-4.108174E-07 
 1.985062E-09 
 1.984870E-09 
 1.984581E-09 
 1.978314E-09 
 1.984909E-09 
 1.984662E-09 
 1.985577E-09 
 1.984981E-09 
 1.987796E-09 
 1.799998E+00 
 7.248824E-08 
-2.388134E-08 
-2.388121E-08 
-2.388089E-08 
 1.800000E+00 
 2.429553E-06 
 8.753865E-09 
 8.753736E-09 
 8.751049E-09 
 8.754482E-09 
 8.754405E-09 
 8.753864E-09 
 8.754278E-09 
 8.748666E-09 
 8.753734E-09 
 8.753800E-09 
 8.753792E-09 
 1.800000E+00 
-1.492070E-06 
-1.136288E-06 
-1.136290E-06 
-1.136284E-06 
-1.136286E-06 
 1.800000E+00 
 7.571169E-06 
 8.346021E-06 
 8.346034E-06 
 8.346030E-06 
 8.346031E-06 
 8.346032E-06 
 8.346029E-06 
 8.346030E-06 
 8.346029E-06 
 8.346030E-06 
 1.800000E+00 
 2.859912E-07 
-2.222671E-08 
-2.222648E-08 
-2.217566E-08 
-2.222594E-08 
 1.799998E+00 
-2.818250E-07 
-1.014678E-07 
-1.014675E-07 
-1.014674E-07 
-1.014678E-07 
-1.014678E-07 
-1.014677E-07 
-1.014684E-07 
-1.014677E-07 
-1.014725E-07 
-1.014666E-07 
-1.014655E-07 
 1.800000E+00 
 1.019918E-07 
 7.384980E-09 
 7.387550E-09 
 7.387551E-09 
 7.385710E-09 
 1.800000E+00 
-4.538947E-08 
-1.598358E-08 
-1.598497E-08 
-1.598401E-08 
-1.598220E-08 
-1.599135E-08 
-1.598053E-08 
-1.598283E-08 
-1.598361E-08 
-1.598492E-08 
-1.598608E-08 
 1.800000E+00 
-3.049742E-06 
-3.076149E-06 
-3.076152E-06 
-3.076151E-06 
-3.076154E-06 
-3.076151E-06 
 1.800000E+00 
-8.532726E-06 
 5.886266E-07 
 5.886029E-07 
 5.886360E-07 
 5.886488E-07 
 5.886361E-07 
 5.886416E-07 
 5.886312E-07 
 5.886348E-07 
 5.886362E-07 
 5.886327E-07 
 1.800000E+00 
-7.551054E-06 
 1.619174E-05 
 1.619174E-05 
 1.619174E-05 
 1.619174E-05 
 1.619174E-05 
 1.800001E+00 
-4.765764E-08 
 5.914527E-09 
 5.913999E-09 
 5.914845E-09 
 5.910090E-09 
 5.914030E-09 
 5.914427E-09 
 5.917319E-09 
 5.914090E-09 
 5.914161E-09 
 5.914481E-09 
 1.800000E+00 
 1.105016E-08 
 1.389374E-07 
 1.389422E-07 
 1.389433E-07 
 1.389424E-07 
 1.389426E-07 
 1.799995E+00 
-9.134034E-06 
-2.294065E-05 
-2.294065E-05 
-2.294065E-05 
-2.294064E-05 
-2.294065E-05 
-2.294065E-05 
-2.294065E-05 
-2.294064E-05 
-2.294064E-05 
-2.294065E-05 
-2.294052E-05 
 1.800000E+00 
-4.004748E-07 
 1.871024E-09 
 1.872595E-09 
 1.859493E-09 
 1.872787E-09 
 1.871690E-09 
 1.800000E+00 
-1.181537E-07 
-3.780153E-09 
-3.780617E-09 
-3.777853E-09 
-3.780779E-09 
-3.778588E-09 
-3.768072E-09 
-3.780232E-09 
-3.780971E-09 
-3.772045E-09 
-3.780564E-09 
 1.800000E+00 
-2.735564E-06 
 6.826977E-09 
 6.828818E-09 
 6.829463E-09 
 6.829597E-09 
 6.829469E-09 
 6.829513E-09 
 6.829183E-09 
 1.800005E+00 
-1.618191E-05 
 6.640669E-08 
 6.641095E-08 
 6.641074E-08 
 6.641201E-08 
 6.641069E-08 
 6.644394E-08 
 6.641037E-08 
 6.641062E-08 
 1.800000E+00 
-1.228385E-05 
 4.898133E-08 
 4.897878E-08 
 4.898193E-08 
 4.898196E-08 
 4.898142E-08 
 4.898116E-08 
 4.898137E-08 
 4.898162E-08 
 1.800000E+00 
-1.712831E-07 
 2.866419E-07 
 2.866420E-07 
 2.866421E-07 
 2.866419E-07 
 2.866407E-07 
 2.866387E-07 
 2.866417E-07 
 2.866419E-07 
 1.800000E+00 
-6.134365E-06 
-6.185952E-06 
-6.185950E-06 
-6.185950E-06 
-6.185950E-06 
-6.185950E-06 
-6.185950E-06 
-6.185935E-06 
-6.185950E-06 
 1.800000E+00 
-2.111350E-05 
-1.482338E-05 
-1.482338E-05 
-1.482338E-05 
-1.482337E-05 
-1.482338E-05 
-1.482338E-05 
-1.482338E-05 
-1.482338E-05 
-1.482338E-05 
 1.800000E+00 
-5.952774E-05 
-1.308595E-05 
-1.308594E-05 
-1.308594E-05 
-1.308594E-05 
-1.308594E-05 
-1.308594E-05 
 1.800000E+00 
 3.714115E-06 
 9.594360E-09 
 9.589839E-09 
 9.596105E-09 
 9.595055E-09 
 9.593720E-09 
 9.596015E-09 
 9.593719E-09 
 9.597668E-09 
 9.596169E-09 
 9.596026E-09 
 9.595933E-09 
 1.800000E+00 
-1.366677E-06 
-1.355173E-06 
-1.355173E-06 
-1.355175E-06 
-1.355173E-06 
-1.355164E-06 
 1.800000E+00 
-3.436420E-06 
-2.518513E-06 
-2.518513E-06 
-2.518511E-06 
-2.518512E-06 
-2.518515E-06 
-2.518511E-06 
-2.518554E-06 
-2.518513E-06 
-2.518511E-06 
-2.518512E-06 
-2.518511E-06 
 1.800000E+00 
-3.343288E-07 
 2.660592E-09 
 2.665275E-09 
 2.664724E-09 
 2.665542E-09 
 2.664670E-09 
 1.800000E+00 
-1.448355E-06 
 6.552899E-09 
 6.572585E-09 
 6.592790E-09 
 6.572382E-09 
 6.569266E-09 
 6.573764E-09 
 6.545639E-09 
 6.571818E-09 
 6.571919E-09 
 6.564224E-09 
 6.572144E-09 
 1.800000E+00 
 1.749850E-06 
 1.740569E-06 
 1.740569E-06 
 1.740586E-06 
 1.740569E-06 
 1.740590E-06 
 1.800000E+00 
-2.109233E-08 
 9.442689E-07 
 9.442647E-07 
 9.442670E-07 
 9.442686E-07 
 9.442679E-07 
 9.442681E-07 
 9.442686E-07 
 9.442686E-07 
 9.442690E-07 
 9.442696E-07 
 9.439986E-07 
 1.800000E+00 
 1.800130E-07 
 1.783304E-07 
 1.783297E-07 
 1.783309E-07 
 1.783329E-07 
 1.800000E+00 
 7.207705E-06 
-8.894303E-09 
-8.891005E-09 
-8.892047E-09 
-8.893144E-09 
-8.891239E-09 
-8.891832E-09 
-8.891494E-09 
-8.891461E-09 
-8.884415E-09 
-8.899842E-09 
-8.892031E-09 
-8.891463E-09 
 1.800000E+00 
 5.636331E-06 
 3.033701E-09 
 3.029654E-09 
 3.034902E-09 
 3.034324E-09 
 1.800000E+00 
 3.031035E-05 
-2.783827E-05 
-2.783826E-05 
-2.783827E-05 
-2.783827E-05 
-2.783827E-05 
-2.783827E-05 
-2.783827E-05 
-2.783827E-05 
-2.783827E-05 
-2.783827E-05 
-2.783827E-05 
 1.800000E+00 
-5.381307E-06 
-5.615329E-10 
-5.636169E-10 
-5.627245E-10 
-5.636259E-10 
-5.636915E-10 
 1.800000E+00 
 4.725555E-08 
 1.605475E-08 
 1.605425E-08 
 1.605426E-08 
 1.605431E-08 
 1.605416E-08 
 1.605476E-08 
 1.605514E-08 
 1.605416E-08 
 1.605504E-08 
 1.800000E+00 
 1.408650E-05 
 1.374819E-05 
 1.374819E-05 
 1.374819E-05 
 1.374819E-05 
 1.374819E-05 
 1.374819E-05 
 1.374819E-05 
 1.800000E+00 
-9.585183E-07 
 8.799758E-09 
 8.803282E-09 
 8.799552E-09 
 8.797766E-09 
 8.801413E-09 
 8.801804E-09 
 8.801688E-09 
 1.799999E+00 
-3.858235E-06 
-4.120107E-06 
-4.120106E-06 
-4.120101E-06 
-4.120108E-06 
-4.120107E-06 
-4.120105E-06 
-4.120107E-06 
 1.800000E+00 
-6.000472E-08 
-6.437108E-08 
-6.437605E-08 
-6.436861E-08 
-6.436990E-08 
-6.436951E-08 
-6.436943E-08 
-6.436941E-08 
-6.436948E-08 
 1.800000E+00 
-1.207365E-05 
 4.539553E-08 
 4.539569E-08 
 4.539659E-08 
 4.539624E-08 
 4.539545E-08 
 4.539581E-08 
 4.539538E-08 
 1.800001E+00 
-1.343125E-06 
-8.304136E-07 
-8.304137E-07 
-8.304134E-07 
-8.304140E-07 
-8.304140E-07 
-8.304138E-07 
-8.304137E-07 
 1.800003E+00 
 3.360229E-07 
-4.947991E-08 
-4.948015E-08 
-4.948620E-08 
-4.947548E-08 
-4.944981E-08 
-4.948133E-08 
 1.800000E+00 
-2.376199E-07 
 1.375186E-09 
 1.373936E-09 
 1.375300E-09 
 1.373622E-09 
 1.375079E-09 
 1.374950E-09 
 1.374918E-09 
 1.375166E-09 
 1.800000E+00 
-8.688802E-06 
 6.781419E-09 
 6.784115E-09 
 6.815135E-09 
 6.784285E-09 
 6.784022E-09 
 1.800000E+00 
-1.228721E-06 
-6.035715E-07 
-6.035731E-07 
-6.035692E-07 
-6.035633E-07 
-6.035694E-07 
-6.035721E-07 
-6.035750E-07 
-6.035704E-07 
-6.035717E-07 
 1.800000E+00 
 2.143016E-06 
 2.298428E-06 
 2.298420E-06 
 2.298412E-06 
 2.298418E-06 
 1.800000E+00 
-1.485824E-06 
 6.448717E-09 
 6.534566E-09 
 6.448961E-09 
 6.425990E-09 
 6.449000E-09 
 6.446843E-09 
 6.449260E-09 
 6.448984E-09 
 6.448348E-09 
 1.799998E+00 
 4.036218E-06 
 1.628422E-08 
 1.628460E-08 
 1.628463E-08 
 1.800000E+00 
-5.057364E-07 
 6.256741E-09 
 6.257080E-09 
 6.258351E-09 
 6.256740E-09 
 6.257536E-09 
 6.257661E-09 
 6.258580E-09 
 6.315442E-09 
 6.257982E-09 
 6.257273E-09 
 1.800000E+00 
 1.412434E-06 
-1.106794E-07 
-1.106947E-07 
 1.800000E+00 
 6.937380E-05 
-2.470695E-07 
-2.470700E-07 
-2.470700E-07 
-2.470631E-07 
-2.470701E-07 
-2.470701E-07 
-2.470249E-07 
-2.470701E-07 
-2.470698E-07 
-2.470698E-07 
 1.800000E+00 
-1.034930E-07 
-1.333569E-07 
-1.333596E-07 
-1.332000E-07 
 1.800000E+00 
-7.616519E-07 
-7.879515E-07 
-7.879515E-07 
-7.879535E-07 
-7.879521E-07 
-7.879575E-07 
-7.879513E-07 
-7.879509E-07 
-7.879501E-07 
 1.800000E+00 
 2.529443E-06 
 1.098905E-08 
 1.098910E-08 
 1.098398E-08 
 1.112374E-08 
 1.800000E+00 
-5.865132E-08 
 9.065379E-09 
 9.067663E-09 
 9.070690E-09 
 9.069828E-09 
 9.064483E-09 
 9.069386E-09 
 1.800002E+00 
-9.108288E-07 
-3.383941E-08 
-3.383728E-08 
-3.383933E-08 
-3.383691E-08 
-3.383744E-08 
-3.383700E-08 
 1.800000E+00 
-1.372360E-06 
-4.351034E-07 
-4.351049E-07 
-4.351126E-07 
-4.351040E-07 
-4.351065E-07 
 1.800000E+00 
 4.354516E-09 
 2.984753E-09 
 2.995960E-09 
 2.986708E-09 
 2.980760E-09 
 2.984770E-09 
 2.984389E-09 
 1.800000E+00 
 5.301564E-07 
 1.212413E-08 
 1.213728E-08 
 1.212214E-08 
 1.212500E-08 
 1.800000E+00 
-1.248919E-07 
 9.058984E-09 
 9.076355E-09 
 9.057913E-09 
 9.058793E-09 
 9.058801E-09 
 9.062245E-09 
 9.059382E-09 
 1.800000E+00 
-5.797398E-07 
-1.299261E-07 
-1.299329E-07 
-1.299234E-07 
 1.800000E+00 
 7.830709E-07 
 6.330424E-09 
 6.325636E-09 
 6.326577E-09 
 6.313436E-09 
 6.319150E-09 
 6.325353E-09 
 6.328168E-09 
 1.800000E+00 
 5.348496E-09 
 7.440981E-09 
 7.440923E-09 
 7.442156E-09 
 1.800000E+00 
 1.377803E-06 
 2.125580E-08 
 2.126285E-08 
 2.126167E-08 
 2.126378E-08 
 2.126178E-08 
 2.130795E-08 
 2.126418E-08 
 1.799998E+00 
-5.907173E-08 
 2.457657E-08 
 2.458444E-08 
 1.799998E+00 
 7.189768E-06 
 4.239035E-06 
 4.239034E-06 
 4.239034E-06 
 4.239035E-06 
 4.239034E-06 
 4.239035E-06 
 4.239033E-06 
 1.800001E+00 
-3.728835E-08 
 7.629819E-09 
 7.626241E-09 
 7.629681E-09 
 7.626488E-09 
 1.800000E+00 
-5.629355E-06 
-8.407390E-06 
-8.407390E-06 
-8.407389E-06 
-8.407388E-06 
 1.800000E+00 
-1.093473E-06 
-9.816390E-07 
-9.816400E-07 
-9.816381E-07 
-9.816391E-07 
-9.816394E-07 
 1.800000E+00 
-2.030409E-06 
 6.029054E-09 
 6.029621E-09 
 6.028594E-09 
 6.030070E-09 
 1.800000E+00 
 3.147491E-09 
 3.173174E-09 
 3.176809E-09 
 3.181364E-09 
 3.174837E-09 
 3.174438E-09 
 1.800001E+00 
-5.463195E-07 
-7.053014E-08 
-7.050777E-08 
-7.053472E-08 
 1.800000E+00 
 5.191972E-08 
 3.202389E-08 
 3.202718E-08 
 3.202882E-08 
 3.202759E-08 
 3.202830E-08 
 1.800000E+00 
-2.653884E-07 
-1.492025E-08 
-1.492179E-08 
-1.492025E-08 
-1.492187E-08 
 1.800000E+00 
-3.460113E-07 
-1.059935E-08 
-1.060095E-08 
-1.060086E-08 
-1.059923E-08 
 1.800000E+00 
 6.383550E-05 
 3.662061E-08 
 3.662552E-08 
 3.661932E-08 
 3.661936E-08 
 1.800000E+00 
 5.799938E-06 
-1.688779E-07 
-1.688643E-07 
-1.688756E-07 
-1.688733E-07 
 1.800000E+00 
 2.750675E-05 
-5.606706E-09 
-5.607742E-09 
-5.606600E-09 
-5.611206E-09 
 1.799998E+00 
-8.095341E-08 
-1.013767E-07 
-1.013791E-07 
-1.013802E-07 
 1.800000E+00 
 1.819185E-06 
 9.391721E-09 
 9.389818E-09 
 9.391447E-09 
 9.391245E-09 
 9.391248E-09 
 1.800000E+00 
 8.645612E-07 
-1.213016E-05 
-1.213015E-05 
 1.800000E+00 
 4.186254E-08 
 1.320062E-08 
 1.320034E-08 
 1.319968E-08 
 1.320132E-08 
 1.320113E-08 
 1.800000E+00 
 2.877179E-07 
 4.187902E-07 
 4.187885E-07 
 4.188159E-07 
 1.800000E+00 
 1.892431E-05 
-1.090677E-07 
-1.090663E-07 
-1.090666E-07 
 1.800000E+00 
 1.981686E-05 
 1.840997E-06 
 1.840993E-06 
 1.840986E-06 
 1.840995E-06 
 1.840986E-06 
 1.800000E+00 
 1.115465E-07 
 8.709492E-08 
 1.800000E+00 
 1.662078E-07 
-1.184589E-08 
-1.184968E-08 
-1.184565E-08 
-1.184595E-08 
-1.185284E-08 
-1.184590E-08 
 1.800000E+00 
 5.991084E-08 
 6.553907E-08 
 1.800000E+00 
 3.206297E-07 
 2.673565E-07 
 2.673563E-07 
 2.673548E-07 
 2.673762E-07 
 2.673571E-07 
 1.800000E+00 
 2.757739E-06 
 6.728591E-09 
 6.728301E-09 
 1.800000E+00 
 8.237026E-07 
 1.127906E-06 
 1.127909E-06 
 1.127895E-06 
 1.127900E-06 
 1.800000E+00 
 1.459752E-09 
 5.321838E-09 
 5.322518E-09 
 1.800000E+00 
 7.651490E-06 
 6.302467E-09 
 6.307426E-09 
 6.304370E-09 
 6.303324E-09 
 6.306002E-09 
 1.799996E+00 
 3.008723E-08 
 1.800000E+00 
-6.392252E-06 
-9.595593E-08 
-9.601136E-08 
-9.600309E-08 
-9.599003E-08 
-9.599664E-08 
-9.599561E-08 
 1.800000E+00 
-5.059912E-08 
 7.444083E-09 
 1.800000E+00 
 2.314064E-06 
 9.569608E-09 
 9.566088E-09 
 9.566358E-09 
 9.567453E-09 
 1.800001E+00 
-1.070561E-05 
-1.125331E-05 
-1.125331E-05 
 1.800000E+00 
 5.063194E-06 
 4.999070E-06 
 4.999065E-06 
 4.999070E-06 
 1.800000E+00 
-1.215656E-05 
 3.503736E-08 
 3.503656E-08 
 3.503640E-08 
 1.800005E+00 
 2.642363E-06 
 8.456412E-09 
 8.458190E-09 
 8.456495E-09 
 1.800000E+00 
-3.237883E-06 
 8.507856E-09 
 8.507937E-09 
 1.800000E+00 
 6.173451E-06 
 5.978066E-06 
 5.978066E-06 
 5.978067E-06 
 1.800000E+00 
 1.801779E-08 
-1.471248E-08 
-1.469717E-08 
 1.800000E+00 
 5.068159E-07 
 6.237226E-09 
 6.236677E-09 
 6.238251E-09 
 6.241819E-09 
 1.800000E+00 
 1.593518E-07 
 1.800000E+00 
 6.758517E-06 
 7.027923E-07 
 7.027929E-07 
 7.027935E-07 
 7.027936E-07 
 7.027927E-07 
 1.800000E+00 
-1.403389E-05 
-1.128464E-06 
-1.128463E-06 
 1.800000E+00 
-8.283333E-06 
 1.369383E-08 
 1.800000E+00 
-6.522696E-07 
 7.376140E-09 
 7.376178E-09 
 7.376365E-09 
 7.376592E-09 
 1.799998E+00 
 2.138433E-06 
 6.611193E-09 
 1.800000E+00 
 8.764217E-07 
 8.922190E-07 
 8.922159E-07 
 8.922209E-07 
 8.922215E-07 
 1.800000E+00 
 1.384234E-07 
 1.800000E+00 
 9.047027E-07 
 1.053784E-06 
 1.053785E-06 
 1.053785E-06 
 1.053784E-06 
 1.053785E-06 
 1.799998E+00 
 1.800000E+00 
 5.222651E-06 
 5.962658E-09 
 5.962662E-09 
 5.962802E-09 
 5.962711E-09 
 5.962286E-09 
 1.800000E+00 
-2.355407E-08 
 1.127329E-08 
 1.800000E+00 
 2.988337E-07 
 5.563093E-09 
 5.561227E-09 
 5.563336E-09 
 1.800000E+00 
 9.491204E-09 
 1.800000E+00 
-6.902156E-07 
-3.422503E-08 
-3.422514E-08 
-3.422702E-08 
-3.422476E-08 
-3.422553E-08 
 1.800000E+00 
 1.800000E+00 
 3.464352E-06 
 3.626366E-06 
 3.626370E-06 
 3.626364E-06 
 3.626364E-06 
 3.626365E-06 
 1.800000E+00 
 1.800000E+00 
 3.197082E-09 
 4.501301E-09 
 4.501600E-09 
 4.501806E-09 
 4.498335E-09 
 4.502316E-09 
 1.800000E+00 
 1.800000E+00 
-2.897576E-07 
-3.091595E-08 
-3.090815E-08 
-3.090751E-08 
-3.090827E-08 
 1.800002E+00 
-3.820587E-05 
-9.013601E-07 
-9.013660E-07 
 1.800000E+00 
-1.368779E-08 
 1.800000E+00 
 3.224433E-06 
 1.369448E-08 
 1.369423E-08 
 1.369423E-08 
 1.369435E-08 
 1.800000E+00 
-4.106944E-07 
 1.800000E+00 
 6.314939E-07 
-6.363917E-08 
-6.363494E-08 
-6.363693E-08 
 1.800000E+00 
 2.120813E-06 
 7.804268E-07 
 1.800002E+00 
 4.162065E-06 
 8.478165E-09 
 8.478377E-09 
 8.488326E-09 
 1.800001E+00 
-1.647297E-05 
 1.800006E+00 
-1.650661E-06 
-2.590533E-07 
-2.590611E-07 
-2.590531E-07 
 1.800000E+00 
-2.639378E-07 
 4.094820E-07 
 1.800000E+00 
 1.448596E-07 
 2.747214E-08 
 2.746929E-08 
 1.799999E+00 
-2.652651E-07 
 5.869178E-09 
 1.800001E+00 
-1.084740E-07 
 9.273593E-09 
 9.265701E-09 
 9.268828E-09 
 1.800000E+00 
-4.991203E-08 
 1.800000E+00 
 9.855227E-08 
 1.032767E-08 
 1.035653E-08 
 1.033017E-08 
 1.800000E+00 
-9.746352E-09 
 1.800000E+00 
 2.035807E-08 
 4.417238E-07 
 4.417244E-07 
 4.417242E-07 
 1.800000E+00 
 1.097062E-05 
 1.139815E-06 
 1.800000E+00 
-4.719019E-08 
 4.632885E-09 
 1.800000E+00 
 3.840653E-07 
 6.276926E-09 
 6.275468E-09 
 1.800000E+00 
 1.412467E-05 
 1.417422E-05 
 1.417422E-05 
 1.800000E+00 
 9.281973E-06 
 1.800000E+00 
-3.174909E-07 
-2.238206E-07 
-2.238189E-07 
-2.238231E-07 
 1.800000E+00 
 1.800001E+00 
-1.249181E-07 
 2.158649E-07 
 2.158659E-07 
 2.158674E-07 
 2.158663E-07 
 1.800000E+00 
 8.418454E-07 
 1.800000E+00 
 3.480455E-05 
-4.222887E-08 
-4.222821E-08 
 1.800000E+00 
 7.592017E-07 
 1.818088E-09 
 1.800000E+00 
-8.354628E-06 
-8.057628E-06 
 1.800000E+00 
 3.956493E-06 
 3.834813E-06 
 3.834813E-06 
 1.800000E+00 
-1.924744E-06 
 5.968833E-09 
 1.800001E+00 
-6.162107E-07 
 6.271537E-09 
 1.800000E+00 
-5.951382E-07 
-5.951620E-07 
-5.951615E-07 
 1.800000E+00 
-8.294687E-07 
 1.799994E+00 
-4.791271E-06 
-5.358631E-06 
-5.358631E-06 
 1.800001E+00 
-4.220735E-08 
 4.048275E-09 
 1.800000E+00 
 8.264078E-07 
 8.248405E-09 
 1.800000E+00 
-3.981791E-07 
-3.983257E-07 
-3.983258E-07 
 1.800003E+00 
 1.500215E-08 
 1.800002E+00 
-9.298334E-06 
-8.288757E-06 
-8.288759E-06 
 1.800000E+00 
 6.672162E-08 
 2.398338E-09 
 1.800000E+00 
-7.075015E-06 
 2.154840E-08 
 1.800001E+00 
 1.293468E-07 
-9.629890E-09 
 1.800000E+00 
 3.688424E-06 
 2.690739E-07 
 1.800000E+00 
 4.744403E-07 
 5.448807E-07 
 1.800000E+00 
-2.591045E-05 
 8.000576E-07 
 1.800000E+00 
 3.549694E-08 
-2.947810E-08 
-2.947837E-08 
 1.800000E+00 
 1.800000E+00 
 5.809770E-07 
 3.351744E-07 
 3.351738E-07 
 3.351744E-07 
 1.800000E+00 
-1.002494E-06 
-2.714778E-07 
 1.800000E+00 
 1.800000E+00 
 7.203366E-06 
 8.358665E-09 
 8.352493E-09 
 8.354483E-09 
 1.800001E+00 
 3.596142E-06 
 1.800000E+00 
-4.097011E-08 
 8.536152E-09 
 1.800000E+00 
 1.740374E-06 
 1.794935E-06 
 1.794930E-06 
 1.800000E+00 
 1.800000E+00 
-1.336085E-06 
-1.197283E-07 
-1.197310E-07 
-1.197300E-07 
 1.800000E+00 
 1.800000E+00 
-7.243243E-07 
 4.432650E-09 
 4.436197E-09 
 1.800000E+00 
 2.432122E-07 
 2.432692E-07 
 1.800000E+00 
-5.767638E-07 
 1.800000E+00 
-2.123309E-05 
-4.009947E-08 
 1.800000E+00 
-2.601594E-05 
-2.596566E-05 
-2.596566E-05 
 1.800000E+00 
 1.800000E+00 
-1.077392E-07 
 2.051933E-08 
 2.051062E-08 
 1.800000E+00 
-3.786970E-08 
 4.094804E-10 
 1.800000E+00 
 9.951168E-08 
 1.800000E+00 
-2.918202E-06 
-2.910010E-06 
-2.910010E-06 
 1.800001E+00 
 1.800000E+00 
-5.835771E-06 
 8.638724E-09 
 8.640024E-09 
 1.800000E+00 
-7.363922E-10 
 7.578383E-09 
 1.800000E+00 
 1.800000E+00 
 3.040439E-05 
-3.212427E-09 
-3.216803E-09 
-3.201362E-09 
 1.800002E+00 
 1.800000E+00 
 1.575355E-06 
 1.691220E-06 
 1.691217E-06 
 1.800000E+00 
 1.800000E+00 
-7.130376E-07 
-7.183258E-09 
-7.182228E-09 
-7.184202E-09 
 1.800000E+00 
 1.800000E+00 
-1.569073E-08 
 1.686863E-08 
 1.800000E+00 
-7.045618E-06 
-2.038549E-07 
 1.800000E+00 
 1.887687E-10 
 1.800000E+00 
-2.808758E-05 
 8.509510E-07 
 1.800000E+00 
 6.090840E-07 
 6.371529E-07 
 1.800000E+00 
-5.671755E-09 
 1.800000E+00 
 2.371110E-06 
 2.521766E-09 
 1.800000E+00 
-1.944898E-06 
-1.791574E-06 
 1.800000E+00 
 1.800000E+00 
-6.063280E-09 
 7.106930E-09 
 7.105883E-09 
 7.107195E-09 
 1.800000E+00 
 1.800000E+00 
 7.243554E-09 
 1.800000E+00 
 1.970532E-06 
 1.972809E-06 
 1.972833E-06 
 1.799999E+00 
-1.811801E-07 
 1.800000E+00 
-1.026932E-05 
 1.800000E+00 
 3.551614E-05 
-1.325862E-08 
-1.326576E-08 
 1.800000E+00 
 1.800006E+00 
 3.464824E-08 
-3.546274E-11 
 1.800002E+00 
-5.903807E-07 
 6.524493E-09 
 1.800001E+00 
 3.892291E-08 
 1.800000E+00 
-1.422585E-06 
 1.800000E+00 
-3.750982E-06 
-3.756723E-06 
-3.756729E-06 
 1.800000E+00 
 1.800000E+00 
 2.481189E-06 
 2.483537E-06 
 1.800000E+00 
 1.193293E-06 
 1.800002E+00 
 3.107263E-05 
 4.727153E-06 
 1.800000E+00 
-6.482941E-06 
-6.267151E-06 
 1.800000E+00 
 1.800004E+00 
 6.254573E-08 
 1.757465E-09 
 1.756749E-09 
 1.800000E+00 
 1.800001E+00 
 2.640320E-07 
 5.086150E-09 
 5.086854E-09 
 1.800000E+00 
 1.800000E+00 
-7.152128E-08 
 4.021429E-09 
 1.800000E+00 
 5.778376E-06 
 1.800000E+00 
-6.297690E-06 
 2.067941E-09 
 1.799997E+00 
-3.486390E-07 
 1.800000E+00 
 1.302431E-05 
 1.800000E+00 
 2.930308E-06 
 2.288323E-06 
 1.800000E+00 
 3.144433E-06 
 1.800000E+00 
-4.193558E-05 
 9.596964E-06 
 1.799997E+00 
 1.800000E+00 
 5.281309E-05 
 3.160088E-08 
 3.159995E-08 
 1.800000E+00 
 1.800000E+00 
-2.114865E-09 
 7.258078E-09 
 1.800000E+00 
 3.617753E-08 
 1.800001E+00 
-3.837503E-08 
 3.962941E-09 
 1.800000E+00 
 1.800000E+00 
-1.304613E-06 
-9.637411E-09 
-9.221092E-09 
 1.800000E+00 
 1.800000E+00 
 1.429436E-07 
 1.800000E+00 
-1.771454E-07 
 8.505754E-10 
 8.459609E-10 
 1.800000E+00 
 1.800000E+00 
-8.911094E-08 
 1.800001E+00 
-5.857676E-07 
 6.284109E-09 
 1.800000E+00 
-5.926544E-06 
 1.800000E+00 
 1.423595E-10 
 1.799999E+00 
 6.277471E-07 
 1.800002E+00 
-8.098169E-08 
-2.222717E-07 
 1.800000E+00 
-6.694073E-07 
 1.800000E+00 
-1.424109E-06 
 1.799999E+00 
 3.522528E-07 
-1.192479E-07 
 1.800000E+00 
 1.800000E+00 
 6.620639E-06 
 5.683942E-09 
 1.800000E+00 
 4.597209E-08 
 1.800000E+00 
-9.133552E-07 
 1.800000E+00 
-9.799415E-06 
 9.773243E-09 
 1.800000E+00 
 1.800002E+00 
-1.156366E-06 
-9.179984E-07 
 1.799997E+00 
 2.596283E-08 
 1.800000E+00 
-1.219239E-07 
 1.800000E+00 
-3.387157E-08 
 1.800002E+00 
 2.713123E-06 
 1.800000E+00 
-6.054877E-06 
 9.133622E-09 
 1.800002E+00 
 6.167412E-07 
 1.800000E+00 
 1.800000E+00 
-4.999178E-08 
 1.079946E-08 
 1.080780E-08 
 1.800000E+00 
 1.800000E+00 
 5.450383E-07 
 1.800000E+00 
-1.038858E-07 
 1.800002E+00 
 3.472268E-07 
 8.507305E-08 
 1.800000E+00 
 1.799999E+00 
 1.449890E-07 
 7.445131E-09 
 1.799996E+00 
-9.073428E-06 
 1.800000E+00 
 1.800000E+00 
-3.050446E-06 
-2.808133E-06 
-2.808133E-06 
 1.800000E+00 
 1.800000E+00 
 1.800000E+00 
-9.390997E-08 
-9.101452E-08 
-9.102207E-08 
 1.800000E+00 
 1.800000E+00 
-6.710369E-06 
-8.087244E-06 
 1.800001E+00 
 1.800000E+00 
 1.223353E-07 
 1.800000E+00 
-7.493665E-06 
 6.858700E-08 
 1.799998E+00 
 1.800000E+00 
 4.791579E-06 
 1.183383E-07 
 1.800000E+00 
-2.010240E-07 
 1.800000E+00 
 1.800000E+00 
-1.401371E-06 
-7.211277E-08 
 1.799999E+00 
-4.577653E-09 
 1.800000E+00 
 1.800000E+00 
-1.834655E-06 
 6.614661E-09 
 1.800000E+00 
 2.558241E-08 
 1.800000E+00 
 2.814562E-08 
 1.800001E+00 
 1.800000E+00 
 4.136414E-06 
 4.468733E-06 
 1.799998E+00 
 4.727114E-10 
 1.800000E+00 
-2.680807E-07 
 1.800000E+00 
 2.402490E-09 
 1.800000E+00 
 1.800000E+00 
 7.218991E-06 
 6.876215E-06 
 1.799999E+00 
-3.133582E-07 
 1.800000E+00 
 1.799999E+00 
-1.137812E-06 
-1.359611E-06 
 1.800000E+00 
 1.476196E-07 
 1.799999E+00 
 1.799998E+00 
 6.646855E-09 
 6.842064E-09 
 1.800006E+00 
 1.800000E+00 
-6.782185E-08 
 1.800000E+00 
 1.369911E-06 
 1.018345E-08 
 1.800000E+00 
 1.799999E+00 
 3.200771E-08 
 1.800000E+00 
-3.323865E-08 
 1.800000E+00 
 3.355409E-08 
 1.800000E+00 
 1.284286E-07 
 1.800000E+00 
-1.868138E-06 
 1.800000E+00 
-3.507031E-08 
 1.800000E+00 
 6.546893E-09 
 1.800000E+00 
 1.800000E+00 
 1.285261E-06 
 8.756676E-09 
 1.800000E+00 
 1.800000E+00 
 1.888263E-06 
 1.800000E+00 
-3.287671E-05 
-3.281942E-05 
 1.799998E+00 
 1.800000E+00 
 9.880609E-07 
 1.800000E+00 
 1.800000E+00 
-6.742854E-07 
-4.116503E-07 
 1.800000E+00 
 8.021032E-07 
 1.800002E+00 
 1.800001E+00 
-7.849627E-07 
 1.438743E-08 
 1.800001E+00 
 1.800000E+00 
 5.679109E-08 
 1.800000E+00 
 8.953632E-09 
 1.800000E+00 
 2.231057E-09 
 1.800001E+00 
 1.800000E+00 
 1.561043E-05 
 1.548397E-05 
 1.800000E+00 
 1.800000E+00 
-2.396562E-06 
 1.800000E+00 
 1.577688E-06 
 1.800000E+00 
 3.324037E-06 
 1.800000E+00 
 7.521645E-09 
 1.800000E+00 
 1.800000E+00 
 1.571515E-07 
 1.800000E+00 
-1.833192E-07 
-3.845279E-08 
 1.800000E+00 
 1.800000E+00 
 1.800000E+00 
 2.118853E-06 
 6.288966E-09 
 1.800000E+00 
 1.800000E+00 
-3.715775E-06 
 1.800000E+00 
-6.322212E-07 
 1.800003E+00 
 1.040038E-06 
 1.800000E+00 
 2.299225E-08 
 1.800000E+00 
 1.800000E+00 
-1.712312E-07 
 1.800000E+00 
 1.584101E-06 
 1.800000E+00 
-4.801833E-06 
 1.800000E+00 
 1.800000E+00 
-1.074871E-07 
-1.159467E-07 
 1.800000E+00 
 1.800000E+00 
 1.800000E+00 
-3.533677E-06 
-3.576924E-06 
 1.800000E+00 
 1.800000E+00 
 1.391292E-05 
 1.800003E+00 
-1.501957E-06 
 1.800000E+00 
-6.035044E-06 
 1.800000E+00 
 1.800000E+00 
 2.254658E-08 
 1.800001E+00 
-6.500604E-05 
 1.800000E+00 
 1.943911E-07 
 1.800000E+00 
 1.800000E+00 
-3.755715E-06 
 1.800000E+00 
 1.127078E-06 
 1.800000E+00 
-3.115608E-08 
 1.799998E+00 
 1.800000E+00 
-8.298701E-07 
 1.800000E+00 
-5.323443E-06 
 1.800000E+00 
 1.800000E+00 
 2.777357E-07 
 2.838788E-07 
 1.800001E+00 
 1.800000E+00 
 1.800000E+00 
-1.493405E-09 
 1.800000E+00 
 7.923383E-07 
 1.800001E+00 
-2.921843E-07 
 1.800001E+00 
 1.066820E-07 
 1.800000E+00 
 1.800000E+00 
-1.592645E-08 
 1.800003E+00 
 1.800000E+00 
-6.041120E-05 
-6.042139E-05 
 1.800000E+00 
 1.800000E+00 
 1.800000E+00 
-4.875042E-07 
 1.800000E+00 
-1.829827E-08 
 1.800000E+00 
-4.017448E-06 
 1.800000E+00 
 1.800000E+00 
 2.199490E-08 
 1.800000E+00 
 1.563234E-07 
 1.800000E+00 
 4.064859E-06 
 1.800000E+00 
 1.800000E+00 
 1.800001E+00 
-3.791582E-06 
 1.102984E-08 
 1.800000E+00 
 1.800000E+00 
 1.800000E+00 
 9.686890E-07 
 9.931809E-07 
 1.800000E+00 
 1.800000E+00 
 1.799999E+00 
-2.091728E-06 
 2.555462E-09 
 1.800000E+00 
 1.800000E+00 
 1.800000E+00 
 2.934312E-07 
 6.182405E-09 
 1.800000E+00 
 1.800000E+00 
 1.800000E+00 
-5.983615E-08 
 1.800000E+00 
-2.024501E-06 
 1.800000E+00 
 1.800000E+00 
-1.255765E-06 
-1.827643E-06 
 1.800000E+00 
 1.800000E+00 
 1.800000E+00 
 1.800000E+00 
 4.950666E-09 
 6.558957E-09 
 1.800000E+00 
 1.799997E+00 
 3.795357E-09 
 1.799999E+00 
 1.800000E+00 
-4.092011E-08 
 1.799999E+00 
 2.668422E-07 
 1.800001E+00 
 1.800000E+00 
-6.526392E-08 
 1.800000E+00 
 7.973213E-09 
 1.800000E+00 
 1.800000E+00 
 1.800000E+00 
 2.178123E-06 
 1.434841E-06 
 1.800001E+00 
 1.800000E+00 
 1.800000E+00 
 8.535110E-08 
 1.800000E+00 
 1.800000E+00 
 1.009768E-06 
 1.036860E-06 
 1.800000E+00 
 1.800000E+00 
 1.800000E+00 
-7.298729E-06 
 1.800000E+00 
 1.800000E+00 
 1.493569E-06 
 1.800000E+00 
-1.116400E-07 
 1.800000E+00 
 1.800000E+00 
-2.060639E-06 
 1.800000E+00 
 1.582368E-08 
 1.800000E+00 
 1.800000E+00 
 1.799999E+00 
-1.716137E-06 
 1.800000E+00 
 1.028788E-06 
 1.800000E+00 
 1.800000E+00 
-3.577623E-07 
 1.800002E+00 
 1.800000E+00 
 3.828359E-08 
 1.800000E+00 
 1.800000E+00 
-7.645301E-07 
 1.800002E+00 
 7.421701E-07 
 1.800000E+00 
 1.800000E+00 
 1.800000E+00 
-2.824060E-06 
-2.840005E-06 
 1.800001E+00 
 1.800000E+00 
 1.800000E+00 
 1.800000E+00 
-5.330611E-09 
 9.592280E-09 
 1.800000E+00 
 1.800000E+00 
 1.800001E+00 
-7.690535E-07 
 1.800000E+00 
 1.800001E+00 
 3.949785E-06 
 1.800000E+00 
-9.732579E-09 
 1.800000E+00 
 1.800000E+00 
 1.800000E+00 
 6.079095E-07 
 1.800001E+00 
-5.751793E-06 
 1.800000E+00 
 1.800000E+00 
 1.800000E+00 
 1.636937E-06 
 5.949024E-09 
 1.800000E+00 
 1.800000E+00 
 1.800000E+00 
 1.800000E+00 
 6.737313E-07 
 1.800000E+00 
 9.752822E-09 
 1.799998E+00 
 1.800000E+00 
 1.800000E+00 
-2.458331E-07 
 5.352136E-09 
 1.800000E+00 
 1.800000E+00 
 1.800000E+00 
 1.800001E+00 
 5.880842E-08 
 1.800000E+00 
 5.143523E-08 
 1.800000E+00 
 1.800001E+00 
 1.800000E+00 
-5.557296E-08 
 8.349591E-09 
 1.800000E+00 
 1.800000E+00 
 1.800000E+00 
 1.800000E+00 
 1.800004E+00 
 1.118933E-05 
-1.281161E-07 
 1.800001E+00 
 1.800000E+00 
-3.524501E-07 
 1.800000E+00 
 1.800000E+00 
 1.800000E+00 
 1.426953E-08 
 1.800000E+00 
 1.800000E+00 
-1.259783E-07 
 1.800000E+00 
 1.800000E+00 
-6.644672E-07 
 1.800000E+00 
 1.800000E+00 
 1.800000E+00 
-6.421184E-06 
 8.238686E-09 
 1.799996E+00 
 1.800000E+00 
 1.800000E+00 
 1.800000E+00 
 1.800000E+00 
-1.856154E-06 
 2.506061E-06 
 1.800000E+00 
 1.800000E+00 
 1.800000E+00 
-3.647906E-06 
 1.800000E+00 
 1.800000E+00 
-2.300933E-08 
 1.800000E+00 
 1.800000E+00 
 1.800001E+00 
-7.171976E-06 
 1.800000E+00 
 1.800000E+00 
-2.223095E-08 
 1.800000E+00 
-1.884458E-05 
 1.800000E+00 
 1.800000E+00 
 1.800000E+00 
 1.800000E+00 
-4.342015E-07 
 1.800000E+00 
 1.800000E+00 
-3.221528E-06 
 1.799998E+00 
 1.800000E+00 
 2.114904E-08 
 1.800001E+00 
 1.800002E+00 
-1.409163E-06 
 1.800000E+00 
 1.799999E+00 
 1.800000E+00 
-1.408447E-06 
 1.800000E+00 
 1.800000E+00 
 1.663229E-05 
 1.799999E+00 
 1.800000E+00 
 1.800000E+00 
-1.663032E-07 
 1.800000E+00 
 3.427320E-09 
 1.800000E+00 
 1.800000E+00 
 1.800000E+00 
 1.800000E+00 
-6.453640E-08 
 1.800000E+00 
 1.800000E+00 
-6.584884E-09 
 1.800000E+00 
 1.800000E+00 
 3.313886E-06 
 1.800000E+00 
 1.800000E+00 
 1.800000E+00 
-5.591187E-08 
 1.800000E+00 
 1.800000E+00 
 1.800000E+00 
-5.312920E-05 
 1.800000E+00 
-9.118232E-07 
 1.800001E+00 
 1.800000E+00 
 1.800000E+00 
 1.800000E+00 
-1.337858E-07 
 1.800002E+00 
 1.800000E+00 
-8.000958E-07 
 1.800000E+00 
 1.800000E+00 
 1.800000E+00 
 8.902669E-08 
 1.800000E+00 
 1.800000E+00 
 3.161034E-09 
 1.800000E+00 
 1.800000E+00 
 1.799998E+00 
 2.971420E-06 
 1.800001E+00 
 1.800000E+00 
 1.800000E+00 
 4.649238E-07 
 1.800000E+00 
 1.800000E+00 
 2.135018E-07 
 1.800000E+00 
 1.800000E+00 
 1.800005E+00 
-1.064431E-05 
 1.800000E+00 
 1.800000E+00 
 1.800000E+00 
-2.666665E-07 
 1.800000E+00 
 1.800000E+00 
 1.800000E+00 
 7.268623E-06 
 1.800000E+00 
 1.800000E+00 
 1.570733E-06 
 1.799998E+00 
 1.800000E+00 
 1.800000E+00 
 1.073097E-08 
 1.800000E+00 
 1.800000E+00 
 1.800000E+00 
 4.682180E-08 
 1.799999E+00 
 1.800000E+00 
 1.800000E+00 
-1.103222E-07 
 1.800002E+00 
 1.800000E+00 
 1.800000E+00 
-3.779539E-09 
 1.800000E+00 
 1.800000E+00 
-2.795884E-08 
 1.800000E+00 
 1.800000E+00 
 1.800000E+00 
 1.800000E+00 
 1.851346E-07 
 1.800000E+00 
 1.800000E+00 
 4.955544E-09 
 1.800000E+00 
 1.800000E+00 
 1.800000E+00 
 1.800000E+00 
 4.822193E-08 
 1.800000E+00 
 1.800000E+00 
-4.065029E-06 
 1.800000E+00 
 1.800000E+00 
 1.800000E+00 
 1.800000E+00 
 9.070807E-08 
 1.800000E+00 
 1.800000E+00 
 1.800000E+00 
 4.386302E-08 
 1.799999E+00 
 1.799994E+00 
-1.096704E-08 
 1.800000E+00 
 1.800000E+00 
 1.800000E+00 
 1.800000E+00 
 4.268828E-09 
 1.800000E+00 
 1.800000E+00 
 1.800000E+00 
 5.896262E-06 
 1.800000E+00 
 1.800000E+00 
 1.800000E+00 
 1.800000E+00 
 2.547723E-05 
 1.800000E+00 
 1.849593E-09 
 1.800000E+00 
 1.800000E+00 
 1.800000E+00 
 1.800000E+00 
 1.800000E+00 
 1.800000E+00 
-5.113896E-06 
 1.800000E+00 
-2.471753E-08 
 1.799999E+00 
 1.799999E+00 
 1.799999E+00 
 1.799999E+00 
 1.800000E+00 
 6.496504E-07 
 1.800000E+00 
 1.800001E+00 
-1.317723E-06 
 1.799996E+00 
 1.800000E+00 
 1.800000E+00 
 1.800003E+00 
 1.182673E-08 
 1.800001E+00 
 1.800000E+00 
 1.800000E+00 
 2.174996E-08 
 1.800000E+00 
 1.800000E+00 
 1.800000E+00 
 1.800000E+00 
-8.234366E-09 
 1.800000E+00 
 1.800000E+00 
 1.800000E+00 
 1.396211E-08 
 1.800000E+00 
 1.800000E+00 
 1.800000E+00 
 1.800000E+00 
-2.457970E-07 
 1.800000E+00 
 1.800000E+00 
 1.800002E+00 
 1.800001E+00 
-6.252599E-06 
 1.800002E+00 
 1.800000E+00 
 5.110935E-07 
 1.800000E+00 
 1.800000E+00 
 1.800000E+00 
 1.800000E+00 
 1.800000E+00 
 4.287379E-08 
 1.800000E+00 
 1.800001E+00 
 1.800000E+00 
 2.362168E-06 
 1.800000E+00 
 1.800000E+00 
 1.800000E+00 
 1.800000E+00 
-1.821489E-06 
 1.799998E+00 
 1.800001E+00 
 1.800000E+00 
 1.154853E-06 
 1.800000E+00 
 1.800000E+00 
 1.800000E+00 
 1.800000E+00 
 1.800000E+00 
-1.315810E-06 
 1.799999E+00 
 1.800000E+00 
 1.799997E+00 
-3.716479E-06 
 1.800000E+00 
 1.800000E+00 
 1.800000E+00 
 1.800000E+00 
-6.354455E-06 
 1.799999E+00 
 1.800000E+00 
 1.800002E+00 
 1.800000E+00 
 2.518797E-06 
 1.800001E+00 
 1.800000E+00 
 1.800000E+00 
 1.180079E-08 
 1.800000E+00 
 1.800000E+00 
 1.800000E+00 
 1.800000E+00 
 1.800000E+00 
 1.800000E+00 
 3.409029E-07 
 1.799998E+00 
 1.800000E+00 
 7.948858E-09 
 1.800002E+00 
 1.800000E+00 
 1.800000E+00 
 1.800000E+00 
 1.800000E+00 
-1.795231E-09 
 1.800001E+00 
 1.800000E+00 
 1.800000E+00 
 1.799999E+00 
-2.413187E-08 
 1.800000E+00 
 1.800000E+00 
 1.800000E+00 
 1.800000E+00 
 1.800000E+00 
 5.378172E-05 
 1.800000E+00 
 1.800000E+00 
-8.131689E-08 
 1.800000E+00 
 1.800000E+00 
 1.800000E+00 
 1.800000E+00 
 1.800000E+00 
 1.800000E+00 
 1.799999E+00 
 2.264382E-07 
 1.800000E+00 
 1.800000E+00 
 9.376774E-06 
 1.800000E+00 
 1.800000E+00 
 1.800000E+00 
 1.800000E+00 
 1.800000E+00 
 1.800000E+00 
 2.004445E-07 
 1.800000E+00 
 1.800000E+00 
 1.800000E+00 
 1.800000E+00 
-1.385217E-06 
 1.800001E+00 
 1.800002E+00 
 1.800000E+00 
 1.800004E+00 
-6.604745E-06 
 1.800002E+00 
 1.800002E+00 
 1.800002E+00 
 1.800000E+00 
 1.800000E+00 
 4.482933E-06 
 1.800000E+00 
 1.800000E+00 
 1.800000E+00 
 1.800000E+00 
 2.042521E-09 
 1.800000E+00 
 1.800000E+00 
 1.800000E+00 
 1.800000E+00 
 1.800000E+00 
-4.705879E-08 
 1.800000E+00 
 1.800000E+00 
 1.800000E+00 
 1.800000E+00 
 1.800000E+00 
-1.121568E-06 
 1.800000E+00 
 1.800000E+00 
 1.800000E+00 
 1.800001E+00 
 6.825587E-09 
 1.800000E+00 
 1.800000E+00 
 1.800000E+00 
 1.800000E+00 
 1.800000E+00 
 1.800000E+00 
-1.565018E-07 
 1.800000E+00 
 1.800000E+00 
 1.800001E+00 
 1.799999E+00 
-1.634226E-06 
 1.800000E+00 
 1.800000E+00 
 1.800000E+00 
 1.800000E+00 
 1.800000E+00 
-1.398739E-06 
 1.800000E+00 
 1.800000E+00 
 1.800000E+00 
 1.800000E+00 
 1.799998E+00 
 4.019147E-08 
 1.799998E+00 
 1.799998E+00 
 1.799998E+00 
 1.799998E+00 
 1.800000E+00 
-1.961620E-07 
 1.800000E+00 
 1.800000E+00 
 1.800000E+00 
 1.800000E+00 
 1.800000E+00 
 1.800000E+00 
-2.400295E-08 
 1.800000E+00 
 1.800000E+00 
 1.800000E+00 
 1.800000E+00 
 2.199255E-08 
 1.800000E+00 
 1.800000E+00 
 1.800000E+00 
 1.800000E+00 
 1.800000E+00 
 1.800000E+00 
-1.471261E-07 
 1.800003E+00 
 1.800003E+00 
 1.800003E+00 
 1.800000E+00 
 1.800000E+00 
-5.887204E-07 
 1.800002E+00 
 1.800002E+00 
 1.800002E+00 
 1.800002E+00 
 1.799998E+00 
 1.800000E+00 
-4.354102E-06 
 1.800000E+00 
 1.800000E+00 
 1.800000E+00 
 1.800000E+00 
-1.642128E-07 
 1.800000E+00 
 1.800000E+00 
 1.800000E+00 
 1.800000E+00 
 1.800000E+00 
 1.800000E+00 
 1.800000E+00 
 1.800000E+00 
 3.456547E-06 
 1.800000E+00 
 1.800000E+00 
 1.800000E+00 
-5.251336E-08 
 1.800000E+00 
 1.800000E+00 
 1.800000E+00 
 1.800000E+00 
 1.800000E+00 
 1.800000E+00 
 1.800000E+00 
 1.800000E+00 
-2.934130E-08 
 1.800000E+00 
 1.800000E+00 
 1.800000E+00 
 1.800000E+00 
 2.083353E-08 
 1.800000E+00 
 1.800000E+00 
 1.800000E+00 
 1.800000E+00 
 1.800000E+00 
 1.800000E+00 
 1.800000E+00 
 6.028597E-07 
 1.800000E+00 
 1.800000E+00 
 1.800000E+00 
 1.800000E+00 
 1.800000E+00 
 1.838350E-08 
 1.800002E+00 
 1.800002E+00 
 1.800002E+00 
 1.800002E+00 
 1.800002E+00 
 1.800002E+00 
 1.800000E+00 
-2.695353E-08 
 1.799997E+00 
 1.799997E+00 
 1.799997E+00 
 1.799997E+00 
 1.800000E+00 
 1.800000E+00 
 6.212930E-08 
 1.800000E+00 
 1.800000E+00 
 1.800000E+00 
 1.800000E+00 
 1.800000E+00 
 1.800000E+00 
-8.901897E-07 
 1.800000E+00 
 1.800000E+00 
 1.800000E+00 
 1.800000E+00 
 1.800000E+00 
 1.800000E+00 
-5.510826E-08 
 1.800000E+00 
 1.800000E+00 
 1.800000E+00 
 1.800000E+00 
 1.800000E+00 
 1.800000E+00 
 1.800001E+00 
-9.269925E-09 
 1.800000E+00 
 1.800000E+00 
 1.800000E+00 
 1.800000E+00 
 1.800001E+00 
 1.800000E+00 
 2.335460E-08 
 1.800000E+00 
 1.800000E+00 
 1.800000E+00 
 1.800000E+00 
 1.800000E+00 
 1.800000E+00 
 1.800000E+00 
-1.479645E-06 
 1.799997E+00 
 1.800000E+00 
 1.800000E+00 
 1.800000E+00 
 1.800000E+00 
 1.800000E+00 
 1.122788E-05 
 1.800000E+00 
 1.800000E+00 
 1.800000E+00 
 1.800000E+00 
 1.800000E+00 
 1.800000E+00 
 1.800002E+00 
 1.415233E-08 
 1.800000E+00 
 1.800000E+00 
 1.800000E+00 
 1.800000E+00 
 1.800000E+00 
 1.800000E+00 
 1.800000E+00 
-2.291956E-07 
 1.800000E+00 
 1.800000E+00 
 1.800000E+00 
 1.800000E+00 
 1.800000E+00 
 1.800000E+00 
 1.800000E+00 
 1.800005E+00 
 1.031409E-07 
 1.800000E+00 
 1.800000E+00 
 1.800000E+00 
 1.800000E+00 
 1.800000E+00 
 1.290312E-07 
 1.800000E+00 
 1.800000E+00 
 1.800000E+00 
 1.800000E+00 
 1.800000E+00 
 1.800000E+00 
 1.800000E+00 
 1.800000E+00 
 1.799995E+00 
 4.118513E-06 
 1.800000E+00 
 1.800000E+00 
 1.800000E+00 
 1.800000E+00 
 1.800000E+00 
-8.557516E-07 
 1.800001E+00 
 1.800001E+00 
 1.800001E+00 
 1.800001E+00 
 1.800001E+00 
 1.800001E+00 
 1.800001E+00 
 1.800001E+00 
 1.800001E+00 
 1.800000E+00 
-7.799665E-08 
 1.800000E+00 
 1.800000E+00 
 1.800000E+00 
 1.800000E+00 
 1.800000E+00 
 1.800000E+00 
 1.300913E-07 
 1.800000E+00 
 1.800000E+00 
 1.800000E+00 
 1.800000E+00 
 1.800000E+00 
 1.800000E+00 
 1.800000E+00 
 1.800000E+00 
-1.278812E-06 
 1.800001E+00 
 1.800000E+00 
 1.800000E+00 
 1.800000E+00 
 1.800000E+00 
 1.800000E+00 
 1.800000E+00 
 2.499789E-08 
 1.800000E+00 
 1.800000E+00 
 1.800000E+00 
 1.800000E+00 
 1.800000E+00 
 1.800000E+00 
 1.800000E+00 
 1.800000E+00 
 2.085892E-08 
 1.800000E+00 
 1.800000E+00 
 1.800000E+00 
 1.800000E+00 
 1.800000E+00 
 1.800000E+00 
 1.800000E+00 
 1.800000E+00 
 7.586165E-09 
 1.800000E+00 
 1.800000E+00 
 1.800000E+00 
 1.800000E+00 
 1.800000E+00 
 1.800000E+00 
 1.800000E+00 
 1.800000E+00 
 2.535053E-06 
 1.800000E+00 
 1.800000E+00 
 1.800000E+00 
 1.800000E+00 
 1.800000E+00 
 1.800000E+00 
 1.800000E+00 
 1.800000E+00 
 2.388864E-08 
 1.800000E+00 
 1.800000E+00 
 1.800000E+00 
 1.800000E+00 
 1.800000E+00 
 1.800000E+00 
 1.800000E+00 
 1.800000E+00 
-3.619351E-07 
 1.800000E+00 
 1.800000E+00 
 1.800000E+00 
 1.800000E+00 
 1.800000E+00 
 1.800000E+00 
 1.800000E+00 
 1.800001E+00 
 1.800000E+00 
 2.209707E-07 
 1.800000E+00 
 1.800000E+00 
 1.800000E+00 
 1.800000E+00 
 1.800000E+00 
 1.800000E+00 
 1.800000E+00 
-1.126467E-06 
 1.800000E+00 
 1.800000E+00 
 1.800000E+00 
 1.800000E+00 
 1.800000E+00 
 1.800000E+00 
 1.800000E+00 
 1.800000E+00 
 1.799999E+00 
 7.977427E-09 
 1.799999E+00 
 1.799999E+00 
 1.799999E+00 
 1.799999E+00 
 1.799999E+00 
 1.799999E+00 
 1.799999E+00 
 1.800000E+00 
 1.800000E+00 
 8.940186E-07 
 1.799999E+00 
 1.799999E+00 
 1.799999E+00 
 1.799999E+00 
 1.799999E+00 
 1.800000E+00 
 1.800000E+00 
-2.055324E-06 
 1.800000E+00 
 1.800001E+00 
 1.800001E+00 
 1.800001E+00 
 1.800001E+00 
 1.800001E+00 
 1.800001E+00 
 1.800001E+00 
 1.800001E+00 
 1.799999E+00 
 2.693405E-08 
 1.800000E+00 
 1.800000E+00 
 1.800000E+00 
 1.800000E+00 
 1.800000E+00 
 1.800000E+00 
 1.800000E+00 
 1.800000E+00 
-1.296903E-06 
 1.800000E+00 
 1.800000E+00 
 1.800000E+00 
 1.800000E+00 
 1.800000E+00 
 1.800000E+00 
 1.800000E+00 
 1.800000E+00 
 1.800000E+00 
 1.800000E+00 
 1.194831E-07 
 1.800000E+00 
 1.800000E+00 
 1.800000E+00 
 1.800000E+00 
 1.800000E+00 
 1.800000E+00 
 1.799999E+00 
 5.635863E-08 
 1.800000E+00 
 1.800000E+00 
 1.800000E+00 
 1.800000E+00 
 1.800000E+00 
 1.800000E+00 
 1.800000E+00 
 1.800000E+00 
 1.800000E+00 
 1.800000E+00 
 4.321632E-09 
 1.800000E+00 
 1.800000E+00 
 1.800000E+00 
 1.800000E+00 
 1.800000E+00 
 1.800000E+00 
 1.800000E+00 
 1.800000E+00 
 1.800000E+00 
-1.346810E-07 
 1.800000E+00 
 1.800000E+00 
 1.800000E+00 
 1.800000E+00 
 1.800000E+00 
 1.800000E+00 
 1.800000E+00 
 1.799996E+00 
-1.228928E-06 
 1.800000E+00 
 1.800000E+00 
 1.800000E+00 
 1.800000E+00 
 1.800000E+00 
 1.800000E+00 
 1.800000E+00 
 1.800000E+00 
 1.800000E+00 
 1.800000E+00 
 4.499752E-08 
 1.800000E+00 
 1.800000E+00 
 1.800000E+00 
 1.800000E+00 
 1.800000E+00 
 1.800000E+00 
 1.800000E+00 
 1.800000E+00 
 1.800000E+00 
-1.419457E-07 
 1.800000E+00 
 1.800000E+00 
 1.800000E+00 
 1.800000E+00 
 1.800000E+00 
 1.800000E+00 
 1.800000E+00 
 1.800000E+00 
 5.732566E-09 
 1.800002E+00 
 1.800002E+00 
 1.800002E+00 
 1.800002E+00 
 1.800002E+00 
 1.800002E+00 
 1.800002E+00 
 1.800002E+00 
 1.800002E+00 
 1.800001E+00 
 1.800000E+00 
 1.790202E-09 
 1.800000E+00 
 1.800000E+00 
 1.800000E+00 
 1.800000E+00 
 1.800000E+00 
 1.800000E+00 
-1.560141E-05 
 1.800000E+00 
 1.800000E+00 
 1.800000E+00 
 1.800000E+00 
 1.800000E+00 
 1.800000E+00 
 1.800000E+00 
 1.800000E+00 
 1.800000E+00 
 1.800000E+00 
 1.800000E+00 
 1.800000E+00 
 1.800000E+00 
 1.696126E-06 
 1.800002E+00 
 1.800000E+00 
 1.800000E+00 
 1.800000E+00 
 1.800000E+00 
 6.857745E-09 
 1.800000E+00 
 1.800000E+00 
 1.800000E+00 
 1.800000E+00 
 1.800000E+00 
 1.800000E+00 
 1.800000E+00 
 1.800000E+00 
 1.800000E+00 
 1.800000E+00 
 1.800000E+00 
 1.800000E+00 
 1.800000E+00 
 9.807872E-07 
 1.800000E+00 
 1.800000E+00 
 1.800000E+00 
 1.800000E+00 
 1.800000E+00 
-1.465027E-09 
 1.800000E+00 
 1.800000E+00 
 1.800000E+00 
 1.800000E+00 
 1.800000E+00 
 1.800000E+00 
 1.800000E+00 
 1.800000E+00 
 1.800000E+00 
 1.800000E+00 
 1.800000E+00 
 1.800000E+00 
 1.800000E+00 
-3.642461E-08 
 1.800000E+00 
 1.799999E+00 
 1.800000E+00 
 1.800000E+00 
 1.800002E+00 
 2.744832E-08 
 1.800000E+00 
 1.800000E+00 
 1.800000E+00 
 1.800000E+00 
 1.800000E+00 
 1.800000E+00 
 1.800000E+00 
 1.800000E+00 
 1.800000E+00 
 1.800000E+00 
 1.800000E+00 
 1.800000E+00 
 1.800000E+00 
-1.640596E-07 
 1.799998E+00 
 1.799999E+00 
 1.800000E+00 
 1.800001E+00 
 1.800000E+00 
-4.117871E-09 
 1.800000E+00 
 1.800000E+00 
 1.800000E+00 
 1.800000E+00 
 1.800000E+00 
 1.800000E+00 
 1.800000E+00 
 1.800000E+00 
 1.800000E+00 
 1.800000E+00 
 1.800000E+00 
 1.800000E+00 
-9.734227E-06 
 1.799999E+00 
 1.799999E+00 
 1.799999E+00 
 1.799999E+00 
 1.799999E+00 
 1.800000E+00 
 1.800000E+00 
-4.206092E-08 
 1.800000E+00 
 1.800000E+00 
 1.800000E+00 
 1.800000E+00 
 1.800000E+00 
 1.800000E+00 
 1.800000E+00 
 1.800000E+00 
 1.800000E+00 
 9.875594E-09 
 1.800000E+00 
 1.800001E+00 
 1.800001E+00 
 1.800001E+00 
 1.800001E+00 
 1.800001E+00 
 1.800001E+00 
 1.800000E+00 
 1.800000E+00 
-1.972130E-07 
 1.800000E+00 
 1.800000E+00 
 1.800000E+00 
 1.800000E+00 
 1.800000E+00 
 1.800000E+00 
 1.800001E+00 
 1.800000E+00 
-7.415767E-07 
 1.800000E+00 
 1.800000E+00 
 1.800000E+00 
 1.800000E+00 
 1.800000E+00 
 1.800000E+00 
 1.800000E+00 
 1.800000E+00 
 1.800000E+00 
 1.532967E-06 
 1.800000E+00 
 1.800000E+00 
 1.800000E+00 
 1.800000E+00 
 1.800000E+00 
 1.800000E+00 
 1.800000E+00 
 4.090591E-08 
 1.800000E+00 
 1.800000E+00 
 1.800000E+00 
 1.800000E+00 
 1.800000E+00 
 1.800000E+00 
 1.800000E+00 
 1.800000E+00 
 1.800000E+00 
 1.800000E+00 
-3.832344E-08 
 1.799998E+00 
 1.800000E+00 
 1.800000E+00 
 1.800000E+00 
 1.800000E+00 
 1.800000E+00 
 1.800000E+00 
 1.800000E+00 
-2.732621E-06 
 1.800000E+00 
 1.800000E+00 
 1.800000E+00 
 1.800000E+00 
 1.800000E+00 
 1.800000E+00 
 1.800000E+00 
-1.875246E-07 
 1.799999E+00 
 1.800000E+00 
 1.800000E+00 
 1.800000E+00 
 1.800000E+00 
 1.800000E+00 
 1.800000E+00 
 1.800000E+00 
 1.800000E+00 
 1.081473E-07 
 1.800000E+00 
 1.800000E+00 
 1.800000E+00 
 1.800000E+00 
 1.800000E+00 
 1.800000E+00 
 1.800000E+00 
 1.796412E-07 
 1.800000E+00 
 1.800000E+00 
 1.800000E+00 
 1.800000E+00 
 1.800000E+00 
 1.800000E+00 
 1.800000E+00 
 1.800000E+00 
 1.800000E+00 
-5.885800E-08 
 1.800000E+00 
 1.800000E+00 
 1.800000E+00 
 1.800000E+00 
 1.800000E+00 
 1.800000E+00 
 1.800000E+00 
 8.467292E-07 
 1.800000E+00 
 1.800000E+00 
 1.800000E+00 
 1.800000E+00 
 1.800000E+00 
 1.800000E+00 
 1.800000E+00 
 1.800000E+00 
 7.492725E-09 
 1.800002E+00 
 1.800002E+00 
 1.800002E+00 
 1.800002E+00 
 1.800002E+00 
 1.800000E+00 
 1.800000E+00 
-8.768172E-08 
 1.799999E+00 
 1.799999E+00 
 1.799999E+00 
 1.799999E+00 
 1.799999E+00 
 1.799999E+00 
 1.800000E+00 
 1.800001E+00 
 4.412996E-08 
 1.800000E+00 
 1.800000E+00 
 1.800000E+00 
 1.800000E+00 
 1.800000E+00 
 1.800004E+00 
 1.800002E+00 
 3.817959E-07 
 1.800000E+00 
 1.800000E+00 
 1.800000E+00 
 1.800000E+00 
 1.800000E+00 
 1.800000E+00 
 1.800000E+00 
-2.144476E-08 
 1.800000E+00 
 1.800000E+00 
 1.800000E+00 
 1.800000E+00 
 1.800000E+00 
 1.800000E+00 
 1.800000E+00 
 1.799995E+00 
-3.663876E-07 
 1.800002E+00 
 1.800002E+00 
 1.800002E+00 
 1.800000E+00 
 1.800000E+00 
 1.800000E+00 
 5.741892E-08 
 1.800000E+00 
 1.800000E+00 
 1.800000E+00 
 1.800000E+00 
 1.800000E+00 
 1.800000E+00 
 1.800000E+00 
 3.784622E-09 
 1.800003E+00 
 1.800003E+00 
 1.800003E+00 
 1.800003E+00 
 1.800003E+00 
 1.800003E+00 
 1.800003E+00 
 1.800002E+00 
 2.756723E-08 
 1.800000E+00 
 1.800000E+00 
 1.800000E+00 
 1.800000E+00 
 1.800000E+00 
-1.344368E-06 
 1.799999E+00 
 1.799999E+00 
 1.799999E+00 
 1.799999E+00 
 1.799999E+00 
 1.799999E+00 
 1.799999E+00 
 1.799999E+00 
 1.800000E+00 
-5.805680E-07 
 1.800000E+00 
 1.800000E+00 
 1.800000E+00 
 1.800000E+00 
-4.886116E-10 
 1.800000E+00 
 1.800000E+00 
 1.800000E+00 
 1.800000E+00 
 1.800000E+00 
 1.800000E+00 
 1.800000E+00 
 1.800000E+00 
 1.800000E+00 
-2.812449E-07 
 1.799999E+00 
 1.800000E+00 
 1.800000E+00 
 1.800001E+00 
-4.053273E-08 
 1.800000E+00 
 1.800000E+00 
 1.800000E+00 
 1.800000E+00 
 1.800000E+00 
 1.800000E+00 
 1.800000E+00 
 1.800000E+00 
-4.529498E-06 
 1.800000E+00 
 1.800000E+00 
 1.800000E+00 
 1.800000E+00 
 1.800000E+00 
-7.512072E-07 
 1.800001E+00 
 1.800000E+00 
 1.800000E+00 
 1.800000E+00 
 1.800000E+00 
 1.800000E+00 
 1.800000E+00 
-2.091129E-09 
 1.800000E+00 
 1.800000E+00 
 1.800000E+00 
 1.800000E+00 
 1.800000E+00 
 1.800000E+00 
-2.749045E-08 
 1.800002E+00 
 1.800002E+00 
 1.800002E+00 
 1.799999E+00 
 1.800000E+00 
-5.521057E-08 
 1.800000E+00 
 1.800000E+00 
 1.800000E+00 
 1.800000E+00 
 1.800000E+00 
 1.800000E+00 
 1.800000E+00 
-2.765180E-07 
 1.800000E+00 
 1.800000E+00 
 1.800000E+00 
 1.800000E+00 
 1.800000E+00 
-1.311325E-08 
 1.800000E+00 
 1.800000E+00 
 1.800000E+00 
 1.800000E+00 
 1.800000E+00 
 1.800000E+00 
-9.027689E-07 
 1.800000E+00 
 1.800000E+00 
 1.800000E+00 
 1.800000E+00 
 1.800000E+00 
 1.800000E+00 
-3.118371E-07 
 1.799999E+00 
 1.800000E+00 
 1.800000E+00 
 1.800000E+00 
 1.800002E+00 
 6.893815E-09 
 1.800001E+00 
 1.800000E+00 
 1.800000E+00 
 1.800000E+00 
 1.800000E+00 
 1.800000E+00 
 3.811230E-09 
 1.799997E+00 
 1.800000E+00 
 1.800000E+00 
 1.800000E+00 
 1.799999E+00 
 6.812507E-06 
 1.799999E+00 
 1.800000E+00 
 1.800000E+00 
 1.800000E+00 
 1.800000E+00 
-1.751812E-08 
 1.800000E+00 
 1.800000E+00 
 1.800000E+00 
 1.800000E+00 
 1.800000E+00 
 1.800000E+00 
 7.461335E-06 
 1.799999E+00 
 1.800000E+00 
 1.800000E+00 
 1.800000E+00 
 1.800000E+00 
 2.664897E-07 
 1.800000E+00 
 1.800000E+00 
 1.800000E+00 
 1.800000E+00 
 1.800000E+00 
 3.000708E-07 
 1.800000E+00 
 1.800000E+00 
 1.800000E+00 
 1.800000E+00 
 1.800000E+00 
 2.722477E-08 
 1.800002E+00 
 1.800002E+00 
 1.800002E+00 
 1.800002E+00 
 1.799999E+00 
 2.075051E-09 
 1.800000E+00 
 1.800000E+00 
 1.800000E+00 
 1.800000E+00 
 1.800000E+00 
 1.125542E-06 
 1.800000E+00 
 1.800000E+00 
 1.800000E+00 
 1.800000E+00 
 1.799999E+00 
-1.268304E-07 
 1.799999E+00 
 1.799999E+00 
 1.799999E+00 
 1.799998E+00 
 1.800000E+00 
-2.169560E-07 
 1.800000E+00 
 1.800000E+00 
 1.800004E+00 
 1.800000E+00 
-1.044821E-05 
 1.800000E+00 
 1.800000E+00 
 1.800000E+00 
 1.800000E+00 
 1.800000E+00 
 8.876831E-09 
 1.800000E+00 
 1.800000E+00 
 1.800000E+00 
 1.800000E+00 
 1.800000E+00 
 1.276928E-09 
 1.800000E+00 
 1.800000E+00 
 1.800000E+00 
 1.800000E+00 
-7.478517E-07 
 1.800000E+00 
 1.800000E+00 
 1.800000E+00 
 1.800000E+00 
 1.800000E+00 
 2.592554E-07 
 1.800000E+00 
 1.800000E+00 
 1.800000E+00 
 1.800000E+00 
 1.799999E+00 
 1.623988E-07 
 1.800000E+00 
 1.800000E+00 
 1.800000E+00 
-6.629578E-08 
 1.800000E+00 
 1.800000E+00 
 1.800000E+00 
 1.800000E+00 
 1.800000E+00 
 2.296071E-08 
 1.799999E+00 
 1.800000E+00 
 1.800000E+00 
 1.800000E+00 
 1.799998E+00 
 2.741041E-07 
 1.800000E+00 
 1.800000E+00 
 1.799999E+00 
 6.771917E-08 
 1.800000E+00 
 1.800000E+00 
 1.800000E+00 
 1.800000E+00 
 1.800000E+00 
 5.370844E-08 
 1.800000E+00 
 1.800000E+00 
 1.800000E+00 
 1.800000E+00 
 1.262800E-09 
 1.800000E+00 
 1.800000E+00 
 1.800000E+00 
 1.800000E+00 
 1.800000E+00 
 1.610099E-06 
 1.799999E+00 
 1.800000E+00 
-6.040416E-06 
 1.800000E+00 
 1.800000E+00 
 1.800000E+00 
 1.800000E+00 
 1.800000E+00 
 1.800000E+00 
-5.874725E-07 
 1.800000E+00 
 1.800000E+00 
 1.800000E+00 
 1.732384E-08 
 1.800000E+00 
 1.800000E+00 
 1.800000E+00 
 1.800000E+00 
-2.211019E-07 
 1.800000E+00 
 1.800000E+00 
 1.800000E+00 
 1.800000E+00 
-3.240154E-06 
 1.800000E+00 
 1.800000E+00 
 1.800000E+00 
 1.800000E+00 
 8.505868E-09 
 1.800000E+00 
 1.800000E+00 
 1.800000E+00 
 1.800000E+00 
 3.070498E-08 
 1.800000E+00 
 1.800000E+00 
 1.800000E+00 
-9.578126E-08 
 1.799999E+00 
 1.800000E+00 
 1.800000E+00 
 1.800000E+00 
 1.800000E+00 
-7.115353E-06 
 1.800000E+00 
 1.800000E+00 
 2.190417E-06 
 1.800000E+00 
 1.800000E+00 
 1.800000E+00 
 1.800000E+00 
 1.800000E+00 
 5.560362E-05 
 1.799999E+00 
 1.800000E+00 
 1.800000E+00 
-1.329685E-06 
 1.800000E+00 
 1.800000E+00 
 1.799999E+00 
 1.800000E+00 
 1.185954E-07 
 1.800000E+00 
 1.800000E+00 
 1.800000E+00 
-9.097872E-07 
 1.800000E+00 
 1.800000E+00 
 1.800000E+00 
 1.800000E+00 
-1.303917E-06 
 1.800000E+00 
 1.800000E+00 
 1.800000E+00 
-1.132322E-06 
 1.800000E+00 
 1.800000E+00 
 1.800000E+00 
 1.800000E+00 
-5.430892E-06 
 1.800000E+00 
 1.800000E+00 
 1.800000E+00 
-1.243655E-06 
 1.800000E+00 
 1.800000E+00 
 1.800000E+00 
-2.092571E-06 
 1.800000E+00 
 1.800000E+00 
 1.800000E+00 
 1.800000E+00 
 7.046256E-08 
 1.800000E+00 
 1.800001E+00 
 1.800001E+00 
-4.122404E-07 
 1.800000E+00 
 1.800000E+00 
 1.800001E+00 
 2.142853E-07 
 1.800000E+00 
 1.800000E+00 
 1.800000E+00 
 1.800000E+00 
 2.216875E-08 
 1.800000E+00 
 1.800000E+00 
 1.800000E+00 
 1.339689E-08 
 1.800000E+00 
 1.800000E+00 
 1.271877E-07 
 1.800000E+00 
 1.800000E+00 
 1.800000E+00 
 1.800000E+00 
 1.800000E+00 
-3.146303E-06 
 1.800000E+00 
 1.800000E+00 
-7.127003E-08 
 1.800000E+00 
 1.800000E+00 
 1.800000E+00 
 2.850705E-08 
 1.800001E+00 
 1.800000E+00 
 1.800000E+00 
 1.800002E+00 
-1.511151E-05 
 1.800000E+00 
 1.799998E+00 
 1.588951E-09 
 1.800000E+00 
 1.800000E+00 
 1.800000E+00 
 1.800000E+00 
-1.710675E-07 
 1.800000E+00 
 1.800000E+00 
 7.260252E-07 
 1.800000E+00 
 1.800000E+00 
 1.800000E+00 
 1.821721E-06 
 1.800001E+00 
 1.800000E+00 
 1.800000E+00 
 1.800000E+00 
 7.107977E-06 
 1.800000E+00 
 4.251319E-09 
 1.800000E+00 
 1.800000E+00 
 1.800000E+00 
 1.800000E+00 
 1.800000E+00 
-8.550790E-08 
 1.800000E+00 
 1.800000E+00 
 1.075438E-06 
 1.800000E+00 
 1.800003E+00 
-6.558902E-07 
 1.800000E+00 
 1.800000E+00 
 1.800000E+00 
 1.800000E+00 
 7.121541E-08 
 1.800000E+00 
 1.800001E+00 
 1.800000E+00 
 5.907674E-09 
 1.800000E+00 
 3.981498E-08 
 1.800000E+00 
 1.800000E+00 
 1.800000E+00 
 1.800000E+00 
 1.800000E+00 
-8.383130E-07 
 1.583592E-05 
 1.800000E+00 
 1.800000E+00 
 1.800000E+00 
 1.800000E+00 
 1.800000E+00 
-2.022128E-05 
 1.800000E+00 
 1.800000E+00 
-2.177946E-07 
 1.800001E+00 
 1.800000E+00 
 1.800000E+00 
 3.900500E-09 
 1.800000E+00 
 1.800000E+00 
 5.379887E-06 
 1.799992E+00 
 1.800000E+00 
 9.700175E-09 
 1.800000E+00 
 1.800000E+00 
 1.800000E+00 
 1.799999E+00 
 6.062148E-08 
 1.800000E+00 
 1.800005E+00 
-4.809609E-07 
 1.800000E+00 
 1.800001E+00 
 2.416996E-08 
 1.800000E+00 
 1.800000E+00 
 1.800000E+00 
-4.850467E-09 
 1.800001E+00 
 1.800001E+00 
 1.799997E+00 
-7.288642E-08 
 1.800000E+00 
 1.800000E+00 
-3.575075E-06 
 1.800000E+00 
 1.800000E+00 
 8.694637E-08 
 1.800001E+00 
 1.800000E+00 
 1.800004E+00 
-2.578379E-07 
 1.800001E+00 
 1.800001E+00 
 1.675959E-08 
 1.800001E+00 
 1.800000E+00 
 1.800000E+00 
 4.741917E-11 
 1.800000E+00 
 1.800000E+00 
-1.364750E-07 
 1.800000E+00 
 1.800000E+00 
 1.800000E+00 
-1.725496E-08 
 1.800001E+00 
 2.569357E-08 
 1.800000E+00 
 1.800000E+00 
 1.800000E+00 
 1.800000E+00 
-2.439933E-05 
 1.799999E+00 
-3.551182E-08 
 1.799999E+00 
 1.799998E+00 
 1.800000E+00 
 1.050252E-08 
 1.800000E+00 
 1.799998E+00 
-3.335736E-09 
 1.800000E+00 
 1.800000E+00 
 1.800000E+00 
 6.093623E-09 
 1.800000E+00 
 1.455853E-07 
 1.800000E+00 
 1.800000E+00 
 1.799998E+00 
 1.126758E-07 
 1.799998E+00 
 1.800000E+00 
-3.092298E-06 
 1.800000E+00 
 1.800000E+00 
 2.468127E-07 
 1.799997E+00 
 1.799997E+00 
 1.800000E+00 
 1.017816E-06 
 1.800000E+00 
-1.566747E-07 
 1.800000E+00 
 1.800000E+00 
 1.800000E+00 
-6.898374E-08 
 1.800004E+00 
 1.800000E+00 
-2.533040E-08 
 1.800000E+00 
 1.800000E+00 
 2.324841E-07 
 1.800004E+00 
 1.800000E+00 
-4.926280E-06 
 1.800000E+00 
 1.800000E+00 
 1.800002E+00 
 8.227520E-06 
 1.800000E+00 
 5.628181E-08 
 1.800002E+00 
 1.800000E+00 
-9.089641E-07 
 1.800000E+00 
 1.800000E+00 
 1.800002E+00 
 1.067571E-07 
 1.800000E+00 
-2.876268E-06 
 1.800000E+00 
 1.800000E+00 
 1.800000E+00 
-1.017423E-06 
 1.800000E+00 
 1.800000E+00 
 5.385859E-08 
 1.800000E+00 
 8.178955E-09 
 1.800001E+00 
 1.800000E+00 
 1.800000E+00 
-9.749734E-07 
 1.800001E+00 
-1.112091E-07 
 1.800003E+00 
 1.800003E+00 
 1.800000E+00 
 7.352441E-07 
 1.800000E+00 
 6.265214E-09 
 1.800000E+00 
 1.800000E+00 
 1.800000E+00 
 7.263131E-06 
 1.800000E+00 
-1.163645E-07 
 1.800000E+00 
 1.800000E+00 
-8.798459E-09 
 1.800000E+00 
 1.800000E+00 
 1.800000E+00 
 5.087047E-06 
 1.715841E-07 
 1.800000E+00 
 1.800000E+00 
 1.800000E+00 
 1.800000E+00 
 1.648886E-07 
 1.645193E-07 
 1.800001E+00 
 1.800000E+00 
 1.800000E+00 
 1.069170E-07 
 1.800000E+00 
-4.869377E-08 
 1.800000E+00 
 1.800000E+00 
 1.800000E+00 
 3.677840E-05 
 1.800000E+00 
-1.260403E-08 
 1.800000E+00 
 1.800000E+00 
-2.203585E-09 
 1.800000E+00 
 1.800000E+00 
-1.118207E-08 
 1.800000E+00 
-2.751334E-08 
 1.800000E+00 
 1.800000E+00 
 1.800000E+00 
 1.483990E-07 
 2.257013E-07 
 1.800000E+00 
 1.800000E+00 
 1.800000E+00 
 1.800000E+00 
-2.645081E-06 
-2.682759E-06 
 1.800000E+00 
 1.800000E+00 
-3.509678E-07 
 1.800000E+00 
 1.800000E+00 
 1.800000E+00 
 3.298949E-06 
 3.300537E-06 
 1.800000E+00 
 1.800000E+00 
 1.800000E+00 
-3.193207E-08 
 1.800000E+00 
 6.208642E-06 
 1.799999E+00 
 1.800001E+00 
 6.689879E-07 
 1.800000E+00 
 4.322461E-08 
 1.800000E+00 
 1.800000E+00 
 5.780495E-09 
 1.800000E+00 
 1.800000E+00 
 6.905632E-09 
 1.800002E+00 
 1.800000E+00 
 1.239548E-07 
 1.800004E+00 
 1.903278E-06 
 1.800000E+00 
-9.568229E-09 
 1.800000E+00 
 1.800000E+00 
 1.800000E+00 
-1.968944E-08 
 1.800000E+00 
-2.708078E-06 
 1.800000E+00 
-4.789828E-06 
 1.800000E+00 
 1.800000E+00 
 1.800000E+00 
-7.966898E-06 
-8.014943E-06 
 1.800000E+00 
 1.800000E+00 
 1.800000E+00 
-9.319098E-06 
 8.740491E-06 
 1.799998E+00 
 1.800000E+00 
 1.800000E+00 
 3.418583E-08 
 1.799999E+00 
-4.598540E-07 
 1.800000E+00 
 1.186795E-08 
 1.800000E+00 
 1.800000E+00 
 1.800001E+00 
-2.471444E-06 
 6.864272E-09 
 1.800000E+00 
 1.800000E+00 
 8.475773E-08 
 1.800001E+00 
 1.800000E+00 
-6.031122E-07 
 1.800000E+00 
-6.964626E-06 
 1.799998E+00 
 1.956240E-07 
 1.800000E+00 
 1.800000E+00 
 1.409101E-08 
 1.800000E+00 
 1.800000E+00 
 6.651891E-07 
 1.800000E+00 
-7.525300E-07 
 1.800000E+00 
 2.312512E-08 
 1.800000E+00 
 1.800000E+00 
-3.809276E-07 
 1.800001E+00 
 1.800000E+00 
 2.240953E-07 
 2.223249E-07 
 1.800000E+00 
 1.800000E+00 
-7.130459E-08 
 1.800000E+00 
 1.800000E+00 
 5.048860E-08 
 1.800000E+00 
 9.631329E-09 
 1.799998E+00 
-2.423736E-08 
 1.800000E+00 
 1.800000E+00 
-1.573091E-07 
 1.800001E+00 
 1.800000E+00 
 9.969115E-07 
 1.113845E-06 
 1.800000E+00 
 1.800000E+00 
-7.243936E-08 
 1.800000E+00 
 3.364724E-08 
 1.800000E+00 
 1.800000E+00 
 8.713615E-09 
 1.800000E+00 
 1.229492E-07 
 1.800000E+00 
 3.656015E-06 
 1.800002E+00 
 1.800001E+00 
-2.396080E-07 
 1.800000E+00 
-2.702465E-05 
 1.800000E+00 
 1.800000E+00 
-1.866883E-06 
 5.728556E-09 
 1.800000E+00 
 1.800000E+00 
-9.955744E-09 
 1.800005E+00 
 1.800005E+00 
 1.188422E-05 
 1.157175E-05 
 1.800000E+00 
 1.800000E+00 
 1.710275E-07 
 1.800000E+00 
 3.553994E-08 
 1.800002E+00 
 1.800000E+00 
-2.798473E-09 
 1.799999E+00 
 6.888049E-07 
-1.193825E-08 
 1.800000E+00 
 1.800000E+00 
 1.800000E+00 
 2.312840E-08 
 1.800000E+00 
 5.462452E-07 
 3.792034E-09 
 1.800000E+00 
 1.800000E+00 
-3.093394E-06 
 1.800000E+00 
 1.800000E+00 
-6.852893E-08 
-3.771663E-08 
 1.800001E+00 
 1.800000E+00 
-8.578687E-07 
 1.800000E+00 
 1.030070E-07 
 1.800000E+00 
 1.041376E-08 
 1.800000E+00 
 1.800001E+00 
-4.772872E-06 
-4.187311E-06 
 1.800000E+00 
 1.799999E+00 
-2.691618E-06 
 1.799997E+00 
-3.177965E-07 
 1.800000E+00 
-2.080311E-06 
 1.800000E+00 
 3.982946E-08 
 1.800000E+00 
 1.800000E+00 
-7.554221E-06 
 1.800000E+00 
-1.247915E-06 
-1.550230E-08 
 1.800000E+00 
 1.800000E+00 
 1.800000E+00 
-4.282655E-06 
 3.998669E-09 
 1.800000E+00 
-2.912754E-06 
 1.800000E+00 
 3.221016E-06 
 1.800000E+00 
 1.800002E+00 
 2.080507E-08 
 1.800000E+00 
-1.210246E-06 
-1.697659E-06 
 1.800000E+00 
 1.800000E+00 
 1.800000E+00 
 2.907518E-06 
 6.821139E-09 
 1.800000E+00 
 2.532381E-05 
 1.800000E+00 
-6.198860E-08 
 1.800000E+00 
 1.800000E+00 
-2.468207E-06 
 6.617159E-09 
 1.800000E+00 
 1.800000E+00 
 2.828942E-07 
 3.132965E-07 
 1.800000E+00 
 1.799999E+00 
-6.413838E-08 
 1.800001E+00 
-4.373506E-09 
 1.800000E+00 
-7.527544E-06 
 1.800000E+00 
-8.421976E-07 
 1.799995E+00 
 4.019692E-07 
 1.800000E+00 
 4.174149E-10 
 1.800001E+00 
 9.659721E-07 
 1.800000E+00 
 1.800000E+00 
-4.427393E-06 
-3.022097E-07 
 1.800000E+00 
-3.311502E-08 
 1.800000E+00 
-3.293167E-08 
 1.799999E+00 
 1.800000E+00 
 3.751398E-06 
 8.585083E-09 
 1.800000E+00 
 1.800000E+00 
-1.060400E-08 
 7.442180E-09 
 1.800000E+00 
 1.800000E+00 
-7.730008E-06 
-7.815317E-06 
 1.800000E+00 
-2.029373E-07 
 1.800000E+00 
 1.800006E+00 
 4.280851E-06 
 1.245283E-08 
 1.800000E+00 
 1.800000E+00 
 9.229141E-08 
 6.453073E-09 
 1.800000E+00 
 1.799999E+00 
-1.152145E-06 
-2.760571E-09 
 1.800000E+00 
 3.002601E-09 
 1.800000E+00 
 1.799998E+00 
-1.096720E-06 
-2.808582E-09 
 1.800000E+00 
 7.466566E-09 
 1.800000E+00 
 1.800000E+00 
 4.613589E-07 
 1.497263E-07 
 1.800002E+00 
 1.227918E-07 
 1.800000E+00 
-5.697572E-07 
 1.800000E+00 
-1.564029E-07 
 1.799999E+00 
 5.106358E-07 
 1.800000E+00 
 2.122519E-06 
 1.800000E+00 
 6.863692E-06 
 5.959297E-06 
 1.800000E+00 
 1.800005E+00 
-1.231388E-08 
 1.800000E+00 
-7.648794E-07 
 8.219413E-09 
 1.800000E+00 
 1.800000E+00 
-1.416599E-07 
 3.954719E-09 
 1.800000E+00 
 8.371270E-09 
 1.800003E+00 
-3.380787E-08 
 1.800000E+00 
 1.286671E-07 
 1.800001E+00 
 1.567919E-08 
 1.800000E+00 
 1.581930E-07 
 1.800000E+00 
-1.110085E-06 
-1.165199E-06 
 1.800001E+00 
 1.800000E+00 
-3.525416E-06 
 6.181998E-09 
 1.800000E+00 
 1.453635E-05 
 1.799998E+00 
 1.800000E+00 
-1.428150E-06 
-1.165299E-06 
-1.165300E-06 
 1.800000E+00 
 1.800000E+00 
-9.590947E-07 
-4.961398E-07 
 1.800000E+00 
 1.800000E+00 
-6.211713E-07 
 1.595051E-08 
 1.800002E+00 
-1.123321E-07 
 1.800000E+00 
 5.527227E-07 
 1.800000E+00 
-9.912399E-08 
 7.738972E-09 
 1.800001E+00 
 1.800000E+00 
-2.108666E-06 
 6.450995E-09 
 1.800000E+00 
 5.731527E-07 
 1.800000E+00 
 6.626629E-08 
 6.650689E-08 
 1.799997E+00 
 1.800000E+00 
 2.035391E-06 
 2.608905E-06 
 1.800000E+00 
 8.217169E-09 
 1.800000E+00 
-1.234528E-06 
 1.800000E+00 
 1.320663E-05 
 1.800000E+00 
-4.398964E-07 
-4.571728E-08 
 1.800000E+00 
 2.045584E-06 
 1.800000E+00 
-1.447487E-06 
 1.800000E+00 
 1.186702E-06 
-5.633116E-09 
 1.800000E+00 
-1.856480E-08 
 1.800000E+00 
-1.865048E-07 
 1.800001E+00 
-1.452532E-07 
 1.800000E+00 
 3.346299E-06 
 2.357896E-06 
 1.800000E+00 
 1.085912E-07 
 1.799998E+00 
 1.844353E-09 
 1.800000E+00 
 1.886353E-06 
 9.359974E-09 
 1.800001E+00 
-1.605431E-07 
 1.800001E+00 
-1.394200E-07 
 1.800000E+00 
-1.783849E-08 
 5.910147E-08 
 1.800000E+00 
 5.528276E-07 
 1.800000E+00 
 6.260307E-09 
 1.800000E+00 
-1.777329E-07 
 1.512787E-08 
 1.800000E+00 
 1.638235E-08 
 1.800000E+00 
 8.998764E-09 
 1.799999E+00 
-4.424918E-05 
-8.790672E-06 
 1.800000E+00 
-7.437401E-08 
 1.800000E+00 
 2.094968E-08 
-1.098994E-07 
 1.800000E+00 
 6.815050E-09 
 1.800000E+00 
-1.839981E-07 
 1.800000E+00 
 6.105105E-07 
 6.711867E-09 
 1.800000E+00 
-2.224011E-08 
 7.437426E-09 
 1.800000E+00 
 1.800000E+00 
 2.207030E-07 
 5.396403E-09 
 1.800000E+00 
 4.658628E-09 
 9.838222E-09 
 1.800000E+00 
 1.057402E-06 
 1.800000E+00 
 3.900022E-08 
 1.800000E+00 
-2.654244E-07 
-1.791570E-07 
-1.794267E-07 
 1.800000E+00 
 1.800000E+00 
-3.874084E-09 
 6.369126E-09 
 1.800002E+00 
 2.190388E-07 
 1.800000E+00 
-3.354269E-06 
 6.359981E-09 
 1.800000E+00 
-4.698678E-06 
 8.561775E-09 
 1.800002E+00 
 1.674640E-08 
 1.800000E+00 
-3.796125E-08 
 1.800000E+00 
-6.492797E-08 
-7.128300E-08 
 1.800000E+00 
-9.776224E-08 
-8.400124E-09 
 1.800000E+00 
 9.655035E-08 
 1.800000E+00 
 1.164000E-07 
-2.292759E-09 
 1.800000E+00 
-4.830924E-08 
 1.800000E+00 
 1.408698E-07 
-1.791629E-07 
 1.800000E+00 
-1.001540E-07 
 1.800000E+00 
-5.045707E-07 
-6.361680E-07 
-6.361697E-07 
 1.800000E+00 
 1.800000E+00 
 1.730502E-06 
 3.956699E-09 
 3.957473E-09 
 1.800000E+00 
 1.799999E+00 
 1.173773E-07 
 2.960034E-07 
 2.960042E-07 
 1.799999E+00 
 1.182874E-07 
 1.799998E+00 
-1.136276E-05 
-1.188258E-05 
 1.800000E+00 
-7.974508E-08 
 5.504194E-09 
 1.800000E+00 
 1.800000E+00 
-5.282695E-06 
-5.278616E-06 
-5.278629E-06 
-5.278626E-06 
 1.799999E+00 
 1.800000E+00 
-4.447145E-07 
-7.245980E-07 
-7.245978E-07 
 1.800000E+00 
 1.800001E+00 
-1.486990E-06 
 3.345726E-09 
 3.352925E-09 
 1.800000E+00 
 3.452410E-06 
 9.955710E-09 
 1.800000E+00 
 6.398242E-09 
 1.799999E+00 
 4.484817E-06 
 1.408210E-08 
 1.800000E+00 
-9.337538E-09 
 7.189299E-09 
 1.800000E+00 
-7.781565E-11 
 1.800000E+00 
-1.037226E-05 
-9.596739E-06 
 1.800000E+00 
 3.625294E-05 
 1.257077E-05 
 1.257074E-05 
 1.800000E+00 
 1.799999E+00 
-7.322393E-06 
 8.638335E-09 
 8.638286E-09 
 1.800000E+00 
 4.469291E-07 
 5.056799E-08 
 1.799999E+00 
-1.330317E-06 
 1.800000E+00 
-1.564260E-08 
-6.877788E-09 
 1.800002E+00 
-1.314266E-05 
-1.692047E-07 
 1.800000E+00 
 2.079285E-06 
 2.625550E-06 
 2.625547E-06 
 1.800001E+00 
 1.800000E+00 
-1.082442E-05 
 6.822446E-09 
 6.820171E-09 
 1.800000E+00 
 3.252875E-08 
-2.302185E-08 
 1.800000E+00 
 1.014775E-07 
 1.800000E+00 
 3.036984E-08 
 5.448070E-08 
 5.448052E-08 
 1.800002E+00 
-4.910258E-06 
-4.773253E-06 
 1.800000E+00 
-3.932362E-09 
 1.800000E+00 
 1.583003E-06 
 9.913928E-09 
 1.800000E+00 
-3.884556E-06 
 6.825013E-07 
 6.825032E-07 
 1.800000E+00 
-1.991089E-06 
 1.800000E+00 
 5.184690E-07 
 8.847428E-09 
 8.847588E-09 
 1.800000E+00 
 1.838095E-07 
 1.800000E+00 
-1.353859E-06 
 5.583678E-09 
 5.583940E-09 
 1.800000E+00 
 4.554128E-07 
 2.253546E-07 
 1.800000E+00 
-4.683044E-07 
 1.800000E+00 
-3.376092E-08 
 2.875299E-08 
 2.875376E-08 
 1.800000E+00 
-1.225352E-07 
 2.624291E-08 
 1.800000E+00 
 1.862914E-07 
-9.529429E-08 
 1.800000E+00 
 3.377065E-08 
 9.420638E-09 
 1.800000E+00 
-1.509769E-07 
 8.307542E-09 
 1.800000E+00 
-1.215086E-06 
-1.349037E-08 
-1.349055E-08 
 1.800000E+00 
 2.772980E-07 
 1.800000E+00 
-4.002047E-08 
 1.581979E-08 
 1.581788E-08 
 1.800000E+00 
-1.550565E-07 
-4.793998E-07 
 1.800002E+00 
 9.633250E-07 
-1.604337E-08 
 1.800000E+00 
-1.273124E-06 
 4.242695E-09 
 4.243360E-09 
 1.800000E+00 
-1.134526E-06 
 1.800000E+00 
-3.193013E-06 
-2.479917E-06 
-2.479916E-06 
-2.479916E-06 
 1.800000E+00 
 1.800002E+00 
-2.466638E-06 
-1.391975E-05 
-1.391973E-05 
-1.391975E-05 
-1.391975E-05 
 1.800000E+00 
 1.800000E+00 
-7.118555E-06 
-7.106464E-06 
-7.106469E-06 
-7.106464E-06 
 1.799998E+00 
 4.764723E-07 
 1.800000E+00 
 1.706481E-06 
 1.363790E-06 
 1.363791E-06 
 1.800000E+00 
 2.425561E-07 
 3.088619E-09 
 1.800000E+00 
 1.871920E-07 
-1.395619E-05 
-1.395619E-05 
 1.800000E+00 
-5.298672E-08 
-1.037129E-07 
 1.800000E+00 
 5.561331E-06 
 2.605924E-07 
 2.605862E-07 
 1.800000E+00 
-4.091188E-06 
 1.440031E-08 
 1.800001E+00 
-6.111387E-06 
 1.336602E-08 
 1.336756E-08 
 1.800000E+00 
-8.083561E-09 
 6.753416E-09 
 1.800000E+00 
 4.186986E-07 
 5.562159E-07 
 1.800000E+00 
-7.358278E-08 
-4.078150E-08 
-4.078035E-08 
-4.078210E-08 
 1.800000E+00 
 6.120203E-08 
 1.800000E+00 
 1.720230E-06 
 1.866415E-06 
 1.866416E-06 
 1.866415E-06 
 1.800000E+00 
-8.687778E-08 
 1.800000E+00 
 3.724672E-06 
-1.184586E-05 
-1.184585E-05 
-1.184585E-05 
 1.800000E+00 
 9.614929E-07 
 1.812294E-07 
 1.800000E+00 
-2.695005E-06 
-3.609461E-09 
-3.621805E-09 
 1.800000E+00 
-1.488822E-05 
-1.457014E-05 
-1.457015E-05 
 1.800003E+00 
 9.292126E-10 
 1.799996E+00 
 2.679896E-08 
 2.527751E-08 
 2.527708E-08 
 2.527711E-08 
 2.527712E-08 
 1.800003E+00 
 3.644284E-08 
 1.800000E+00 
 4.633911E-05 
 6.560187E-08 
 6.560545E-08 
 6.560515E-08 
 1.800000E+00 
-5.203226E-07 
-2.432954E-07 
 1.800000E+00 
-6.224312E-07 
-3.505232E-07 
-3.505232E-07 
-3.505246E-07 
 1.799999E+00 
-3.393260E-07 
 1.800000E+00 
-3.307832E-07 
 7.452397E-09 
 7.442408E-09 
 7.449823E-09 
 7.449058E-09 
 1.800000E+00 
-4.622486E-08 
 1.800000E+00 
-6.919103E-07 
-2.745466E-07 
-2.745510E-07 
-2.745536E-07 
 1.800000E+00 
-2.154956E-06 
-2.874967E-06 
-2.874969E-06 
 1.800000E+00 
 3.351852E-08 
 7.906016E-09 
 1.800001E+00 
-5.128262E-06 
 1.962714E-08 
 1.962942E-08 
 1.961596E-08 
 1.800000E+00 
 3.278592E-07 
 2.885244E-07 
 2.885422E-07 
 1.800000E+00 
-4.415631E-08 
 6.775825E-09 
 1.800003E+00 
-5.610395E-08 
 1.240391E-08 
 1.240451E-08 
 1.240198E-08 
 1.238958E-08 
 1.800000E+00 
-1.430676E-08 
 1.800000E+00 
-1.082127E-07 
-3.053859E-09 
-3.052662E-09 
-3.053181E-09 
-3.024623E-09 
 1.800000E+00 
-1.195917E-08 
-1.375438E-08 
 1.800000E+00 
 1.880315E-07 
 1.895513E-07 
 1.895468E-07 
 1.800000E+00 
-1.997669E-08 
 1.162981E-09 
 1.165014E-09 
 1.164282E-09 
 1.800000E+00 
-4.290958E-08 
 2.839317E-08 
 2.839492E-08 
 1.800001E+00 
-3.022318E-06 
 1.379125E-06 
 1.379142E-06 
 1.379146E-06 
 1.800000E+00 
 7.488293E-08 
 1.083532E-08 
 1.800000E+00 
 4.995745E-06 
 2.648257E-08 
 2.647815E-08 
 2.648332E-08 
 2.648119E-08 
 1.800000E+00 
 2.625137E-09 
 1.800000E+00 
-4.156657E-08 
 7.434907E-09 
 7.435727E-09 
 7.436282E-09 
 7.518526E-09 
 7.434856E-09 
 1.800000E+00 
 7.749004E-09 
 6.286043E-09 
 1.799996E+00 
-1.372094E-06 
 4.422034E-09 
 4.423162E-09 
 4.479811E-09 
 1.800001E+00 
 1.667402E-07 
 7.256399E-09 
 7.256718E-09 
 1.800004E+00 
-1.466759E-06 
-3.535924E-07 
-3.536097E-07 
-3.536088E-07 
-3.536087E-07 
 1.800000E+00 
 8.369826E-09 
 1.800000E+00 
-1.796915E-08 
-2.041437E-09 
-2.041366E-09 
-2.039567E-09 
-2.035952E-09 
-2.041975E-09 
-2.039879E-09 
 1.800000E+00 
 1.800000E+00 
 7.337886E-05 
-4.038844E-07 
-4.038980E-07 
-4.038790E-07 
-4.038790E-07 
-4.038781E-07 
-4.038793E-07 
 1.800000E+00 
-5.191142E-08 
 2.233035E-08 
 1.800000E+00 
-9.253645E-09 
-7.748052E-09 
-7.740442E-09 
-7.740167E-09 
-7.740205E-09 
 1.800000E+00 
 1.498461E-07 
-7.282950E-08 
 1.800000E+00 
-1.194489E-07 
 1.256172E-08 
 1.256203E-08 
 1.256388E-08 
 1.257183E-08 
 1.256553E-08 
 1.800000E+00 
 1.293134E-06 
 8.356926E-07 
 1.800000E+00 
-1.099456E-07 
 7.437577E-09 
 7.443628E-09 
 7.445368E-09 
 7.443547E-09 
 7.443640E-09 
 1.800000E+00 
 4.173460E-08 
 4.035263E-09 
 1.800000E+00 
-7.618102E-07 
 6.292148E-09 
 6.292912E-09 
 6.288135E-09 
 6.291819E-09 
 6.292122E-09 
 1.800000E+00 
 8.001928E-08 
 5.538172E-09 
 1.800000E+00 
-4.023554E-07 
-1.071116E-07 
-1.071114E-07 
-1.071133E-07 
-1.071120E-07 
-1.070992E-07 
 1.800000E+00 
-1.911340E-07 
 6.407527E-09 
 6.408264E-09 
 1.800001E+00 
 1.326447E-06 
 2.328676E-06 
 2.328677E-06 
 2.328661E-06 
 2.328677E-06 
 1.800003E+00 
-3.272988E-05 
 1.030843E-07 
 1.030865E-07 
 1.030839E-07 
 1.800000E+00 
 9.860936E-06 
 1.073538E-05 
 1.073538E-05 
 1.073538E-05 
 1.073538E-05 
 1.800000E+00 
-8.551405E-06 
-8.676709E-06 
-8.676710E-06 
 1.800000E+00 
-5.246348E-07 
-1.954259E-07 
-1.954297E-07 
-1.954273E-07 
-1.954272E-07 
-1.954289E-07 
 1.800000E+00 
 5.403108E-07 
 6.462072E-09 
 6.467969E-09 
 1.800000E+00 
-1.664613E-06 
-1.694768E-06 
-1.694769E-06 
-1.694769E-06 
-1.694768E-06 
-1.694771E-06 
 1.800000E+00 
-4.568793E-05 
 4.308252E-08 
 4.307490E-08 
 4.307941E-08 
 1.800002E+00 
 3.844288E-07 
 1.528311E-09 
 1.523946E-09 
 1.528897E-09 
 1.527471E-09 
 1.800000E+00 
-1.338263E-05 
-9.608220E-07 
-9.608160E-07 
-9.608159E-07 
 1.800000E+00 
 8.325235E-07 
 8.396550E-09 
 8.396249E-09 
 8.396494E-09 
 8.396303E-09 
 8.395339E-09 
 1.800000E+00 
-4.520158E-09 
-3.185868E-08 
-3.186616E-08 
 1.800000E+00 
 7.119698E-06 
-5.647420E-07 
-5.647348E-07 
-5.647349E-07 
-5.647349E-07 
-5.647336E-07 
-5.647344E-07 
 1.799999E+00 
-1.036634E-06 
 1.339676E-08 
 1.339455E-08 
 1.339506E-08 
 1.800002E+00 
 1.487816E-07 
 7.453859E-09 
 7.456052E-09 
 7.455522E-09 
 7.455157E-09 
 1.800000E+00 
-9.129849E-07 
-1.290117E-07 
-1.290082E-07 
-1.290115E-07 
-1.290092E-07 
-1.290146E-07 
 1.800000E+00 
 6.886027E-07 
 6.853158E-07 
 6.853158E-07 
 1.800000E+00 
-2.308606E-06 
 8.273139E-09 
 8.271369E-09 
 8.272909E-09 
 8.267640E-09 
 8.273923E-09 
 8.267691E-09 
 8.275984E-09 
 1.800000E+00 
-9.476313E-06 
-2.034663E-05 
-2.034663E-05 
-2.034662E-05 
 1.800000E+00 
 2.154494E-07 
 2.221434E-07 
 2.221427E-07 
 2.221367E-07 
 2.221427E-07 
 1.800001E+00 
-4.233827E-07 
 8.460251E-08 
 8.460263E-08 
 8.460242E-08 
 8.460252E-08 
 8.460617E-08 
 8.460936E-08 
 1.800000E+00 
-6.844016E-09 
 7.142610E-09 
 7.142346E-09 
 1.800000E+00 
 6.160626E-06 
-7.451680E-07 
-7.451625E-07 
-7.451719E-07 
-7.451514E-07 
-7.451666E-07 
-7.451525E-07 
-7.451674E-07 
 1.800000E+00 
-2.548797E-07 
 3.252710E-08 
 3.251638E-08 
 3.251985E-08 
 3.251987E-08 
 1.800001E+00 
-1.963513E-05 
-1.963502E-05 
-1.963502E-05 
-1.963502E-05 
-1.963502E-05 
-1.963502E-05 
 1.799998E+00 
-3.382577E-07 
 3.098779E-09 
 3.104845E-09 
 3.104676E-09 
 3.103196E-09 
 1.800006E+00 
 7.295891E-07 
 6.838916E-09 
 6.838692E-09 
 6.843754E-09 
 6.839923E-09 
 6.838733E-09 
 6.838219E-09 
 1.800000E+00 
-5.955849E-05 
-2.098004E-05 
-2.098004E-05 
-2.098004E-05 
-2.098004E-05 
 1.799999E+00 
 2.616726E-07 
 2.799955E-08 
 2.800001E-08 
 2.799963E-08 
 2.799967E-08 
 2.800236E-08 
 2.799975E-08 
 1.800000E+00 
 3.439177E-05 
 3.745346E-08 
 3.745346E-08 
 3.745426E-08 
 3.745340E-08 
 3.745410E-08 
 1.800000E+00 
-9.521289E-06 
-9.496956E-06 
-9.496956E-06 
-9.496902E-06 
-9.496956E-06 
-9.496953E-06 
 1.800000E+00 
-1.998687E-06 
-2.075934E-06 
-2.075929E-06 
-2.075928E-06 
-2.075925E-06 
-2.075929E-06 
 1.799999E+00 
-1.271761E-05 
 4.194520E-08 
 4.194427E-08 
 4.194409E-08 
 4.194600E-08 
 4.194496E-08 
 4.194505E-08 
 4.194511E-08 
 1.800000E+00 
-1.353647E-06 
 2.434697E-09 
 2.434730E-09 
 2.436551E-09 
 2.436424E-09 
 1.800002E+00 
 5.711815E-05 
-7.341511E-06 
-7.341518E-06 
-7.341513E-06 
-7.341511E-06 
-7.341513E-06 
-7.341510E-06 
 1.799997E+00 
 1.424823E-07 
 6.166779E-09 
 6.166344E-09 
 6.166177E-09 
 6.166533E-09 
 6.166546E-09 
 6.166425E-09 
 6.107670E-09 
 1.800000E+00 
 4.604069E-06 
 4.799695E-06 
 4.799635E-06 
 4.799638E-06 
 4.799635E-06 
 1.800000E+00 
-2.347761E-05 
 1.527069E-07 
 1.526962E-07 
 1.527067E-07 
 1.527060E-07 
 1.527089E-07 
 1.526979E-07 
 1.527068E-07 
 1.800000E+00 
-1.222322E-05 
-2.230987E-07 
-2.230991E-07 
-2.231017E-07 
-2.230981E-07 
-2.230986E-07 
-2.230987E-07 
 1.800002E+00 
-3.787314E-07 
 4.730325E-10 
 4.744610E-10 
 4.764420E-10 
 4.741461E-10 
 4.702289E-10 
 4.736198E-10 
 1.800000E+00 
 1.946630E-08 
 6.346799E-09 
 6.346668E-09 
 6.346689E-09 
 6.346280E-09 
 6.346363E-09 
 6.346750E-09 
 1.800000E+00 
-2.730287E-06 
 5.805601E-09 
 5.805981E-09 
 5.801893E-09 
 5.806238E-09 
 5.805770E-09 
 5.807660E-09 
 5.806085E-09 
 1.800000E+00 
 1.856133E-06 
 8.333671E-09 
 8.334197E-09 
 8.334246E-09 
 8.327409E-09 
 8.330323E-09 
 8.332434E-09 
 1.800000E+00 
 1.509859E-05 
-2.658324E-08 
-2.658297E-08 
-2.658265E-08 
-2.658477E-08 
-2.658197E-08 
-2.658226E-08 
 1.800000E+00 
 4.251667E-07 
-8.972754E-06 
-8.972752E-06 
-8.972753E-06 
-8.972753E-06 
-8.972754E-06 
-8.972752E-06 
-8.972752E-06 
-8.972744E-06 
 1.800001E+00 
-4.280754E-05 
 4.466389E-08 
 4.466450E-08 
 4.466446E-08 
 4.466445E-08 
 4.466100E-08 
 1.800001E+00 
 5.707646E-10 
 2.589043E-09 
 2.589120E-09 
 2.484835E-09 
 2.588111E-09 
 2.588801E-09 
 2.589370E-09 
 2.588785E-09 
 2.589449E-09 
 2.592483E-09 
 1.800000E+00 
 9.448330E-08 
-3.241504E-08 
-3.241360E-08 
-3.241546E-08 
-3.241519E-08 
 1.800000E+00 
-5.698952E-07 
 4.630899E-09 
 4.631397E-09 
 4.631121E-09 
 4.700635E-09 
 4.631044E-09 
 4.631677E-09 
 4.631435E-09 
 4.630809E-09 
 4.631471E-09 
 4.631786E-09 
 1.800000E+00 
 1.394922E-08 
-6.404827E-09 
-6.399452E-09 
-6.399089E-09 
-6.399333E-09 
-6.399844E-09 
 1.800000E+00 
 3.689209E-05 
 1.033682E-05 
 1.033681E-05 
 1.033682E-05 
 1.033682E-05 
 1.033682E-05 
 1.033682E-05 
 1.033682E-05 
 1.033681E-05 
 1.033682E-05 
 1.800000E+00 
-5.491513E-06 
-5.167776E-06 
-5.167774E-06 
-5.167774E-06 
-5.167773E-06 
-5.167774E-06 
-5.167776E-06 
 1.800000E+00 
 4.040555E-06 
 4.473658E-06 
 4.473657E-06 
 4.473661E-06 
 4.473667E-06 
 4.473632E-06 
 4.473659E-06 
 4.473658E-06 
 4.473657E-06 
 1.800000E+00 
-8.216110E-07 
-3.226914E-09 
-3.224555E-09 
-3.224691E-09 
-3.223655E-09 
-3.224697E-09 
-3.224945E-09 
-3.032247E-09 
 1.800000E+00 
-1.658888E-06 
-1.343888E-08 
-1.343461E-08 
-1.340070E-08 
-1.344015E-08 
-1.344016E-08 
-1.343209E-08 
-1.344177E-08 
-1.343844E-08 
 1.800000E+00 
 6.614903E-07 
 7.446181E-07 
 7.446242E-07 
 7.446230E-07 
 7.446227E-07 
 7.446115E-07 
 7.446248E-07 
 7.446235E-07 
 1.800000E+00 
 4.084282E-06 
 6.875360E-09 
 6.877831E-09 
 6.877656E-09 
 6.867785E-09 
 6.877539E-09 
 6.877873E-09 
 6.877853E-09 
 6.872411E-09 
 1.799999E+00 
-4.014115E-06 
 5.567768E-09 
 5.567781E-09 
 5.567749E-09 
 5.568614E-09 
 5.556112E-09 
 5.573801E-09 
 5.568241E-09 
 5.567763E-09 
 1.800000E+00 
-4.288137E-06 
-3.981533E-06 
-3.981532E-06 
-3.981542E-06 
-3.981533E-06 
-3.981533E-06 
-3.981534E-06 
-3.981538E-06 
-3.981533E-06 
 1.800000E+00 
-4.982558E-06 
-5.007618E-06 
-5.007618E-06 
-5.007620E-06 
-5.007618E-06 
-5.007618E-06 
-5.007620E-06 
-5.007618E-06 
 1.800001E+00 
-1.202129E-07 
 7.178973E-09 
 7.178850E-09 
 7.182766E-09 
 7.178671E-09 
 7.179018E-09 
 7.181418E-09 
 7.178666E-09 
 7.178519E-09 
 7.178336E-09 
 1.800000E+00 
 8.798818E-06 
 7.716341E-09 
 7.720170E-09 
 7.720284E-09 
 7.699110E-09 
 7.730145E-09 
 7.707374E-09 
 7.719841E-09 
 1.800000E+00 
 2.678405E-07 
 6.149855E-09 
 6.150663E-09 
 6.105676E-09 
 6.149881E-09 
 6.151933E-09 
 6.142385E-09 
 6.144947E-09 
 6.148338E-09 
 1.800000E+00 
-1.362124E-07 
 6.453475E-08 
 6.453414E-08 
 6.453608E-08 
 6.451197E-08 
 6.455652E-08 
 6.453377E-08 
 6.453418E-08 
 6.452839E-08 
 6.453484E-08 
 1.799999E+00 
-5.235530E-06 
 8.441555E-09 
 8.434409E-09 
 8.439074E-09 
 8.439942E-09 
 8.439119E-09 
 8.435382E-09 
 8.435433E-09 
 1.800000E+00 
 1.793064E-06 
 1.931646E-06 
 1.931646E-06 
 1.931645E-06 
 1.931646E-06 
 1.931646E-06 
 1.931647E-06 
 1.931643E-06 
 1.931646E-06 
 1.931645E-06 
 1.800000E+00 
 3.101440E-08 
 3.721046E-09 
 3.723847E-09 
 3.719253E-09 
 3.723577E-09 
 3.724546E-09 
 3.723896E-09 
 3.723175E-09 
 3.722881E-09 
 1.800001E+00 
 3.468053E-06 
 4.411303E-06 
 4.411328E-06 
 4.411323E-06 
 4.411321E-06 
 4.411322E-06 
 4.411322E-06 
 4.411322E-06 
 1.800000E+00 
-5.096255E-07 
-5.907567E-08 
-5.907606E-08 
-5.907567E-08 
-5.907530E-08 
-5.907569E-08 
-5.907481E-08 
-5.907252E-08 
-5.907538E-08 
-5.906341E-08 
 1.800000E+00 
 1.011340E-07 
 1.085575E-08 
 1.085103E-08 
 1.085170E-08 
 1.085256E-08 
 1.085203E-08 
 1.085371E-08 
 1.085164E-08 
 1.085172E-08 
 1.799999E+00 
 1.485761E-05 
 1.492833E-05 
 1.492833E-05 
 1.492833E-05 
 1.492833E-05 
 1.492833E-05 
 1.492833E-05 
 1.492833E-05 
 1.492833E-05 
 1.799998E+00 
 8.858037E-08 
 8.575938E-08 
 8.573769E-08 
 8.575468E-08 
 8.575761E-08 
 8.574535E-08 
 8.575675E-08 
 8.575860E-08 
 8.562777E-08 
 1.799998E+00 
 3.583672E-07 
 1.479868E-07 
 1.479880E-07 
 1.479874E-07 
 1.479872E-07 
 1.479867E-07 
 1.479874E-07 
 1.479843E-07 
 1.800000E+00 
-3.349731E-07 
 2.341404E-08 
 2.342683E-08 
 2.341529E-08 
 2.341555E-08 
 2.341211E-08 
 2.343043E-08 
 2.341519E-08 
 2.341452E-08 
 2.341633E-08 
 2.341458E-08 
 1.800000E+00 
 4.374710E-06 
 3.837147E-06 
 3.837146E-06 
 3.837146E-06 
 3.837146E-06 
 3.837146E-06 
 1.800000E+00 
 2.128631E-06 
 8.242176E-09 
 8.226768E-09 
 8.234587E-09 
 8.233102E-09 
 8.242565E-09 
 8.231420E-09 
 8.231804E-09 
 8.231316E-09 
 8.231381E-09 
 8.231653E-09 
 8.228946E-09 
 1.800000E+00 
 2.910103E-07 
 3.023332E-07 
 3.023360E-07 
 3.023331E-07 
 3.023325E-07 
 3.023325E-07 
 1.800000E+00 
 3.062314E-05 
 9.074037E-06 
 9.074039E-06 
 9.074016E-06 
 9.074037E-06 
 9.074039E-06 
 9.074039E-06 
 9.074035E-06 
 9.074037E-06 
 9.074038E-06 
 9.074039E-06 
 1.800000E+00 
 2.838989E-06 
-1.999460E-10 
-2.016906E-10 
-2.005043E-10 
-2.005028E-10 
-2.006302E-10 
-2.005284E-10 
 1.800002E+00 
-1.912964E-06 
-5.780262E-07 
-5.780243E-07 
-5.780222E-07 
-5.780184E-07 
-5.780223E-07 
-5.780218E-07 
-5.780222E-07 
-5.780217E-07 
 1.800000E+00 
-5.253903E-06 
-4.314328E-06 
-4.314337E-06 
-4.314328E-06 
-4.314328E-06 
-4.314327E-06 
-4.314328E-06 
-4.314328E-06 
-4.314328E-06 
 1.799999E+00 
-9.753338E-06 
-1.245964E-07 
-1.245980E-07 
-1.245966E-07 
-1.245972E-07 
-1.245966E-07 
-1.245960E-07 
 1.800000E+00 
 3.426444E-07 
 2.132351E-08 
 2.128978E-08 
 2.132550E-08 
 2.132492E-08 
 2.131146E-08 
 2.132388E-08 
 2.132507E-08 
 2.132418E-08 
 2.132383E-08 
 1.800000E+00 
-5.343161E-06 
 2.927666E-09 
 2.928671E-09 
 2.942306E-09 
 2.928852E-09 
 2.927503E-09 
 2.927614E-09 
 1.800000E+00 
-1.834612E-08 
 7.344451E-09 
 7.342750E-09 
 7.342659E-09 
 7.344633E-09 
 7.341500E-09 
 7.342881E-09 
 7.342874E-09 
 7.343089E-09 
 1.800000E+00 
 2.006507E-05 
 1.982270E-08 
 1.982310E-08 
 1.982343E-08 
 1.983467E-08 
 1.982287E-08 
 1.982293E-08 
 1.800001E+00 
-1.406933E-06 
-6.922339E-09 
-6.905640E-09 
-6.914834E-09 
-6.920566E-09 
-6.930683E-09 
-6.920288E-09 
-6.921618E-09 
-6.918722E-09 
 1.800000E+00 
-3.137472E-06 
-2.859364E-06 
-2.859363E-06 
-2.859364E-06 
-2.859364E-06 
-2.859364E-06 
-2.859364E-06 
 1.800000E+00 
 2.144743E-05 
-5.509671E-07 
-5.509734E-07 
-5.509679E-07 
-5.509631E-07 
-5.509681E-07 
-5.509666E-07 
-5.509943E-07 
-5.509686E-07 
 1.800000E+00 
 7.937782E-07 
 2.340996E-08 
 2.340965E-08 
 2.340925E-08 
 2.340910E-08 
 2.340884E-08 
 1.800000E+00 
-3.151933E-08 
 6.177408E-09 
 6.184134E-09 
 6.178056E-09 
 6.159109E-09 
 6.180171E-09 
 6.176993E-09 
 6.177319E-09 
 6.177326E-09 
 1.800000E+00 
 1.241547E-08 
 1.149265E-08 
 1.149262E-08 
 1.147750E-08 
 1.149066E-08 
 1.149543E-08 
 1.800000E+00 
-9.444708E-07 
-6.242858E-08 
-6.242864E-08 
-6.242485E-08 
-6.249212E-08 
-6.242811E-08 
-6.242817E-08 
-6.242776E-08 
 1.800001E+00 
-6.425396E-06 
 3.812586E-08 
 3.812526E-08 
 3.812713E-08 
 3.812674E-08 
 3.812599E-08 
 3.812750E-08 
 3.812702E-08 
 1.800000E+00 
-5.898621E-05 
 1.101651E-07 
 1.101643E-07 
 1.101571E-07 
 1.101654E-07 
 1.101462E-07 
 1.800000E+00 
-5.200878E-07 
-2.687390E-08 
-2.687560E-08 
-2.687589E-08 
-2.687557E-08 
-2.688260E-08 
-2.687587E-08 
 1.800000E+00 
 1.883913E-08 
 1.213567E-08 
 1.213230E-08 
 1.213155E-08 
 1.213079E-08 
 1.212992E-08 
 1.213274E-08 
 1.213240E-08 
 1.800000E+00 
-1.147319E-07 
-2.914060E-07 
-2.914056E-07 
-2.913946E-07 
-2.914062E-07 
-2.914055E-07 
 1.800000E+00 
 2.020787E-06 
 1.286939E-08 
 1.287152E-08 
 1.287067E-08 
 1.288722E-08 
 1.287396E-08 
 1.287152E-08 
 1.800000E+00 
 4.703405E-05 
-3.104885E-08 
-3.104874E-08 
-3.109757E-08 
-3.104775E-08 
-3.104809E-08 
-3.104861E-08 
 1.800000E+00 
-4.712554E-06 
-8.249962E-08 
-8.249941E-08 
-8.249979E-08 
-8.249828E-08 
-8.248891E-08 
 1.800000E+00 
-2.040762E-06 
 6.115665E-07 
 6.115520E-07 
 6.115527E-07 
 6.115523E-07 
 6.115530E-07 
 6.115544E-07 
 1.800001E+00 
-4.592759E-06 
 4.689569E-09 
 4.692494E-09 
 4.691857E-09 
 4.692045E-09 
 4.692473E-09 
 1.800000E+00 
-3.977046E-07 
-1.044248E-07 
-1.044281E-07 
-1.044250E-07 
-1.044250E-07 
-1.044258E-07 
-1.044254E-07 
 1.800000E+00 
 1.632364E-05 
 1.579291E-05 
 1.579291E-05 
 1.579290E-05 
 1.579291E-05 
 1.800001E+00 
-9.161047E-09 
-1.624128E-07 
-1.624126E-07 
-1.624166E-07 
-1.624180E-07 
-1.624118E-07 
-1.624131E-07 
 1.800000E+00 
-7.676147E-07 
 4.200018E-09 
 4.199109E-09 
 4.199837E-09 
 4.191377E-09 
 4.200013E-09 
 1.800000E+00 
-1.344946E-06 
-1.559681E-06 
-1.559682E-06 
-1.559677E-06 
-1.559672E-06 
-1.559677E-06 
 1.800000E+00 
-5.256477E-05 
 1.356265E-08 
 1.356473E-08 
 1.356377E-08 
 1.356078E-08 
 1.799998E+00 
-2.766176E-06 
-2.768699E-06 
-2.768703E-06 
-2.768696E-06 
-2.768699E-06 
-2.768698E-06 
-2.768699E-06 
 1.800000E+00 
 1.429000E-06 
 2.112898E-06 
 2.112897E-06 
 2.112899E-06 
 2.112896E-06 
 1.800001E+00 
-5.383206E-07 
 3.322911E-09 
 3.361570E-09 
 3.321505E-09 
 3.322927E-09 
 3.319630E-09 
 1.800000E+00 
-1.162893E-07 
-6.840178E-08 
-6.841263E-08 
-6.840654E-08 
-6.840713E-08 
 1.800000E+00 
-2.351128E-07 
 7.437540E-09 
 7.436666E-09 
 7.422419E-09 
 7.438863E-09 
 7.435562E-09 
 1.800000E+00 
-9.061761E-08 
 5.992479E-09 
 6.017718E-09 
 5.992436E-09 
 5.993424E-09 
 1.800004E+00 
 1.283241E-06 
 9.970618E-09 
 9.970049E-09 
 9.971247E-09 
 9.970839E-09 
 9.969758E-09 
 1.800000E+00 
 4.521100E-08 
 4.527010E-08 
 4.527355E-08 
 4.527258E-08 
 4.527333E-08 
 1.800000E+00 
 1.403651E-07 
 6.400572E-09 
 6.399373E-09 
 6.401508E-09 
 6.401495E-09 
 1.800000E+00 
-2.201600E-07 
 2.443893E-09 
 2.441320E-09 
 2.441458E-09 
 2.441443E-09 
 1.800000E+00 
 3.532332E-08 
 5.844888E-09 
 5.856142E-09 
 5.844516E-09 
 5.843802E-09 
 1.800001E+00 
-1.215069E-06 
 1.079691E-08 
 1.079348E-08 
 1.079408E-08 
 1.078922E-08 
 1.080000E-08 
 1.800000E+00 
-9.944551E-08 
-8.655315E-08 
-8.655307E-08 
 1.800000E+00 
-3.393620E-06 
 5.494852E-09 
 5.493687E-09 
 5.494805E-09 
 5.495806E-09 
 5.494711E-09 
 5.503040E-09 
 1.799999E+00 
 1.227715E-07 
-4.538536E-09 
-4.538535E-09 
-4.538559E-09 
 1.800000E+00 
 9.554801E-06 
 8.694691E-06 
 8.694688E-06 
 8.694694E-06 
 1.800000E+00 
-1.016995E-06 
-9.464633E-07 
-9.464741E-07 
-9.464601E-07 
-9.464732E-07 
-9.464629E-07 
 1.800000E+00 
 3.288530E-08 
 3.579269E-08 
 3.579225E-08 
 3.579271E-08 
 1.800000E+00 
 3.727427E-08 
 3.467674E-08 
 3.467676E-08 
 3.478877E-08 
 1.800000E+00 
-1.428217E-05 
-1.404399E-05 
-1.404398E-05 
-1.404395E-05 
-1.404399E-05 
-1.404399E-05 
 1.800000E+00 
 3.048040E-08 
 4.404412E-09 
 1.800000E+00 
-5.454289E-06 
-1.566276E-09 
-1.562844E-09 
-1.558744E-09 
-1.559839E-09 
-1.590323E-09 
-1.570181E-09 
 1.800000E+00 
-1.620374E-07 
-2.138897E-07 
-2.138880E-07 
 1.800000E+00 
 8.432543E-08 
 7.792575E-08 
 7.792586E-08 
 7.792547E-08 
 7.792577E-08 
 1.800000E+00 
 7.216872E-07 
 1.966259E-06 
 1.966260E-06 
 1.966260E-06 
 1.800000E+00 
-4.275388E-07 
 9.172610E-08 
 9.173553E-08 
 9.171693E-08 
 1.800000E+00 
 9.047029E-06 
 8.114739E-06 
 8.114741E-06 
 8.114739E-06 
 1.800000E+00 
 4.968955E-08 
-3.939349E-08 
-3.939708E-08 
-3.939313E-08 
-3.938301E-08 
 1.799997E+00 
 3.861241E-06 
-1.571353E-05 
 1.800000E+00 
 9.703686E-07 
 2.348885E-08 
 2.348676E-08 
 2.348310E-08 
 2.348294E-08 
 2.348422E-08 
 2.348444E-08 
 1.800000E+00 
 7.258789E-09 
 1.800000E+00 
 7.740130E-07 
-2.549201E-08 
-2.549349E-08 
-2.549393E-08 
-2.549388E-08 
-2.549091E-08 
-2.549203E-08 
 1.800000E+00 
-2.555317E-07 
 1.800000E+00 
 5.328041E-09 
-2.676284E-08 
-2.676052E-08 
-2.676079E-08 
-2.676021E-08 
-2.674630E-08 
 1.800002E+00 
 5.162092E-07 
 3.640597E-09 
 3.643898E-09 
 1.800000E+00 
-7.074458E-05 
 6.216547E-08 
 6.216836E-08 
 1.800000E+00 
 3.745608E-07 
 2.605428E-07 
 2.605404E-07 
 2.605428E-07 
 2.605412E-07 
 1.800000E+00 
-7.144416E-06 
-7.254635E-06 
-7.254636E-06 
 1.800000E+00 
-3.771622E-08 
-8.658065E-09 
-8.657713E-09 
-8.655942E-09 
 1.800001E+00 
 8.770428E-07 
 8.750078E-07 
 8.750079E-07 
 1.800000E+00 
-9.786364E-08 
 7.357677E-09 
 7.356493E-09 
 7.357123E-09 
 7.327051E-09 
 1.800000E+00 
-1.291108E-09 
 1.800000E+00 
 4.275529E-06 
-1.642287E-08 
-1.642311E-08 
-1.642058E-08 
-1.642331E-08 
-1.642185E-08 
 1.800000E+00 
 3.373872E-07 
 2.665303E-09 
 2.669687E-09 
 1.799999E+00 
-1.126757E-07 
-8.537436E-09 
 1.800001E+00 
-2.161065E-07 
 6.595614E-07 
 6.595589E-07 
 6.595614E-07 
 6.595626E-07 
 1.800000E+00 
 3.705016E-07 
 1.457833E-07 
 1.457836E-07 
 1.800000E+00 
-3.554631E-08 
-1.729020E-08 
 1.800000E+00 
-3.921227E-06 
 6.703012E-09 
 6.702943E-09 
 6.704045E-09 
 6.702779E-09 
 1.800001E+00 
 1.230265E-07 
 2.091345E-08 
 2.090464E-08 
 1.800000E+00 
-6.836715E-08 
 7.446514E-09 
 1.800000E+00 
 1.131328E-05 
 1.030981E-07 
 1.030980E-07 
 1.030972E-07 
 1.030981E-07 
 1.800000E+00 
 7.830881E-06 
 8.035893E-06 
 1.800000E+00 
-4.678679E-05 
 1.609539E-08 
 1.609960E-08 
 1.800000E+00 
 1.865313E-05 
 1.086610E-06 
 1.086609E-06 
 1.086611E-06 
 1.800000E+00 
 5.026845E-05 
-3.025598E-08 
-3.024109E-08 
 1.800000E+00 
-5.720027E-06 
-4.051446E-07 
 1.800000E+00 
 5.021177E-08 
 3.930934E-09 
 3.932067E-09 
 3.930680E-09 
 1.800000E+00 
-1.614565E-06 
-1.385876E-06 
-1.385867E-06 
 1.800003E+00 
 7.688022E-06 
 7.486593E-06 
 7.486592E-06 
 1.800000E+00 
 3.921545E-08 
 2.212782E-08 
 1.800000E+00 
 5.286818E-05 
-1.061496E-05 
-1.061496E-05 
-1.061496E-05 
 1.800000E+00 
-4.884738E-06 
-1.620459E-08 
-1.621118E-08 
 1.800000E+00 
-3.088044E-09 
 5.640577E-09 
 1.800000E+00 
-2.463969E-06 
-5.496690E-08 
-5.496669E-08 
 1.800000E+00 
 1.143066E-04 
 4.331585E-08 
 4.331547E-08 
 1.800000E+00 
-3.115962E-06 
-3.205468E-06 
-3.205468E-06 
 1.800000E+00 
-5.317072E-07 
 2.999161E-08 
 2.999131E-08 
 1.800002E+00 
 2.667216E-06 
-2.520707E-09 
 1.800000E+00 
 1.871276E-08 
 5.330287E-08 
 5.330043E-08 
 5.329991E-08 
 1.800000E+00 
 5.228085E-09 
 1.800000E+00 
 3.539366E-05 
-1.128229E-06 
-1.128234E-06 
-1.128232E-06 
 1.800000E+00 
-6.565573E-07 
 8.316119E-09 
 8.202407E-09 
 1.800001E+00 
 4.281228E-09 
 1.799999E+00 
 6.669019E-06 
 8.352011E-09 
 8.346807E-09 
 8.346453E-09 
 1.800000E+00 
 2.782497E-07 
 3.845837E-08 
 1.800000E+00 
-2.220223E-07 
-2.241536E-07 
-2.241518E-07 
 1.800001E+00 
-4.328552E-08 
-2.406658E-08 
 1.800000E+00 
-1.486291E-05 
 1.238091E-07 
 1.238010E-07 
 1.800000E+00 
 1.078968E-07 
 9.105487E-08 
 1.800000E+00 
 3.704244E-06 
 2.374064E-07 
 2.374062E-07 
 1.800000E+00 
 3.890108E-06 
 4.002073E-06 
 4.002040E-06 
 1.800000E+00 
 7.207974E-09 
 1.800000E+00 
 1.904800E-08 
 2.015006E-09 
 2.014812E-09 
 2.015424E-09 
 1.800000E+00 
-5.227260E-08 
 1.799998E+00 
-1.657082E-06 
 6.466206E-09 
 6.466038E-09 
 6.445504E-09 
 1.800000E+00 
 1.799998E+00 
 1.365167E-05 
 1.435556E-06 
 1.435555E-06 
 1.435557E-06 
 1.435556E-06 
 1.800000E+00 
 6.041159E-08 
 1.800000E+00 
 1.932508E-07 
 3.598819E-09 
 3.622344E-09 
 1.800000E+00 
 3.467390E-06 
 1.800002E+00 
-1.167510E-06 
-9.400244E-08 
-9.400180E-08 
-9.400053E-08 
 1.800000E+00 
 8.185387E-07 
 1.800002E+00 
 4.392678E-07 
 2.843894E-07 
 2.843884E-07 
 1.800001E+00 
-5.440112E-06 
 1.055581E-08 
 1.800000E+00 
 4.413296E-07 
 6.299061E-07 
 1.800000E+00 
-2.147624E-07 
-1.722374E-09 
-1.721409E-09 
 1.800000E+00 
-1.573666E-07 
 1.800000E+00 
-1.760676E-06 
 6.643081E-09 
 6.637487E-09 
 1.800000E+00 
 1.275572E-06 
 9.837476E-08 
 1.800000E+00 
 6.265965E-07 
-1.108939E-06 
 1.800000E+00 
-3.491682E-07 
-4.138426E-07 
-4.138358E-07 
 1.800000E+00 
-1.445305E-07 
 1.800000E+00 
 5.742498E-07 
 5.722443E-07 
 5.722436E-07 
 1.799999E+00 
 1.581611E-08 
 1.800000E+00 
 5.751792E-06 
 6.340270E-06 
 6.340270E-06 
 1.800000E+00 
-6.712432E-06 
 1.998395E-08 
 1.800000E+00 
-6.447871E-06 
-7.011595E-06 
 1.800000E+00 
 4.469166E-06 
 6.283216E-09 
 1.800000E+00 
 3.414055E-06 
 4.167501E-06 
 1.800000E+00 
 3.189865E-06 
 3.409847E-06 
 1.800000E+00 
-2.306939E-05 
-2.313717E-05 
 1.800000E+00 
 2.209802E-06 
 8.673120E-09 
 1.800000E+00 
 1.566134E-07 
 2.600792E-07 
 1.800000E+00 
-2.104125E-09 
 6.231406E-09 
 1.800000E+00 
-1.898564E-06 
 8.490828E-09 
 1.800000E+00 
 1.112255E-08 
 9.371076E-09 
 1.800000E+00 
-2.844907E-09 
 1.800000E+00 
-5.388249E-07 
 9.070186E-09 
 9.072792E-09 
 1.799999E+00 
 7.429472E-07 
 2.137435E-09 
 1.800001E+00 
-9.678496E-06 
 1.800000E+00 
-1.909723E-05 
 3.211238E-08 
 3.211172E-08 
 1.800000E+00 
 1.799999E+00 
-6.300656E-07 
-7.219617E-07 
-7.219610E-07 
-7.219635E-07 
 1.800000E+00 
 8.876004E-06 
 1.799999E+00 
 4.381530E-08 
 1.800000E+00 
 5.762230E-05 
-4.053495E-08 
-4.053440E-08 
 1.800000E+00 
-3.548182E-08 
 1.911342E-08 
 1.800000E+00 
 1.800000E+00 
 8.272443E-07 
 2.662890E-06 
 2.662889E-06 
 2.662891E-06 
 1.800000E+00 
 1.799999E+00 
 9.005119E-06 
 5.756760E-08 
 5.756575E-08 
 1.799999E+00 
-2.130840E-08 
 1.800000E+00 
 1.254424E-07 
 1.834244E-08 
 1.800000E+00 
-2.065410E-07 
 2.974425E-08 
 1.800000E+00 
-6.344355E-06 
 1.800000E+00 
 5.763047E-08 
 1.385356E-07 
 1.385344E-07 
 1.800000E+00 
 1.800000E+00 
 3.912887E-05 
-2.434213E-08 
-2.433379E-08 
 1.799998E+00 
 1.111527E-05 
 1.067696E-05 
 1.800000E+00 
 1.800000E+00 
 1.115471E-08 
 4.766872E-09 
 4.783589E-09 
 1.800000E+00 
-1.981984E-07 
 1.800000E+00 
-1.253061E-06 
-1.700368E-06 
 1.800000E+00 
-1.545279E-05 
-2.267384E-06 
 1.800002E+00 
 2.353717E-07 
 1.800000E+00 
 1.203881E-07 
-3.577318E-09 
 1.800000E+00 
 7.495242E-09 
 1.800003E+00 
 1.724576E-08 
 6.195537E-09 
 1.800000E+00 
-2.505082E-05 
-2.514108E-05 
 1.800000E+00 
-2.429377E-07 
 1.800000E+00 
-7.269748E-07 
 8.222894E-09 
 1.800002E+00 
 1.178326E-08 
 1.800000E+00 
 1.113276E-06 
 1.108054E-06 
 1.800000E+00 
 1.240473E-07 
 1.799999E+00 
 1.851682E-06 
 1.641437E-06 
 1.800000E+00 
-1.690320E-05 
-1.785521E-06 
 1.800000E+00 
 2.506680E-08 
 1.800000E+00 
 2.021284E-06 
 1.800000E+00 
-3.739930E-05 
 3.298266E-07 
 1.800000E+00 
-5.984302E-06 
-6.037096E-06 
 1.800004E+00 
 1.273434E-08 
 1.800000E+00 
-2.941974E-06 
 1.800000E+00 
-1.103185E-05 
 6.985075E-08 
 6.985368E-08 
 1.800000E+00 
 1.800000E+00 
 5.568251E-07 
 5.913295E-07 
 1.800000E+00 
-5.368496E-06 
 1.800000E+00 
-5.295800E-06 
 1.501631E-05 
 1.799999E+00 
-4.217577E-07 
 1.800000E+00 
-5.992043E-08 
-6.190289E-08 
 1.800000E+00 
 9.335060E-07 
 1.800000E+00 
 7.598883E-08 
 1.799999E+00 
 7.295756E-07 
 8.706487E-09 
 1.800001E+00 
 1.789676E-07 
 1.800000E+00 
 4.664559E-08 
 1.202217E-08 
 1.800001E+00 
-7.393055E-06 
 1.800000E+00 
 4.786607E-09 
 1.057295E-08 
 1.800006E+00 
 1.800000E+00 
-2.520401E-07 
 7.654091E-07 
 7.654088E-07 
 1.800002E+00 
 1.800000E+00 
-1.894265E-06 
-2.141963E-06 
 1.800000E+00 
 2.025614E-08 
 1.800000E+00 
-3.287877E-07 
-7.403586E-07 
 1.800000E+00 
 1.800000E+00 
-2.718649E-07 
 7.439246E-09 
 7.437780E-09 
 1.800000E+00 
 1.800000E+00 
 1.116641E-05 
 1.118349E-05 
 1.800000E+00 
 1.149957E-08 
 1.800000E+00 
 2.418520E-05 
 1.799999E+00 
 3.858558E-08 
 3.058207E-07 
 1.800000E+00 
 2.053633E-05 
 1.800001E+00 
-6.334320E-08 
 1.800000E+00 
-4.294662E-06 
-3.674355E-06 
 1.800000E+00 
 1.765452E-09 
 1.800001E+00 
 1.800000E+00 
-4.265025E-08 
 2.261277E-08 
 2.261297E-08 
 1.800000E+00 
 1.800000E+00 
-7.905741E-08 
-8.220287E-08 
 1.800000E+00 
-6.221530E-07 
 1.800001E+00 
 6.560179E-07 
 6.080249E-07 
 1.800000E+00 
 1.800000E+00 
 1.469232E-06 
 5.958147E-09 
 1.800000E+00 
 1.800002E+00 
-1.084571E-06 
-3.647067E-08 
-3.647339E-08 
 1.800000E+00 
 1.800000E+00 
-1.040339E-05 
 1.800002E+00 
-8.061347E-08 
 6.137064E-08 
 1.799997E+00 
 6.654218E-09 
 1.800000E+00 
 2.155879E-08 
 1.800000E+00 
 5.883195E-07 
 1.800000E+00 
-1.047547E-08 
 1.800000E+00 
-2.481075E-06 
-2.996390E-06 
 1.799996E+00 
 1.800002E+00 
-5.218671E-07 
-3.948598E-07 
 1.800000E+00 
 1.676274E-07 
 1.800000E+00 
 1.621879E-08 
 1.800000E+00 
-4.323303E-06 
-5.781004E-06 
 1.800000E+00 
 1.800000E+00 
 3.369803E-07 
 1.800000E+00 
-4.633173E-07 
-5.419421E-07 
 1.800000E+00 
 1.124424E-08 
 1.800000E+00 
 1.800002E+00 
 2.730113E-05 
-2.374013E-06 
-2.374007E-06 
 1.800000E+00 
 1.800000E+00 
 1.800001E+00 
 5.127257E-07 
 6.417959E-07 
 6.417955E-07 
 1.800000E+00 
 1.800000E+00 
 3.004060E-07 
 1.800000E+00 
-1.052129E-05 
-7.726599E-07 
 1.800000E+00 
 1.800000E+00 
-2.965173E-06 
-3.296977E-06 
 1.800000E+00 
 1.800000E+00 
 1.746418E-06 
 1.734137E-06 
 1.800000E+00 
 5.396787E-06 
 1.800000E+00 
 1.023501E-05 
 1.800000E+00 
 1.799999E+00 
-4.754034E-06 
-5.466092E-06 
 1.800000E+00 
-3.752333E-09 
 1.800004E+00 
-1.473040E-07 
 1.800000E+00 
 9.830761E-08 
 1.800000E+00 
-8.639589E-07 
 1.800000E+00 
-7.168108E-06 
 1.800000E+00 
 1.942597E-06 
 1.800000E+00 
 2.703722E-08 
 1.800000E+00 
 1.687483E-07 
 1.799997E+00 
 1.800000E+00 
 1.249601E-06 
 9.042521E-09 
 9.042617E-09 
 1.800001E+00 
 1.800000E+00 
 1.800000E+00 
 9.076912E-06 
 9.489785E-06 
 1.800000E+00 
 1.083820E-06 
 1.800000E+00 
 1.327744E-08 
 1.800000E+00 
 6.346496E-05 
 1.800006E+00 
 1.123044E-07 
 1.800000E+00 
 1.800000E+00 
 4.804747E-07 
 7.368483E-07 
 1.800002E+00 
 1.102380E-07 
 1.800000E+00 
 1.800000E+00 
-2.165262E-09 
 5.515836E-10 
 1.800000E+00 
 1.800002E+00 
 4.864555E-06 
 4.994504E-06 
 1.800000E+00 
 1.800000E+00 
-1.227083E-07 
 1.800000E+00 
 5.779154E-09 
-5.153203E-08 
 1.800000E+00 
 1.800000E+00 
 1.800001E+00 
 4.546540E-05 
 2.417008E-08 
 2.417023E-08 
 1.800000E+00 
 1.800000E+00 
 1.800000E+00 
 1.786578E-07 
 3.370028E-08 
 1.800000E+00 
 1.800000E+00 
 1.528609E-06 
 1.743291E-08 
 1.800001E+00 
 1.800000E+00 
-7.930008E-06 
 1.800000E+00 
-4.876301E-08 
 1.800000E+00 
 2.386883E-06 
 1.800000E+00 
 9.158920E-07 
 1.800001E+00 
-3.828416E-07 
 1.800000E+00 
 1.800000E+00 
 2.598196E-06 
 6.143715E-09 
 1.800000E+00 
 1.800000E+00 
 6.218417E-07 
 3.387387E-09 
 1.800000E+00 
 1.800000E+00 
 1.800000E+00 
 6.209002E-06 
 5.624894E-06 
 1.800000E+00 
 3.826695E-07 
 1.800002E+00 
 1.800001E+00 
 3.816044E-06 
 1.800000E+00 
-9.888318E-06 
 1.800000E+00 
 3.460192E-08 
 1.800000E+00 
 4.436702E-07 
 1.800001E+00 
 2.036893E-07 
 1.799997E+00 
 1.800000E+00 
 1.559913E-08 
 1.800000E+00 
-3.313984E-07 
 1.800000E+00 
-4.352422E-08 
 1.800000E+00 
 7.518187E-09 
 1.800000E+00 
 1.800000E+00 
 4.758326E-07 
 1.800000E+00 
-1.869377E-06 
 8.273336E-09 
 1.800000E+00 
 1.800000E+00 
 1.800000E+00 
-1.683645E-07 
 1.800001E+00 
-2.087816E-08 
 1.423805E-08 
 1.800002E+00 
 1.800000E+00 
 1.800000E+00 
 6.124871E-07 
-1.698245E-08 
 1.800000E+00 
 1.800000E+00 
-6.597747E-07 
 1.800000E+00 
-3.644501E-08 
 1.800000E+00 
 6.436461E-08 
 1.800001E+00 
 1.800000E+00 
-1.196305E-07 
 1.800000E+00 
-2.598119E-06 
 1.800000E+00 
 8.924156E-08 
 1.800001E+00 
 1.800000E+00 
-1.897024E-06 
-2.185862E-06 
 1.799998E+00 
 1.800000E+00 
 1.800000E+00 
 5.778610E-08 
 7.339599E-09 
 1.800001E+00 
 1.800000E+00 
-1.808969E-08 
 1.800000E+00 
 1.800000E+00 
-3.716422E-06 
 9.530104E-09 
 1.800005E+00 
 1.800005E+00 
 1.800000E+00 
 2.521755E-07 
 6.338550E-09 
 1.800000E+00 
 1.800000E+00 
-4.456352E-08 
 1.800000E+00 
 5.819449E-09 
 1.800000E+00 
 1.800000E+00 
 5.367717E-09 
 1.800000E+00 
 4.490815E-07 
 1.800000E+00 
-9.602370E-09 
 1.800000E+00 
 1.800000E+00 
 1.800000E+00 
-3.701447E-07 
 2.837014E-09 
 1.800000E+00 
 1.800000E+00 
 2.053812E-07 
 1.800000E+00 
-2.727680E-08 
 1.800000E+00 
 1.800000E+00 
 2.243256E-06 
 1.800000E+00 
 1.580336E-08 
 1.800000E+00 
 1.800000E+00 
 1.015415E-06 
 9.317717E-07 
 1.800001E+00 
 1.800001E+00 
 1.800001E+00 
 1.800000E+00 
-1.520140E-06 
-1.888343E-07 
 1.800002E+00 
-1.027151E-06 
 1.800000E+00 
 1.800000E+00 
 1.800003E+00 
-8.394150E-08 
 5.737522E-09 
 1.800000E+00 
 1.800000E+00 
 3.345768E-08 
 1.800001E+00 
 1.800000E+00 
 1.063017E-07 
 1.800000E+00 
 1.800001E+00 
-5.722043E-06 
 7.379500E-08 
 1.800000E+00 
 1.800000E+00 
 1.800000E+00 
 3.872949E-06 
 1.800000E+00 
 3.577645E-07 
 1.800000E+00 
 1.800000E+00 
-8.704817E-08 
-3.412703E-08 
 1.800001E+00 
 1.800000E+00 
 1.800000E+00 
 1.800000E+00 
 7.307571E-07 
 1.354944E-06 
 1.800000E+00 
 1.800000E+00 
-1.083406E-07 
 1.800000E+00 
 1.800000E+00 
 1.647974E-07 
 1.800000E+00 
-1.098880E-06 
 1.800000E+00 
 1.800000E+00 
 9.501508E-07 
 1.800000E+00 
 1.800000E+00 
-9.018701E-07 
 1.800000E+00 
 3.102642E-07 
 1.799997E+00 
 1.800000E+00 
 1.762420E-07 
 1.800000E+00 
 1.800000E+00 
 9.668981E-06 
 1.800000E+00 
-1.438846E-07 
 1.800000E+00 
 1.800000E+00 
 1.215950E-08 
 1.800000E+00 
 1.800000E+00 
 3.304884E-06 
 1.800000E+00 
-1.259404E-09 
 1.800000E+00 
 1.800000E+00 
 1.800000E+00 
 1.777448E-07 
 2.023648E-07 
 1.799998E+00 
 1.799999E+00 
 1.799999E+00 
 1.800001E+00 
 3.295240E-06 
 7.667469E-09 
 1.800002E+00 
 1.800000E+00 
-5.085485E-06 
 1.800001E+00 
 1.800000E+00 
 1.800000E+00 
-3.885012E-07 
-3.193235E-07 
 1.799999E+00 
 1.799999E+00 
 1.800000E+00 
 6.774283E-09 
 1.800000E+00 
 1.800000E+00 
 1.310770E-06 
 1.800000E+00 
-3.326137E-08 
 1.800002E+00 
 1.800000E+00 
 1.575032E-07 
 1.800000E+00 
 1.800000E+00 
 1.800000E+00 
-1.680577E-05 
-1.715619E-05 
 1.800000E+00 
 1.800000E+00 
 1.800000E+00 
 1.042868E-08 
 1.800002E+00 
 1.800000E+00 
-1.197768E-05 
 1.800000E+00 
 1.800000E+00 
 1.255655E-06 
 1.800000E+00 
 1.297322E-06 
 1.800001E+00 
 1.800000E+00 
 1.800000E+00 
-9.094242E-07 
 1.800000E+00 
 1.837160E-06 
 1.800000E+00 
 1.800000E+00 
 1.800001E+00 
-1.122808E-07 
 1.800000E+00 
-3.799832E-09 
 1.800000E+00 
 1.800002E+00 
 4.000979E-10 
 1.800000E+00 
 1.800000E+00 
 1.800001E+00 
-2.663584E-07 
 1.800000E+00 
 1.053288E-07 
 1.800000E+00 
 1.800000E+00 
 1.800000E+00 
-2.711806E-06 
 1.800000E+00 
 3.430617E-08 
 1.800005E+00 
 1.800000E+00 
 1.800000E+00 
-4.320352E-07 
 1.800000E+00 
 4.447642E-06 
 1.800001E+00 
 1.800000E+00 
 1.800000E+00 
 2.051749E-07 
 1.800000E+00 
-3.002377E-06 
 1.800002E+00 
 1.800002E+00 
 1.800000E+00 
 1.079390E-08 
 1.799996E+00 
 1.800000E+00 
-7.873078E-08 
 1.800000E+00 
 1.800000E+00 
 2.624539E-08 
 1.800002E+00 
 1.800002E+00 
 1.800000E+00 
 6.656921E-08 
 1.800000E+00 
-4.361205E-06 
 1.799998E+00 
 1.800000E+00 
 1.800000E+00 
-9.611586E-06 
 1.800000E+00 
-2.199432E-08 
 1.799999E+00 
 1.799999E+00 
 1.800000E+00 
 1.800000E+00 
 9.214533E-08 
 9.505412E-08 
 1.800000E+00 
 1.800000E+00 
 1.800000E+00 
 1.800000E+00 
-2.568315E-06 
 1.800000E+00 
 1.800001E+00 
-2.978566E-06 
 1.800001E+00 
 1.799998E+00 
 1.134653E-07 
 1.800000E+00 
 1.800000E+00 
 1.227529E-06 
 1.800000E+00 
 1.800000E+00 
 1.800000E+00 
-7.895934E-06 
 1.800000E+00 
 1.800000E+00 
-1.187656E-05 
 1.800001E+00 
 1.800000E+00 
 2.137774E-08 
 1.800000E+00 
 1.800000E+00 
 1.800006E+00 
 1.855880E-06 
 1.800000E+00 
 1.800000E+00 
-1.216001E-06 
 1.800000E+00 
 1.800000E+00 
 2.150731E-08 
 1.800000E+00 
 1.800000E+00 
 1.800000E+00 
 6.375814E-09 
 1.800000E+00 
 1.800002E+00 
 3.973507E-08 
 1.800000E+00 
 1.800000E+00 
 1.800000E+00 
 1.420650E-07 
 1.800001E+00 
 1.800000E+00 
 1.967673E-08 
 1.800000E+00 
 1.800000E+00 
 1.800000E+00 
 6.670495E-07 
 1.800000E+00 
 1.800000E+00 
 2.021904E-07 
 1.800000E+00 
 1.800000E+00 
 1.800001E+00 
-4.976444E-07 
 1.800000E+00 
 1.800000E+00 
 3.274158E-09 
 1.800000E+00 
 1.800000E+00 
 1.800000E+00 
 6.754242E-08 
 1.800000E+00 
 1.800000E+00 
 1.800000E+00 
-1.213929E-06 
 1.800000E+00 
 1.216924E-07 
 1.800000E+00 
 1.800000E+00 
 1.800000E+00 
 1.800000E+00 
 1.799998E+00 
-1.782615E-05 
 8.280991E-09 
 1.800000E+00 
 1.800000E+00 
 1.800000E+00 
 1.800000E+00 
 1.800000E+00 
-8.650864E-07 
 1.800000E+00 
 1.800000E+00 
 8.004439E-08 
 1.800000E+00 
 1.800000E+00 
-1.193980E-08 
 1.800000E+00 
 1.800000E+00 
 1.800001E+00 
 9.450363E-08 
 1.800002E+00 
 1.800002E+00 
 1.800000E+00 
 4.631347E-09 
 1.800001E+00 
 1.800001E+00 
 1.799999E+00 
-1.742329E-06 
 1.800000E+00 
 1.800000E+00 
 1.800000E+00 
 9.313927E-09 
 1.800000E+00 
 1.800000E+00 
-2.191125E-07 
 1.800000E+00 
 1.800000E+00 
 1.800000E+00 
 1.800000E+00 
 1.303855E-07 
 1.800000E+00 
-6.432685E-09 
 1.800000E+00 
 1.800000E+00 
 1.800000E+00 
 1.800000E+00 
 1.800000E+00 
-5.740620E-06 
 1.800000E+00 
 1.800000E+00 
-2.603747E-07 
 1.800000E+00 
 1.800002E+00 
 1.800000E+00 
-2.289664E-07 
 1.800000E+00 
 1.799998E+00 
 1.800000E+00 
 3.545901E-07 
 1.800001E+00 
 1.800000E+00 
 1.799999E+00 
 1.644401E-05 
 1.800000E+00 
 1.800000E+00 
 1.800000E+00 
-2.266045E-07 
 1.800000E+00 
 1.800000E+00 
 1.800000E+00 
-8.319585E-07 
 1.800001E+00 
 1.800000E+00 
 1.800000E+00 
-4.719313E-07 
 1.800000E+00 
 1.800000E+00 
 1.800000E+00 
 1.800000E+00 
-4.946277E-06 
 1.800000E+00 
 1.800000E+00 
 8.002547E-09 
 1.800000E+00 
 1.800000E+00 
 1.800000E+00 
 1.800000E+00 
 4.353519E-06 
 1.800000E+00 
 1.800000E+00 
 1.800001E+00 
-2.419782E-07 
 1.800000E+00 
 1.800000E+00 
 1.800000E+00 
 8.464043E-06 
 1.800000E+00 
 1.800000E+00 
 1.800000E+00 
 1.800000E+00 
 1.514816E-07 
 1.800000E+00 
 1.800000E+00 
 4.243698E-08 
 1.800000E+00 
 1.800000E+00 
 1.800000E+00 
 1.800000E+00 
 1.800000E+00 
 8.293964E-09 
 1.800000E+00 
 1.800000E+00 
-1.621161E-08 
 1.800000E+00 
 1.800000E+00 
 1.800000E+00 
 1.800000E+00 
 1.800000E+00 
 7.870189E-07 
 1.800000E+00 
-1.222407E-08 
 1.800000E+00 
 1.800000E+00 
 1.800000E+00 
 1.800000E+00 
 1.800000E+00 
 1.800000E+00 
-3.173824E-06 
 1.800000E+00 
 1.800000E+00 
 1.624226E-05 
 1.800000E+00 
 1.800000E+00 
 1.800000E+00 
 1.799999E+00 
 7.567992E-09 
 1.800000E+00 
 1.800000E+00 
 1.800000E+00 
 1.800000E+00 
 6.631074E-08 
 1.800004E+00 
 1.800000E+00 
 1.800002E+00 
-1.350948E-06 
 1.800000E+00 
 1.800000E+00 
 1.800000E+00 
 1.800000E+00 
 3.552228E-06 
 1.800000E+00 
 1.800000E+00 
 1.800000E+00 
 4.026233E-06 
 1.800000E+00 
 1.800000E+00 
 1.800000E+00 
 1.800000E+00 
 1.800000E+00 
-2.319295E-07 
 1.800000E+00 
 1.800000E+00 
 1.799995E+00 
-1.878719E-08 
 1.800000E+00 
 1.800000E+00 
 1.800000E+00 
 1.800000E+00 
-2.297942E-06 
 1.800000E+00 
 1.800000E+00 
 1.800000E+00 
 7.976516E-09 
 1.800000E+00 
 1.800000E+00 
 1.800000E+00 
 1.800000E+00 
 1.800000E+00 
 1.800000E+00 
-2.955424E-06 
 1.800000E+00 
-1.352086E-09 
 1.800000E+00 
 1.800000E+00 
 1.800000E+00 
 1.800000E+00 
 1.800000E+00 
 1.800000E+00 
 1.800004E+00 
 5.081868E-08 
 1.800000E+00 
 1.800001E+00 
 1.026420E-09 
 1.800000E+00 
 1.800000E+00 
 1.800000E+00 
 1.800000E+00 
 1.800000E+00 
 2.721737E-08 
 1.800000E+00 
 1.800000E+00 
 1.800000E+00 
 1.800000E+00 
 2.004281E-05 
 1.800000E+00 
 1.800000E+00 
 1.800000E+00 
 1.800000E+00 
 3.037484E-09 
 1.799999E+00 
 1.800000E+00 
 1.800000E+00 
 1.800000E+00 
 1.800000E+00 
-9.637793E-08 
 1.800000E+00 
 1.800000E+00 
 1.800000E+00 
-8.188644E-08 
 1.800000E+00 
 1.800000E+00 
 1.800000E+00 
 1.800000E+00 
 1.800000E+00 
 1.202258E-07 
 1.800000E+00 
 1.800000E+00 
 1.800000E+00 
 1.800000E+00 
 1.800000E+00 
 6.103015E-09 
 1.800000E+00 
 1.800000E+00 
 1.800000E+00 
 1.369316E-07 
 1.800000E+00 
 1.800000E+00 
 1.800000E+00 
 1.800000E+00 
 1.800000E+00 
 1.800000E+00 
 2.339695E-06 
 1.799997E+00 
 1.799999E+00 
 1.800000E+00 
-4.483021E-10 
 1.800000E+00 
 1.800000E+00 
 1.800000E+00 
 1.800000E+00 
 1.800000E+00 
 1.800000E+00 
 4.065192E-07 
 1.800000E+00 
 1.800000E+00 
 1.800000E+00 
 1.800000E+00 
-1.488565E-06 
 1.800000E+00 
 1.800000E+00 
 1.800000E+00 
 1.800000E+00 
 1.800001E+00 
 3.385969E-08 
 1.800000E+00 
 1.800000E+00 
 1.800000E+00 
 1.800000E+00 
 6.092313E-09 
 1.800000E+00 
 1.800000E+00 
 1.800000E+00 
 1.800000E+00 
 1.800000E+00 
 1.800000E+00 
 5.355413E-08 
 1.799999E+00 
 1.800000E+00 
 1.800000E+00 
 1.800000E+00 
-5.855646E-08 
 1.799999E+00 
 1.800000E+00 
 1.800000E+00 
 1.800000E+00 
 1.800000E+00 
 1.800000E+00 
 6.018511E-07 
 1.800000E+00 
 1.800001E+00 
 1.800000E+00 
 1.856184E-08 
 1.800000E+00 
 1.800000E+00 
 1.800000E+00 
 1.800000E+00 
 1.800000E+00 
 1.800000E+00 
 1.800000E+00 
 1.800001E+00 
-2.193983E-06 
 1.800000E+00 
 1.800000E+00 
-1.182724E-06 
 1.800000E+00 
 1.800000E+00 
 1.800000E+00 
 1.800000E+00 
 1.800000E+00 
 1.800000E+00 
 1.800000E+00 
 1.800000E+00 
-3.056815E-08 
 1.800000E+00 
 1.800000E+00 
 1.800000E+00 
 1.475114E-08 
 1.800000E+00 
 1.800000E+00 
 1.800000E+00 
 1.800000E+00 
 1.800000E+00 
 1.800000E+00 
 1.800000E+00 
 1.756740E-07 
 1.800000E+00 
 1.800000E+00 
 1.800000E+00 
 1.800000E+00 
 1.800000E+00 
 1.725011E-07 
 1.800000E+00 
 1.800000E+00 
 1.800000E+00 
 1.800000E+00 
 1.800003E+00 
-3.781329E-06 
 1.799999E+00 
 1.800000E+00 
 1.800000E+00 
 1.800000E+00 
 1.800000E+00 
 1.800000E+00 
 1.575507E-06 
 1.800001E+00 
 1.800000E+00 
 1.800000E+00 
 1.800000E+00 
 1.800000E+00 
 1.800000E+00 
-6.573806E-06 
 1.800002E+00 
 1.800002E+00 
 1.800002E+00 
 1.800000E+00 
 1.800000E+00 
-2.862728E-08 
 1.800000E+00 
 1.800000E+00 
 1.800000E+00 
 1.800000E+00 
 1.800000E+00 
 1.800000E+00 
 1.800000E+00 
 1.175432E-07 
 1.799998E+00 
 1.800002E+00 
 1.800000E+00 
 1.800000E+00 
-4.447490E-07 
 1.800000E+00 
 1.800000E+00 
 1.800000E+00 
 1.800000E+00 
 1.800000E+00 
 1.800000E+00 
 1.800000E+00 
 1.800000E+00 
-6.908111E-06 
 1.800000E+00 
 1.800000E+00 
 1.800000E+00 
 1.800000E+00 
 1.800000E+00 
-6.324696E-07 
 1.800002E+00 
 1.800002E+00 
 1.800002E+00 
 1.800002E+00 
 1.800000E+00 
 1.800000E+00 
 4.025932E-08 
 1.800001E+00 
 1.800000E+00 
 1.800000E+00 
 1.800000E+00 
 1.800000E+00 
 1.800000E+00 
 1.800000E+00 
 8.778065E-09 
 1.800000E+00 
 1.800000E+00 
 1.800000E+00 
 1.800000E+00 
 1.800000E+00 
-7.505571E-07 
 1.799998E+00 
 1.799998E+00 
 1.799998E+00 
 1.799998E+00 
 1.799998E+00 
 1.799998E+00 
 1.799998E+00 
 1.800000E+00 
-2.410796E-06 
 1.800000E+00 
 1.799999E+00 
 1.799999E+00 
 1.799999E+00 
 1.799999E+00 
 1.800000E+00 
 2.630177E-06 
 1.799999E+00 
 1.800000E+00 
 1.800000E+00 
 1.800000E+00 
 1.800000E+00 
 1.800000E+00 
 5.927071E-08 
 1.799998E+00 
 1.800000E+00 
 1.800000E+00 
 1.800000E+00 
 1.800000E+00 
 1.800000E+00 
 1.800000E+00 
 1.800000E+00 
 3.745881E-08 
 1.800000E+00 
 1.800000E+00 
 1.800000E+00 
 1.800003E+00 
 1.800000E+00 
-6.397548E-08 
 1.800000E+00 
 1.800000E+00 
 1.800000E+00 
 1.800000E+00 
 1.800000E+00 
 1.800000E+00 
 1.800000E+00 
 1.800000E+00 
 1.800000E+00 
-3.450248E-06 
 1.800000E+00 
 1.800000E+00 
 1.800001E+00 
 1.799999E+00 
 1.351320E-08 
 1.799999E+00 
 1.800000E+00 
 1.800000E+00 
 1.800000E+00 
 1.800000E+00 
 1.800000E+00 
 1.800000E+00 
 1.800000E+00 
 1.800000E+00 
 1.800000E+00 
 1.800000E+00 
-2.533783E-06 
 1.800000E+00 
 1.800000E+00 
 1.800000E+00 
 9.238284E-09 
 1.800003E+00 
 1.800003E+00 
 1.800003E+00 
 1.800003E+00 
 1.800003E+00 
 1.800003E+00 
 1.800003E+00 
 1.800003E+00 
 1.800003E+00 
 1.800003E+00 
 1.800001E+00 
-3.512628E-07 
 1.800000E+00 
 1.800000E+00 
 1.800000E+00 
 1.800000E+00 
 1.800000E+00 
-1.332983E-09 
 1.800000E+00 
 1.800000E+00 
 1.800000E+00 
 1.800000E+00 
 1.800000E+00 
 1.800000E+00 
 1.800000E+00 
 1.799999E+00 
 1.800000E+00 
 1.009825E-07 
 1.800000E+00 
 1.800000E+00 
 1.800000E+00 
 1.800000E+00 
 1.800000E+00 
 1.800000E+00 
 8.288673E-09 
 1.800000E+00 
 1.800000E+00 
 1.800000E+00 
 1.800000E+00 
 1.800000E+00 
 1.800000E+00 
 1.800000E+00 
 1.800000E+00 
 1.800000E+00 
-1.088765E-06 
 1.800000E+00 
 1.800000E+00 
 1.800000E+00 
 1.800000E+00 
 1.800000E+00 
 1.800000E+00 
 1.800000E+00 
 2.144323E-08 
 1.800000E+00 
 1.800000E+00 
 1.800000E+00 
 1.800000E+00 
 1.800000E+00 
 1.800000E+00 
 1.800000E+00 
 1.800001E+00 
 1.644143E-07 
 1.800000E+00 
 1.800000E+00 
 1.800000E+00 
 1.800000E+00 
 1.800000E+00 
 1.800000E+00 
 1.800000E+00 
 1.800000E+00 
 1.800000E+00 
-1.455546E-05 
 1.800000E+00 
 1.800000E+00 
 1.800000E+00 
 1.800000E+00 
 1.800000E+00 
 1.800000E+00 
 1.998149E-07 
 1.800000E+00 
 1.800000E+00 
 1.800000E+00 
 1.800000E+00 
 1.800000E+00 
 1.800000E+00 
 1.800000E+00 
 1.800000E+00 
 1.800000E+00 
 1.800000E+00 
-2.342583E-06 
 1.800000E+00 
 1.800000E+00 
 1.800000E+00 
 1.800000E+00 
 1.800000E+00 
 1.800000E+00 
 1.800000E+00 
 3.999847E-06 
 1.799996E+00 
 1.799996E+00 
 1.799996E+00 
 1.799996E+00 
 1.799996E+00 
 1.799996E+00 
 1.799996E+00 
 1.799996E+00 
 1.800000E+00 
 1.800000E+00 
 2.018100E-08 
 1.800000E+00 
 1.800000E+00 
 1.800000E+00 
 1.800000E+00 
 1.800000E+00 
 1.800000E+00 
-5.871938E-07 
 1.800000E+00 
 1.800000E+00 
 1.800000E+00 
 1.800000E+00 
 1.800000E+00 
 1.800000E+00 
 1.800000E+00 
 1.800000E+00 
 1.800000E+00 
 1.800000E+00 
 1.800000E+00 
-1.690622E-07 
 1.800000E+00 
 1.800000E+00 
 1.800000E+00 
 1.800000E+00 
 1.800000E+00 
 1.800001E+00 
 2.465825E-08 
 1.800001E+00 
 1.800000E+00 
 1.800000E+00 
 1.800000E+00 
 1.800000E+00 
 1.800000E+00 
 1.800000E+00 
 1.800000E+00 
 1.800000E+00 
 1.800000E+00 
 1.800000E+00 
 7.700033E-09 
 1.800000E+00 
 1.800000E+00 
 1.800000E+00 
 1.800000E+00 
 1.800000E+00 
 1.800000E+00 
 1.800000E+00 
 1.800000E+00 
 8.531691E-07 
 1.800000E+00 
 1.800000E+00 
 1.800000E+00 
 1.800000E+00 
 1.800000E+00 
 1.800000E+00 
 1.800000E+00 
 1.800000E+00 
 4.870354E-08 
 1.800000E+00 
 1.800000E+00 
 1.800000E+00 
 1.800000E+00 
 1.800000E+00 
 1.800000E+00 
 1.800000E+00 
 1.800000E+00 
 1.800000E+00 
 1.800000E+00 
 8.910084E-07 
 1.800000E+00 
 1.800000E+00 
 1.800000E+00 
 1.800000E+00 
 1.800000E+00 
 1.800000E+00 
 1.800000E+00 
 7.844968E-09 
 1.800000E+00 
 1.800000E+00 
 1.800000E+00 
 1.800000E+00 
 1.800000E+00 
 1.800000E+00 
 1.800000E+00 
 1.800000E+00 
 1.800000E+00 
 1.800000E+00 
 1.800000E+00 
 1.800000E+00 
-6.039718E-07 
 1.800000E+00 
 1.800000E+00 
 1.800000E+00 
 1.799997E+00 
 1.800000E+00 
-7.840012E-09 
 1.800000E+00 
 1.800000E+00 
 1.800000E+00 
 1.800000E+00 
 1.800000E+00 
 1.800000E+00 
 1.800000E+00 
 1.800000E+00 
 1.800000E+00 
 1.800000E+00 
 1.800000E+00 
 1.800000E+00 
 1.800000E+00 
 1.971778E-06 
 1.800000E+00 
 1.800000E+00 
 1.800000E+00 
 1.800000E+00 
 1.800000E+00 
 1.800000E+00 
-2.040438E-09 
 1.800000E+00 
 1.800000E+00 
 1.800000E+00 
 1.800000E+00 
 1.800000E+00 
 1.800000E+00 
 1.800000E+00 
 1.800000E+00 
 1.800000E+00 
 1.800000E+00 
 1.800000E+00 
 7.889570E-09 
 1.800000E+00 
 1.800000E+00 
 1.800000E+00 
 1.800000E+00 
 1.800000E+00 
 1.800000E+00 
 1.800000E+00 
 1.800000E+00 
-3.287784E-08 
 1.800000E+00 
 1.800000E+00 
 1.800000E+00 
 1.800000E+00 
 1.800000E+00 
 1.800000E+00 
 1.800000E+00 
 1.800000E+00 
 1.800000E+00 
 1.800001E+00 
-1.242473E-06 
 1.799997E+00 
 1.799997E+00 
 1.799997E+00 
 1.799997E+00 
 1.799997E+00 
 1.799997E+00 
 1.800000E+00 
 1.800000E+00 
-1.410428E-07 
 1.799998E+00 
 1.800000E+00 
 1.800000E+00 
 1.800000E+00 
 1.800000E+00 
 1.800000E+00 
 1.800000E+00 
 1.800000E+00 
 1.800000E+00 
 1.800000E+00 
 1.599488E-08 
 1.800000E+00 
 1.800000E+00 
 1.800000E+00 
 1.800000E+00 
 1.800000E+00 
 1.800000E+00 
 1.800000E+00 
 1.800000E+00 
-6.369780E-08 
 1.800000E+00 
 1.800000E+00 
 1.800000E+00 
 1.800000E+00 
 1.800000E+00 
 1.800000E+00 
 1.800000E+00 
 1.800000E+00 
 1.800000E+00 
 1.800001E+00 
-4.442068E-08 
 1.800000E+00 
 1.800000E+00 
 1.800000E+00 
 1.800000E+00 
 1.800000E+00 
 1.800000E+00 
 1.800000E+00 
 1.800000E+00 
 1.800000E+00 
-3.234000E-06 
 1.800000E+00 
 1.800000E+00 
 1.800000E+00 
 1.800000E+00 
 1.800000E+00 
 1.800000E+00 
 1.800000E+00 
 1.800000E+00 
 2.777090E-07 
 1.800000E+00 
 1.800000E+00 
 1.800000E+00 
 1.800000E+00 
 1.800000E+00 
 1.800000E+00 
 1.800000E+00 
 1.800000E+00 
 1.800000E+00 
 1.800000E+00 
 9.326218E-07 
 1.800000E+00 
 1.800000E+00 
 1.800000E+00 
 1.800000E+00 
 1.800000E+00 
 1.800000E+00 
 1.800001E+00 
 1.800001E+00 
-1.887254E-06 
 1.800000E+00 
 1.800000E+00 
 1.800000E+00 
 1.800000E+00 
 1.800000E+00 
 1.800000E+00 
 1.800000E+00 
 1.800000E+00 
 1.800000E+00 
 1.189871E-07 
 1.800000E+00 
 1.800000E+00 
 1.800000E+00 
 1.800000E+00 
 1.800000E+00 
 1.800000E+00 
 1.800000E+00 
 1.800000E+00 
 1.800000E+00 
 1.440782E-08 
 1.800000E+00 
 1.800000E+00 
 1.800000E+00 
 1.800000E+00 
 1.800000E+00 
 1.800000E+00 
 1.800000E+00 
 1.799997E+00 
 8.832867E-08 
 1.799999E+00 
 1.800000E+00 
 1.800000E+00 
 1.800000E+00 
 1.800000E+00 
 1.800000E+00 
 1.800000E+00 
 1.800000E+00 
 1.800000E+00 
 1.799998E+00 
-7.177273E-06 
 1.800000E+00 
 1.800000E+00 
 1.800000E+00 
 1.800000E+00 
 1.800000E+00 
 1.800000E+00 
 6.889691E-09 
 1.800000E+00 
 1.800000E+00 
 1.800000E+00 
 1.800000E+00 
 1.800000E+00 
 1.800000E+00 
 1.800000E+00 
 1.800000E+00 
 1.800000E+00 
 1.800000E+00 
 1.800000E+00 
 1.800000E+00 
 1.022308E-05 
 1.800001E+00 
 1.800000E+00 
 1.800000E+00 
 1.800000E+00 
 7.498016E-09 
 1.800000E+00 
 1.800000E+00 
 1.800000E+00 
 1.800000E+00 
 1.800000E+00 
 1.800000E+00 
 1.800000E+00 
 1.800000E+00 
 1.800000E+00 
 1.800000E+00 
 1.800000E+00 
 1.800000E+00 
 1.800000E+00 
-2.076107E-07 
 1.800000E+00 
 1.800000E+00 
 1.800000E+00 
-8.102581E-07 
 1.800000E+00 
 1.800000E+00 
 1.800000E+00 
 1.800000E+00 
 1.800000E+00 
 1.800000E+00 
 1.800000E+00 
 1.800000E+00 
 1.800000E+00 
 1.800000E+00 
 1.800000E+00 
 1.800000E+00 
 1.800000E+00 
 6.788965E-09 
 1.800000E+00 
 1.800000E+00 
 1.800000E+00 
 1.800000E+00 
 1.800000E+00 
-1.333949E-06 
 1.799999E+00 
 1.799999E+00 
 1.799999E+00 
 1.799999E+00 
 1.799999E+00 
 1.799999E+00 
 1.799999E+00 
 1.799999E+00 
 1.800000E+00 
 1.800000E+00 
 2.669212E-08 
 1.800000E+00 
 1.800000E+00 
 1.800000E+00 
 1.800000E+00 
 1.799999E+00 
 6.602440E-09 
 1.800000E+00 
 1.800000E+00 
 1.800000E+00 
 1.800000E+00 
 1.800000E+00 
 1.800000E+00 
 1.800000E+00 
 1.800000E+00 
 1.800000E+00 
 1.800000E+00 
 5.923892E-06 
 1.800000E+00 
 1.800000E+00 
 1.800000E+00 
 1.800000E+00 
 1.800000E+00 
 1.800000E+00 
 1.800000E+00 
 1.527650E-06 
 1.800000E+00 
 1.800000E+00 
 1.800000E+00 
 1.800000E+00 
 1.800000E+00 
 1.800000E+00 
 1.800000E+00 
 6.483376E-07 
 1.800000E+00 
 1.800000E+00 
 1.800000E+00 
 1.800000E+00 
 1.800000E+00 
 1.800000E+00 
 1.800000E+00 
 1.800000E+00 
 8.969605E-08 
 1.800001E+00 
 1.800001E+00 
 1.800001E+00 
 1.800001E+00 
 1.800001E+00 
 1.800000E+00 
 1.800001E+00 
-7.813714E-06 
 1.800001E+00 
 1.800000E+00 
 1.800000E+00 
 1.800000E+00 
 1.800000E+00 
 1.800000E+00 
 1.800000E+00 
 9.675502E-06 
 1.800000E+00 
 1.800000E+00 
 1.800000E+00 
 1.800000E+00 
 1.800000E+00 
 1.800000E+00 
 1.800000E+00 
 1.800000E+00 
 1.614786E-07 
 1.800000E+00 
 1.800000E+00 
 1.800000E+00 
 1.799999E+00 
 1.800000E+00 
-1.178037E-07 
 1.800000E+00 
 1.800000E+00 
 1.800000E+00 
 1.800000E+00 
 1.800000E+00 
 1.800000E+00 
 1.800000E+00 
 1.800000E+00 
 1.800000E+00 
-1.428316E-06 
 1.800000E+00 
 1.800000E+00 
 1.800000E+00 
 1.800000E+00 
 1.800000E+00 
 1.800000E+00 
 6.119806E-08 
 1.800000E+00 
 1.800000E+00 
 1.800000E+00 
 1.800000E+00 
 1.800000E+00 
 1.800000E+00 
 1.800000E+00 
-6.021800E-09 
 1.800000E+00 
 1.800000E+00 
 1.800000E+00 
 1.800000E+00 
 1.800000E+00 
 1.800000E+00 
-3.596118E-08 
 1.800000E+00 
 1.800000E+00 
 1.800000E+00 
 1.800000E+00 
 1.800000E+00 
 1.800000E+00 
 1.800000E+00 
 3.969361E-08 
 1.800000E+00 
 1.800000E+00 
 1.800000E+00 
 1.800000E+00 
 1.800000E+00 
 1.799999E+00 
 1.800000E+00 
-2.066096E-07 
 1.800000E+00 
 1.800000E+00 
 1.799999E+00 
 1.800000E+00 
 1.800001E+00 
 1.925453E-06 
 1.800001E+00 
 1.800000E+00 
 1.800000E+00 
 1.800000E+00 
 1.800000E+00 
 1.800000E+00 
 1.800000E+00 
-1.411035E-05 
 1.800000E+00 
 1.800000E+00 
 1.800000E+00 
 1.800000E+00 
 1.800000E+00 
 1.800000E+00 
 5.982296E-08 
 1.800000E+00 
 1.800000E+00 
 1.800000E+00 
 1.800000E+00 
 1.800000E+00 
 1.800000E+00 
 1.800000E+00 
-2.578116E-06 
 1.800000E+00 
 1.800000E+00 
 1.800000E+00 
 1.800000E+00 
-2.821960E-07 
 1.800000E+00 
 1.800000E+00 
 1.800000E+00 
 1.800000E+00 
 1.800000E+00 
 1.800000E+00 
 1.800000E+00 
 1.799999E+00 
 5.959553E-09 
 1.800000E+00 
 1.800000E+00 
 1.800000E+00 
 1.800000E+00 
 1.800000E+00 
 3.771068E-07 
 1.800000E+00 
 1.800000E+00 
 1.800000E+00 
 1.800000E+00 
 1.800000E+00 
 1.799999E+00 
 2.094404E-08 
 1.800000E+00 
 1.800000E+00 
 1.800000E+00 
 1.800000E+00 
 1.800004E+00 
-3.589803E-09 
 1.800003E+00 
 1.800003E+00 
 1.800003E+00 
 1.800003E+00 
 1.800003E+00 
 1.800000E+00 
 3.473913E-09 
 1.800001E+00 
 1.800000E+00 
 1.800000E+00 
 1.800000E+00 
 1.800000E+00 
 1.800000E+00 
 1.222240E-08 
 1.800000E+00 
 1.800000E+00 
 1.800000E+00 
 1.800002E+00 
 1.799999E+00 
-3.984260E-06 
 1.800000E+00 
 1.800000E+00 
 1.800000E+00 
 1.800001E+00 
 1.800000E+00 
 3.525051E-06 
 1.800000E+00 
 1.800000E+00 
 1.800000E+00 
 1.800000E+00 
 1.800000E+00 
 1.800000E+00 
-8.430685E-09 
 1.800000E+00 
 1.800000E+00 
 1.800000E+00 
 1.800000E+00 
 1.800000E+00 
-9.939754E-07 
 1.800001E+00 
 1.800001E+00 
 1.800001E+00 
 1.800000E+00 
 1.800000E+00 
 1.561108E-08 
 1.800000E+00 
 1.800000E+00 
 1.800000E+00 
 1.800000E+00 
 1.800001E+00 
-4.084074E-07 
 1.800000E+00 
 1.800000E+00 
 1.800000E+00 
 1.800000E+00 
 1.800000E+00 
 1.800007E+00 
 2.427250E-07 
 1.800001E+00 
 1.800000E+00 
 1.800000E+00 
-4.611501E-12 
 1.800000E+00 
 1.800000E+00 
 1.800000E+00 
 1.800000E+00 
 1.800000E+00 
 1.800000E+00 
 1.799999E+00 
 1.981239E-08 
 1.800000E+00 
 1.800000E+00 
 1.800000E+00 
 1.800002E+00 
-5.284189E-08 
 1.800000E+00 
 1.800000E+00 
 1.800000E+00 
 1.800000E+00 
 1.799999E+00 
 1.473473E-08 
 1.800000E+00 
 1.800000E+00 
 1.800000E+00 
 1.800000E+00 
 1.021790E-06 
 1.800002E+00 
 1.800002E+00 
 1.800002E+00 
 1.800002E+00 
 1.799999E+00 
 1.800000E+00 
-1.486416E-08 
 1.800002E+00 
 1.800000E+00 
 1.799999E+00 
 2.059782E-06 
 1.800000E+00 
 1.800000E+00 
 1.800000E+00 
 1.800000E+00 
 1.800000E+00 
 1.800000E+00 
-2.026568E-05 
 1.800000E+00 
 1.800000E+00 
 1.799999E+00 
 4.911442E-06 
 1.800001E+00 
 1.800000E+00 
 1.800000E+00 
 1.800000E+00 
 1.800000E+00 
 1.800000E+00 
-2.832635E-09 
 1.800000E+00 
 1.800000E+00 
 1.800002E+00 
 2.554032E-07 
 1.800000E+00 
 1.800000E+00 
 1.800000E+00 
 1.800000E+00 
 1.800000E+00 
 1.800000E+00 
-2.461032E-09 
 1.800000E+00 
 1.800001E+00 
-3.624280E-08 
 1.800000E+00 
 1.800000E+00 
 1.800000E+00 
 1.800000E+00 
 1.800000E+00 
 1.800000E+00 
 1.800000E+00 
 4.331630E-07 
 1.800000E+00 
 1.800000E+00 
-7.182041E-08 
 1.800000E+00 
 1.800000E+00 
 1.800000E+00 
 1.800000E+00 
 1.800000E+00 
-2.830158E-07 
 1.800000E+00 
 1.800000E+00 
 1.800000E+00 
 1.800000E+00 
-2.923774E-08 
 1.800002E+00 
 1.800002E+00 
 1.800002E+00 
 1.800000E+00 
-9.527464E-07 
 1.800000E+00 
 1.800000E+00 
 1.800000E+00 
 1.800000E+00 
 1.504968E-07 
 1.800000E+00 
 1.800000E+00 
 1.800000E+00 
 1.800001E+00 
 1.800000E+00 
 5.218538E-08 
 1.800000E+00 
 1.800000E+00 
-7.046130E-08 
 1.800000E+00 
 1.800000E+00 
 1.800000E+00 
 1.800000E+00 
 1.800000E+00 
-1.259598E-08 
 1.799999E+00 
 1.800000E+00 
 1.800000E+00 
 1.800000E+00 
-2.933462E-07 
 1.799999E+00 
 1.800000E+00 
 1.799999E+00 
 1.196270E-07 
 1.799999E+00 
 1.799999E+00 
 1.799999E+00 
 1.800000E+00 
 1.800000E+00 
 1.289516E-06 
 1.800000E+00 
 1.800000E+00 
 1.867865E-08 
 1.800001E+00 
 1.800001E+00 
 1.800001E+00 
 1.800001E+00 
 1.800000E+00 
-3.388613E-08 
 1.800000E+00 
 1.800000E+00 
 1.800001E+00 
-2.262836E-08 
 1.800000E+00 
 1.800000E+00 
 1.800000E+00 
 1.800000E+00 
-6.521211E-07 
 1.800000E+00 
 1.800000E+00 
 1.800000E+00 
 1.800000E+00 
 6.875570E-07 
 1.800000E+00 
 1.800000E+00 
-2.060762E-08 
 1.800000E+00 
 1.800000E+00 
 1.800000E+00 
 1.800000E+00 
 1.800000E+00 
 2.991423E-08 
 1.800001E+00 
 1.800000E+00 
 1.800000E+00 
-9.842706E-08 
 1.800000E+00 
 1.800000E+00 
 1.800002E+00 
 6.916887E-07 
 1.800001E+00 
 1.800000E+00 
 1.800000E+00 
 1.800000E+00 
 2.563121E-06 
 1.800000E+00 
 1.800000E+00 
 1.800000E+00 
-4.747386E-08 
 1.800000E+00 
 1.800000E+00 
 1.800000E+00 
 3.989321E-08 
 1.800000E+00 
 1.800000E+00 
 1.800000E+00 
 1.799999E+00 
-4.040444E-07 
 1.800000E+00 
 1.800000E+00 
 1.800000E+00 
-2.805189E-06 
 1.800000E+00 
 1.800000E+00 
 1.800000E+00 
-9.670034E-10 
 1.800000E+00 
 1.800000E+00 
 1.800001E+00 
-2.010632E-07 
 1.800000E+00 
 1.800000E+00 
 1.800000E+00 
 1.800000E+00 
-4.770036E-08 
 1.800004E+00 
 1.800000E+00 
-4.705805E-08 
 1.800000E+00 
 1.800000E+00 
 1.800000E+00 
 1.800001E+00 
-1.356197E-09 
 1.800000E+00 
 1.800000E+00 
 1.800000E+00 
 6.019081E-10 
 1.800000E+00 
 1.800000E+00 
 1.800001E+00 
-9.659992E-06 
 1.800000E+00 
 1.800000E+00 
 1.800000E+00 
-5.449104E-06 
 1.800000E+00 
 1.800000E+00 
 1.800000E+00 
 4.279330E-07 
 1.800001E+00 
 1.800001E+00 
 1.800000E+00 
 5.800567E-07 
 1.800000E+00 
 1.800000E+00 
 1.062012E-08 
 1.800001E+00 
 1.800000E+00 
 1.800000E+00 
 1.800000E+00 
-2.112630E-08 
 1.799999E+00 
 1.799999E+00 
 1.800000E+00 
 5.242518E-09 
 1.800000E+00 
 1.800000E+00 
 4.199813E-10 
 1.800000E+00 
 1.800000E+00 
 1.800000E+00 
 1.800000E+00 
-4.157966E-07 
 1.799998E+00 
 1.800000E+00 
-1.120211E-07 
 1.800000E+00 
 1.800000E+00 
 1.800000E+00 
 7.077313E-07 
 1.800001E+00 
 1.799998E+00 
 1.800000E+00 
 5.361388E-06 
 1.800000E+00 
 1.800000E+00 
 1.954071E-06 
 1.800000E+00 
 1.800000E+00 
 1.800000E+00 
 1.800000E+00 
-5.393150E-05 
 1.799999E+00 
-1.589589E-08 
 1.800001E+00 
 1.800001E+00 
 1.800001E+00 
 1.799998E+00 
 1.937227E-08 
 1.800000E+00 
 1.800000E+00 
 1.799999E+00 
 1.523650E-07 
 1.800000E+00 
-7.368538E-06 
 1.800000E+00 
 1.800000E+00 
 1.800000E+00 
 1.800001E+00 
-1.989663E-05 
 1.800000E+00 
 1.800000E+00 
 1.753679E-06 
 1.800000E+00 
 1.799998E+00 
 1.800003E+00 
 1.361338E-07 
 1.800000E+00 
 1.800000E+00 
-5.794866E-06 
 1.800000E+00 
 1.800000E+00 
 1.800000E+00 
 3.521450E-08 
 1.800001E+00 
 1.800000E+00 
 1.351232E-08 
 1.799999E+00 
 1.799999E+00 
 1.800000E+00 
 3.731604E-06 
 1.800000E+00 
 1.800000E+00 
 5.262745E-07 
 1.800000E+00 
 1.800000E+00 
 1.800000E+00 
-2.660981E-06 
 1.800000E+00 
 1.800000E+00 
 6.461703E-09 
 1.800000E+00 
 1.800000E+00 
 1.800000E+00 
-4.693331E-08 
 1.800000E+00 
 1.800000E+00 
 1.395116E-06 
 1.800001E+00 
 1.800000E+00 
-8.543678E-08 
 1.800000E+00 
 1.800000E+00 
 1.800000E+00 
-3.325602E-07 
 1.800001E+00 
 1.800000E+00 
 1.031113E-08 
 1.800000E+00 
 1.799999E+00 
 1.800000E+00 
-5.779644E-07 
 1.800000E+00 
-1.557861E-07 
 1.800000E+00 
 1.800000E+00 
 1.800000E+00 
 1.800000E+00 
 1.594323E-07 
 1.408115E-07 
 1.800000E+00 
 1.800000E+00 
 1.800000E+00 
 1.800000E+00 
 1.800000E+00 
-3.562454E-08 
 6.821307E-09 
 1.800000E+00 
 1.800000E+00 
 1.800000E+00 
-2.214281E-07 
 1.800000E+00 
 1.800000E+00 
 1.800000E+00 
-7.929211E-07 
 1.800000E+00 
-1.826716E-06 
 1.800001E+00 
 1.800000E+00 
 1.800001E+00 
 1.050477E-05 
 1.800000E+00 
 1.800000E+00 
 7.023924E-07 
 1.800000E+00 
 1.800000E+00 
 1.258558E-06 
 1.800001E+00 
 1.800000E+00 
 7.805305E-08 
 1.799999E+00 
 1.800000E+00 
-4.798011E-07 
 1.800000E+00 
 1.800000E+00 
 1.800000E+00 
 8.745679E-07 
 1.800000E+00 
 3.532582E-06 
 1.800001E+00 
 1.800000E+00 
 1.800000E+00 
-7.280208E-06 
 1.800000E+00 
 1.652741E-06 
 1.800000E+00 
 1.800000E+00 
 1.800000E+00 
-5.073034E-08 
 1.800000E+00 
 1.800001E+00 
 1.135139E-07 
 1.800000E+00 
-1.860341E-07 
 1.800000E+00 
 1.800000E+00 
 1.800001E+00 
 4.709054E-09 
 1.800000E+00 
 1.800000E+00 
 2.342403E-08 
 1.800000E+00 
 1.800000E+00 
-1.634641E-07 
 1.800000E+00 
-4.714990E-09 
 1.800000E+00 
 1.800000E+00 
 1.800000E+00 
-2.036696E-08 
 1.800000E+00 
 1.800000E+00 
-3.676730E-06 
 1.800002E+00 
 2.308223E-09 
 1.800000E+00 
 1.800000E+00 
 1.800000E+00 
 5.775708E-07 
 1.800000E+00 
-2.035866E-09 
 1.800000E+00 
 1.800000E+00 
 1.800000E+00 
 1.513638E-05 
 1.467092E-05 
 1.800000E+00 
 1.800000E+00 
 1.800000E+00 
 1.800000E+00 
-3.502805E-08 
 1.800000E+00 
-6.572683E-07 
 1.800000E+00 
-9.624841E-08 
 1.800000E+00 
 1.800000E+00 
 1.800000E+00 
 4.183562E-08 
 1.799999E+00 
 1.800000E+00 
 9.617865E-09 
 1.800002E+00 
-1.148831E-07 
 1.800000E+00 
 1.800000E+00 
 1.745219E-06 
 1.800001E+00 
 1.800000E+00 
 2.693925E-06 
 1.800000E+00 
 1.953955E-08 
 1.799998E+00 
 1.800000E+00 
 1.800000E+00 
 1.797264E-08 
 1.800001E+00 
-2.115168E-06 
 1.800000E+00 
 1.800000E+00 
-4.529489E-07 
 1.800000E+00 
 1.800000E+00 
 7.589361E-07 
 1.800000E+00 
 9.396690E-06 
 1.800001E+00 
 1.800000E+00 
-3.363520E-07 
 1.800000E+00 
 1.800000E+00 
 6.359365E-06 
 1.800001E+00 
 1.800000E+00 
 7.052096E-08 
 1.800000E+00 
 2.161065E-06 
 1.800000E+00 
 1.800000E+00 
 8.561415E-09 
 1.800000E+00 
 1.104805E-07 
 1.800002E+00 
 1.800002E+00 
 1.800001E+00 
 9.072536E-06 
 7.976242E-06 
 1.800000E+00 
 1.800000E+00 
 1.800000E+00 
 1.068565E-06 
 1.800000E+00 
 9.680901E-08 
 1.800000E+00 
 1.800000E+00 
 8.356436E-09 
 1.800000E+00 
-1.640009E-08 
 1.800000E+00 
 1.800000E+00 
 1.800000E+00 
 7.762746E-10 
-1.163768E-07 
 1.800000E+00 
 1.800002E+00 
 4.341288E-10 
 1.800000E+00 
 1.800000E+00 
-7.709695E-08 
 1.800000E+00 
-2.169718E-06 
 1.800000E+00 
 1.800000E+00 
-3.661583E-09 
 1.800000E+00 
 1.800000E+00 
 3.703085E-07 
-6.290362E-07 
 1.800000E+00 
 1.800000E+00 
 1.799999E+00 
 1.824639E-08 
 1.800000E+00 
-8.003694E-07 
 1.800000E+00 
 1.800000E+00 
 8.919073E-09 
 1.799999E+00 
-3.879301E-08 
 1.800000E+00 
-1.750538E-08 
 1.800000E+00 
 1.800000E+00 
 1.800000E+00 
 2.624594E-06 
 3.108666E-06 
 1.800000E+00 
 1.800000E+00 
-2.099030E-06 
 1.800000E+00 
 1.800000E+00 
-3.496270E-09 
 1.150710E-08 
 1.800000E+00 
 1.800000E+00 
 1.800000E+00 
-1.057725E-07 
 1.800000E+00 
 9.852450E-06 
 1.800000E+00 
 1.084469E-08 
 1.800000E+00 
 1.800000E+00 
 8.928816E-08 
 1.800000E+00 
-2.212226E-06 
 1.800000E+00 
 1.800002E+00 
-4.973962E-08 
 6.038823E-09 
 1.800000E+00 
 1.800000E+00 
 1.800001E+00 
 1.204547E-08 
 1.800003E+00 
-1.977429E-05 
 1.800000E+00 
 6.785708E-07 
 1.800000E+00 
 1.800000E+00 
 1.447717E-06 
 1.844720E-09 
 1.800002E+00 
 1.800002E+00 
 1.800001E+00 
-2.041979E-05 
-1.992979E-05 
 1.800001E+00 
 1.800000E+00 
 1.800000E+00 
-1.203295E-06 
-1.920836E-09 
 1.800000E+00 
 4.859996E-09 
 1.800002E+00 
 1.800002E+00 
 1.800000E+00 
-5.397715E-06 
-5.103185E-06 
 1.800000E+00 
-1.552222E-10 
 1.800000E+00 
 1.800000E+00 
 1.800000E+00 
-1.980198E-06 
-1.820792E-06 
 1.800001E+00 
 2.415446E-06 
 1.800000E+00 
 1.800000E+00 
 6.082253E-08 
 1.800000E+00 
-2.075570E-08 
 1.800000E+00 
 1.800001E+00 
 2.940014E-07 
-2.958312E-09 
 1.800000E+00 
 1.800000E+00 
-1.612316E-05 
 1.800000E+00 
 1.800000E+00 
-6.603270E-06 
-1.095963E-07 
 1.800000E+00 
 1.800000E+00 
-2.384401E-08 
 1.800000E+00 
-3.482766E-09 
 1.800001E+00 
-3.874973E-06 
 1.800000E+00 
-1.153900E-06 
 1.800000E+00 
 1.800000E+00 
 7.928302E-09 
 1.800000E+00 
-1.735984E-07 
 1.800000E+00 
 4.924264E-08 
 1.800000E+00 
-7.115524E-09 
 1.800000E+00 
 1.800001E+00 
-1.125155E-07 
 1.800000E+00 
-8.720724E-08 
-8.548385E-08 
 1.800000E+00 
 1.800000E+00 
 1.800000E+00 
 1.800467E-08 
 4.941675E-09 
 1.799997E+00 
 5.040554E-09 
 1.800003E+00 
 1.800000E+00 
-1.606111E-05 
 1.800000E+00 
 2.784515E-06 
 8.350695E-09 
 1.800000E+00 
 1.800000E+00 
 1.800000E+00 
 5.729381E-07 
 5.213959E-07 
 1.800000E+00 
 8.888500E-09 
 1.800000E+00 
 1.800000E+00 
-2.061731E-08 
-2.211967E-08 
 1.800000E+00 
 1.800000E+00 
 1.528676E-07 
 1.800000E+00 
 7.080761E-07 
 1.800000E+00 
 5.101836E-06 
 1.800000E+00 
-4.601447E-07 
 1.799999E+00 
 2.800795E-07 
 1.800000E+00 
 1.800000E+00 
 4.450378E-06 
 4.454929E-06 
 1.800000E+00 
-9.107575E-06 
 1.800000E+00 
 1.799999E+00 
-2.877694E-07 
 1.800000E+00 
-3.873712E-06 
 9.607385E-08 
 1.800000E+00 
 1.800000E+00 
 1.686195E-07 
 1.800000E+00 
 1.204502E-06 
 1.800000E+00 
-1.365604E-07 
 1.799997E+00 
 4.321899E-07 
 1.800001E+00 
-1.437381E-06 
 1.800002E+00 
 4.233298E-07 
 1.800000E+00 
 2.453109E-09 
 1.799997E+00 
 7.148419E-09 
 1.800002E+00 
-1.341889E-09 
 1.800000E+00 
 1.800000E+00 
 3.938149E-06 
 1.757812E-08 
 1.800000E+00 
 5.187795E-07 
 1.800000E+00 
 1.800000E+00 
 6.795126E-08 
 2.826452E-08 
 1.800000E+00 
 1.927507E-07 
 1.800000E+00 
-1.095722E-07 
 1.800000E+00 
 1.800000E+00 
-1.163197E-07 
-3.619981E-08 
 1.800000E+00 
-1.229547E-07 
 1.799999E+00 
 1.800000E+00 
-4.994595E-06 
-4.755002E-06 
 1.800000E+00 
 9.897041E-09 
 1.800000E+00 
-4.392344E-06 
 1.800000E+00 
-1.222865E-08 
 1.800001E+00 
 1.800000E+00 
 2.137119E-05 
-9.330142E-07 
 1.800000E+00 
 6.615122E-06 
 1.800000E+00 
 9.376804E-09 
 1.799999E+00 
 1.982510E-06 
 8.762437E-09 
 1.800000E+00 
 1.800000E+00 
 1.800000E+00 
 6.551187E-05 
-1.518475E-07 
-1.518118E-07 
 1.800000E+00 
 1.800000E+00 
 8.278736E-06 
 3.273801E-08 
 1.800000E+00 
 1.800000E+00 
-7.166380E-05 
 1.085364E-07 
 1.800001E+00 
 1.858868E-05 
 1.800000E+00 
 1.800000E+00 
-2.882206E-07 
-2.055324E-07 
 1.800003E+00 
-6.378610E-06 
 1.799999E+00 
 2.900000E-07 
 1.800000E+00 
 1.971679E-07 
-6.527317E-07 
 1.800000E+00 
 1.800000E+00 
 1.849112E-06 
 1.212243E-06 
 1.800001E+00 
 1.800000E+00 
 2.725028E-06 
-8.802623E-08 
 1.800000E+00 
-2.024044E-08 
 1.800000E+00 
-2.714268E-09 
 1.800001E+00 
-5.298068E-08 
 1.800000E+00 
 3.133854E-05 
 8.652686E-06 
 1.799998E+00 
 1.800000E+00 
 7.451508E-08 
 1.767251E-08 
 1.800001E+00 
 3.150493E-09 
 1.800000E+00 
 6.626255E-09 
 1.800000E+00 
 1.350038E-07 
 1.799998E+00 
 2.360725E-07 
 2.278418E-07 
 1.800000E+00 
 1.800001E+00 
 3.352630E-06 
 4.534708E-06 
 1.800000E+00 
 7.477658E-08 
 1.800000E+00 
 1.881766E-06 
 8.572671E-09 
 1.800000E+00 
 1.800000E+00 
 9.592981E-08 
 9.644224E-08 
 1.800000E+00 
-1.530613E-07 
 1.799999E+00 
-1.457365E-06 
 1.800000E+00 
 4.663665E-07 
 1.800000E+00 
-1.587869E-07 
-6.349597E-09 
 1.799998E+00 
 9.671132E-08 
 1.800000E+00 
-1.977075E-06 
-1.736604E-07 
 1.800001E+00 
 1.800000E+00 
-4.158723E-07 
 4.876665E-09 
 1.800000E+00 
-1.722417E-07 
 1.800000E+00 
 1.235311E-06 
 1.800000E+00 
-4.762618E-08 
 2.070849E-09 
 1.800000E+00 
 2.712263E-06 
 1.800000E+00 
 5.695615E-06 
 1.800000E+00 
-6.044185E-07 
-1.905186E-07 
 1.800000E+00 
 1.124410E-06 
 1.800000E+00 
 2.197901E-08 
 1.800001E+00 
 3.422511E-07 
 3.436723E-07 
 1.800002E+00 
-6.847597E-06 
 1.800001E+00 
 6.641353E-09 
 1.800000E+00 
-9.529968E-07 
 3.992140E-08 
 1.799997E+00 
-6.982658E-06 
 1.800000E+00 
 1.250344E-08 
 1.799998E+00 
-8.888765E-05 
 9.426309E-08 
 1.800001E+00 
-2.433813E-06 
 1.800000E+00 
 2.608252E-07 
 2.324114E-07 
 1.800000E+00 
 1.800000E+00 
-9.307033E-08 
 2.211618E-07 
 2.211602E-07 
 1.800002E+00 
 5.956393E-08 
 1.800000E+00 
 3.014551E-09 
 1.800000E+00 
-2.842797E-06 
 6.566000E-09 
 1.800000E+00 
 1.212018E-08 
 1.800000E+00 
 1.854681E-07 
 1.800000E+00 
-1.044278E-06 
 1.736319E-09 
 1.800000E+00 
-3.646591E-06 
 1.102662E-06 
 1.800001E+00 
 1.800000E+00 
-1.788927E-08 
 7.347796E-09 
 7.348396E-09 
 1.799999E+00 
 2.957472E-08 
 1.800000E+00 
-7.911234E-08 
 1.800000E+00 
-7.872563E-05 
 1.244736E-07 
 1.800000E+00 
 5.210921E-08 
 1.800001E+00 
 7.906363E-06 
 5.697660E-06 
 1.800003E+00 
 1.389716E-08 
 1.581279E-08 
 1.800000E+00 
 4.608912E-08 
 1.800000E+00 
-2.353765E-09 
 1.800000E+00 
 7.516985E-06 
 8.287252E-06 
 1.799999E+00 
-2.048596E-06 
 6.542442E-09 
 1.799998E+00 
 8.207731E-07 
 1.799998E+00 
-7.120481E-07 
 4.141587E-08 
 1.800000E+00 
 8.459636E-09 
 1.800000E+00 
 4.023951E-07 
 4.030351E-07 
 1.800000E+00 
-1.447637E-06 
 1.800000E+00 
-1.776718E-07 
 8.499503E-09 
 8.496037E-09 
 1.800000E+00 
 1.800000E+00 
 4.339989E-09 
 3.098082E-09 
 3.098094E-09 
 1.800000E+00 
 1.931780E-06 
 1.800001E+00 
 3.420696E-08 
 1.800000E+00 
-1.328733E-06 
-3.765522E-08 
-3.765507E-08 
 1.799999E+00 
 2.954557E-08 
 1.800000E+00 
-1.218571E-07 
 1.800000E+00 
 3.310625E-07 
 5.263478E-09 
 5.259454E-09 
 1.800000E+00 
 9.001008E-08 
 1.800000E+00 
 3.474995E-07 
 8.241771E-09 
 1.799998E+00 
-9.599525E-07 
 1.800000E+00 
-3.493826E-06 
-2.646237E-06 
-2.646238E-06 
 1.800000E+00 
 1.800003E+00 
 1.168665E-05 
 1.168223E-05 
 1.168233E-05 
 1.800001E+00 
 6.219814E-06 
 5.777346E-06 
 1.800000E+00 
 3.191834E-07 
 1.799996E+00 
-1.472431E-06 
-1.328415E-06 
 1.800001E+00 
-1.328768E-05 
-4.007479E-06 
 1.800000E+00 
-2.004784E-09 
 1.800000E+00 
 2.935100E-05 
 2.124336E-08 
 2.124202E-08 
 1.800000E+00 
-1.211903E-08 
 1.800002E+00 
-8.872956E-07 
-2.454262E-07 
 1.800000E+00 
 2.133155E-07 
 2.131003E-07 
 1.800002E+00 
-3.536661E-06 
-9.419778E-07 
 1.800001E+00 
 5.074354E-06 
-5.789917E-08 
 1.800000E+00 
 7.773277E-09 
 1.800000E+00 
-1.755125E-06 
-1.326487E-07 
-1.326549E-07 
 1.800000E+00 
-7.521546E-06 
 1.800002E+00 
 1.771257E-05 
-3.525313E-06 
-3.525311E-06 
 1.800003E+00 
-5.137040E-06 
 1.800000E+00 
-1.474588E-08 
 2.311077E-09 
 1.800000E+00 
-7.885781E-09 
 5.854919E-09 
 1.800000E+00 
-5.230895E-08 
 3.389551E-09 
 1.800000E+00 
-2.920218E-07 
 7.411760E-09 
 7.408611E-09 
 1.800000E+00 
 1.800000E+00 
 4.217260E-07 
 5.424301E-09 
 5.449794E-09 
 5.423630E-09 
 1.800000E+00 
 1.224038E-08 
 1.800001E+00 
 5.176517E-08 
 1.004137E-08 
 1.800001E+00 
 6.828957E-09 
-3.745820E-08 
 1.800000E+00 
-8.019649E-07 
-3.519984E-07 
-3.520001E-07 
 1.800000E+00 
 4.044867E-08 
 1.800000E+00 
-1.408163E-06 
 1.419759E-08 
 1.800000E+00 
-8.077997E-06 
-9.221625E-09 
-9.221466E-09 
 1.800000E+00 
-6.112436E-08 
 7.575064E-09 
 1.800000E+00 
 1.142038E-06 
 1.800000E+00 
 2.188487E-07 
 1.248146E-07 
 1.248154E-07 
 1.246996E-07 
 1.800000E+00 
 1.800002E+00 
-3.252456E-06 
-2.784274E-06 
-2.784271E-06 
-2.784276E-06 
 1.800000E+00 
 3.029282E-06 
 3.173930E-06 
 1.799999E+00 
 3.145793E-09 
 1.800000E+00 
 2.870925E-08 
 1.827933E-08 
 1.827834E-08 
 1.827888E-08 
 1.800000E+00 
 1.800000E+00 
 6.165802E-08 
 6.836479E-09 
 6.834150E-09 
 6.834801E-09 
 1.800000E+00 
-4.289130E-05 
 1.158200E-07 
 1.800000E+00 
 1.354954E-05 
 1.082950E-06 
 1.800000E+00 
 1.364764E-05 
 1.329532E-05 
 1.800000E+00 
 6.062792E-06 
 2.190804E-08 
 2.189969E-08 
 1.800000E+00 
 7.145060E-08 
 5.921688E-09 
 1.800000E+00 
-2.001701E-06 
 6.505502E-09 
 6.497246E-09 
 1.800000E+00 
 3.319500E-08 
 1.800000E+00 
-4.102247E-06 
-4.136258E-06 
-4.136257E-06 
-4.136257E-06 
 1.800000E+00 
 4.434133E-07 
 1.800000E+00 
 3.998163E-09 
 2.127582E-09 
 2.124684E-09 
 1.800000E+00 
 1.125862E-07 
 5.745242E-09 
 5.733116E-09 
 1.799999E+00 
-7.928369E-06 
-6.289972E-09 
 1.800000E+00 
 6.087857E-07 
 1.520162E-09 
 1.800000E+00 
-7.609024E-07 
 7.534072E-09 
 7.532899E-09 
 7.528303E-09 
 1.799999E+00 
 1.800000E+00 
-8.253284E-06 
-7.799532E-06 
-7.799531E-06 
-7.799532E-06 
-7.799531E-06 
 1.800000E+00 
 1.611200E-06 
 2.314439E-06 
 1.800000E+00 
-5.488297E-08 
-5.373106E-08 
 1.800001E+00 
-1.505547E-06 
-1.485087E-06 
-1.485090E-06 
 1.800000E+00 
-2.462330E-06 
 2.629930E-09 
 1.800000E+00 
-1.001660E-06 
-1.375168E-09 
-1.352663E-09 
-1.387586E-09 
 1.800000E+00 
-2.406798E-09 
 1.800000E+00 
-2.180574E-07 
 7.862937E-09 
 7.862983E-09 
 7.863007E-09 
 1.800000E+00 
-6.236621E-06 
-5.805093E-06 
 1.800000E+00 
-2.151765E-07 
 1.869809E-08 
 1.869509E-08 
 1.800000E+00 
-1.728548E-05 
-1.760342E-05 
-1.760342E-05 
 1.800000E+00 
 2.229001E-07 
 9.518157E-09 
 1.800000E+00 
 3.917386E-05 
-1.078024E-08 
-1.077455E-08 
-1.077947E-08 
 1.800000E+00 
 5.012054E-07 
 4.205680E-07 
 1.799994E+00 
 6.557637E-06 
 3.142936E-08 
 3.142705E-08 
 1.800003E+00 
-1.057007E-06 
 5.259874E-10 
 5.280866E-10 
 1.800000E+00 
 2.757317E-05 
-9.693679E-09 
-9.695353E-09 
 1.800000E+00 
 1.145714E-07 
 8.764008E-09 
 8.810809E-09 
 1.800000E+00 
-3.946187E-07 
 4.826736E-10 
 4.828883E-10 
 1.800002E+00 
 3.705205E-07 
 6.641715E-09 
 6.628617E-09 
 1.800000E+00 
-1.195847E-07 
 1.193368E-07 
 1.799996E+00 
 3.356172E-05 
 4.947377E-08 
 4.947280E-08 
 4.947258E-08 
 4.947271E-08 
 1.799998E+00 
 9.144980E-09 
 1.800001E+00 
-3.265354E-06 
 1.948228E-07 
 1.948264E-07 
 1.948230E-07 
 1.948249E-07 
 1.800000E+00 
 7.082012E-08 
 1.800000E+00 
 1.497010E-06 
-2.562444E-08 
-2.561858E-08 
-2.562457E-08 
-2.561784E-08 
 1.800000E+00 
-4.319385E-06 
-2.257639E-05 
-2.257639E-05 
 1.800000E+00 
-3.230888E-09 
 6.080928E-09 
 1.800000E+00 
-3.983870E-08 
-1.020149E-07 
-1.020148E-07 
-1.020145E-07 
-1.020145E-07 
 1.800000E+00 
 6.633764E-09 
 5.771769E-09 
 1.800000E+00 
-4.580672E-06 
-4.711305E-06 
-4.711368E-06 
-4.711369E-06 
 1.800005E+00 
 1.085894E-06 
 6.037655E-09 
 1.800000E+00 
-1.045562E-06 
-5.789793E-08 
-5.789775E-08 
-5.790306E-08 
-5.788757E-08 
 1.800000E+00 
-3.802062E-06 
 1.943339E-07 
 1.943365E-07 
 1.800002E+00 
-1.282544E-07 
-1.466264E-07 
-1.466264E-07 
 1.800000E+00 
-2.876852E-06 
-2.418431E-06 
-2.418385E-06 
-2.418385E-06 
 1.800000E+00 
-3.189211E-08 
 2.058702E-08 
 2.059058E-08 
 1.800000E+00 
-3.624819E-05 
 9.994843E-07 
 9.994830E-07 
 9.994840E-07 
 1.800000E+00 
-7.692524E-06 
 7.369225E-08 
 7.368677E-08 
 7.367911E-08 
 1.800000E+00 
 6.989335E-08 
 3.585509E-08 
 1.800000E+00 
-5.362532E-06 
-4.694934E-06 
-4.694929E-06 
-4.694936E-06 
-4.694955E-06 
-4.694933E-06 
 1.800001E+00 
-5.980241E-07 
 1.800000E+00 
 2.045660E-07 
 1.753213E-07 
 1.753208E-07 
 1.753213E-07 
 1.753229E-07 
 1.753212E-07 
 1.753265E-07 
 1.800000E+00 
 1.800000E+00 
 5.828586E-07 
-3.070851E-07 
-3.070684E-07 
-3.070673E-07 
-3.070681E-07 
-3.070725E-07 
-3.070682E-07 
 1.800003E+00 
-1.743388E-07 
-6.460098E-08 
-6.460112E-08 
 1.800000E+00 
 1.445111E-07 
-4.492061E-08 
-4.492074E-08 
 1.800000E+00 
 2.413363E-05 
-1.185126E-07 
-1.185127E-07 
-1.185121E-07 
-1.185127E-07 
 1.800002E+00 
 1.506732E-07 
 6.141989E-09 
 6.141939E-09 
 1.800001E+00 
 2.283094E-06 
 3.402495E-06 
 3.402494E-06 
 3.402494E-06 
 3.402494E-06 
 1.800000E+00 
-5.120419E-08 
 8.161014E-07 
 8.161062E-07 
 8.161039E-07 
 1.800000E+00 
 1.672329E-07 
-2.035979E-08 
-2.035863E-08 
-2.035745E-08 
 1.800000E+00 
 1.780109E-06 
 2.952205E-08 
 2.952353E-08 
 2.952123E-08 
 1.800000E+00 
-9.957241E-06 
-1.668342E-07 
-1.668353E-07 
-1.668343E-07 
 1.800000E+00 
 3.552820E-08 
-6.953170E-08 
-6.953063E-08 
-6.953145E-08 
-6.952477E-08 
 1.800000E+00 
-1.487244E-06 
-2.512888E-06 
-2.512884E-06 
 1.800000E+00 
-2.181613E-09 
 1.132658E-08 
 1.132632E-08 
 1.132477E-08 
 1.132601E-08 
 1.132530E-08 
 1.800000E+00 
-3.450104E-06 
 6.538125E-09 
 6.538818E-09 
 1.800000E+00 
-3.124867E-07 
-1.275302E-08 
-1.275325E-08 
-1.275311E-08 
-1.275338E-08 
-1.275317E-08 
 1.800000E+00 
-7.513044E-07 
 9.729027E-09 
 9.728805E-09 
 1.800000E+00 
 4.505057E-07 
 6.521098E-09 
 6.522414E-09 
 6.522388E-09 
 6.522345E-09 
 6.523688E-09 
 1.800002E+00 
-4.311740E-06 
 5.468825E-09 
 5.464303E-09 
 5.466667E-09 
 1.800000E+00 
-1.518078E-06 
 8.272935E-09 
 8.274206E-09 
 8.271367E-09 
 8.267180E-09 
 1.800000E+00 
-2.802259E-06 
-2.753470E-06 
-2.753467E-06 
-2.753469E-06 
 1.800000E+00 
 3.017304E-09 
 3.832239E-08 
 3.833591E-08 
 3.833866E-08 
 3.833865E-08 
 3.833870E-08 
 1.800000E+00 
-3.652274E-06 
 6.220534E-09 
 6.221535E-09 
 6.220495E-09 
 1.800000E+00 
-1.231542E-06 
-9.059833E-08 
-9.060436E-08 
-9.060184E-08 
-9.059343E-08 
 1.800000E+00 
-6.290137E-06 
-6.122285E-06 
-6.122336E-06 
-6.122285E-06 
-6.122285E-06 
-6.122285E-06 
 1.800000E+00 
 1.836825E-06 
 1.893729E-06 
 1.893726E-06 
 1.893729E-06 
 1.800000E+00 
-1.024159E-08 
 1.146713E-08 
 1.146409E-08 
 1.146653E-08 
 1.146619E-08 
 1.146603E-08 
 1.800000E+00 
-8.907053E-09 
 7.433187E-09 
 7.437919E-09 
 7.435762E-09 
 1.800001E+00 
-9.865676E-07 
 1.343378E-07 
 1.343486E-07 
 1.343411E-07 
 1.343428E-07 
 1.343418E-07 
 1.342604E-07 
 1.799997E+00 
 7.580460E-07 
 5.222141E-09 
 5.224560E-09 
 1.800000E+00 
 5.470166E-06 
 5.036480E-07 
 5.036450E-07 
 5.036446E-07 
 5.036389E-07 
 5.036435E-07 
 5.036865E-07 
 5.036601E-07 
 1.800000E+00 
-4.181009E-07 
-7.261915E-08 
-7.261911E-08 
-7.261942E-08 
 1.800000E+00 
 3.477638E-07 
 8.942892E-07 
 8.942888E-07 
 8.942895E-07 
 8.942331E-07 
 8.942896E-07 
 1.800000E+00 
-5.786323E-06 
-5.059110E-08 
-5.058491E-08 
-5.058679E-08 
-5.058887E-08 
-5.058680E-08 
 1.800003E+00 
 6.089232E-06 
-3.178746E-08 
-3.177527E-08 
-3.177783E-08 
-3.177552E-08 
 1.800000E+00 
-1.126864E-07 
 7.400954E-09 
 7.400725E-09 
 7.399067E-09 
 7.400961E-09 
 7.401030E-09 
 7.402566E-09 
 1.800000E+00 
-4.022851E-06 
-2.023651E-05 
-2.023652E-05 
-2.023652E-05 
-2.023664E-05 
 1.800000E+00 
 2.071261E-06 
 5.993487E-09 
 5.997787E-09 
 5.993954E-09 
 5.994521E-09 
 5.994605E-09 
 1.800001E+00 
 4.846468E-06 
 6.537574E-09 
 6.539468E-09 
 6.537051E-09 
 6.541697E-09 
 6.589256E-09 
 6.541060E-09 
 1.800000E+00 
 4.315032E-08 
 1.634270E-08 
 1.633929E-08 
 1.633947E-08 
 1.800000E+00 
-1.329539E-07 
 7.162860E-09 
 7.161504E-09 
 7.161242E-09 
 7.160857E-09 
 7.161264E-09 
 7.162572E-09 
 7.160616E-09 
 7.160671E-09 
 1.800000E+00 
 6.638832E-09 
 7.431770E-09 
 7.419938E-09 
 7.434586E-09 
 1.800000E+00 
-4.194243E-07 
 8.223619E-09 
 8.224477E-09 
 8.224595E-09 
 8.233371E-09 
 8.225582E-09 
 8.224057E-09 
 8.222009E-09 
 1.800000E+00 
-1.574460E-06 
 5.535107E-09 
 5.531050E-09 
 5.534733E-09 
 5.534922E-09 
 5.591655E-09 
 1.800000E+00 
 1.476647E-07 
 1.944236E-07 
 1.944166E-07 
 1.944234E-07 
 1.944236E-07 
 1.944229E-07 
 1.944234E-07 
 1.800000E+00 
-4.366126E-08 
 2.485042E-08 
 2.486763E-08 
 2.485826E-08 
 2.485083E-08 
 2.485828E-08 
 1.799999E+00 
 4.032670E-06 
 8.366197E-09 
 8.366213E-09 
 8.374264E-09 
 8.366268E-09 
 8.367071E-09 
 8.365994E-09 
 1.800000E+00 
 4.347062E-06 
-8.952217E-06 
-8.952215E-06 
-8.952215E-06 
-8.952216E-06 
-8.952218E-06 
-8.952215E-06 
 1.800000E+00 
-5.020360E-08 
-2.040970E-08 
-2.040885E-08 
-2.040969E-08 
-2.040948E-08 
-2.040939E-08 
-2.040971E-08 
 1.800000E+00 
 1.485145E-07 
 2.900069E-08 
 2.899879E-08 
 2.900050E-08 
 2.900098E-08 
 2.900094E-08 
 2.900219E-08 
 1.800000E+00 
-3.110159E-06 
 5.676556E-09 
 5.676449E-09 
 5.675929E-09 
 5.667072E-09 
 5.672770E-09 
 5.678310E-09 
 5.677594E-09 
 1.800000E+00 
-6.937912E-06 
-3.346877E-09 
-3.347007E-09 
-3.341009E-09 
-3.341815E-09 
-3.340691E-09 
 1.800001E+00 
 3.271431E-07 
 6.250910E-09 
 6.238076E-09 
 6.243571E-09 
 6.242327E-09 
 6.241687E-09 
 6.241149E-09 
 6.241888E-09 
 1.800000E+00 
-1.131046E-06 
-8.772246E-07 
-8.772215E-07 
-8.772214E-07 
-8.772224E-07 
-8.772233E-07 
-8.772225E-07 
-8.772196E-07 
 1.800000E+00 
 5.400045E-07 
-2.195866E-07 
-2.195867E-07 
-2.195895E-07 
-2.195864E-07 
-2.195869E-07 
 1.800000E+00 
-1.885631E-05 
 7.524319E-06 
 7.524312E-06 
 7.524319E-06 
 7.524314E-06 
 7.524321E-06 
 7.524321E-06 
 7.524321E-06 
 7.524328E-06 
 7.524321E-06 
 1.800000E+00 
-9.348334E-08 
 6.830577E-09 
 6.829782E-09 
 6.830663E-09 
 6.830503E-09 
 1.800000E+00 
 2.492358E-06 
-9.902039E-06 
-9.902035E-06 
-9.902040E-06 
-9.902039E-06 
-9.902038E-06 
-9.902039E-06 
-9.902038E-06 
-9.902038E-06 
-9.902039E-06 
-9.901995E-06 
 1.800000E+00 
-9.745193E-07 
 7.338517E-09 
 7.338812E-09 
 7.338184E-09 
 7.336647E-09 
 1.799999E+00 
-4.004402E-06 
 3.875834E-09 
 3.874020E-09 
 3.874460E-09 
 3.874271E-09 
 3.839512E-09 
 3.873605E-09 
 3.874314E-09 
 3.874361E-09 
 3.874273E-09 
 3.871930E-09 
 1.800000E+00 
-6.713179E-09 
 4.646110E-08 
 4.646030E-08 
 4.646005E-08 
 4.646010E-08 
 1.799999E+00 
-9.755568E-07 
-5.070814E-09 
-5.068622E-09 
-5.070049E-09 
-5.067953E-09 
-5.070134E-09 
-5.069801E-09 
-5.069938E-09 
-5.071772E-09 
-5.071501E-09 
-5.067340E-09 
 1.800001E+00 
-2.248696E-08 
 3.494124E-09 
 3.494540E-09 
 3.491933E-09 
 3.494647E-09 
 3.494628E-09 
 1.799999E+00 
-3.319813E-07 
-3.632234E-07 
-3.632240E-07 
-3.632236E-07 
-3.632232E-07 
-3.632347E-07 
-3.632235E-07 
-3.632227E-07 
-3.632243E-07 
-3.632236E-07 
-3.632245E-07 
 1.800000E+00 
 5.299322E-09 
 5.175681E-09 
 5.175057E-09 
 5.248351E-09 
 5.174627E-09 
 5.177245E-09 
 1.799999E+00 
 5.213801E-07 
 1.601451E-06 
 1.601450E-06 
 1.601461E-06 
 1.601452E-06 
 1.601453E-06 
 1.601447E-06 
 1.601449E-06 
 1.601451E-06 
 1.601451E-06 
 1.601451E-06 
 1.800000E+00 
-8.160369E-06 
 8.581352E-09 
 8.581077E-09 
 8.581621E-09 
 8.581425E-09 
 8.581398E-09 
 1.799998E+00 
-1.479675E-06 
 6.485726E-09 
 6.486878E-09 
 6.488324E-09 
 6.489238E-09 
 6.487689E-09 
 6.487476E-09 
 6.487157E-09 
 6.488374E-09 
 6.487021E-09 
 6.486354E-09 
 1.799999E+00 
 1.142836E-06 
 6.523723E-09 
 6.534325E-09 
 6.534887E-09 
 6.527108E-09 
 6.534727E-09 
 6.536147E-09 
 1.800000E+00 
 3.692835E-10 
-9.733224E-09 
-9.854008E-09 
-9.738365E-09 
-9.735505E-09 
-9.738071E-09 
-9.736562E-09 
-9.737827E-09 
-9.737744E-09 
-9.737890E-09 
-9.738300E-09 
 1.800000E+00 
 1.631200E-05 
 1.008915E-06 
 1.008904E-06 
 1.008915E-06 
 1.008914E-06 
 1.008914E-06 
 1.800000E+00 
 1.485660E-05 
 1.474380E-05 
 1.474380E-05 
 1.474382E-05 
 1.474380E-05 
 1.474375E-05 
 1.474380E-05 
 1.474380E-05 
 1.474381E-05 
 1.474380E-05 
 1.474380E-05 
 1.474380E-05 
 1.800000E+00 
-1.472869E-05 
-2.653503E-07 
-2.653512E-07 
-2.653667E-07 
-2.653498E-07 
-2.653492E-07 
-2.653494E-07 
 1.800000E+00 
-1.260543E-06 
-1.089111E-09 
-1.079654E-09 
-1.082652E-09 
-1.079649E-09 
-1.079938E-09 
-1.079306E-09 
-1.079796E-09 
-1.078523E-09 
-1.080892E-09 
 1.799999E+00 
-9.651527E-07 
 3.925811E-09 
 3.927657E-09 
 3.925163E-09 
 3.928941E-09 
 3.932506E-09 
 3.923526E-09 
 3.933204E-09 
 1.800000E+00 
-1.661085E-07 
 1.507218E-07 
 1.507208E-07 
 1.507215E-07 
 1.507202E-07 
 1.507214E-07 
 1.507211E-07 
 1.507139E-07 
 1.507211E-07 
 1.507200E-07 
 1.800001E+00 
-4.050252E-06 
-3.883093E-06 
-3.883104E-06 
-3.883107E-06 
-3.883106E-06 
-3.883106E-06 
-3.883105E-06 
-3.883104E-06 
-3.883109E-06 
 1.800000E+00 
 6.785660E-07 
 5.034390E-07 
 5.034393E-07 
 5.034367E-07 
 5.034515E-07 
 5.034402E-07 
 5.034388E-07 
 5.034383E-07 
 5.034411E-07 
 1.800000E+00 
 3.073324E-07 
 2.049807E-07 
 2.049828E-07 
 2.049839E-07 
 2.049838E-07 
 2.049813E-07 
 2.049835E-07 
 2.049837E-07 
 1.800000E+00 
 4.699935E-06 
 1.771369E-08 
 1.771385E-08 
 1.771375E-08 
 1.770631E-08 
 1.771366E-08 
 1.771456E-08 
 1.771335E-08 
 1.771606E-08 
 1.771364E-08 
 1.771154E-08 
 1.800000E+00 
 1.715267E-06 
 2.622642E-06 
 2.622644E-06 
 2.622642E-06 
 2.622642E-06 
 2.622648E-06 
 2.622641E-06 
 1.800000E+00 
 4.368032E-06 
 6.071041E-06 
 6.071043E-06 
 6.071044E-06 
 6.071043E-06 
 6.071044E-06 
 6.071041E-06 
 6.071043E-06 
 6.071043E-06 
 6.071043E-06 
 6.071043E-06 
 1.800000E+00 
-1.420029E-06 
 5.503968E-08 
 5.504065E-08 
 5.503980E-08 
 5.495095E-08 
 5.503975E-08 
 5.503707E-08 
 5.503903E-08 
 1.800000E+00 
-4.153509E-06 
 1.505964E-08 
 1.506069E-08 
 1.505990E-08 
 1.506060E-08 
 1.505995E-08 
 1.505401E-08 
 1.506015E-08 
 1.505977E-08 
 1.800000E+00 
 1.317619E-05 
 1.326951E-05 
 1.326952E-05 
 1.326953E-05 
 1.326952E-05 
 1.326951E-05 
 1.326951E-05 
 1.326952E-05 
 1.800001E+00 
-7.776508E-09 
-3.156984E-09 
-3.179430E-09 
-3.161388E-09 
-3.157883E-09 
-3.157414E-09 
-3.157475E-09 
-3.160914E-09 
-3.146355E-09 
-3.157242E-09 
-3.157995E-09 
 1.800000E+00 
-2.219309E-08 
-2.065961E-08 
-2.065912E-08 
-2.065914E-08 
-2.065914E-08 
-2.065922E-08 
 1.800000E+00 
-2.221538E-07 
 1.227031E-08 
 1.226783E-08 
 1.226992E-08 
 1.227101E-08 
 1.227016E-08 
 1.226802E-08 
 1.227111E-08 
 1.227048E-08 
 1.226862E-08 
 1.226844E-08 
 1.227133E-08 
 1.800000E+00 
 4.973582E-09 
 5.916270E-09 
 5.920602E-09 
 5.919992E-09 
 5.920794E-09 
 1.800000E+00 
-3.808478E-06 
 6.007362E-09 
 6.012535E-09 
 5.993877E-09 
 6.009628E-09 
 6.170436E-09 
 6.012498E-09 
 6.012427E-09 
 6.011918E-09 
 6.011827E-09 
 6.012974E-09 
 6.014891E-09 
 1.800000E+00 
 2.132514E-06 
 2.135623E-06 
 2.135622E-06 
 2.135625E-06 
 2.135623E-06 
 2.135625E-06 
 1.799999E+00 
-1.038839E-07 
 9.169451E-10 
 9.188600E-10 
 9.186630E-10 
 9.183540E-10 
 9.187125E-10 
 9.157501E-10 
 9.181434E-10 
 9.183453E-10 
 9.181575E-10 
 1.799998E+00 
-2.963483E-06 
 3.367551E-07 
 3.367564E-07 
 3.367548E-07 
 3.367545E-07 
 3.367555E-07 
 3.367550E-07 
 3.367563E-07 
 1.800000E+00 
-2.008527E-05 
-1.953487E-05 
-1.953486E-05 
-1.953486E-05 
-1.953486E-05 
-1.953487E-05 
-1.953487E-05 
 1.799996E+00 
 7.272995E-06 
 6.639702E-09 
 6.649311E-09 
 6.639787E-09 
 6.621795E-09 
 6.640478E-09 
 6.668933E-09 
 6.635893E-09 
 6.640352E-09 
 6.639164E-09 
 1.800000E+00 
-2.739795E-07 
-1.499433E-07 
-1.499431E-07 
-1.499377E-07 
-1.499430E-07 
-1.499431E-07 
-1.499426E-07 
 1.800000E+00 
-5.713913E-09 
 7.446826E-09 
 7.444155E-09 
 7.445142E-09 
 7.444788E-09 
 7.444844E-09 
 7.442520E-09 
 7.445252E-09 
 7.445720E-09 
 1.800000E+00 
 8.781799E-06 
 8.576102E-06 
 8.576105E-06 
 8.576104E-06 
 8.576104E-06 
 8.576103E-06 
 1.799999E+00 
-1.230279E-06 
-4.564002E-07 
-4.564047E-07 
-4.564001E-07 
-4.564146E-07 
-4.564002E-07 
-4.564000E-07 
-4.564001E-07 
-4.563912E-07 
-4.563999E-07 
 1.800000E+00 
 1.208707E-05 
 1.206849E-05 
 1.206850E-05 
 1.206850E-05 
 1.206850E-05 
 1.206850E-05 
 1.800000E+00 
 4.763189E-08 
 5.944647E-09 
 5.948081E-09 
 5.964643E-09 
 5.945239E-09 
 5.944627E-09 
 5.944629E-09 
 5.939646E-09 
 1.800001E+00 
-7.313940E-09 
 1.197681E-08 
 1.198427E-08 
 1.198821E-08 
 1.198222E-08 
 1.198528E-08 
 1.198531E-08 
 1.198535E-08 
 1.800000E+00 
 5.051977E-06 
 4.021630E-06 
 4.021642E-06 
 4.021634E-06 
 4.021630E-06 
 4.021630E-06 
 4.021632E-06 
 1.800000E+00 
-1.740441E-06 
 1.072570E-08 
 1.072180E-08 
 1.072568E-08 
 1.072535E-08 
 1.072380E-08 
 1.072556E-08 
 1.800000E+00 
-1.452405E-06 
 6.636171E-09 
 6.636088E-09 
 6.636191E-09 
 6.636182E-09 
 6.636172E-09 
 6.635258E-09 
 6.644738E-09 
 1.800000E+00 
-8.563413E-07 
-1.368463E-05 
-1.368463E-05 
-1.368463E-05 
-1.368463E-05 
-1.368463E-05 
 1.800000E+00 
 4.188033E-05 
-1.783155E-09 
-1.783815E-09 
-1.778850E-09 
-1.782957E-09 
-1.783568E-09 
-1.782767E-09 
-1.783546E-09 
-1.781790E-09 
 1.800000E+00 
-1.553246E-06 
-4.413794E-08 
-4.426733E-08 
-4.414118E-08 
 1.800000E+00 
-8.611628E-06 
-8.144903E-06 
-8.144903E-06 
-8.144894E-06 
-8.144902E-06 
-8.144903E-06 
-8.144902E-06 
-8.144902E-06 
-8.144913E-06 
-8.144906E-06 
 1.800000E+00 
 2.225117E-06 
 6.686470E-09 
 6.680224E-09 
 1.800000E+00 
 1.423250E-08 
 7.354991E-09 
 7.355656E-09 
 7.355466E-09 
 7.355300E-09 
 7.355156E-09 
 7.354864E-09 
 7.355903E-09 
 7.355283E-09 
 7.355922E-09 
 1.800000E+00 
-9.339755E-08 
 7.172536E-08 
 7.172664E-08 
 7.172637E-08 
 7.172597E-08 
 1.800000E+00 
 1.799574E-05 
 1.804551E-05 
 1.804551E-05 
 1.804551E-05 
 1.804551E-05 
 1.804551E-05 
 1.804551E-05 
 1.800000E+00 
-2.273001E-07 
 1.169612E-08 
 1.170457E-08 
 1.169458E-08 
 1.169948E-08 
 1.800000E+00 
-2.028613E-05 
-1.972410E-05 
-1.972409E-05 
-1.972409E-05 
-1.972409E-05 
-1.972409E-05 
-1.972409E-05 
-1.972409E-05 
 1.800000E+00 
-1.985184E-06 
-1.441251E-06 
-1.441250E-06 
-1.441253E-06 
-1.441251E-06 
 1.800000E+00 
-1.843148E-06 
-1.313996E-07 
-1.314009E-07 
-1.313999E-07 
-1.314003E-07 
-1.314005E-07 
-1.314004E-07 
 1.800000E+00 
-3.002841E-07 
-4.191595E-07 
-4.191560E-07 
-4.191624E-07 
-4.191559E-07 
 1.800000E+00 
 4.109398E-08 
 3.922934E-08 
 3.922663E-08 
 3.922673E-08 
 3.922683E-08 
 3.922779E-08 
 3.922758E-08 
 1.800000E+00 
-7.991196E-06 
-7.914740E-06 
-7.914741E-06 
-7.914743E-06 
-7.914740E-06 
 1.800000E+00 
 1.020590E-07 
 7.444905E-09 
 7.441982E-09 
 7.442279E-09 
 7.442327E-09 
 7.442269E-09 
 1.800000E+00 
 2.196432E-06 
 1.939502E-06 
 1.939500E-06 
 1.939498E-06 
 1.939499E-06 
 1.800002E+00 
 6.457451E-05 
-6.269112E-06 
-6.269111E-06 
-6.269111E-06 
-6.269110E-06 
-6.269110E-06 
-6.269111E-06 
 1.800000E+00 
-7.242055E-06 
-2.873151E-05 
-2.873150E-05 
-2.873150E-05 
 1.800000E+00 
-4.392963E-06 
-3.482693E-06 
-3.482690E-06 
-3.482692E-06 
-3.482693E-06 
-3.482698E-06 
-3.482693E-06 
 1.799996E+00 
-9.019231E-08 
 2.202642E-09 
 2.204753E-09 
 2.206358E-09 
 1.800000E+00 
 2.038930E-07 
-1.808051E-05 
-1.808051E-05 
-1.808051E-05 
-1.808051E-05 
-1.808051E-05 
 1.800000E+00 
-4.388632E-07 
 6.341751E-09 
 6.341270E-09 
 6.341659E-09 
 6.342095E-09 
 1.800001E+00 
 2.144348E-06 
-1.099291E-08 
-1.100117E-08 
-1.099174E-08 
-1.099099E-08 
-1.099104E-08 
 1.800001E+00 
-9.915227E-06 
 1.535235E-08 
 1.535144E-08 
 1.535149E-08 
 1.800000E+00 
 9.972755E-08 
-2.394558E-08 
-2.394544E-08 
-2.394560E-08 
-2.394583E-08 
 1.800000E+00 
 7.339205E-05 
-1.078994E-06 
-1.078994E-06 
-1.078994E-06 
-1.078995E-06 
-1.079000E-06 
 1.800000E+00 
-3.516104E-07 
-8.806471E-07 
-8.806477E-07 
-8.806465E-07 
 1.800000E+00 
-4.958896E-07 
 2.460682E-08 
 2.460673E-08 
 2.460849E-08 
 2.460965E-08 
 1.800002E+00 
 2.991427E-07 
 6.923061E-07 
 6.923019E-07 
 6.923084E-07 
 6.923061E-07 
 1.800000E+00 
-2.085415E-06 
-1.670820E-06 
-1.670861E-06 
-1.670820E-06 
-1.670822E-06 
 1.799999E+00 
-1.572477E-06 
 5.900914E-09 
 5.902128E-09 
 5.893000E-09 
 1.800002E+00 
 2.206272E-06 
 7.406697E-09 
 7.405634E-09 
 7.404687E-09 
 7.407330E-09 
 1.800000E+00 
-1.938436E-05 
-6.100225E-06 
-6.100234E-06 
-6.100227E-06 
 1.800000E+00 
-2.750880E-06 
 6.600017E-09 
 6.599469E-09 
 6.599839E-09 
 6.600181E-09 
 6.601335E-09 
 1.800000E+00 
-6.387627E-07 
-6.684940E-07 
 1.800001E+00 
 1.948486E-05 
-7.047395E-10 
-7.048565E-10 
-7.048661E-10 
-7.048055E-10 
-6.903658E-10 
-6.869159E-10 
 1.800000E+00 
 4.023063E-06 
 3.507302E-08 
 1.800000E+00 
 8.901783E-08 
 8.536442E-08 
 8.536393E-08 
 8.536414E-08 
 8.536429E-08 
 8.536364E-08 
 1.800000E+00 
-3.686695E-07 
 6.543721E-09 
 6.536375E-09 
 6.532365E-09 
 1.800000E+00 
 1.027588E-08 
 1.010750E-08 
 1.010626E-08 
 1.800000E+00 
 7.204834E-07 
 2.076082E-09 
 2.076883E-09 
 2.076922E-09 
 2.077925E-09 
 2.077862E-09 
 1.799999E+00 
 3.918208E-06 
 4.071279E-06 
 1.800000E+00 
-1.824036E-06 
-1.809849E-06 
-1.809848E-06 
-1.809848E-06 
-1.809848E-06 
-1.809848E-06 
 1.800001E+00 
-2.667096E-06 
-2.664082E-06 
-2.664081E-06 
 1.799999E+00 
 2.522605E-07 
-6.974911E-09 
-6.994355E-09 
-6.974191E-09 
 1.800000E+00 
 8.976988E-06 
 8.751237E-07 
 8.751226E-07 
 8.751241E-07 
 1.799999E+00 
-7.148221E-06 
-7.248616E-06 
-7.248617E-06 
-7.248616E-06 
 1.800000E+00 
 6.500165E-08 
 5.628595E-08 
 5.628497E-08 
 5.628503E-08 
 1.800000E+00 
-1.207925E-07 
-1.251010E-07 
-1.251046E-07 
 1.800001E+00 
-2.370728E-06 
-2.404760E-06 
-2.404762E-06 
-2.404758E-06 
 1.800001E+00 
 2.367838E-07 
 1.805558E-08 
 1.806539E-08 
 1.805310E-08 
 1.804049E-08 
 1.800000E+00 
 2.943243E-08 
 1.800000E+00 
-1.352451E-06 
 5.043161E-09 
 5.043252E-09 
 5.044382E-09 
 5.047526E-09 
 5.043403E-09 
 5.041798E-09 
 1.800000E+00 
 1.799999E+00 
-7.340654E-07 
 2.002004E-08 
 2.002457E-08 
 2.002457E-08 
 2.002662E-08 
 2.003026E-08 
 2.002563E-08 
 1.800000E+00 
 2.689914E-09 
 1.800000E+00 
 3.770485E-06 
 9.828019E-09 
 9.824832E-09 
 9.825618E-09 
 9.824812E-09 
 1.800000E+00 
-6.122323E-06 
-1.576579E-07 
-1.576565E-07 
 1.800000E+00 
 1.121213E-07 
 1.921610E-07 
 1.921622E-07 
 1.799999E+00 
 8.444746E-06 
 8.456753E-06 
 8.456753E-06 
 8.456753E-06 
 1.800000E+00 
 7.199090E-09 
 7.443406E-09 
 7.453480E-09 
 1.800000E+00 
-2.268299E-07 
 2.626803E-07 
 2.626794E-07 
 1.800001E+00 
 6.479434E-06 
 6.787633E-06 
 6.787638E-06 
 6.787638E-06 
 1.800000E+00 
 3.669273E-06 
 8.358364E-09 
 8.349600E-09 
 1.800000E+00 
 2.442493E-07 
-3.110568E-08 
-3.110827E-08 
 1.799998E+00 
 2.957804E-08 
 8.242201E-09 
 8.244605E-09 
 1.800002E+00 
 7.140617E-08 
 1.223273E-07 
 1.223268E-07 
 1.223269E-07 
 1.800000E+00 
-1.370440E-06 
 8.200095E-09 
 1.800000E+00 
-3.883870E-06 
 1.712949E-06 
 1.712956E-06 
 1.712938E-06 
 1.800000E+00 
-1.306558E-07 
 4.462183E-08 
 4.463037E-08 
 1.800000E+00 
 2.525792E-08 
 7.485578E-09 
 7.445389E-09 
 1.800002E+00 
 1.548831E-06 
 1.280922E-06 
 1.280940E-06 
 1.800000E+00 
-6.529940E-06 
-5.934271E-06 
 1.800003E+00 
 6.246856E-07 
 9.433877E-09 
 9.437483E-09 
 9.437830E-09 
 9.432265E-09 
 1.800000E+00 
 6.701244E-08 
 1.800000E+00 
 2.218738E-06 
 8.099916E-09 
 8.101232E-09 
 8.104456E-09 
 1.800000E+00 
 3.405786E-08 
 7.398920E-09 
 7.400579E-09 
 1.800000E+00 
 8.212034E-09 
 7.480875E-09 
 1.800000E+00 
-8.880604E-07 
-7.241229E-07 
-7.241234E-07 
-7.240901E-07 
 1.800000E+00 
 4.567167E-07 
 1.800003E+00 
-2.349625E-08 
 7.418108E-09 
 7.419155E-09 
 7.415652E-09 
 7.422858E-09 
 1.800000E+00 
 1.047060E-06 
 1.800000E+00 
 4.984998E-06 
 6.301121E-09 
 6.308474E-09 
 6.300809E-09 
 1.800003E+00 
-7.222939E-07 
 5.301127E-08 
 1.799999E+00 
-3.202137E-06 
-4.051849E-06 
-4.051853E-06 
 1.800000E+00 
 1.417701E-06 
 6.589482E-07 
 6.587639E-07 
 1.800000E+00 
 1.091995E-05 
 1.800000E+00 
 1.930902E-06 
 1.278039E-08 
 1.278671E-08 
 1.278053E-08 
 1.277515E-08 
 1.800000E+00 
 2.179489E-08 
 1.800000E+00 
-3.491583E-07 
 3.121169E-09 
 3.121727E-09 
 1.800000E+00 
-3.653182E-07 
-3.017252E-07 
-3.017251E-07 
 1.800000E+00 
-3.600888E-06 
-3.148979E-06 
 1.799999E+00 
 1.829814E-06 
 8.219013E-09 
 8.210897E-09 
 1.800000E+00 
 1.104882E-05 
 1.071642E-05 
 1.800001E+00 
 7.733775E-05 
 7.931698E-08 
 7.931754E-08 
 1.800000E+00 
 2.885069E-06 
 8.289955E-09 
 1.800000E+00 
-6.315197E-06 
-6.191421E-06 
-6.191429E-06 
 1.800000E+00 
 2.839679E-08 
 7.443527E-09 
 1.800000E+00 
-2.769165E-06 
-8.950019E-08 
-8.947629E-08 
 1.800000E+00 
 2.109418E-08 
 1.800000E+00 
-2.251871E-06 
-2.262717E-06 
-2.262715E-06 
-2.262715E-06 
 1.800004E+00 
 2.136646E-06 
 2.269439E-07 
 1.800000E+00 
-1.959059E-07 
-3.896257E-08 
 1.800000E+00 
-1.107472E-06 
-1.106980E-06 
 1.800000E+00 
-6.786143E-06 
 8.340271E-09 
 8.341317E-09 
 1.800000E+00 
-1.280255E-08 
 3.419769E-09 
 1.800000E+00 
-1.170878E-06 
-1.215098E-06 
 1.800000E+00 
-2.386541E-06 
 1.546923E-09 
 1.546810E-09 
 1.800000E+00 
-2.880858E-07 
 1.800000E+00 
-1.216481E-06 
-2.650859E-07 
-2.650859E-07 
-2.650850E-07 
 1.800000E+00 
 1.800000E+00 
 1.166825E-05 
-1.312206E-07 
-1.312214E-07 
-1.312088E-07 
 1.800000E+00 
 1.377252E-05 
 1.990987E-06 
 1.800000E+00 
 5.266754E-08 
 1.800000E+00 
 1.274545E-08 
 7.595217E-09 
 7.600625E-09 
 7.517628E-09 
 1.800001E+00 
 1.800000E+00 
-2.714487E-06 
 5.938736E-09 
 5.945439E-09 
 5.945641E-09 
 1.800000E+00 
-1.221626E-07 
 1.800003E+00 
-5.319761E-07 
-2.087316E-07 
 1.800000E+00 
-1.351300E-07 
-3.606717E-07 
-3.606708E-07 
 1.800000E+00 
 1.271858E-07 
 1.800000E+00 
 5.577700E-07 
 5.954203E-07 
 5.954204E-07 
 1.800000E+00 
 1.594818E-06 
 1.288268E-06 
 1.800000E+00 
-1.451675E-06 
 1.800000E+00 
 2.146310E-06 
 6.717767E-09 
 6.717707E-09 
 1.800000E+00 
-2.239021E-09 
-1.970749E-09 
 1.800000E+00 
 1.073598E-07 
 1.800007E+00 
 5.925695E-08 
 9.415851E-09 
 9.416953E-09 
 1.800000E+00 
 6.949422E-07 
 1.800000E+00 
 3.973252E-07 
 1.084254E-06 
 1.084255E-06 
 1.800000E+00 
-4.832374E-07 
 1.800000E+00 
 5.567379E-06 
 6.814138E-09 
 6.732323E-09 
 1.800000E+00 
-1.567104E-07 
 1.800000E+00 
-2.753299E-06 
 1.721640E-08 
 1.800001E+00 
 2.530040E-06 
 1.142163E-08 
 1.800000E+00 
-7.438643E-07 
-6.125179E-07 
 1.800002E+00 
 8.997358E-08 
 1.203538E-08 
 1.800000E+00 
 1.209968E-06 
 2.110565E-08 
 1.800000E+00 
-4.935443E-07 
 1.800000E+00 
 5.618373E-07 
 6.491283E-07 
 6.491236E-07 
 1.800000E+00 
 1.800000E+00 
 1.879371E-06 
 1.136155E-07 
 1.136182E-07 
 1.136085E-07 
 1.800000E+00 
 1.800000E+00 
 1.049097E-07 
 1.105851E-07 
 1.105104E-07 
 1.800000E+00 
-7.316685E-06 
 1.800000E+00 
 9.403725E-08 
 6.128831E-09 
 1.800001E+00 
 5.328841E-06 
 6.343608E-09 
 1.800000E+00 
 7.129729E-09 
 7.445178E-09 
 1.799998E+00 
-1.877059E-07 
 1.800000E+00 
-6.178248E-09 
-8.716000E-09 
 1.800000E+00 
 2.333147E-06 
 2.371858E-06 
 1.800000E+00 
-3.554601E-09 
 1.800000E+00 
 7.886498E-08 
-7.311376E-08 
 1.800000E+00 
-6.840309E-06 
 9.285090E-09 
 1.800002E+00 
-6.433337E-08 
 1.800000E+00 
 9.663719E-07 
 4.963110E-09 
 4.898063E-09 
 1.800000E+00 
 1.800000E+00 
 6.500884E-06 
 5.745161E-08 
 5.745147E-08 
 1.800000E+00 
-3.154730E-08 
 1.800000E+00 
 2.351252E-09 
 1.800000E+00 
 1.305213E-05 
-4.298943E-08 
-4.300145E-08 
 1.800000E+00 
 1.800000E+00 
-7.311649E-06 
-7.305097E-06 
-7.305095E-06 
 1.800000E+00 
-3.293842E-09 
 1.800000E+00 
-5.089205E-06 
-1.531028E-06 
 1.800000E+00 
-7.752958E-06 
 1.799999E+00 
-1.135810E-08 
-2.016454E-07 
 1.800000E+00 
-3.409253E-08 
 1.800002E+00 
-2.186690E-07 
 4.876751E-09 
 1.800002E+00 
-4.078249E-07 
 1.800000E+00 
-2.712517E-09 
-5.333225E-09 
 1.800000E+00 
-5.726947E-05 
 7.040262E-06 
 1.800000E+00 
 1.800000E+00 
-8.411090E-07 
 5.177839E-09 
 5.148043E-09 
 1.800000E+00 
-1.133401E-07 
 1.799997E+00 
-2.157053E-08 
 1.800000E+00 
 7.399167E-06 
 6.244891E-08 
 1.800000E+00 
 2.396598E-06 
 2.325827E-06 
 1.799998E+00 
 1.800000E+00 
 7.294387E-09 
 6.747939E-09 
 6.727383E-09 
 1.800000E+00 
 1.800005E+00 
-8.441229E-07 
-4.616145E-07 
-4.616235E-07 
 1.800000E+00 
 1.800002E+00 
-8.836194E-06 
 1.009445E-08 
 1.800000E+00 
-1.377243E-06 
-1.421114E-06 
 1.800001E+00 
 1.799999E+00 
 3.020610E-07 
 2.997503E-07 
 2.997508E-07 
 1.800000E+00 
 1.800000E+00 
-4.089314E-06 
 3.801586E-09 
 1.800000E+00 
 1.417653E-06 
 1.067755E-08 
 1.800000E+00 
 1.800000E+00 
-4.180009E-07 
 8.697279E-09 
 8.699241E-09 
 1.800000E+00 
 1.800000E+00 
-8.463766E-05 
 6.588457E-08 
 1.799999E+00 
-6.960947E-09 
 1.800000E+00 
-1.844327E-06 
-1.783153E-06 
 1.800000E+00 
 1.800000E+00 
 6.659533E-06 
 1.645157E-05 
 1.645157E-05 
 1.800000E+00 
 1.799998E+00 
 6.195680E-07 
 1.077036E-07 
 1.800000E+00 
 2.245150E-06 
 1.800000E+00 
-2.449125E-05 
 1.440266E-05 
 1.800002E+00 
 1.800000E+00 
-1.972698E-06 
-2.086014E-06 
 1.800000E+00 
-3.130612E-08 
-1.230141E-08 
 1.800000E+00 
 1.800000E+00 
 5.644905E-07 
-1.474186E-07 
 1.800000E+00 
 3.466802E-09 
 1.800000E+00 
-3.442822E-08 
 1.800000E+00 
 2.106550E-08 
 1.246943E-08 
 1.800001E+00 
 1.800000E+00 
 3.757168E-06 
 6.687378E-09 
 6.680731E-09 
 1.800000E+00 
 1.800000E+00 
 7.333719E-06 
 1.800000E+00 
 3.250395E-06 
 3.812913E-06 
 1.800000E+00 
 3.836455E-08 
 1.799999E+00 
-2.641442E-06 
 1.800000E+00 
-7.624325E-07 
-5.976070E-07 
 1.800000E+00 
 1.800000E+00 
-3.235742E-06 
-3.236144E-06 
 1.800000E+00 
 1.067940E-09 
 1.800000E+00 
 7.392035E-09 
 1.800000E+00 
 9.081394E-09 
 1.800000E+00 
 9.075686E-08 
 1.800000E+00 
 5.996465E-09 
 1.987543E-07 
 1.800000E+00 
 3.069596E-09 
 1.800000E+00 
 1.562003E-08 
 1.800001E+00 
 1.800000E+00 
-6.990436E-07 
-8.154675E-07 
-8.154673E-07 
 1.800000E+00 
 1.800000E+00 
 5.320567E-06 
 5.387654E-06 
 1.800000E+00 
 1.800000E+00 
 4.398661E-07 
 1.352954E-09 
 1.800000E+00 
-3.379671E-06 
 1.800000E+00 
 1.800000E+00 
-3.335824E-07 
 1.614041E-08 
 1.614154E-08 
 1.800000E+00 
 1.800000E+00 
-2.905044E-06 
 1.800000E+00 
-1.542307E-05 
 1.800000E+00 
-5.038543E-09 
 1.773680E-08 
 1.800000E+00 
 1.800000E+00 
-4.519031E-06 
 3.561269E-09 
 1.800000E+00 
 1.800000E+00 
-9.754804E-07 
-1.099629E-08 
 1.800000E+00 
 3.952824E-06 
 1.800000E+00 
 1.800000E+00 
-2.463489E-08 
 1.552136E-08 
 1.800000E+00 
 5.510439E-06 
 1.800000E+00 
-3.857266E-07 
 1.800000E+00 
-2.502137E-06 
 1.800000E+00 
-1.947064E-07 
 1.800000E+00 
 4.397281E-05 
 1.800000E+00 
 5.037586E-07 
 1.800000E+00 
 4.109290E-06 
 1.799997E+00 
 3.226055E-09 
 8.918567E-09 
 1.800000E+00 
 1.800000E+00 
 1.800000E+00 
 3.008049E-09 
 8.313358E-09 
 8.247897E-09 
 1.800000E+00 
 1.800000E+00 
 5.186159E-09 
 1.800000E+00 
 2.626803E-09 
 1.800000E+00 
 2.317189E-07 
 1.800000E+00 
 4.667300E-06 
 1.800000E+00 
-1.327670E-06 
 1.800000E+00 
 5.551453E-06 
 1.800000E+00 
 7.182101E-07 
 1.800001E+00 
 7.720287E-09 
 1.800001E+00 
-1.449052E-05 
 1.800000E+00 
 8.861637E-07 
 1.800000E+00 
 1.556458E-09 
 1.800001E+00 
 1.894483E-08 
 1.800000E+00 
 1.800000E+00 
-8.221197E-07 
 8.959888E-09 
 1.800000E+00 
 5.250794E-07 
 1.800000E+00 
 1.799999E+00 
-1.246998E-07 
-1.238548E-07 
 1.800001E+00 
 1.800002E+00 
 2.860515E-07 
 1.800000E+00 
-3.447086E-06 
 8.411779E-09 
 1.800001E+00 
 1.800001E+00 
 1.800001E+00 
 1.333241E-06 
 7.396473E-09 
 7.394412E-09 
 1.800004E+00 
 1.800004E+00 
 1.800000E+00 
 1.847595E-05 
 1.558551E-06 
 1.800001E+00 
 1.800000E+00 
-1.480199E-06 
 1.128993E-08 
 1.800001E+00 
 1.800000E+00 
-8.152508E-07 
 1.800000E+00 
 3.171085E-07 
 1.800000E+00 
-4.872956E-05 
 1.800000E+00 
 2.090653E-08 
 1.800000E+00 
 5.485503E-07 
 1.800000E+00 
 1.800000E+00 
 3.790026E-07 
 6.697292E-09 
 1.800000E+00 
 1.799999E+00 
 5.541816E-06 
 1.800000E+00 
 2.607257E-07 
 1.800000E+00 
-2.877359E-06 
 1.800000E+00 
-4.409262E-07 
 1.800000E+00 
 1.800000E+00 
 9.549938E-07 
 1.800000E+00 
 6.231648E-07 
 3.984073E-09 
 1.800000E+00 
 1.800000E+00 
 1.800000E+00 
-2.731782E-07 
-1.059277E-08 
 1.800000E+00 
 1.800000E+00 
-3.694105E-07 
-2.898234E-08 
 1.800000E+00 
 1.800000E+00 
 1.470611E-06 
 1.800001E+00 
 1.800000E+00 
-4.543600E-06 
 1.754409E-08 
 1.800000E+00 
 1.800000E+00 
 1.632024E-08 
 1.800000E+00 
 3.741847E-07 
 1.800000E+00 
-6.020285E-07 
 1.800000E+00 
 1.800000E+00 
 1.199950E-07 
-1.809170E-08 
 1.799999E+00 
 1.800000E+00 
 1.800000E+00 
-3.976685E-07 
-2.591489E-09 
 1.800000E+00 
 1.799999E+00 
 1.038665E-11 
 2.755193E-07 
 1.800000E+00 
 1.800000E+00 
 1.800000E+00 
 3.082909E-06 
 6.781421E-09 
 1.800000E+00 
 1.800000E+00 
 1.365067E-07 
 1.800000E+00 
 1.800000E+00 
-5.823735E-06 
 1.036964E-10 
 1.800000E+00 
 1.800000E+00 
-1.254759E-08 
 1.800000E+00 
-4.371980E-07 
 1.800000E+00 
 1.800001E+00 
-2.134244E-06 
 1.800000E+00 
-2.360314E-08 
 1.800000E+00 
 1.811001E-08 
 1.800000E+00 
 1.800000E+00 
-7.736891E-07 
 1.800001E+00 
 1.724224E-08 
 1.800000E+00 
 3.263132E-08 
 1.800000E+00 
 1.800000E+00 
-9.302975E-08 
 1.800000E+00 
-1.126727E-05 
 1.800000E+00 
 1.800000E+00 
 6.274599E-08 
 1.800000E+00 
 4.133458E-07 
 1.800001E+00 
 1.800000E+00 
-5.702671E-07 
-1.227677E-06 
 1.800000E+00 
 1.800000E+00 
 1.800000E+00 
-6.226677E-07 
 1.800000E+00 
 3.411629E-07 
 1.800000E+00 
 3.469529E-09 
 1.800000E+00 
 1.799999E+00 
 2.126212E-07 
 1.800000E+00 
-3.443450E-05 
 1.800002E+00 
 1.800000E+00 
 6.778496E-07 
 1.800000E+00 
 1.821841E-08 
 1.800000E+00 
 1.800000E+00 
-6.731262E-07 
-1.158563E-06 
 1.800000E+00 
 1.800000E+00 
 1.800000E+00 
 1.800000E+00 
-4.437959E-06 
-3.989570E-06 
 1.800000E+00 
 5.286180E-09 
 1.800000E+00 
 1.800000E+00 
 1.800000E+00 
 7.508339E-06 
 1.854158E-07 
 1.800000E+00 
 1.800000E+00 
 1.799999E+00 
 2.046560E-08 
 1.800000E+00 
-6.865892E-07 
 1.800002E+00 
-5.179590E-07 
 1.800000E+00 
 1.800000E+00 
 7.398288E-09 
 1.800001E+00 
 1.800000E+00 
-1.627925E-08 
 1.800000E+00 
 6.569318E-08 
 1.800000E+00 
 1.800001E+00 
-9.666585E-07 
 1.800000E+00 
 1.800000E+00 
 1.291919E-05 
 1.800001E+00 
-2.612270E-07 
 1.799999E+00 
-8.666760E-06 
 1.799999E+00 
 1.800000E+00 
 1.800000E+00 
 5.458771E-06 
 1.800000E+00 
 3.045517E-06 
 1.800000E+00 
 1.800000E+00 
 5.581857E-07 
 1.800001E+00 
-2.827115E-06 
 1.800000E+00 
 1.800000E+00 
-1.245050E-07 
 1.800000E+00 
 1.800002E+00 
 3.564908E-06 
 1.800000E+00 
-5.472683E-07 
 1.800000E+00 
 1.800000E+00 
 1.799999E+00 
-6.655942E-06 
 9.237151E-09 
 1.800000E+00 
 1.800000E+00 
 1.800000E+00 
-5.311716E-08 
 1.800000E+00 
-4.312808E-05 
 1.800000E+00 
 1.800000E+00 
 1.800000E+00 
-2.184408E-07 
 5.598065E-09 
 1.800000E+00 
 1.800000E+00 
 1.800000E+00 
 1.197191E-09 
 1.800000E+00 
 3.294968E-08 
 1.800000E+00 
 1.800000E+00 
 1.800000E+00 
 2.360340E-07 
 8.320102E-09 
 1.800000E+00 
 1.800000E+00 
 1.800000E+00 
 1.800000E+00 
-3.871106E-06 
-4.007843E-06 
 1.800000E+00 
 1.800000E+00 
 1.800000E+00 
-2.707596E-08 
 1.800000E+00 
-6.961656E-07 
 1.800000E+00 
 1.800000E+00 
 7.865998E-09 
 1.800000E+00 
 1.800000E+00 
 1.800000E+00 
-4.727553E-07 
-4.771950E-07 
 1.800000E+00 
 1.800000E+00 
 1.800000E+00 
 1.800000E+00 
 9.104465E-09 
 8.544168E-09 
 1.800000E+00 
 1.800000E+00 
 1.799998E+00 
 2.125022E-06 
 1.800000E+00 
 1.800000E+00 
 8.085102E-06 
 1.800000E+00 
-4.901116E-08 
 1.800000E+00 
 1.800000E+00 
 1.800000E+00 
 4.780776E-09 
 1.800000E+00 
 1.800000E+00 
-4.251399E-06 
 1.800000E+00 
 4.835949E-07 
 1.800000E+00 
 1.800000E+00 
 1.800001E+00 
-1.523988E-05 
 1.800000E+00 
-6.906894E-06 
 1.800000E+00 
 1.800000E+00 
 1.800000E+00 
 1.656578E-06 
 1.800000E+00 
-1.211262E-06 
 1.800000E+00 
 1.800000E+00 
 1.800000E+00 
 1.674534E-06 
 1.800000E+00 
 1.800000E+00 
 8.233355E-08 
 1.800000E+00 
 1.800000E+00 
-7.601409E-07 
 1.800000E+00 
 1.800000E+00 
 1.582563E-07 
 1.800000E+00 
 1.800000E+00 
-1.535172E-08 
 1.800000E+00 
 1.800000E+00 
-1.471860E-07 
 1.800000E+00 
 1.800000E+00 
 1.800000E+00 
-2.855842E-07 
 1.800002E+00 
-5.722714E-10 
 1.800000E+00 
 1.800000E+00 
 1.800000E+00 
-1.567305E-07 
 1.800000E+00 
-2.114658E-08 
 1.800000E+00 
 1.800000E+00 
 1.800000E+00 
 1.800000E+00 
-2.876767E-05 
 1.800000E+00 
-2.241494E-06 
 1.799999E+00 
 1.800000E+00 
 4.785340E-07 
 1.800000E+00 
 1.800000E+00 
 1.800002E+00 
 3.182990E-08 
 1.800006E+00 
 1.800000E+00 
 8.055090E-09 
 1.800002E+00 
 1.800001E+00 
 1.800000E+00 
 1.503635E-07 
 1.800000E+00 
 1.557061E-07 
 1.800000E+00 
 1.800000E+00 
 1.800000E+00 
-2.886194E-07 
 1.800000E+00 
 1.800001E+00 
 8.395285E-09 
 1.800000E+00 
 1.800000E+00 
 1.800000E+00 
 2.202730E-06 
 1.800000E+00 
 1.800000E+00 
-1.388249E-06 
 1.800000E+00 
 1.800000E+00 
 7.192543E-09 
 1.800002E+00 
 1.800002E+00 
 1.800001E+00 
 1.288131E-08 
 1.799996E+00 
 1.800000E+00 
 4.139843E-09 
 1.800000E+00 
 1.800000E+00 
 1.800000E+00 
 1.650563E-09 
 1.800000E+00 
 1.800001E+00 
 1.109231E-06 
 1.800000E+00 
 1.800000E+00 
 1.800000E+00 
 8.433440E-07 
 1.800000E+00 
-1.112455E-09 
 1.800000E+00 
 1.800000E+00 
 1.800000E+00 
 1.800000E+00 
 1.800000E+00 
 4.656149E-07 
 1.171936E-07 
 1.800000E+00 
 1.800000E+00 
 1.800000E+00 
 1.800000E+00 
-3.637675E-08 
 1.799999E+00 
 1.800000E+00 
 1.800000E+00 
 3.815553E-07 
 1.800000E+00 
 4.615859E-08 
 1.799999E+00 
 1.800000E+00 
 1.800000E+00 
 1.800000E+00 
-8.052759E-06 
 1.800000E+00 
 1.800000E+00 
 6.636566E-08 
 1.799997E+00 
 1.800000E+00 
 1.800000E+00 
-1.324165E-05 
 1.800000E+00 
 1.800000E+00 
-7.669050E-07 
 1.800000E+00 
 1.800000E+00 
 1.800001E+00 
 1.800000E+00 
-1.625615E-05 
 1.800005E+00 
 6.114970E-08 
 1.800000E+00 
 1.800000E+00 
 1.800000E+00 
 1.800000E+00 
 3.519552E-06 
 1.800000E+00 
 1.800000E+00 
 1.800000E+00 
 3.048741E-06 
 1.800000E+00 
 6.295082E-08 
 1.800000E+00 
 1.800000E+00 
 1.800000E+00 
 1.800000E+00 
 1.799999E+00 
-2.815265E-08 
 1.800000E+00 
 1.800000E+00 
 3.359895E-07 
 1.800000E+00 
 1.800000E+00 
 3.464332E-08 
 1.800000E+00 
 1.800000E+00 
 1.800000E+00 
 1.800000E+00 
 1.799995E+00 
-5.166148E-07 
 2.642302E-08 
 1.800000E+00 
 1.800000E+00 
 1.800000E+00 
 1.800000E+00 
 1.800000E+00 
 1.800000E+00 
 2.317083E-09 
 1.800000E+00 
 5.970057E-07 
 1.800000E+00 
 1.800000E+00 
 1.800000E+00 
 1.799999E+00 
-7.615299E-06 
 1.800000E+00 
 1.800000E+00 
-2.536772E-08 
 1.800002E+00 
 1.800002E+00 
 1.800002E+00 
 1.800005E+00 
 5.710939E-06 
 1.800000E+00 
 1.800000E+00 
 7.689629E-09 
 1.800001E+00 
 1.800000E+00 
 1.800000E+00 
 1.800000E+00 
 1.800001E+00 
 1.597585E-06 
 1.800000E+00 
 5.402877E-09 
 1.800000E+00 
 1.800000E+00 
 1.800000E+00 
 1.800000E+00 
 1.800000E+00 
-6.560126E-08 
 1.800000E+00 
 1.800000E+00 
 1.634673E-05 
 1.800000E+00 
 1.800000E+00 
 1.800000E+00 
 1.799999E+00 
-7.003906E-06 
 1.800000E+00 
 1.799999E+00 
 7.816311E-09 
 1.800001E+00 
 1.800000E+00 
 1.800000E+00 
 1.800000E+00 
 1.800000E+00 
 4.380295E-07 
 1.800000E+00 
 1.800000E+00 
-1.664262E-06 
 1.800000E+00 
 1.800000E+00 
 1.800000E+00 
 1.800000E+00 
 7.602351E-09 
 1.800000E+00 
 1.800000E+00 
 1.800000E+00 
 1.452615E-08 
 1.800000E+00 
 1.800000E+00 
 1.800000E+00 
 1.800000E+00 
-1.039893E-06 
 1.800000E+00 
 1.800000E+00 
 1.799999E+00 
-2.255168E-07 
 1.800000E+00 
 1.800000E+00 
 1.800000E+00 
 1.800000E+00 
 1.171313E-05 
 1.800000E+00 
 1.800000E+00 
 1.800000E+00 
-3.661004E-10 
 1.800000E+00 
 1.800000E+00 
 1.800001E+00 
 1.350679E-08 
 1.800003E+00 
 1.800004E+00 
 1.800004E+00 
 1.800004E+00 
 1.800000E+00 
-4.409010E-07 
 1.800000E+00 
 1.800000E+00 
 1.800000E+00 
-1.515800E-07 
 1.800000E+00 
 1.800000E+00 
 1.800000E+00 
 1.800000E+00 
 2.380335E-06 
 1.800000E+00 
 1.800000E+00 
 1.800000E+00 
 1.994145E-08 
 1.800000E+00 
 1.800000E+00 
 1.800000E+00 
 1.800000E+00 
-1.677445E-08 
 1.800000E+00 
 1.800000E+00 
 1.800000E+00 
 1.800000E+00 
-1.775514E-07 
 1.800000E+00 
 1.800000E+00 
 1.800000E+00 
 1.800000E+00 
 9.421578E-10 
 1.800000E+00 
 1.800000E+00 
 1.800001E+00 
-9.944221E-08 
 1.800000E+00 
 1.800000E+00 
 1.800000E+00 
 1.800000E+00 
 1.799999E+00 
 2.670869E-09 
 1.800000E+00 
 1.800000E+00 
 1.800000E+00 
 1.799999E+00 
-4.868381E-09 
 1.800001E+00 
 1.800000E+00 
 1.800000E+00 
-2.298263E-06 
 1.800000E+00 
 1.800000E+00 
 1.800000E+00 
 1.800000E+00 
 1.800000E+00 
-1.590336E-07 
 1.800000E+00 
 1.800000E+00 
 1.800000E+00 
 1.799999E+00 
-3.070692E-07 
 1.800000E+00 
 1.800000E+00 
 1.800001E+00 
 1.224940E-08 
 1.800000E+00 
 1.800000E+00 
 1.800000E+00 
 1.800000E+00 
 1.800000E+00 
 1.800001E+00 
-4.588565E-08 
 1.799999E+00 
 1.800000E+00 
 1.800000E+00 
 1.457341E-08 
 1.800000E+00 
 1.800000E+00 
 1.800000E+00 
 1.800000E+00 
 1.800000E+00 
-1.188863E-07 
 1.800000E+00 
 1.800000E+00 
 1.800000E+00 
 5.353743E-06 
 1.799998E+00 
 1.800000E+00 
 1.800000E+00 
 1.800000E+00 
 1.800000E+00 
 1.800000E+00 
-6.701720E-09 
 1.800000E+00 
 1.800000E+00 
 1.800000E+00 
 1.800000E+00 
-1.277131E-08 
 1.800000E+00 
 1.800000E+00 
 1.800000E+00 
 1.800000E+00 
 1.681146E-08 
 1.800002E+00 
 1.800000E+00 
 1.800000E+00 
 1.800000E+00 
 1.800000E+00 
-1.696592E-07 
 1.800000E+00 
 1.800000E+00 
 1.800000E+00 
 1.800000E+00 
 1.800000E+00 
-1.829803E-06 
 1.800001E+00 
 1.800000E+00 
 1.800000E+00 
 1.800000E+00 
-1.730001E-06 
 1.800000E+00 
 1.800000E+00 
 1.800000E+00 
 1.800000E+00 
 1.800000E+00 
 1.725685E-05 
 1.800000E+00 
 1.800000E+00 
 1.800000E+00 
 1.800000E+00 
 1.800000E+00 
 3.629483E-07 
 1.800000E+00 
 1.800000E+00 
 1.799998E+00 
 1.799999E+00 
-1.828047E-06 
 1.800000E+00 
 1.800000E+00 
 1.800000E+00 
 1.800000E+00 
 1.800000E+00 
 1.800000E+00 
 4.895225E-07 
 1.800000E+00 
 1.800000E+00 
 1.800000E+00 
 1.800000E+00 
 5.245466E-09 
 1.800000E+00 
 1.800000E+00 
 1.800000E+00 
 1.800000E+00 
 1.800000E+00 
 1.800000E+00 
 1.766956E-08 
 1.800000E+00 
 1.800000E+00 
 1.800000E+00 
 1.800000E+00 
 1.800000E+00 
-1.079006E-09 
 1.800000E+00 
 1.799999E+00 
 1.800000E+00 
 1.800000E+00 
 1.227735E-06 
 1.800000E+00 
 1.800000E+00 
 1.800000E+00 
 1.800000E+00 
 1.800000E+00 
 1.800000E+00 
 1.800000E+00 
-3.930699E-06 
 1.800000E+00 
 1.800000E+00 
 1.800000E+00 
 1.800000E+00 
 6.532130E-07 
 1.800000E+00 
 1.800000E+00 
 1.800000E+00 
 1.800000E+00 
 1.800000E+00 
 1.800000E+00 
-5.729075E-07 
 1.800000E+00 
 1.800000E+00 
 1.800000E+00 
 1.800000E+00 
 1.800000E+00 
 5.260402E-09 
 1.800000E+00 
 1.800000E+00 
 1.800000E+00 
 1.800000E+00 
 1.800000E+00 
 1.800000E+00 
-1.052066E-07 
 1.799999E+00 
 1.799999E+00 
 1.799999E+00 
 1.799999E+00 
 1.800000E+00 
-4.303943E-06 
 1.800000E+00 
 1.800000E+00 
 1.800000E+00 
 1.800000E+00 
 1.800000E+00 
 1.800000E+00 
 1.800000E+00 
 9.435292E-08 
 1.800000E+00 
 1.800000E+00 
 1.800000E+00 
 1.800000E+00 
 1.469960E-08 
 1.800000E+00 
 1.800000E+00 
 1.800000E+00 
 1.800000E+00 
 1.800000E+00 
 1.800000E+00 
 1.800000E+00 
 1.800000E+00 
-3.795679E-06 
 1.800000E+00 
 1.800000E+00 
 1.800000E+00 
 7.623484E-08 
 1.800003E+00 
 1.800003E+00 
 1.800003E+00 
 1.800003E+00 
 1.800003E+00 
 1.800003E+00 
 1.800003E+00 
 1.800003E+00 
 1.800002E+00 
 6.756020E-06 
 1.799998E+00 
 1.799998E+00 
 1.800000E+00 
 1.800000E+00 
-1.427071E-06 
 1.800000E+00 
 1.800000E+00 
 1.800000E+00 
 1.800000E+00 
 1.800000E+00 
 1.800000E+00 
 1.800000E+00 
 1.799999E+00 
-4.774333E-07 
 1.800000E+00 
 1.800000E+00 
 1.800000E+00 
 1.800000E+00 
-9.277691E-06 
 1.800000E+00 
 1.800000E+00 
 1.800000E+00 
 1.800000E+00 
 1.800000E+00 
 1.800000E+00 
 1.800000E+00 
 1.800000E+00 
 1.800001E+00 
-5.765972E-10 
 1.800001E+00 
 1.800000E+00 
 1.800000E+00 
 1.800000E+00 
 1.061353E-07 
 1.800000E+00 
 1.800000E+00 
 1.800000E+00 
 1.800000E+00 
 1.800000E+00 
 1.800000E+00 
 1.800000E+00 
 1.800000E+00 
 1.800000E+00 
-6.686680E-06 
 1.800000E+00 
 1.800000E+00 
 1.800000E+00 
 7.178606E-09 
 1.800000E+00 
 1.800000E+00 
 1.800000E+00 
 1.800000E+00 
 1.800000E+00 
 1.800000E+00 
 1.800000E+00 
 1.800000E+00 
 1.800000E+00 
 1.800000E+00 
 1.800000E+00 
 1.389183E-07 
 1.800001E+00 
 1.800000E+00 
 1.800000E+00 
 1.800001E+00 
 9.654394E-09 
 1.800000E+00 
 1.800000E+00 
 1.800000E+00 
 1.800000E+00 
 1.800000E+00 
 1.800000E+00 
 1.800000E+00 
 1.800001E+00 
 8.289722E-09 
 1.800000E+00 
 1.800000E+00 
 1.800000E+00 
 1.800000E+00 
 1.800000E+00 
 1.800000E+00 
 1.800001E+00 
 2.657212E-07 
 1.800000E+00 
 1.800000E+00 
 1.800000E+00 
 1.800000E+00 
 1.800000E+00 
 1.800000E+00 
 1.800000E+00 
 1.429010E-08 
 1.800001E+00 
 1.800000E+00 
 1.800000E+00 
 1.800000E+00 
 1.800000E+00 
 1.800000E+00 
 1.800000E+00 
-1.445470E-06 
 1.800000E+00 
 1.800000E+00 
 1.800000E+00 
 1.800000E+00 
 1.800000E+00 
 1.800000E+00 
 1.800000E+00 
 2.147245E-08 
 1.800000E+00 
 1.800000E+00 
 1.800000E+00 
 1.800000E+00 
 1.800000E+00 
 1.800000E+00 
 1.800000E+00 
 1.800000E+00 
 1.118370E-07 
 1.799999E+00 
 1.800000E+00 
 1.800000E+00 
 1.800000E+00 
 1.800000E+00 
 1.800000E+00 
 1.800000E+00 
 1.800000E+00 
 1.958387E-06 
 1.800002E+00 
 1.800000E+00 
 1.800000E+00 
 1.800000E+00 
 1.800000E+00 
 1.800000E+00 
-1.142342E-07 
 1.800000E+00 
 1.800000E+00 
 1.800000E+00 
 1.800000E+00 
 1.800000E+00 
 1.800000E+00 
 1.800000E+00 
 1.800000E+00 
 1.800000E+00 
 1.800000E+00 
 3.224193E-07 
 1.800002E+00 
 1.800000E+00 
 1.800000E+00 
 1.799999E+00 
 1.800000E+00 
-7.785456E-07 
 1.800001E+00 
 1.800000E+00 
 1.800000E+00 
 1.800000E+00 
 1.800000E+00 
 1.800000E+00 
 1.800000E+00 
 1.800000E+00 
 1.800000E+00 
 1.800000E+00 
 1.800000E+00 
-3.033425E-08 
 1.800000E+00 
 1.800000E+00 
 1.800001E+00 
 1.799997E+00 
 1.006869E-08 
 1.800000E+00 
 1.800000E+00 
 1.800000E+00 
 1.800000E+00 
 1.800000E+00 
 1.800000E+00 
 1.800000E+00 
 1.800000E+00 
 1.800000E+00 
 1.800000E+00 
 1.800000E+00 
 1.800000E+00 
 1.800000E+00 
-1.236931E-06 
 1.800000E+00 
 1.800000E+00 
 1.800000E+00 
-1.870703E-07 
 1.800000E+00 
 1.800000E+00 
 1.800000E+00 
 1.800000E+00 
 1.800000E+00 
 1.800000E+00 
 1.800000E+00 
 1.800000E+00 
 1.800000E+00 
 1.800000E+00 
 1.800000E+00 
 1.800000E+00 
 1.800000E+00 
 9.273256E-07 
 1.800000E+00 
 1.800000E+00 
 1.800000E+00 
 1.800000E+00 
 1.800001E+00 
 9.058192E-07 
 1.800000E+00 
 1.800000E+00 
 1.800000E+00 
 1.800000E+00 
 1.800000E+00 
 1.800000E+00 
 1.800000E+00 
 1.800000E+00 
 1.800000E+00 
 1.800000E+00 
 1.800000E+00 
 1.940810E-08 
 1.800000E+00 
 1.800000E+00 
 1.800000E+00 
 1.800000E+00 
 1.800000E+00 
 1.800000E+00 
-4.456108E-08 
 1.800000E+00 
 1.800000E+00 
 1.800000E+00 
 1.800000E+00 
 1.800000E+00 
 1.800000E+00 
 1.800000E+00 
 1.800000E+00 
 1.800000E+00 
 1.800000E+00 
 1.800000E+00 
-2.251213E-07 
 1.800002E+00 
 1.800000E+00 
 1.800000E+00 
 1.800000E+00 
 1.800000E+00 
 1.800000E+00 
 1.799997E+00 
 6.862529E-09 
 1.800000E+00 
 1.800000E+00 
 1.800000E+00 
 1.800000E+00 
 1.800000E+00 
 1.800000E+00 
 1.800000E+00 
 1.800000E+00 
 1.800000E+00 
 1.800000E+00 
 1.994781E-06 
 1.800000E+00 
 1.800000E+00 
 1.800000E+00 
 1.800000E+00 
 1.800000E+00 
 1.800000E+00 
 1.800001E+00 
-3.349358E-07 
 1.800001E+00 
 1.800000E+00 
 1.800000E+00 
 1.800000E+00 
 1.800000E+00 
 1.800000E+00 
 1.800000E+00 
 1.800000E+00 
 1.800000E+00 
 1.800000E+00 
 1.800000E+00 
-1.766912E-08 
 1.800000E+00 
 1.800000E+00 
 1.800000E+00 
 1.800000E+00 
 1.800000E+00 
 1.800000E+00 
 1.800000E+00 
 5.576173E-07 
 1.800003E+00 
 1.800003E+00 
 1.800003E+00 
 1.800003E+00 
 1.800003E+00 
 1.800003E+00 
 1.800003E+00 
 1.800003E+00 
 1.800003E+00 
 1.799999E+00 
 5.233792E-09 
 1.800000E+00 
 1.800000E+00 
 1.800000E+00 
 1.800000E+00 
 1.800000E+00 
 1.800000E+00 
 1.800000E+00 
 1.800000E+00 
 1.800000E+00 
 4.125694E-09 
 1.800000E+00 
 1.800000E+00 
 1.800000E+00 
 1.800000E+00 
 1.800000E+00 
 1.800000E+00 
 1.800000E+00 
 1.800001E+00 
 1.800000E+00 
-8.158085E-10 
 1.800000E+00 
 1.800000E+00 
 1.800000E+00 
 1.800000E+00 
 1.800000E+00 
 1.800000E+00 
 1.799999E+00 
 1.800000E+00 
 1.800000E+00 
 9.028381E-09 
 1.800000E+00 
 1.800000E+00 
 1.800000E+00 
 1.800000E+00 
 1.800000E+00 
 1.800000E+00 
 1.800000E+00 
 1.800000E+00 
 6.678080E-08 
 1.799999E+00 
 1.799999E+00 
 1.799999E+00 
 1.799999E+00 
 1.799999E+00 
 1.799999E+00 
 1.799999E+00 
 1.799999E+00 
 1.799999E+00 
 1.799999E+00 
 1.800000E+00 
-6.864521E-09 
 1.799998E+00 
 1.799998E+00 
 1.799998E+00 
 1.799998E+00 
 1.799998E+00 
 1.800000E+00 
 1.799999E+00 
 3.860151E-06 
 1.800000E+00 
 1.800000E+00 
 1.800000E+00 
 1.800000E+00 
 1.800000E+00 
 1.800000E+00 
 1.800000E+00 
 1.800000E+00 
 1.800000E+00 
 1.800000E+00 
 1.800000E+00 
-3.390051E-08 
 1.799997E+00 
 1.800000E+00 
 1.800000E+00 
 1.800000E+00 
 1.800000E+00 
 1.800000E+00 
 1.800000E+00 
 1.800000E+00 
 3.930537E-08 
 1.799999E+00 
 1.799999E+00 
 1.799999E+00 
 1.799999E+00 
 1.799999E+00 
 1.799999E+00 
 1.799999E+00 
 1.799999E+00 
 1.800000E+00 
-6.024159E-08 
 1.800000E+00 
 1.800000E+00 
 1.800000E+00 
 1.800000E+00 
 1.800000E+00 
 1.800000E+00 
 1.800000E+00 
 1.800000E+00 
 1.800000E+00 
 1.800000E+00 
 3.423295E-07 
 1.800000E+00 
 1.800000E+00 
 1.800000E+00 
 1.800000E+00 
 1.800000E+00 
 1.800000E+00 
 1.799999E+00 
 5.132512E-09 
 1.800000E+00 
 1.800000E+00 
 1.800000E+00 
 1.800000E+00 
 1.800000E+00 
 1.800000E+00 
 1.800000E+00 
 1.800000E+00 
 1.800000E+00 
 1.800000E+00 
 1.800000E+00 
-6.467157E-06 
 1.800000E+00 
 1.800000E+00 
 1.800000E+00 
 1.800000E+00 
 1.800000E+00 
 1.800000E+00 
 1.800000E+00 
 1.800000E+00 
 6.858174E-09 
 1.800000E+00 
 1.800000E+00 
 1.800000E+00 
 1.800000E+00 
 1.800000E+00 
 1.800000E+00 
 1.800000E+00 
 1.800000E+00 
 1.800000E+00 
 4.372107E-09 
 1.800000E+00 
 1.800000E+00 
 1.800000E+00 
 1.800000E+00 
 1.800000E+00 
 1.800000E+00 
 1.800000E+00 
 1.800000E+00 
 4.689795E-06 
 1.800000E+00 
 1.800000E+00 
 1.800000E+00 
 1.800000E+00 
 1.800000E+00 
 1.800000E+00 
 1.800000E+00 
 1.800000E+00 
 1.800000E+00 
 1.800000E+00 
-5.245283E-07 
 1.800000E+00 
 1.800000E+00 
 1.800000E+00 
 1.800000E+00 
 1.800000E+00 
 1.800000E+00 
 1.800000E+00 
 2.686947E-06 
 1.800000E+00 
 1.800000E+00 
 1.800000E+00 
 1.800000E+00 
 1.800000E+00 
 1.800000E+00 
 1.800000E+00 
 1.800000E+00 
 1.800000E+00 
 1.800000E+00 
 1.800001E+00 
 5.158820E-07 
 1.800001E+00 
 1.800000E+00 
 1.800002E+00 
 1.800001E+00 
 1.800000E+00 
-1.904104E-07 
 1.799999E+00 
 1.800000E+00 
 1.800000E+00 
 1.800000E+00 
 1.800000E+00 
 1.800000E+00 
 1.800000E+00 
 1.800000E+00 
 1.800000E+00 
 1.800000E+00 
 1.800000E+00 
 1.799999E+00 
-1.643524E-06 
 1.800000E+00 
 1.800000E+00 
 1.800000E+00 
 1.800000E+00 
 1.799999E+00 
 1.800000E+00 
-5.130056E-06 
 1.800000E+00 
 1.800000E+00 
 1.800000E+00 
 1.800000E+00 
 1.800000E+00 
 1.800000E+00 
 1.800000E+00 
 1.800000E+00 
 1.800000E+00 
 1.800000E+00 
 3.180582E-06 
 1.800000E+00 
 1.800000E+00 
 1.800000E+00 
 1.800000E+00 
 1.799999E+00 
 1.800000E+00 
-3.029586E-08 
 1.800002E+00 
 1.800002E+00 
 1.800002E+00 
 1.800002E+00 
 1.800002E+00 
 1.800002E+00 
 1.800002E+00 
 1.800002E+00 
 1.800002E+00 
 1.800000E+00 
-2.636858E-07 
 1.800000E+00 
 1.800000E+00 
 1.800000E+00 
 1.800000E+00 
 1.800000E+00 
 1.800000E+00 
 1.209632E-08 
 1.800000E+00 
 1.800000E+00 
 1.800000E+00 
 1.800000E+00 
 1.800000E+00 
 1.800000E+00 
 1.800000E+00 
 1.800000E+00 
 1.800000E+00 
 1.800000E+00 
 1.434997E-08 
 1.800000E+00 
 1.800000E+00 
 1.800000E+00 
 1.800000E+00 
 1.799999E+00 
 1.800000E+00 
-4.572414E-07 
 1.800003E+00 
 1.800000E+00 
 1.800000E+00 
 1.800000E+00 
 1.800000E+00 
 1.800000E+00 
 1.800000E+00 
 1.800000E+00 
 1.799998E+00 
 4.847184E-07 
 1.800000E+00 
 1.800000E+00 
 1.800000E+00 
 1.800000E+00 
 1.800000E+00 
 1.800000E+00 
 7.787070E-06 
 1.799999E+00 
 1.800000E+00 
 1.800000E+00 
 1.800000E+00 
 1.800000E+00 
 1.800000E+00 
 1.800000E+00 
 1.800000E+00 
 1.800000E+00 
-1.862601E-08 
 1.800000E+00 
 1.800000E+00 
 1.800000E+00 
 1.800000E+00 
 1.800000E+00 
 1.800000E+00 
 1.800000E+00 
-3.570984E-08 
 1.800000E+00 
 1.800000E+00 
 1.800000E+00 
 1.800000E+00 
 1.800000E+00 
 1.800000E+00 
 1.800001E+00 
 7.513143E-07 
 1.800001E+00 
 1.800001E+00 
 1.800001E+00 
 1.800001E+00 
 1.800001E+00 
 1.800000E+00 
 1.800000E+00 
 9.430755E-08 
 1.800000E+00 
 1.800000E+00 
 1.800000E+00 
 1.800000E+00 
 1.800000E+00 
 1.800000E+00 
 1.799999E+00 
 3.352802E-07 
 1.800000E+00 
 1.800000E+00 
 1.800000E+00 
 1.800000E+00 
 1.800000E+00 
 1.800000E+00 
 1.800000E+00 
 1.800000E+00 
-6.108237E-07 
 1.800000E+00 
 1.800000E+00 
 1.800000E+00 
 1.800000E+00 
 1.800000E+00 
 6.724298E-06 
 1.800000E+00 
 1.800000E+00 
 1.800000E+00 
 1.800000E+00 
 1.800000E+00 
 1.800000E+00 
 1.800000E+00 
 1.800000E+00 
 1.800000E+00 
-3.101262E-06 
 1.800001E+00 
 1.800000E+00 
 1.800000E+00 
 1.800000E+00 
 1.800000E+00 
 3.764321E-08 
 1.800000E+00 
 1.800000E+00 
 1.800000E+00 
 1.800000E+00 
 1.800000E+00 
 1.800000E+00 
 1.800000E+00 
-1.131798E-08 
 1.799999E+00 
 1.800000E+00 
 1.800000E+00 
 1.800000E+00 
 1.800000E+00 
 1.800000E+00 
 1.800000E+00 
-2.312899E-08 
 1.800000E+00 
 1.800000E+00 
 1.800000E+00 
 1.800000E+00 
 1.800000E+00 
 1.800000E+00 
-3.003492E-08 
 1.800000E+00 
 1.800000E+00 
 1.800000E+00 
 1.800000E+00 
 1.800000E+00 
 1.800000E+00 
 1.800000E+00 
-1.802759E-06 
 1.800000E+00 
 1.800000E+00 
 1.799999E+00 
 1.800000E+00 
 1.800000E+00 
 5.102703E-09 
 1.800002E+00 
 1.800002E+00 
 1.800002E+00 
 1.800002E+00 
 1.800002E+00 
 1.800002E+00 
 1.799999E+00 
 1.850094E-06 
 1.800000E+00 
 1.800000E+00 
 1.800000E+00 
 1.800000E+00 
 1.800000E+00 
 1.800000E+00 
 1.068558E-08 
 1.800000E+00 
 1.800000E+00 
 1.800000E+00 
 1.800000E+00 
 1.800000E+00 
 8.560889E-08 
 1.800000E+00 
 1.800000E+00 
 1.800000E+00 
 1.800000E+00 
 1.800000E+00 
 1.800000E+00 
 1.800002E+00 
-4.800276E-08 
 1.800000E+00 
 1.800000E+00 
 1.800000E+00 
 1.800000E+00 
 1.800000E+00 
 1.800001E+00 
 1.931874E-06 
 1.800000E+00 
 1.800000E+00 
 1.800000E+00 
 1.799999E+00 
 1.800000E+00 
 1.665746E-08 
 1.800000E+00 
 1.800000E+00 
 1.800000E+00 
 1.800000E+00 
 1.800000E+00 
 1.799999E+00 
 1.409585E-08 
 1.800001E+00 
 1.800000E+00 
 1.800000E+00 
 1.800000E+00 
 1.799998E+00 
 1.679476E-08 
 1.800000E+00 
 1.800000E+00 
 1.800000E+00 
 1.800000E+00 
 1.800000E+00 
 1.800000E+00 
 1.648099E-07 
 1.800000E+00 
 1.800000E+00 
 1.800000E+00 
 1.800000E+00 
 1.799999E+00 
 1.800000E+00 
 3.339915E-06 
 1.799999E+00 
 1.800000E+00 
 1.800000E+00 
 1.800000E+00 
-2.374704E-06 
 1.800000E+00 
 1.800000E+00 
 1.800000E+00 
 1.800000E+00 
 1.800000E+00 
 1.800000E+00 
 1.800000E+00 
 1.774023E-05 
 1.800000E+00 
 1.800000E+00 
 1.800000E+00 
-1.039597E-07 
 1.800001E+00 
 1.800000E+00 
 1.800000E+00 
 1.800000E+00 
 1.800000E+00 
 1.800000E+00 
 1.800000E+00 
-8.379664E-06 
 1.799999E+00 
 1.800000E+00 
 1.800000E+00 
 1.800000E+00 
 1.800000E+00 
 2.265817E-05 
 1.800000E+00 
 1.800004E+00 
 1.799999E+00 
 1.800000E+00 
-2.521578E-07 
 1.800001E+00 
 1.800000E+00 
 1.800000E+00 
 1.800000E+00 
 1.800000E+00 
 6.880554E-06 
 1.800000E+00 
 1.800000E+00 
 1.800000E+00 
 1.800000E+00 
 1.800000E+00 
 1.800001E+00 
-5.190255E-06 
 1.800000E+00 
 1.800000E+00 
 1.800000E+00 
 1.800000E+00 
 1.507366E-06 
 1.800002E+00 
 1.800002E+00 
 1.800002E+00 
 1.800000E+00 
 1.800000E+00 
 9.560193E-08 
 1.800000E+00 
 1.800000E+00 
 1.800000E+00 
 1.799999E+00 
 1.556003E-06 
 1.800000E+00 
 1.800000E+00 
 1.800000E+00 
 1.800000E+00 
 1.800000E+00 
 1.800000E+00 
 2.322194E-07 
 1.800000E+00 
 1.800000E+00 
 1.800000E+00 
 3.812962E-07 
 1.800000E+00 
 1.800000E+00 
 1.800000E+00 
 1.800000E+00 
 1.800000E+00 
 1.800000E+00 
-3.051770E-06 
 1.800000E+00 
 1.800000E+00 
 1.800000E+00 
 1.800000E+00 
 2.077613E-08 
 1.800001E+00 
 1.800001E+00 
 1.800001E+00 
 1.800006E+00 
 2.345364E-08 
 1.800000E+00 
 1.800000E+00 
 1.800000E+00 
 1.800000E+00 
 1.800002E+00 
 1.387895E-07 
 1.800000E+00 
 1.800000E+00 
 1.800000E+00 
 1.800000E+00 
 8.411765E-07 
 1.800001E+00 
 1.800000E+00 
 1.800000E+00 
 1.800000E+00 
-9.632835E-09 
 1.800000E+00 
 1.800000E+00 
 1.800000E+00 
 1.800000E+00 
 1.800000E+00 
-1.129791E-08 
 1.800002E+00 
 1.800000E+00 
 1.800000E+00 
-1.082452E-06 
 1.800000E+00 
 1.800000E+00 
 1.800000E+00 
 1.800000E+00 
 1.800000E+00 
 1.800001E+00 
-4.033658E-07 
 1.800000E+00 
 3.546127E-07 
 1.800000E+00 
 1.800000E+00 
 1.800000E+00 
 1.800000E+00 
 1.800000E+00 
 1.800000E+00 
 1.800000E+00 
-1.095244E-07 
 1.800000E+00 
 1.800000E+00 
 1.800000E+00 
 2.987882E-07 
 1.800001E+00 
 1.800000E+00 
 1.800000E+00 
 1.800000E+00 
-6.212045E-08 
 1.800000E+00 
 1.800000E+00 
 1.800000E+00 
 1.800000E+00 
 7.879434E-08 
 1.800000E+00 
 1.800000E+00 
 1.800000E+00 
-3.730272E-07 
 1.800000E+00 
 1.800000E+00 
 1.800000E+00 
 1.800000E+00 
 1.800000E+00 
-5.988815E-07 
 1.800000E+00 
 1.800000E+00 
 1.800000E+00 
 1.129681E-08 
 1.799997E+00 
 1.800000E+00 
 1.800000E+00 
 1.800000E+00 
 4.430248E-06 
 1.800000E+00 
 1.800000E+00 
 1.800000E+00 
 1.800000E+00 
-1.698117E-07 
 1.800000E+00 
 1.800000E+00 
 1.800000E+00 
 1.889052E-08 
 1.800000E+00 
 1.800000E+00 
 1.800000E+00 
 1.800000E+00 
-3.763102E-07 
 1.800000E+00 
 1.800000E+00 
 1.800000E+00 
 1.800000E+00 
-1.218332E-05 
 1.800000E+00 
 1.800000E+00 
-1.525289E-08 
 1.799999E+00 
 1.800000E+00 
 1.800000E+00 
 1.800000E+00 
 1.800000E+00 
 1.799994E+00 
-9.814590E-08 
 1.800000E+00 
-7.914972E-07 
 1.800001E+00 
 1.800000E+00 
 1.800000E+00 
 1.800000E+00 
 1.800000E+00 
-5.768018E-08 
 1.800000E+00 
 1.800000E+00 
 1.800003E+00 
-1.077385E-06 
 1.800000E+00 
 1.800000E+00 
 1.800000E+00 
 1.168275E-07 
 1.800000E+00 
 1.800000E+00 
 1.800000E+00 
 1.800000E+00 
 3.542710E-07 
 1.800000E+00 
 1.800000E+00 
 1.799999E+00 
-6.398886E-07 
 1.800000E+00 
 1.800000E+00 
 1.800000E+00 
-5.625892E-09 
 1.800000E+00 
 1.800000E+00 
 1.800000E+00 
 1.799998E+00 
 1.491054E-09 
 1.800000E+00 
 1.800000E+00 
 1.800000E+00 
 5.017245E-07 
 1.800000E+00 
 1.800000E+00 
 1.598527E-07 
 1.800001E+00 
 1.800000E+00 
 1.800000E+00 
 1.800000E+00 
 1.800000E+00 
 2.441580E-06 
 1.800000E+00 
 1.800000E+00 
-3.125079E-07 
 1.799999E+00 
 1.800000E+00 
 1.800000E+00 
-1.009201E-05 
 1.800001E+00 
 1.800000E+00 
 1.800000E+00 
 1.799999E+00 
-5.727624E-06 
 1.800000E+00 
 1.800000E+00 
 8.418854E-08 
 1.800000E+00 
 1.800000E+00 
 1.800000E+00 
 1.800000E+00 
-4.170871E-06 
 1.800000E+00 
 7.363554E-09 
 1.800000E+00 
 1.800000E+00 
 1.800000E+00 
 1.800000E+00 
 1.800000E+00 
 1.800000E+00 
 3.787285E-06 
 8.238607E-09 
 1.800000E+00 
 1.800000E+00 
 1.800000E+00 
 1.800000E+00 
 1.800000E+00 
 6.937087E-09 
 1.800001E+00 
 1.800000E+00 
-4.028496E-06 
 1.800000E+00 
 1.800000E+00 
 1.800000E+00 
 1.148155E-07 
 1.800000E+00 
 1.800000E+00 
 1.800000E+00 
 5.277273E-08 
 1.800000E+00 
 1.800002E+00 
 1.800000E+00 
-1.152716E-06 
 1.800000E+00 
 1.800000E+00 
 2.500540E-08 
 1.800005E+00 
 1.800005E+00 
 1.800000E+00 
-2.043079E-06 
 1.800001E+00 
 1.800000E+00 
 1.800000E+00 
-1.589366E-05 
 1.799998E+00 
 1.800000E+00 
 1.800000E+00 
 1.986815E-06 
 1.800000E+00 
 1.800000E+00 
-4.386332E-08 
 1.800000E+00 
 1.800000E+00 
 1.800000E+00 
 2.932040E-09 
 1.800000E+00 
 1.800000E+00 
 1.800001E+00 
-4.806363E-06 
 1.800000E+00 
 1.800000E+00 
-3.101916E-08 
 1.800000E+00 
 1.800000E+00 
 1.800000E+00 
-1.886203E-09 
 1.799999E+00 
 1.799998E+00 
 1.800000E+00 
-1.195311E-05 
 1.800000E+00 
 1.800000E+00 
 1.966092E-10 
 1.800000E+00 
 1.800000E+00 
 1.800000E+00 
 1.769828E-06 
 1.799998E+00 
-2.828331E-06 
 1.799999E+00 
 1.800000E+00 
 1.800000E+00 
 1.800000E+00 
 1.800000E+00 
 1.673504E-07 
-8.510035E-08 
 1.800000E+00 
 1.800000E+00 
 1.800000E+00 
 1.800000E+00 
 9.737467E-09 
 1.800000E+00 
 1.800000E+00 
 3.784631E-08 
 1.799999E+00 
 1.799999E+00 
 1.800000E+00 
 7.186985E-08 
 1.800000E+00 
 1.800001E+00 
 2.324197E-06 
 1.799998E+00 
 1.800000E+00 
 5.422756E-07 
 1.800000E+00 
 1.800000E+00 
 1.800000E+00 
-1.218198E-07 
 1.800000E+00 
 1.800000E+00 
 4.793127E-07 
 1.800001E+00 
 1.800000E+00 
-8.159845E-07 
 1.800000E+00 
 1.800000E+00 
 1.800000E+00 
 1.244916E-07 
 1.800000E+00 
 1.800000E+00 
 7.199805E-09 
 1.800000E+00 
 1.800000E+00 
 1.800001E+00 
-2.609827E-07 
 1.800000E+00 
-5.604089E-08 
 1.800000E+00 
 1.800000E+00 
 1.800000E+00 
-1.002395E-07 
 1.800000E+00 
 1.800000E+00 
-3.084762E-08 
 1.800000E+00 
 1.799999E+00 
 1.799999E+00 
 3.858060E-08 
 1.800000E+00 
 2.633976E-07 
 1.800000E+00 
 1.800000E+00 
 1.800000E+00 
 9.767893E-08 
 1.800000E+00 
 1.800000E+00 
 7.028852E-07 
 1.800000E+00 
 1.800001E+00 
 1.628261E-09 
 1.800000E+00 
 1.800000E+00 
-1.450868E-08 
 1.800000E+00 
 1.799998E+00 
 1.799999E+00 
-2.208305E-07 
-7.565660E-08 
 1.800000E+00 
 1.800000E+00 
 1.800000E+00 
 1.800000E+00 
 1.799999E+00 
-2.470072E-07 
 6.244079E-09 
 1.800000E+00 
 1.800000E+00 
 1.800000E+00 
-4.829377E-08 
 1.800000E+00 
 1.800003E+00 
-6.349400E-07 
 1.800000E+00 
 1.800000E+00 
 5.872305E-07 
 1.800000E+00 
 1.800002E+00 
 3.714885E-07 
 1.800000E+00 
 1.800000E+00 
 1.893959E-08 
 1.800000E+00 
-5.430097E-07 
 1.799999E+00 
 1.799999E+00 
 1.799999E+00 
 1.800005E+00 
 2.137404E-05 
 1.141804E-06 
 1.800000E+00 
 1.800000E+00 
 1.800000E+00 
 1.800000E+00 
 1.367107E-07 
 5.845324E-07 
 1.800000E+00 
 1.800000E+00 
 1.800000E+00 
 3.102124E-08 
 1.800000E+00 
 1.800001E+00 
-5.616177E-06 
 1.800002E+00 
 7.307172E-09 
 1.800000E+00 
 1.800000E+00 
 1.800000E+00 
-2.190587E-05 
 1.799999E+00 
 1.018778E-08 
 1.800000E+00 
 1.800000E+00 
 1.800000E+00 
 1.564303E-07 
 1.800000E+00 
 2.227496E-06 
 1.800000E+00 
 1.800006E+00 
-6.308826E-06 
 1.800000E+00 
 1.800000E+00 
-1.512087E-06 
 1.800000E+00 
 1.800001E+00 
 6.399496E-08 
 1.800000E+00 
-5.897625E-08 
 1.800000E+00 
 1.800000E+00 
 1.800001E+00 
 1.248908E-07 
 1.800000E+00 
 8.538396E-07 
 1.800000E+00 
 1.800000E+00 
 4.236405E-06 
 1.800000E+00 
 2.351102E-07 
 1.800000E+00 
 1.800000E+00 
 1.800000E+00 
 6.789634E-09 
 1.800000E+00 
 9.842732E-08 
 1.800000E+00 
 1.800000E+00 
 1.800000E+00 
 2.119658E-05 
 3.814866E-06 
 1.800000E+00 
 1.799999E+00 
 1.800000E+00 
 5.619220E-09 
 1.800000E+00 
 3.154728E-05 
 1.800000E+00 
 1.800000E+00 
 1.458965E-07 
 1.800000E+00 
 6.890481E-09 
 1.799998E+00 
 1.800000E+00 
 1.800002E+00 
-2.717384E-06 
 1.800000E+00 
-4.342134E-07 
 1.800012E+00 
-2.254793E-07 
 1.800000E+00 
 1.800000E+00 
 1.799999E+00 
-4.662477E-07 
-3.517242E-07 
 1.800002E+00 
 1.800002E+00 
 1.800002E+00 
-1.398382E-07 
 1.800000E+00 
 1.800000E+00 
-8.610381E-06 
 6.847455E-06 
 1.800000E+00 
 1.800000E+00 
 1.800003E+00 
 2.049313E-06 
 1.800000E+00 
 7.570874E-07 
 1.800000E+00 
 8.510494E-07 
 1.800000E+00 
 1.800000E+00 
 1.799999E+00 
 5.729263E-08 
 7.424834E-09 
 1.800000E+00 
 1.800000E+00 
 1.800000E+00 
 2.731296E-07 
 1.800001E+00 
-5.605571E-06 
 1.799998E+00 
 1.660859E-08 
 1.800001E+00 
 1.800000E+00 
-8.669176E-07 
 1.799997E+00 
 1.800000E+00 
-2.673540E-09 
 1.800000E+00 
-1.577703E-06 
 1.800000E+00 
 1.800000E+00 
 5.085057E-10 
 9.901643E-09 
 1.800000E+00 
 1.800000E+00 
 1.800000E+00 
-1.213171E-07 
 1.800000E+00 
 1.585197E-05 
 1.800000E+00 
 1.800000E+00 
 6.104155E-06 
 1.800000E+00 
 2.829998E-08 
 1.800001E+00 
 1.123141E-07 
 1.800000E+00 
 1.800000E+00 
 1.800001E+00 
 2.293622E-07 
 2.245251E-07 
 1.800006E+00 
 1.800000E+00 
 5.584324E-06 
 1.800001E+00 
-1.961068E-06 
 1.800001E+00 
 1.800000E+00 
-2.350121E-08 
 1.800000E+00 
 2.890188E-05 
 1.800000E+00 
 7.548116E-08 
 1.800001E+00 
 1.800000E+00 
 7.787837E-09 
 1.800000E+00 
 1.800000E+00 
 2.006250E-06 
 6.774458E-09 
 1.800000E+00 
 1.800000E+00 
 1.800000E+00 
 4.542966E-08 
 7.440878E-09 
 1.800000E+00 
 1.800001E+00 
 2.119925E-07 
 1.800000E+00 
 1.314472E-07 
 1.799999E+00 
 1.800000E+00 
 3.299498E-06 
 1.800000E+00 
 1.053290E-06 
 1.800000E+00 
-2.235203E-09 
 1.800000E+00 
 1.800000E+00 
 2.674221E-05 
 1.799999E+00 
-9.354121E-07 
 1.800000E+00 
-2.930821E-08 
 1.800000E+00 
 1.800000E+00 
 2.072487E-07 
-7.839051E-08 
 1.800000E+00 
 1.800000E+00 
 1.800000E+00 
-5.761113E-06 
 8.945345E-09 
 1.800000E+00 
 1.800002E+00 
 1.438883E-05 
 1.800000E+00 
-3.246440E-07 
 1.800000E+00 
 1.800000E+00 
-4.882618E-07 
-1.369044E-07 
 1.800000E+00 
 1.800000E+00 
-3.623548E-07 
 1.800000E+00 
-5.225163E-08 
 1.800000E+00 
 1.800002E+00 
 7.422473E-08 
 3.827350E-08 
 1.800000E+00 
 1.800000E+00 
 1.447372E-06 
 1.800000E+00 
 7.569700E-06 
 1.800000E+00 
 1.800002E+00 
 5.047452E-06 
 5.173120E-06 
 1.800000E+00 
 1.800000E+00 
 4.046184E-07 
 1.800000E+00 
 2.780468E-08 
 1.800000E+00 
 1.074508E-06 
 1.800000E+00 
 1.800000E+00 
-2.710901E-05 
 3.714783E-08 
 1.800000E+00 
 1.799997E+00 
-7.413080E-09 
 1.800000E+00 
-3.333632E-06 
 1.800000E+00 
 2.952991E-08 
 1.800001E+00 
 3.237660E-09 
 1.800001E+00 
 1.800000E+00 
 7.958403E-06 
 1.800000E+00 
 9.848558E-07 
 7.413871E-09 
 1.799999E+00 
 1.799999E+00 
 2.319042E-07 
 1.800001E+00 
 1.680559E-08 
 1.800000E+00 
 1.800000E+00 
-4.933676E-06 
 3.936289E-09 
 1.800000E+00 
 1.800000E+00 
-1.541246E-06 
-1.776017E-08 
 1.800000E+00 
 1.800000E+00 
-9.812901E-06 
 1.800000E+00 
-1.030377E-06 
 1.800002E+00 
 1.109660E-06 
 1.800000E+00 
 2.305040E-07 
 1.800000E+00 
-2.130929E-06 
 1.800001E+00 
-3.613724E-06 
 1.800000E+00 
 1.800000E+00 
-1.421440E-09 
 9.553865E-09 
 1.799999E+00 
-5.538633E-06 
 1.800000E+00 
 1.800000E+00 
 1.711808E-08 
 1.800000E+00 
 3.637293E-06 
 2.823790E-06 
 1.800000E+00 
 1.800000E+00 
-1.863771E-07 
 1.800000E+00 
 4.550829E-08 
 1.800000E+00 
 1.912127E-08 
 1.800002E+00 
-8.365587E-07 
 1.800000E+00 
-4.400813E-07 
 1.800001E+00 
-2.421695E-05 
 1.800000E+00 
 8.660756E-09 
 1.800000E+00 
 1.140614E-08 
 1.800000E+00 
-2.636542E-07 
 1.800002E+00 
-1.262103E-07 
 1.800000E+00 
 2.767842E-06 
 1.800000E+00 
 4.116602E-08 
 1.800000E+00 
 1.800001E+00 
 7.405435E-08 
 1.995536E-08 
 1.800000E+00 
 2.231244E-07 
 1.800000E+00 
-8.773174E-08 
 1.800000E+00 
 2.761820E-07 
 1.800000E+00 
-2.073357E-08 
 1.800000E+00 
 2.193694E-08 
 1.800001E+00 
-1.786733E-07 
 1.800000E+00 
-6.340853E-07 
 1.800000E+00 
 3.924732E-08 
 1.800000E+00 
 1.077125E-07 
 1.800000E+00 
-1.276109E-07 
 1.800000E+00 
 1.263028E-07 
 1.799999E+00 
-3.550945E-08 
 1.800000E+00 
 6.465617E-08 
 9.072755E-09 
 1.800000E+00 
 1.800000E+00 
-4.307882E-08 
 1.800000E+00 
-2.634071E-07 
 5.851597E-09 
 1.800002E+00 
 1.800000E+00 
-6.941913E-07 
-2.044094E-07 
 1.800000E+00 
-3.502176E-07 
 1.799999E+00 
 1.800001E+00 
 2.778094E-06 
 7.405718E-09 
 7.426620E-09 
 1.800002E+00 
 1.800002E+00 
 1.800000E+00 
-3.828360E-07 
 8.560522E-09 
 8.562031E-09 
 1.799997E+00 
 1.800001E+00 
-6.270909E-08 
-6.119805E-08 
 1.799999E+00 
 1.800000E+00 
 7.177903E-07 
-1.399975E-08 
 1.800000E+00 
 3.060894E-06 
 1.800003E+00 
-1.583060E-07 
 1.800000E+00 
-5.771074E-09 
 1.800001E+00 
-5.619446E-06 
 1.800000E+00 
-2.372893E-06 
 2.777533E-08 
 1.800001E+00 
 1.800000E+00 
-1.251648E-06 
 4.851550E-09 
 1.800000E+00 
-9.166337E-06 
 1.799999E+00 
 2.579143E-08 
-5.988936E-08 
 1.800000E+00 
 1.800000E+00 
-1.760249E-07 
 1.800000E+00 
-1.220669E-06 
-8.562275E-07 
 1.800000E+00 
-8.606997E-11 
 1.799999E+00 
-3.896013E-08 
 1.800000E+00 
-6.437950E-08 
-6.530491E-08 
 1.800000E+00 
 1.800000E+00 
 5.054229E-09 
 5.716296E-09 
 1.800000E+00 
-2.047948E-06 
 1.799996E+00 
-1.805144E-06 
 1.800000E+00 
 8.632842E-06 
 8.538994E-06 
 1.800000E+00 
-4.249798E-08 
 1.800000E+00 
 1.800000E+00 
-6.797705E-06 
-5.775159E-06 
-5.775159E-06 
 1.800005E+00 
-5.176599E-06 
 1.800000E+00 
 1.800000E+00 
-2.706305E-06 
-2.627323E-06 
-2.627309E-06 
 1.800000E+00 
 1.799999E+00 
 3.360558E-06 
 6.491187E-08 
 1.799999E+00 
 1.800000E+00 
-5.777654E-07 
 7.421133E-09 
 7.421206E-09 
 1.800000E+00 
 6.254785E-08 
 1.800000E+00 
 1.800000E+00 
-2.533960E-06 
-2.670089E-07 
-2.670092E-07 
 1.800000E+00 
 1.800000E+00 
-1.086876E-06 
-1.088813E-06 
-1.088818E-06 
 1.800000E+00 
 1.800000E+00 
 5.454983E-08 
 1.800000E+00 
 8.136872E-06 
 5.054879E-09 
 5.054647E-09 
 1.800000E+00 
 1.800000E+00 
 4.719757E-07 
-3.035107E-08 
 1.800000E+00 
-2.098208E-08 
 1.800002E+00 
-3.681796E-08 
 1.800000E+00 
 1.135536E-05 
 9.985870E-07 
 1.800000E+00 
 2.213021E-07 
 2.260231E-07 
 1.800006E+00 
 1.800000E+00 
-6.291480E-06 
 2.742738E-08 
 2.742911E-08 
 1.800001E+00 
 1.800001E+00 
-1.314876E-08 
-1.537429E-09 
 1.800000E+00 
-4.149967E-06 
 5.574059E-09 
 1.800000E+00 
 1.800000E+00 
 1.230796E-06 
 9.516196E-09 
 9.516069E-09 
 1.800004E+00 
 1.054995E-08 
 1.800000E+00 
-4.702290E-09 
 1.800000E+00 
 3.446025E-07 
 6.745702E-09 
 1.800000E+00 
-1.291534E-07 
 1.800000E+00 
-7.249240E-07 
-9.629944E-08 
 1.800000E+00 
-7.904730E-06 
 1.800000E+00 
 2.325099E-06 
 2.536974E-06 
 1.800000E+00 
 2.136830E-07 
 1.800000E+00 
-9.059393E-08 
 7.435515E-09 
 1.800000E+00 
 1.479623E-08 
 9.601017E-09 
 1.799998E+00 
 1.800000E+00 
-4.531682E-06 
 5.716806E-09 
 5.741888E-09 
 1.800000E+00 
 3.415227E-10 
 1.800000E+00 
-1.723688E-08 
 1.109092E-08 
 1.800000E+00 
-3.791833E-07 
 1.800000E+00 
 6.510867E-08 
 4.833404E-08 
 1.800000E+00 
 1.257014E-07 
 1.800000E+00 
-4.221201E-07 
-1.652152E-08 
 1.800000E+00 
-3.365618E-07 
-6.826885E-07 
 1.800000E+00 
 1.089870E-07 
 1.800000E+00 
-1.985045E-08 
-2.511527E-08 
 1.800000E+00 
-5.226400E-07 
 1.722191E-09 
 1.800000E+00 
 1.800000E+00 
 2.656199E-05 
 1.636880E-05 
 1.636880E-05 
 1.636881E-05 
 1.800001E+00 
 1.800000E+00 
 4.482195E-08 
 7.927281E-09 
 1.800000E+00 
 1.392797E-06 
 1.330345E-08 
 1.800000E+00 
-2.232502E-06 
 7.987483E-09 
 1.800000E+00 
 4.405809E-08 
 1.799999E+00 
-1.090637E-05 
 2.493687E-08 
 1.800000E+00 
-4.793704E-07 
-4.475904E-07 
 1.800000E+00 
 4.275905E-09 
 8.436684E-09 
 1.800004E+00 
 8.306352E-09 
 1.800000E+00 
 5.235225E-08 
 7.007558E-09 
 1.800000E+00 
-1.954363E-08 
 6.532389E-08 
 1.800000E+00 
-1.751377E-07 
 1.800000E+00 
-7.762726E-08 
-9.366938E-09 
-9.367004E-09 
 1.800000E+00 
-1.070972E-06 
 1.800001E+00 
-1.349979E-05 
 1.283948E-07 
 1.800000E+00 
-3.711472E-06 
-3.545592E-06 
 1.800000E+00 
 2.204872E-07 
 7.373596E-09 
 1.800000E+00 
-7.879184E-08 
 1.800000E+00 
-2.480991E-06 
 8.290164E-09 
 8.284527E-09 
 1.800000E+00 
-2.685521E-08 
 1.800000E+00 
-9.549555E-06 
-3.123520E-05 
 1.800000E+00 
 4.769588E-07 
 8.256736E-09 
 8.256741E-09 
 1.800000E+00 
 1.800000E+00 
 6.908103E-05 
 7.128320E-08 
 7.127297E-08 
 7.128161E-08 
 1.799998E+00 
 1.800001E+00 
 4.038800E-07 
 2.876354E-07 
 2.876377E-07 
 1.800000E+00 
-1.465926E-06 
 5.490842E-09 
 1.800000E+00 
-7.542349E-06 
-1.803123E-07 
 1.800000E+00 
-1.951969E-07 
-8.483474E-07 
 1.800000E+00 
-4.267324E-07 
 1.800000E+00 
-2.236403E-07 
-2.225761E-07 
-2.225743E-07 
-2.225686E-07 
 1.800002E+00 
 1.800000E+00 
-9.481523E-07 
-8.200552E-07 
-8.200533E-07 
 1.800000E+00 
-3.013398E-06 
 6.827739E-09 
 1.800000E+00 
 1.290603E-07 
-2.035294E-07 
 1.800000E+00 
-5.227625E-08 
-4.996489E-09 
 1.800000E+00 
-4.980952E-07 
 1.115397E-08 
 1.115317E-08 
 1.800000E+00 
 1.800000E+00 
 7.961068E-06 
 2.638487E-07 
 2.638524E-07 
 2.638537E-07 
 1.800000E+00 
-2.550380E-07 
-2.241051E-07 
 1.800005E+00 
-2.883411E-06 
 1.243840E-08 
 1.800000E+00 
-5.934671E-09 
 1.800000E+00 
 5.296500E-09 
 7.457402E-09 
 7.458032E-09 
 7.458020E-09 
 1.799999E+00 
-2.504532E-07 
 1.800002E+00 
-7.776645E-08 
 9.573733E-09 
 9.573655E-09 
 1.800000E+00 
 3.433585E-08 
 1.800000E+00 
-4.344351E-05 
 3.930545E-06 
 3.930536E-06 
 3.930542E-06 
 1.799998E+00 
 1.800000E+00 
 4.224031E-05 
-1.096129E-07 
-1.096195E-07 
-1.095570E-07 
-1.096187E-07 
 1.800003E+00 
 1.800000E+00 
 3.380768E-08 
-4.685633E-09 
-4.682759E-09 
-4.685160E-09 
 1.800000E+00 
-2.107164E-06 
 1.800000E+00 
-2.723894E-06 
 1.052400E-08 
 1.052494E-08 
 1.800000E+00 
 7.039842E-06 
 6.761285E-06 
 6.761284E-06 
 1.800000E+00 
 8.314502E-09 
 1.800000E+00 
-8.577542E-06 
-1.272684E-07 
-1.272687E-07 
 1.800000E+00 
-1.984862E-06 
-1.971812E-07 
-1.971782E-07 
 1.800000E+00 
-4.181596E-07 
-8.550526E-08 
 1.799999E+00 
 5.476898E-08 
 9.121614E-08 
 1.800000E+00 
 9.735082E-06 
-1.394233E-05 
-1.394233E-05 
 1.800000E+00 
 3.987671E-06 
-8.214025E-08 
-8.213856E-08 
 1.800000E+00 
 9.662381E-09 
 1.800000E+00 
-5.405532E-07 
 4.932013E-09 
 4.932491E-09 
 4.934817E-09 
 1.800003E+00 
-1.139943E-07 
 3.279357E-07 
 1.800000E+00 
 1.748889E-05 
 2.871607E-06 
 2.871605E-06 
 1.800000E+00 
 3.022774E-08 
 7.332421E-09 
 1.800000E+00 
-1.481039E-07 
-5.489271E-07 
-5.489281E-07 
 1.800000E+00 
 4.077425E-07 
 5.121534E-07 
 5.121597E-07 
 1.800000E+00 
-2.309707E-07 
 1.800000E+00 
-2.259609E-05 
 1.047682E-05 
 1.047682E-05 
 1.047682E-05 
 1.047681E-05 
 1.800000E+00 
-4.586721E-08 
 1.800000E+00 
-3.246944E-07 
 5.019971E-09 
 5.019956E-09 
 5.026625E-09 
 1.800000E+00 
 1.281718E-08 
 1.800000E+00 
 3.848150E-05 
-1.493687E-08 
-1.494205E-08 
-1.493601E-08 
-1.493529E-08 
 1.800000E+00 
-1.900124E-08 
 1.800000E+00 
 1.728473E-05 
-1.362811E-06 
-1.362813E-06 
-1.362812E-06 
 1.799999E+00 
-4.902516E-06 
 4.014062E-08 
 1.800000E+00 
 2.341633E-08 
 7.445311E-09 
 7.446413E-09 
 7.446819E-09 
 1.799999E+00 
 5.320406E-09 
 1.800000E+00 
 7.639521E-07 
 7.645667E-07 
 7.645636E-07 
 7.645668E-07 
 7.645623E-07 
 1.800000E+00 
-1.341708E-07 
 9.078395E-09 
 1.800000E+00 
 1.807970E-06 
 1.758585E-06 
 1.758583E-06 
 1.800000E+00 
-2.318632E-06 
 3.769971E-08 
 3.756803E-08 
 1.800000E+00 
 6.146070E-09 
 6.823533E-09 
 6.825318E-09 
 1.800000E+00 
-2.397972E-05 
 8.315912E-09 
 8.315801E-09 
 1.800000E+00 
-3.203136E-05 
 6.652710E-08 
 6.653732E-08 
 1.800000E+00 
-2.409278E-06 
-1.334368E-08 
-1.334388E-08 
-1.334338E-08 
 1.800000E+00 
-3.274652E-08 
 4.899487E-09 
 1.800000E+00 
-2.136063E-06 
-1.409416E-07 
-1.409416E-07 
-1.409416E-07 
 1.800000E+00 
-4.150142E-07 
-4.990553E-07 
-4.990547E-07 
 1.800000E+00 
 8.674566E-06 
-3.641327E-08 
-3.641337E-08 
 1.800000E+00 
 5.216060E-06 
 4.907676E-06 
 4.907677E-06 
 1.800000E+00 
-7.054653E-07 
 6.716636E-09 
 6.752795E-09 
 6.716386E-09 
 1.800001E+00 
-2.933952E-05 
-2.930173E-05 
-2.930173E-05 
 1.799999E+00 
 4.847328E-06 
-2.503580E-06 
-2.503579E-06 
-2.503580E-06 
 1.800000E+00 
-5.693675E-06 
 4.342463E-09 
 1.800000E+00 
 1.267823E-07 
 1.361685E-08 
 1.361478E-08 
 1.361855E-08 
 1.361536E-08 
 1.800000E+00 
 3.165167E-05 
 3.165001E-05 
 1.800000E+00 
 7.516453E-07 
 3.233164E-09 
 3.232245E-09 
 3.233622E-09 
 3.233207E-09 
 1.799999E+00 
-1.469986E-05 
-1.200713E-06 
 1.800000E+00 
 6.828454E-07 
-4.603360E-08 
-4.603316E-08 
-4.603279E-08 
-4.603302E-08 
 1.800000E+00 
 1.408998E-07 
 3.927811E-09 
 1.800002E+00 
 6.264872E-08 
-5.491552E-09 
-5.492975E-09 
-5.491948E-09 
-5.453067E-09 
-5.492286E-09 
 1.800000E+00 
-1.284084E-06 
 1.800000E+00 
 5.990486E-08 
 1.571893E-08 
 1.571369E-08 
 1.571815E-08 
 1.571962E-08 
 1.571812E-08 
 1.800000E+00 
-6.116846E-08 
 1.085244E-08 
 1.800000E+00 
 1.621520E-08 
 1.721793E-08 
 1.721655E-08 
 1.721717E-08 
 1.721870E-08 
 1.800000E+00 
 9.014460E-06 
 5.498509E-07 
 5.498506E-07 
 5.498869E-07 
 1.800000E+00 
-2.013324E-07 
 3.968439E-08 
 3.968872E-08 
 1.800000E+00 
 1.140898E-05 
-4.093127E-08 
-4.093030E-08 
-4.093184E-08 
 1.800000E+00 
 1.997318E-06 
 2.451769E-06 
 2.451772E-06 
 2.451774E-06 
 2.451785E-06 
 1.800000E+00 
-1.551403E-07 
-3.063494E-09 
 1.800000E+00 
 3.988781E-07 
 2.979674E-09 
 2.980932E-09 
 2.980413E-09 
 2.980428E-09 
 2.979943E-09 
 2.980340E-09 
 1.800000E+00 
-1.265527E-06 
 1.800000E+00 
-1.331959E-06 
-1.034224E-06 
-1.034227E-06 
-1.034224E-06 
-1.034224E-06 
-1.034224E-06 
-1.034223E-06 
 1.800000E+00 
-4.198636E-09 
-1.265877E-08 
 1.800001E+00 
-2.688897E-06 
-6.901211E-07 
-6.901138E-07 
-6.901220E-07 
-6.901200E-07 
-6.901059E-07 
 1.799997E+00 
 8.115300E-09 
 6.511157E-09 
 1.800000E+00 
 4.679538E-08 
 1.763011E-08 
 1.763244E-08 
 1.763454E-08 
 1.760694E-08 
 1.763071E-08 
 1.763017E-08 
 1.800000E+00 
-4.130578E-06 
-3.760162E-06 
-3.760161E-06 
 1.800006E+00 
-1.540289E-07 
-1.560835E-06 
-1.560837E-06 
-1.560835E-06 
-1.560835E-06 
 1.799999E+00 
-3.976189E-06 
-4.170251E-06 
-4.170259E-06 
-4.170251E-06 
 1.800000E+00 
-2.077465E-06 
 5.643952E-09 
 5.642919E-09 
 5.644344E-09 
 5.642803E-09 
 1.800000E+00 
 8.265504E-06 
 8.292178E-06 
 8.292178E-06 
 8.292188E-06 
 1.800002E+00 
 1.221142E-07 
 4.745276E-09 
 4.739505E-09 
 4.738716E-09 
 4.740270E-09 
 1.800000E+00 
-3.185606E-06 
-2.570112E-06 
-2.570115E-06 
-2.570112E-06 
-2.570112E-06 
 1.800000E+00 
 2.253621E-06 
 2.780735E-06 
 2.780731E-06 
 2.780736E-06 
 2.780692E-06 
 1.799999E+00 
-1.796538E-07 
-6.737068E-08 
-6.737767E-08 
-6.737496E-08 
 1.800000E+00 
-3.615615E-06 
-3.520128E-06 
-3.520129E-06 
-3.520126E-06 
-3.520126E-06 
-3.520126E-06 
 1.800002E+00 
-3.484137E-07 
-3.989958E-07 
-3.989968E-07 
-3.989973E-07 
 1.800000E+00 
-1.499305E-06 
 6.113421E-09 
 6.121607E-09 
 6.116583E-09 
 6.116326E-09 
 6.116490E-09 
 1.800000E+00 
 2.557317E-08 
 1.536654E-08 
 1.536430E-08 
 1.536693E-08 
 1.536688E-08 
 1.800000E+00 
 1.044345E-08 
 4.101660E-09 
 4.102846E-09 
 4.103261E-09 
 1.799999E+00 
-5.151849E-06 
-4.681275E-06 
-4.681276E-06 
-4.681276E-06 
-4.681276E-06 
-4.681274E-06 
-4.681276E-06 
 1.800000E+00 
-4.097705E-06 
-5.893113E-08 
-5.893146E-08 
-5.893555E-08 
 1.800001E+00 
-1.366866E-05 
 9.936516E-09 
 1.001339E-08 
 9.927972E-09 
 9.936676E-09 
 9.936839E-09 
 9.936734E-09 
 1.800001E+00 
 2.443375E-06 
 6.655097E-09 
 6.654723E-09 
 1.800000E+00 
 1.804550E-06 
 3.587906E-07 
 3.588050E-07 
 3.587913E-07 
 3.587922E-07 
 3.587896E-07 
 3.587771E-07 
 3.587907E-07 
 1.800000E+00 
 3.295229E-06 
 6.460132E-07 
 6.460163E-07 
 6.460138E-07 
 1.800000E+00 
-2.239721E-06 
-1.464832E-06 
-1.464834E-06 
-1.464834E-06 
-1.464832E-06 
-1.464834E-06 
-1.464835E-06 
 1.800000E+00 
 3.962727E-06 
 9.890985E-09 
 9.891291E-09 
 9.891613E-09 
 1.799999E+00 
 4.643478E-05 
-4.369485E-08 
-4.369360E-08 
-4.369014E-08 
-4.369763E-08 
-4.369539E-08 
-4.370067E-08 
-4.369693E-08 
 1.800000E+00 
 2.299892E-07 
-1.151749E-08 
-1.151634E-08 
-1.151577E-08 
 1.800002E+00 
 1.847600E-05 
 1.848237E-05 
 1.848237E-05 
 1.848237E-05 
 1.848237E-05 
 1.848238E-05 
 1.848237E-05 
 1.848237E-05 
 1.799999E+00 
 6.837984E-08 
 7.604224E-09 
 7.605800E-09 
 7.604344E-09 
 1.800000E+00 
 5.021665E-06 
 5.702246E-06 
 5.702243E-06 
 5.702244E-06 
 5.702245E-06 
 5.702244E-06 
 5.702244E-06 
 5.702244E-06 
 1.799999E+00 
-1.011045E-04 
 1.978720E-05 
 1.978720E-05 
 1.978720E-05 
 1.978720E-05 
 1.800000E+00 
-5.567642E-06 
-4.564410E-06 
-4.564410E-06 
-4.564411E-06 
-4.564410E-06 
-4.564408E-06 
-4.564410E-06 
-4.564410E-06 
 1.799998E+00 
-3.058582E-06 
-3.290794E-06 
-3.290789E-06 
-3.290791E-06 
 1.799998E+00 
 2.101090E-06 
-1.287438E-05 
-1.287438E-05 
-1.287438E-05 
-1.287438E-05 
-1.287438E-05 
-1.287437E-05 
-1.287438E-05 
-1.287438E-05 
 1.800000E+00 
-3.827236E-05 
 4.927193E-08 
 4.927297E-08 
 4.927225E-08 
 4.921756E-08 
 4.927219E-08 
 1.800003E+00 
-4.722456E-07 
-8.264106E-10 
-8.230296E-10 
-8.235720E-10 
-8.629701E-10 
-8.257611E-10 
 1.800000E+00 
 5.695394E-06 
 6.874353E-08 
 6.874454E-08 
 6.874741E-08 
 6.874791E-08 
 6.879484E-08 
 6.874425E-08 
 6.874988E-08 
 1.800002E+00 
-1.417139E-09 
-2.774432E-07 
-2.774419E-07 
-2.774392E-07 
-2.774433E-07 
 1.800000E+00 
 1.502968E-06 
 8.857294E-09 
 8.856516E-09 
 8.858543E-09 
 8.857961E-09 
 8.858092E-09 
 8.857281E-09 
 8.857340E-09 
 8.844592E-09 
 1.800000E+00 
-4.401343E-06 
-1.352566E-07 
-1.352567E-07 
-1.352572E-07 
-1.352571E-07 
-1.352577E-07 
 1.800000E+00 
-5.981210E-07 
-6.026232E-07 
-6.026252E-07 
-6.026212E-07 
-6.026240E-07 
-6.026234E-07 
-6.026234E-07 
-6.026234E-07 
 1.800000E+00 
 7.448626E-09 
 5.621549E-08 
 5.621943E-08 
 5.621952E-08 
 5.622273E-08 
 5.621954E-08 
 5.621908E-08 
 1.799999E+00 
 1.010870E-05 
 7.805298E-09 
 7.804981E-09 
 7.805130E-09 
 7.804542E-09 
 7.799025E-09 
 7.819015E-09 
 7.805369E-09 
 1.800000E+00 
 1.828608E-07 
 1.859273E-07 
 1.859264E-07 
 1.859194E-07 
 1.859278E-07 
 1.859304E-07 
 1.800000E+00 
 2.828141E-06 
-1.184254E-05 
-1.184254E-05 
-1.184253E-05 
-1.184255E-05 
-1.184254E-05 
-1.184253E-05 
-1.184259E-05 
-1.184253E-05 
-1.184254E-05 
 1.800000E+00 
-3.425177E-07 
-5.929750E-07 
-5.929832E-07 
-5.929754E-07 
-5.929751E-07 
 1.800000E+00 
 2.055692E-05 
 1.969457E-06 
 1.969457E-06 
 1.969457E-06 
 1.969456E-06 
 1.969457E-06 
 1.969459E-06 
 1.969453E-06 
 1.969458E-06 
 1.969456E-06 
 1.800000E+00 
 4.196209E-07 
-1.030640E-08 
-1.030806E-08 
-1.030670E-08 
-1.030657E-08 
-1.030652E-08 
-1.030670E-08 
 1.799998E+00 
-1.410059E-05 
-1.409608E-05 
-1.409608E-05 
-1.409607E-05 
-1.409608E-05 
-1.409608E-05 
-1.409608E-05 
-1.409608E-05 
 1.800000E+00 
-6.130172E-06 
 2.185688E-09 
 2.187075E-09 
 2.198517E-09 
 2.186704E-09 
 2.283681E-09 
 2.186852E-09 
 2.185107E-09 
 2.185132E-09 
 1.800000E+00 
 1.491587E-05 
 1.718042E-08 
 1.717483E-08 
 1.718027E-08 
 1.718053E-08 
 1.718028E-08 
 1.718086E-08 
 1.800002E+00 
-5.129136E-06 
-9.188556E-07 
-9.188498E-07 
-9.188563E-07 
-9.188068E-07 
-9.188559E-07 
-9.188562E-07 
-9.188562E-07 
-9.188562E-07 
 1.800000E+00 
-8.221207E-06 
 4.999469E-08 
 4.998121E-08 
 4.998310E-08 
 4.998270E-08 
 4.997878E-08 
 4.998271E-08 
 4.998241E-08 
 1.800003E+00 
 2.431544E-07 
 1.764274E-07 
 1.764280E-07 
 1.764278E-07 
 1.764267E-07 
 1.764247E-07 
 1.764274E-07 
 1.764266E-07 
 1.764258E-07 
 1.800000E+00 
-2.592353E-07 
 7.430450E-09 
 7.433558E-09 
 7.433568E-09 
 7.433082E-09 
 7.433654E-09 
 7.434672E-09 
 7.433653E-09 
 1.800000E+00 
 7.309079E-06 
 7.816489E-09 
 7.815848E-09 
 7.815914E-09 
 7.822046E-09 
 7.816291E-09 
 7.815147E-09 
 7.814986E-09 
 7.815155E-09 
 1.800000E+00 
-1.807921E-06 
-1.714273E-06 
-1.714275E-06 
-1.714277E-06 
-1.714277E-06 
-1.714271E-06 
-1.714222E-06 
-1.714275E-06 
 1.800000E+00 
 2.533591E-06 
 3.130520E-06 
 3.130519E-06 
 3.130518E-06 
 3.130628E-06 
 3.130520E-06 
 3.130513E-06 
 3.130520E-06 
 3.130521E-06 
 3.130519E-06 
 1.800000E+00 
-2.360255E-06 
-1.992025E-06 
-1.992024E-06 
-1.992024E-06 
-1.992027E-06 
-1.992024E-06 
-1.992024E-06 
 1.800000E+00 
 2.133443E-06 
-4.926873E-08 
-4.926274E-08 
-4.926009E-08 
-4.926137E-08 
-4.926275E-08 
-4.929635E-08 
-4.926279E-08 
-4.926136E-08 
-4.926445E-08 
-4.926044E-08 
 1.799999E+00 
-2.911273E-06 
 4.164357E-09 
 4.159494E-09 
 4.155286E-09 
 4.178002E-09 
 4.161624E-09 
 4.172150E-09 
 1.800000E+00 
 2.366205E-07 
 5.025439E-07 
 5.025466E-07 
 5.025485E-07 
 5.025444E-07 
 5.025442E-07 
 5.025444E-07 
 5.025443E-07 
 5.025446E-07 
 5.025442E-07 
 5.025444E-07 
 1.800000E+00 
-1.853513E-09 
-5.625537E-07 
-5.625531E-07 
-5.625538E-07 
-5.625488E-07 
-5.625519E-07 
-5.625560E-07 
 1.800000E+00 
-8.443600E-06 
 7.435283E-09 
 7.441665E-09 
 7.441067E-09 
 7.439762E-09 
 7.442435E-09 
 7.442773E-09 
 7.441604E-09 
 7.443118E-09 
 7.441633E-09 
 1.800000E+00 
 1.765692E-06 
 6.674277E-09 
 6.668185E-09 
 6.669156E-09 
 6.669154E-09 
 6.665873E-09 
 6.669226E-09 
 6.669011E-09 
 6.669137E-09 
 1.799998E+00 
 1.173607E-06 
 2.265580E-06 
 2.265577E-06 
 2.265578E-06 
 2.265577E-06 
 2.265577E-06 
 2.265577E-06 
 2.265578E-06 
 2.265577E-06 
 1.800000E+00 
-1.457161E-07 
 9.819014E-08 
 9.818836E-08 
 9.818873E-08 
 9.818794E-08 
 9.818828E-08 
 9.818806E-08 
 9.818811E-08 
 9.818505E-08 
 1.800000E+00 
 4.858429E-05 
-1.156481E-07 
-1.156465E-07 
-1.156462E-07 
-1.156459E-07 
-1.156462E-07 
-1.156463E-07 
-1.156461E-07 
-1.156452E-07 
-1.156426E-07 
 1.800000E+00 
-1.064482E-06 
-2.894547E-07 
-2.894566E-07 
-2.894568E-07 
-2.894573E-07 
-2.894560E-07 
-2.894521E-07 
 1.800002E+00 
-4.890598E-07 
 8.943970E-09 
 8.960185E-09 
 8.944657E-09 
 8.942190E-09 
 8.924053E-09 
 8.940493E-09 
 8.952076E-09 
 8.942722E-09 
 8.944257E-09 
 8.945911E-09 
 1.800000E+00 
 1.177793E-06 
 1.461016E-06 
 1.461015E-06 
 1.461018E-06 
 1.461014E-06 
 1.461016E-06 
 1.461015E-06 
 1.461024E-06 
 1.800002E+00 
 1.725216E-06 
 1.541918E-06 
 1.541907E-06 
 1.541907E-06 
 1.541904E-06 
 1.541907E-06 
 1.541908E-06 
 1.541900E-06 
 1.541907E-06 
 1.541907E-06 
 1.800001E+00 
-5.347407E-07 
-3.409174E-07 
-3.409445E-07 
-3.409446E-07 
-3.409445E-07 
-3.409447E-07 
-3.409450E-07 
 1.800000E+00 
 1.506059E-07 
-2.504786E-08 
-2.506120E-08 
-2.504461E-08 
-2.504616E-08 
-2.504621E-08 
-2.504629E-08 
-2.504601E-08 
-2.504606E-08 
-2.504666E-08 
-2.504634E-08 
-2.504698E-08 
 1.800000E+00 
 9.704146E-09 
 6.590588E-10 
 6.591629E-10 
 6.588984E-10 
 6.593101E-10 
 1.800000E+00 
-4.896397E-07 
 8.289200E-09 
 8.288670E-09 
 8.233036E-09 
 8.289700E-09 
 8.290143E-09 
 8.289313E-09 
 8.289840E-09 
 8.350435E-09 
 8.289220E-09 
 8.289383E-09 
 8.289411E-09 
 8.288980E-09 
 1.800000E+00 
-2.956512E-07 
 5.103930E-09 
 5.104806E-09 
 5.104534E-09 
 1.800000E+00 
-1.362787E-05 
 2.274613E-06 
 2.274621E-06 
 2.274612E-06 
 2.274613E-06 
 2.274613E-06 
 2.274613E-06 
 2.274459E-06 
 2.274613E-06 
 2.274613E-06 
 2.274613E-06 
 2.274613E-06 
 2.274614E-06 
 2.274618E-06 
 1.800000E+00 
-6.962164E-08 
 4.088870E-08 
 4.088821E-08 
 4.088822E-08 
 1.800000E+00 
 3.791186E-06 
 1.026935E-08 
 1.026893E-08 
 1.026662E-08 
 1.027237E-08 
 1.026931E-08 
 1.026837E-08 
 1.026916E-08 
 1.026954E-08 
 1.027044E-08 
 1.027141E-08 
 1.026980E-08 
 1.800000E+00 
 4.340326E-08 
 6.191704E-09 
 6.189705E-09 
 6.200160E-09 
 6.189725E-09 
 6.189380E-09 
 1.800000E+00 
-1.628120E-06 
 6.701493E-09 
 6.710644E-09 
 6.703814E-09 
 6.699470E-09 
 6.704259E-09 
 6.704237E-09 
 6.704243E-09 
 6.702730E-09 
 6.704080E-09 
 1.800000E+00 
 2.890945E-06 
-2.002582E-08 
-2.003137E-08 
-2.003100E-08 
-2.003068E-08 
-2.003059E-08 
-2.002840E-08 
 1.800000E+00 
-1.658292E-06 
-2.508110E-07 
-2.508232E-07 
-2.508108E-07 
-2.508106E-07 
-2.508107E-07 
-2.508108E-07 
-2.508115E-07 
-2.508213E-07 
-2.508092E-07 
 1.800000E+00 
-5.118948E-07 
-4.847879E-07 
-4.847879E-07 
-4.847881E-07 
-4.847880E-07 
-4.847879E-07 
 1.800000E+00 
-2.880416E-06 
 8.687998E-09 
 8.688512E-09 
 8.687794E-09 
 8.688737E-09 
 8.687828E-09 
 8.689594E-09 
 8.695788E-09 
 8.687999E-09 
 8.687967E-09 
 1.800000E+00 
 2.279026E-05 
 1.208846E-06 
 1.208843E-06 
 1.208846E-06 
 1.208846E-06 
 1.800000E+00 
 4.457916E-06 
 5.469504E-06 
 5.469503E-06 
 5.469504E-06 
 5.469503E-06 
 5.469503E-06 
 5.469506E-06 
 5.469503E-06 
 5.469503E-06 
 5.469503E-06 
 5.469500E-06 
 5.469504E-06 
 1.800000E+00 
 9.629197E-09 
 7.037260E-09 
 7.037033E-09 
 1.800000E+00 
 1.306602E-07 
 5.433976E-10 
 5.299882E-10 
 5.444439E-10 
 5.389472E-10 
 5.453056E-10 
 5.466364E-10 
 5.494822E-10 
 5.452454E-10 
 5.453399E-10 
 5.482005E-10 
 5.481808E-10 
 1.800000E+00 
 3.987592E-06 
 7.632195E-09 
 7.631948E-09 
 7.628315E-09 
 7.632985E-09 
 1.800000E+00 
 2.882769E-06 
-1.110291E-05 
-1.110291E-05 
-1.110291E-05 
-1.110291E-05 
-1.110291E-05 
-1.110291E-05 
-1.110291E-05 
-1.110291E-05 
 1.800000E+00 
-1.391530E-05 
 2.902749E-08 
 2.902880E-08 
 2.903111E-08 
 2.902892E-08 
 1.800000E+00 
-2.442764E-07 
-1.229674E-05 
-1.229674E-05 
-1.229681E-05 
-1.229674E-05 
-1.229674E-05 
-1.229673E-05 
-1.229673E-05 
-1.229674E-05 
-1.229674E-05 
 1.800000E+00 
-2.471106E-05 
-2.485749E-05 
-2.485757E-05 
-2.485748E-05 
-2.485748E-05 
 1.800000E+00 
 6.133716E-05 
-2.462790E-07 
-2.462850E-07 
-2.462724E-07 
-2.462640E-07 
-2.462727E-07 
-2.462729E-07 
-2.462724E-07 
-2.462718E-07 
 1.800000E+00 
 1.612642E-06 
 1.961104E-06 
 1.961113E-06 
 1.961113E-06 
 1.961133E-06 
 1.800000E+00 
 6.753931E-07 
 8.457081E-07 
 8.457110E-07 
 8.457083E-07 
 8.457067E-07 
 8.457095E-07 
 8.457081E-07 
 8.457085E-07 
 1.800000E+00 
-6.500724E-08 
-1.410750E-07 
-1.410765E-07 
-1.410768E-07 
-1.410769E-07 
-1.410762E-07 
 1.800000E+00 
 5.411011E-08 
 6.164100E-09 
 6.160584E-09 
 6.161902E-09 
 6.175020E-09 
 6.160445E-09 
 6.160323E-09 
 6.160945E-09 
 1.799998E+00 
-2.490679E-06 
-2.796499E-06 
-2.796477E-06 
-2.796519E-06 
-2.796500E-06 
 1.800000E+00 
 2.973318E-06 
 2.963892E-06 
 2.963894E-06 
 2.963894E-06 
 2.963894E-06 
 2.963894E-06 
 2.963894E-06 
 1.800000E+00 
 1.247903E-06 
 6.636643E-09 
 6.641407E-09 
 6.647063E-09 
 6.639769E-09 
 6.641870E-09 
 6.639686E-09 
 1.800000E+00 
-1.103350E-06 
-1.416815E-06 
-1.416815E-06 
-1.416816E-06 
-1.416815E-06 
-1.416815E-06 
 1.800000E+00 
-1.967361E-07 
 7.748690E-08 
 7.749660E-08 
 7.749602E-08 
 7.749699E-08 
 1.800000E+00 
 2.252824E-07 
 3.856759E-09 
 3.855990E-09 
 3.856832E-09 
 3.861159E-09 
 3.855753E-09 
 3.861302E-09 
 3.857032E-09 
 1.800000E+00 
 7.773644E-06 
-1.912209E-08 
-1.912370E-08 
-1.912371E-08 
-1.912279E-08 
 1.800000E+00 
 5.462384E-05 
 7.839342E-08 
 7.839165E-08 
 7.839223E-08 
 7.839173E-08 
 7.839230E-08 
 1.800000E+00 
 5.081367E-08 
-2.069082E-08 
-2.069410E-08 
-2.069231E-08 
-2.069182E-08 
-2.069245E-08 
 1.800000E+00 
 8.041209E-06 
 1.386697E-07 
 1.386691E-07 
 1.386731E-07 
 1.386691E-07 
 1.386693E-07 
 1.800000E+00 
-1.146010E-06 
 3.375454E-09 
 3.375591E-09 
 3.373334E-09 
 3.375250E-09 
 3.316179E-09 
 1.800000E+00 
 6.089205E-06 
 5.107839E-06 
 5.107842E-06 
 5.107839E-06 
 5.107836E-06 
 1.800000E+00 
 3.857862E-06 
-6.000799E-08 
-6.000074E-08 
-6.000105E-08 
-6.000129E-08 
 1.800000E+00 
 2.787298E-07 
 3.021909E-08 
 3.021931E-08 
 3.021910E-08 
 3.021790E-08 
 3.020820E-08 
 3.021866E-08 
 1.800000E+00 
 1.159375E-06 
 8.661084E-07 
 8.661102E-07 
 8.661106E-07 
 1.800000E+00 
 2.220102E-06 
-1.543520E-08 
-1.541277E-08 
-1.541365E-08 
-1.541317E-08 
-1.541369E-08 
-1.541222E-08 
 1.800000E+00 
-4.289289E-09 
-2.936644E-08 
-2.936181E-08 
 1.800000E+00 
-1.013216E-06 
 1.682559E-08 
 1.682657E-08 
 1.682573E-08 
 1.682587E-08 
 1.682502E-08 
 1.682780E-08 
 1.800000E+00 
 3.937447E-06 
-9.716986E-06 
-9.716985E-06 
-9.716984E-06 
-9.716979E-06 
 1.799997E+00 
 8.202470E-07 
 4.337241E-07 
 4.337250E-07 
 4.337252E-07 
 1.800000E+00 
 1.199422E-05 
 3.806805E-07 
 3.806961E-07 
 3.806802E-07 
 3.806804E-07 
 3.806806E-07 
 1.800000E+00 
 7.752516E-08 
 1.359208E-08 
 1.359273E-08 
 1.359084E-08 
 1.800001E+00 
 3.717704E-06 
 4.984153E-06 
 4.984161E-06 
 4.984154E-06 
 4.984155E-06 
 4.984154E-06 
 1.800000E+00 
-3.278888E-07 
-8.742742E-09 
-8.737931E-09 
-8.743165E-09 
 1.800000E+00 
-1.310322E-06 
 1.031254E-08 
 1.031585E-08 
 1.031518E-08 
 1.031545E-08 
 1.800000E+00 
-5.466962E-06 
-4.619882E-06 
-4.619882E-06 
-4.619882E-06 
-4.619883E-06 
 1.800000E+00 
 4.601614E-07 
 3.218512E-07 
 3.218533E-07 
 3.218532E-07 
 1.800000E+00 
 2.301377E-06 
 3.083487E-06 
 3.083490E-06 
 3.083484E-06 
 3.083489E-06 
 1.800000E+00 
-7.980898E-06 
 6.599680E-08 
 6.599564E-08 
 6.599313E-08 
 1.800000E+00 
 3.752078E-06 
 5.101604E-06 
 5.101602E-06 
 5.101606E-06 
 5.101607E-06 
 5.101607E-06 
 1.800000E+00 
 2.631844E-08 
 7.508416E-09 
 1.800001E+00 
-2.126578E-06 
 6.004176E-09 
 6.004846E-09 
 6.002738E-09 
 6.004295E-09 
 6.004294E-09 
 6.004198E-09 
 1.800000E+00 
 1.108941E-07 
 4.915293E-09 
 1.800000E+00 
-1.000797E-05 
-1.045903E-05 
-1.045904E-05 
-1.045903E-05 
-1.045903E-05 
-1.045903E-05 
 1.800000E+00 
-4.293271E-07 
 5.828620E-09 
 5.823673E-09 
 1.800000E+00 
-1.386435E-09 
 3.045032E-08 
 3.045130E-08 
 3.044955E-08 
 3.041748E-08 
 1.800000E+00 
 5.645323E-07 
 2.452972E-09 
 2.455420E-09 
 1.799999E+00 
 4.419602E-05 
 5.960742E-08 
 5.960076E-08 
 5.960856E-08 
 5.960877E-08 
 1.800000E+00 
-2.516977E-06 
-2.511194E-06 
-2.511195E-06 
-2.511193E-06 
 1.800000E+00 
-3.209674E-08 
 1.002125E-09 
 1.010424E-09 
 1.006192E-09 
 1.800008E+00 
 1.632295E-08 
 9.313587E-09 
 9.314240E-09 
 9.317626E-09 
 1.800000E+00 
-6.224671E-07 
-3.306979E-07 
-3.307022E-07 
 1.800000E+00 
-1.600872E-06 
 9.216450E-09 
 9.215737E-09 
 9.215807E-09 
 9.216152E-09 
 1.800000E+00 
 1.904133E-06 
-2.051377E-08 
-2.051421E-08 
 1.800000E+00 
 1.288093E-06 
 5.676349E-09 
 5.688577E-09 
 5.676854E-09 
 1.800000E+00 
 1.894913E-07 
 1.938798E-07 
 1.938862E-07 
 1.938904E-07 
 1.800000E+00 
-4.509054E-06 
-4.586039E-06 
-4.586042E-06 
-4.586042E-06 
 1.800000E+00 
-1.227170E-06 
-1.387951E-06 
 1.800000E+00 
 2.632686E-08 
 2.649988E-08 
 2.651215E-08 
 2.650102E-08 
 2.649918E-08 
 2.649839E-08 
 1.800000E+00 
 2.451201E-07 
 1.800000E+00 
-3.975167E-05 
-7.663808E-07 
-7.663746E-07 
-7.663808E-07 
-7.663804E-07 
-7.663822E-07 
 1.800000E+00 
-6.344113E-06 
-1.005506E-07 
 1.800000E+00 
 1.392223E-06 
 8.389027E-09 
 8.388808E-09 
 8.389766E-09 
 1.800001E+00 
 1.124741E-05 
 1.091254E-05 
 1.091254E-05 
 1.800000E+00 
 6.677397E-06 
-9.507053E-06 
-9.507058E-06 
-9.507052E-06 
 1.800000E+00 
 1.781826E-07 
 1.758538E-07 
 1.759311E-07 
 1.800002E+00 
-4.829769E-07 
-1.266887E-07 
-1.266884E-07 
 1.800000E+00 
 3.544444E-05 
-9.533552E-06 
-9.533556E-06 
-9.533552E-06 
 1.800000E+00 
-1.064072E-06 
 6.567411E-10 
 6.561051E-10 
 1.800000E+00 
 1.011982E-05 
 4.070796E-08 
 4.070815E-08 
 1.800000E+00 
 6.983458E-06 
 2.115661E-08 
 2.110910E-08 
 2.110546E-08 
 1.800000E+00 
-1.070336E-07 
-8.910669E-08 
 1.800000E+00 
 3.916970E-05 
 5.009504E-06 
 5.009502E-06 
 5.009503E-06 
 1.800000E+00 
-3.672910E-07 
 8.929325E-09 
 8.930662E-09 
 1.800002E+00 
-1.294750E-05 
 9.641378E-06 
 9.641385E-06 
 1.800000E+00 
 6.262060E-07 
 6.304065E-07 
 6.304072E-07 
 1.800000E+00 
-1.094822E-06 
-1.950974E-09 
-1.950203E-09 
 1.800000E+00 
-3.609646E-07 
-4.482298E-08 
-4.483112E-08 
 1.800001E+00 
 5.815016E-07 
-9.322919E-11 
-9.564728E-11 
-7.026802E-11 
 1.800000E+00 
-1.615673E-07 
 1.800000E+00 
-2.100809E-07 
-2.359691E-07 
-2.359615E-07 
-2.359548E-07 
-2.359684E-07 
 1.800000E+00 
 3.054308E-08 
 1.800000E+00 
-3.017234E-07 
-2.751173E-07 
-2.750931E-07 
-2.751172E-07 
 1.800005E+00 
 3.866745E-06 
 3.520120E-06 
 3.520133E-06 
 1.800000E+00 
 6.375930E-08 
 6.541545E-08 
 1.800000E+00 
 1.065921E-08 
 1.765047E-08 
 1.765161E-08 
 1.800000E+00 
-2.199550E-07 
 8.378290E-09 
 8.378681E-09 
 1.800000E+00 
-5.518903E-07 
 4.244591E-09 
 4.243755E-09 
 1.800000E+00 
-1.656407E-05 
-1.598550E-05 
-1.598549E-05 
 1.799999E+00 
 1.756841E-06 
 5.958702E-09 
 1.800000E+00 
-1.008544E-06 
 3.338619E-08 
 3.338705E-08 
 1.800000E+00 
-7.950795E-08 
-1.227562E-08 
 1.800000E+00 
 1.630302E-06 
 6.785990E-09 
 6.785314E-09 
 6.784728E-09 
 1.800000E+00 
-2.790743E-06 
 1.800000E+00 
 3.956271E-05 
-4.155962E-07 
-4.155884E-07 
-4.155978E-07 
 1.800000E+00 
 5.316009E-07 
-2.271180E-07 
 1.800000E+00 
 1.436200E-09 
-4.905156E-09 
-4.904162E-09 
 1.800000E+00 
 6.020420E-09 
 7.340390E-09 
 1.800000E+00 
-1.668314E-05 
-5.138229E-07 
 1.800000E+00 
-5.246429E-09 
 5.398301E-09 
 5.399278E-09 
 5.415204E-09 
 1.800000E+00 
-8.024342E-06 
 1.800000E+00 
 5.423810E-06 
 6.829070E-09 
 6.829883E-09 
 6.829293E-09 
 1.800000E+00 
-2.700490E-07 
 1.800000E+00 
 4.040651E-06 
 9.959977E-09 
 9.960438E-09 
 1.800000E+00 
-1.256443E-05 
 6.795195E-09 
 6.800582E-09 
 1.800000E+00 
 4.195407E-06 
 1.800000E+00 
-2.670889E-06 
-3.362877E-06 
-3.362878E-06 
-3.362877E-06 
 1.800000E+00 
 2.296805E-08 
 1.800000E+00 
-3.526801E-07 
-3.894189E-07 
-3.894165E-07 
 1.800000E+00 
 2.475066E-07 
-9.385281E-08 
 1.800000E+00 
-7.539410E-05 
 6.916012E-07 
 6.916026E-07 
 1.800000E+00 
-5.700426E-07 
 1.800000E+00 
-2.638141E-06 
-2.630088E-06 
-2.630082E-06 
-2.630087E-06 
 1.800001E+00 
 1.800000E+00 
 4.267747E-08 
 4.270841E-08 
 4.270701E-08 
 4.270853E-08 
 4.272739E-08 
 1.800000E+00 
 1.800000E+00 
-1.080286E-08 
 5.417741E-09 
 5.414536E-09 
 1.800000E+00 
 8.095419E-06 
 7.959709E-06 
 1.799999E+00 
-9.335585E-06 
 3.065377E-07 
 3.065376E-07 
 1.799999E+00 
-5.462426E-07 
 1.800001E+00 
-5.780076E-06 
 1.013154E-08 
 1.013255E-08 
 1.800002E+00 
 6.619767E-08 
 1.800000E+00 
 6.864540E-10 
-6.759236E-09 
-6.762817E-09 
-6.761067E-09 
 1.800000E+00 
 1.800000E+00 
-2.505712E-07 
 3.268351E-09 
 3.264123E-09 
 3.264322E-09 
 1.799999E+00 
 1.800000E+00 
-2.026259E-07 
-1.285157E-07 
-1.285155E-07 
-1.285159E-07 
 1.800000E+00 
 1.779334E-08 
 1.799999E+00 
-2.618614E-07 
 2.341584E-09 
 2.414695E-09 
 1.800000E+00 
 1.799998E+00 
 1.228501E-05 
 8.702129E-09 
 8.688740E-09 
 8.690717E-09 
 1.800000E+00 
-3.601531E-07 
 1.800001E+00 
 3.126791E-05 
-8.650612E-08 
-8.650616E-08 
 1.800000E+00 
-1.911614E-08 
 1.800000E+00 
-1.648606E-08 
 1.141674E-08 
 1.800000E+00 
 3.698995E-07 
 4.475624E-07 
 1.800003E+00 
 1.900255E-06 
 8.768068E-09 
 8.767547E-09 
 1.800000E+00 
 1.800000E+00 
 4.035476E-07 
 3.128533E-08 
 3.129522E-08 
 1.800004E+00 
 1.534855E-07 
 4.011062E-07 
 1.800000E+00 
 4.403772E-07 
 8.665714E-09 
 1.800001E+00 
 6.646795E-07 
 1.800000E+00 
 8.356315E-07 
 3.625336E-09 
 3.625425E-09 
 1.800000E+00 
-2.083597E-08 
 1.800000E+00 
-3.931986E-06 
-2.152692E-08 
 1.800000E+00 
 2.764705E-06 
 1.047754E-08 
 1.800000E+00 
 8.965950E-09 
 1.800000E+00 
 2.999775E-05 
-9.142506E-07 
-9.142479E-07 
 1.800000E+00 
 6.667686E-07 
 1.800000E+00 
 2.783161E-06 
-8.878737E-06 
-8.878740E-06 
 1.800000E+00 
 1.800000E+00 
-1.067514E-06 
-4.865396E-07 
-4.865397E-07 
 1.799999E+00 
-2.593021E-05 
 1.800002E+00 
 7.813224E-07 
-8.099811E-09 
 1.800000E+00 
 2.853183E-09 
 1.348596E-08 
 1.800000E+00 
-2.605357E-07 
-1.756780E-07 
 1.799998E+00 
 1.800000E+00 
 2.642653E-06 
 9.577031E-09 
 9.575828E-09 
 9.577560E-09 
 1.800000E+00 
 1.800000E+00 
-2.122921E-08 
-5.390640E-08 
-5.390860E-08 
 1.800000E+00 
 1.800000E+00 
-3.204085E-06 
-3.021725E-06 
-3.021725E-06 
 1.800000E+00 
-2.562085E-06 
 1.799998E+00 
 2.111479E-08 
 7.055420E-08 
 1.800000E+00 
-1.078298E-07 
 9.044476E-07 
 1.800000E+00 
 1.800000E+00 
-2.474756E-07 
 6.819710E-09 
 6.819168E-09 
 6.820114E-09 
 1.800000E+00 
 1.800000E+00 
-1.061724E-06 
-1.063663E-06 
 1.800000E+00 
 7.560625E-09 
 1.800000E+00 
-2.208696E-07 
-1.360195E-07 
 1.800000E+00 
 5.974128E-06 
 6.740216E-06 
 1.800000E+00 
-6.336016E-07 
 1.799999E+00 
 3.121654E-06 
 3.419836E-06 
 1.800000E+00 
-1.270348E-06 
 1.800000E+00 
 4.875845E-07 
 6.570995E-09 
 1.800000E+00 
 2.294739E-06 
 1.800000E+00 
 7.085763E-08 
 3.080261E-09 
 1.800000E+00 
-1.687250E-07 
 1.800000E+00 
 3.580374E-08 
 6.233699E-07 
 1.800001E+00 
-5.509765E-06 
 6.246250E-08 
 1.800000E+00 
 1.800001E+00 
 1.504284E-05 
 1.438625E-10 
 1.385061E-10 
 1.800000E+00 
 1.800000E+00 
-6.615795E-08 
 2.162369E-08 
 2.162289E-08 
 1.800001E+00 
 1.800000E+00 
 5.538031E-07 
-5.003917E-09 
 1.800000E+00 
-6.498937E-07 
 7.992768E-11 
 1.800000E+00 
-3.250645E-06 
 1.800008E+00 
 2.655306E-09 
 1.800000E+00 
 4.006968E-08 
 1.035929E-08 
 1.800001E+00 
-3.621039E-07 
 1.800000E+00 
 1.268389E-07 
 1.103870E-07 
 1.800000E+00 
 1.800000E+00 
 1.040281E-05 
 9.984297E-06 
 9.984293E-06 
 1.800000E+00 
-5.220960E-08 
 1.800000E+00 
 7.188500E-06 
 1.800000E+00 
 6.640302E-07 
 1.800000E+00 
 5.535865E-09 
 5.811963E-09 
 1.800000E+00 
 2.015829E-06 
 1.800001E+00 
-1.262071E-07 
-3.805358E-08 
 1.800000E+00 
 8.723373E-09 
 1.799999E+00 
-1.746811E-08 
 1.800001E+00 
-5.783532E-08 
 1.800000E+00 
 4.072024E-06 
-6.745431E-08 
 1.800000E+00 
 3.690441E-08 
 1.800000E+00 
 9.753862E-06 
-4.032178E-07 
 1.800000E+00 
 1.800000E+00 
-1.017404E-05 
-1.091331E-06 
 1.800000E+00 
-3.253546E-05 
-5.612734E-06 
 1.800000E+00 
 1.800000E+00 
-7.494415E-08 
-3.801279E-10 
 1.800000E+00 
 1.476556E-07 
 1.800000E+00 
-1.361271E-07 
 1.800000E+00 
 5.199924E-08 
 6.410043E-08 
 1.800000E+00 
-1.659874E-07 
 1.799999E+00 
 4.284746E-07 
 1.800001E+00 
 2.158657E-08 
 1.800000E+00 
 2.133311E-06 
-2.764662E-09 
 1.800000E+00 
 1.800000E+00 
-5.786765E-07 
-5.760238E-07 
-5.760144E-07 
 1.800000E+00 
 1.800000E+00 
 1.553174E-08 
 1.799998E+00 
 6.347839E-07 
 2.103839E-08 
 1.800000E+00 
 1.800000E+00 
 9.969242E-07 
 4.578321E-09 
 1.800001E+00 
 2.412341E-08 
-4.307947E-09 
 1.800001E+00 
 1.799998E+00 
-2.374787E-08 
 1.800000E+00 
-1.575420E-06 
-2.326233E-06 
 1.799999E+00 
 2.200392E-08 
 1.800000E+00 
 2.967022E-07 
 1.800000E+00 
-2.546167E-08 
 1.800000E+00 
 2.012653E-07 
 1.800000E+00 
-2.505219E-07 
 6.713824E-09 
 1.800000E+00 
 1.800002E+00 
-1.634997E-07 
 1.017351E-08 
 1.800000E+00 
 1.800000E+00 
-1.136695E-08 
 7.656389E-09 
 1.800002E+00 
-1.310899E-07 
 1.800000E+00 
-3.500686E-06 
-4.890569E-06 
 1.800007E+00 
 1.800007E+00 
 3.136738E-07 
 1.800000E+00 
-2.301379E-07 
 1.800000E+00 
 3.356726E-06 
 3.349743E-06 
 1.800000E+00 
 1.800000E+00 
 5.793977E-05 
 5.815945E-08 
 1.800000E+00 
 7.756495E-09 
 1.800000E+00 
 1.248256E-05 
 1.800000E+00 
 1.800002E+00 
 2.047297E-07 
 8.334062E-09 
 8.328507E-09 
 1.800001E+00 
 1.800000E+00 
 1.800000E+00 
-3.874031E-06 
-3.122929E-06 
-3.122930E-06 
 1.800000E+00 
 1.800000E+00 
 3.426250E-08 
 1.800000E+00 
-1.907584E-08 
 1.800000E+00 
 1.146474E-08 
 1.800000E+00 
 1.011680E-06 
 1.800000E+00 
 1.707460E-06 
 6.646639E-09 
 1.800000E+00 
 1.799999E+00 
-3.116961E-06 
 1.800000E+00 
-1.412355E-07 
 1.800000E+00 
-2.921164E-05 
-3.131698E-05 
 1.800001E+00 
 1.799999E+00 
-6.145449E-07 
 1.800000E+00 
 8.500459E-07 
 1.800000E+00 
 6.904788E-06 
 5.811975E-06 
 1.800000E+00 
 1.800000E+00 
 2.826329E-08 
 1.800000E+00 
-2.145551E-07 
 1.800002E+00 
-5.342549E-08 
 1.800000E+00 
 9.657568E-08 
 1.800000E+00 
-9.595686E-07 
 1.800000E+00 
-2.203325E-07 
 1.800001E+00 
-7.781853E-07 
 1.800000E+00 
 1.372383E-06 
 1.800000E+00 
 1.131007E-07 
 1.800000E+00 
-3.107895E-07 
 1.800000E+00 
 1.799999E+00 
-3.399213E-07 
 2.277787E-07 
 1.800000E+00 
 1.690840E-08 
 1.800000E+00 
 1.800000E+00 
 2.924581E-06 
 2.897472E-06 
 1.800000E+00 
 1.800017E+00 
 1.246569E-06 
 1.800000E+00 
 2.576132E-06 
 1.800000E+00 
-6.068266E-07 
 1.800000E+00 
-5.978342E-07 
 1.800000E+00 
-8.172333E-06 
 1.800003E+00 
-2.077859E-06 
 1.800000E+00 
 1.800000E+00 
 3.309731E-06 
 1.405632E-05 
 1.800000E+00 
 1.800000E+00 
-4.737166E-05 
 5.587604E-08 
 1.800000E+00 
 1.800000E+00 
-1.916420E-08 
 1.800000E+00 
 1.232592E-07 
 1.800000E+00 
 1.800000E+00 
-4.960257E-06 
-4.662570E-06 
 1.800000E+00 
-7.020343E-08 
 1.800002E+00 
 1.800000E+00 
-4.630761E-06 
 1.799999E+00 
-1.728786E-08 
 1.800000E+00 
 7.319146E-08 
 1.800000E+00 
 1.036175E-08 
 1.799998E+00 
 1.799999E+00 
-4.042017E-09 
 8.844813E-09 
 1.800000E+00 
 1.800000E+00 
 8.347012E-08 
 1.800002E+00 
 1.120538E-07 
 1.800000E+00 
 1.800002E+00 
 3.268674E-07 
 3.067804E-07 
 1.799999E+00 
 1.800002E+00 
-6.287223E-05 
 1.800000E+00 
-1.052822E-05 
 1.800000E+00 
-2.556005E-07 
 1.800000E+00 
 1.638543E-08 
 1.800000E+00 
 1.800000E+00 
-7.008511E-09 
 1.800000E+00 
 1.556721E-07 
 1.800000E+00 
 6.443890E-09 
 1.800000E+00 
 1.800000E+00 
 1.710282E-07 
-1.435546E-08 
 1.800000E+00 
 1.800000E+00 
 1.800000E+00 
 1.827260E-06 
 1.810247E-06 
 1.800000E+00 
-6.226527E-06 
 1.800005E+00 
 1.800000E+00 
 1.094164E-08 
 1.800001E+00 
 1.800000E+00 
-1.547521E-06 
-7.941093E-08 
 1.800000E+00 
 1.800000E+00 
-6.089232E-06 
 1.800000E+00 
-1.051081E-07 
 1.799997E+00 
 1.800001E+00 
 6.815917E-07 
 8.209323E-07 
 1.800002E+00 
 1.800002E+00 
 1.800000E+00 
-3.496358E-07 
-7.902780E-07 
 1.800000E+00 
 1.799999E+00 
 9.048417E-09 
 1.800000E+00 
 1.800000E+00 
 1.416777E-05 
-2.487033E-05 
 1.800000E+00 
 1.800000E+00 
-1.041068E-08 
 1.800001E+00 
 1.800001E+00 
 1.240268E-06 
 1.800000E+00 
-1.307752E-05 
 1.800000E+00 
 2.406506E-06 
 1.800000E+00 
 1.800000E+00 
 9.557075E-09 
 1.425481E-08 
 1.800000E+00 
 1.800000E+00 
 1.800000E+00 
-1.420422E-06 
 1.800000E+00 
 3.140813E-07 
 1.800000E+00 
 1.800000E+00 
-6.091812E-09 
-1.265350E-08 
 1.800000E+00 
 1.800000E+00 
 1.800000E+00 
-3.094497E-05 
-2.657219E-06 
 1.800001E+00 
 1.800000E+00 
 1.800000E+00 
 6.573313E-07 
 2.818114E-08 
 1.800000E+00 
 1.800000E+00 
 1.799999E+00 
 3.544405E-07 
 1.668595E-08 
 1.800000E+00 
 1.800000E+00 
 1.799999E+00 
 6.545206E-06 
 6.548632E-06 
 1.800000E+00 
 1.800000E+00 
 1.800000E+00 
-9.407602E-06 
-2.957352E-05 
 1.799997E+00 
 1.800000E+00 
 1.800000E+00 
 7.904949E-06 
 5.497870E-09 
 1.800000E+00 
 1.800000E+00 
 1.800000E+00 
-6.494030E-08 
 1.800000E+00 
-2.429023E-07 
 1.800000E+00 
 1.800000E+00 
 7.758337E-08 
-3.381896E-09 
 1.800000E+00 
 1.800000E+00 
 1.800000E+00 
 1.800000E+00 
-4.604948E-06 
-4.276710E-06 
 1.800000E+00 
 1.800000E+00 
-9.001163E-05 
 1.800000E+00 
-1.125088E-07 
 1.800000E+00 
 1.800000E+00 
 1.800000E+00 
 7.636980E-08 
 1.011807E-07 
 1.799998E+00 
 1.799998E+00 
 1.800000E+00 
 6.036453E-09 
 1.800000E+00 
 1.751971E-06 
 1.800005E+00 
 1.800000E+00 
-4.588347E-06 
 1.799998E+00 
 5.345905E-07 
 1.799996E+00 
 1.800000E+00 
 1.201270E-08 
 1.800001E+00 
 1.800000E+00 
-6.486791E-08 
 1.799998E+00 
 1.800000E+00 
 1.315273E-07 
 1.800000E+00 
 1.638434E-08 
 1.800000E+00 
 1.800000E+00 
-4.341032E-08 
 1.800000E+00 
 1.800000E+00 
 6.055619E-07 
 1.800000E+00 
 3.531091E-06 
 1.800003E+00 
 1.800000E+00 
 1.800000E+00 
 4.073712E-07 
 4.330653E-07 
 1.800000E+00 
 1.800000E+00 
 1.799999E+00 
-1.033718E-06 
 1.800000E+00 
 1.800000E+00 
 4.110849E-05 
 1.800000E+00 
 9.603953E-07 
 1.800000E+00 
 1.800000E+00 
 5.531684E-09 
 1.800000E+00 
 1.800000E+00 
 1.800002E+00 
-1.362047E-07 
-8.355046E-10 
 1.800000E+00 
 1.799999E+00 
 1.800000E+00 
-6.776936E-08 
 1.800002E+00 
 1.800000E+00 
-6.355090E-08 
 1.055730E-08 
 1.800000E+00 
 1.800000E+00 
 1.800000E+00 
 1.800000E+00 
-2.698869E-05 
 1.800002E+00 
 1.800000E+00 
-2.983656E-05 
-2.964756E-05 
 1.800000E+00 
 1.800000E+00 
 1.800000E+00 
 1.800000E+00 
 1.568630E-07 
 4.526727E-09 
 1.800000E+00 
 1.800000E+00 
 1.800000E+00 
 1.800001E+00 
-7.065404E-06 
-6.696771E-06 
 1.800001E+00 
 1.800001E+00 
 1.800001E+00 
 3.817802E-06 
 1.800000E+00 
 1.800000E+00 
-2.826262E-07 
 1.800000E+00 
 8.118410E-09 
 1.800000E+00 
 1.800000E+00 
 1.800000E+00 
 1.800000E+00 
-8.050592E-07 
-1.600221E-06 
 1.800000E+00 
 1.800000E+00 
 1.800000E+00 
-1.092120E-07 
 1.800001E+00 
 1.800000E+00 
 6.152157E-07 
 1.800000E+00 
 1.800000E+00 
 2.623555E-05 
 1.800000E+00 
 1.800000E+00 
-3.263128E-08 
 1.800000E+00 
 1.800000E+00 
-2.282725E-08 
 1.800000E+00 
 1.800000E+00 
-7.693146E-08 
 1.800000E+00 
 1.800000E+00 
 1.800001E+00 
-4.108738E-09 
 1.800000E+00 
 1.547265E-08 
 1.800000E+00 
 1.800000E+00 
 1.800000E+00 
-5.609362E-06 
 1.800000E+00 
-5.567149E-08 
 1.800000E+00 
 1.800000E+00 
 1.800000E+00 
 1.799998E+00 
 4.287074E-07 
-1.496678E-08 
 1.800000E+00 
 1.800000E+00 
 1.800000E+00 
 1.800001E+00 
-2.152742E-08 
 1.800000E+00 
-3.576107E-06 
 1.800000E+00 
 1.800000E+00 
 1.800000E+00 
-1.290195E-06 
 1.800000E+00 
 1.800000E+00 
 1.800000E+00 
-4.530859E-07 
-8.394202E-09 
 1.800000E+00 
 1.800000E+00 
 1.800000E+00 
 1.800000E+00 
 1.800000E+00 
 1.109865E-08 
 4.798247E-09 
 1.800000E+00 
 1.800000E+00 
 1.800000E+00 
 1.800000E+00 
-6.161104E-06 
 1.800000E+00 
-1.893782E-08 
 1.800004E+00 
 1.800004E+00 
 1.800000E+00 
 2.141853E-06 
 1.800000E+00 
 1.800000E+00 
 1.800000E+00 
 3.669747E-08 
 1.800000E+00 
-6.116787E-07 
 1.800000E+00 
 1.800000E+00 
 1.799999E+00 
 1.205255E-08 
 1.799999E+00 
 1.799999E+00 
 1.800000E+00 
 9.808999E-10 
 1.800000E+00 
 1.800000E+00 
 1.302542E-07 
 1.800000E+00 
 1.800000E+00 
-1.471855E-07 
 1.800000E+00 
 1.800000E+00 
 1.800000E+00 
 1.800000E+00 
-1.234256E-05 
-1.318565E-05 
 1.800000E+00 
 1.800000E+00 
 1.800000E+00 
 1.800000E+00 
 1.800000E+00 
 3.406011E-06 
 1.800000E+00 
 1.800002E+00 
 1.871988E-05 
 1.800000E+00 
-8.331874E-07 
 1.800000E+00 
 1.800000E+00 
 1.800000E+00 
 1.800000E+00 
 1.800000E+00 
-5.615711E-07 
 2.592060E-09 
 1.799999E+00 
 1.799999E+00 
 1.799999E+00 
 1.799999E+00 
 1.800000E+00 
-1.031042E-06 
 1.800000E+00 
-2.023439E-06 
 1.800000E+00 
 1.800000E+00 
 1.800000E+00 
 1.800002E+00 
-9.037484E-06 
 1.800000E+00 
-7.856566E-07 
 1.800000E+00 
 1.800000E+00 
 1.800000E+00 
 1.800000E+00 
-4.962089E-07 
 1.800000E+00 
 1.800000E+00 
 1.800000E+00 
 9.666108E-08 
 1.800004E+00 
 1.800000E+00 
-4.106176E-07 
 1.800000E+00 
 1.800000E+00 
 1.800000E+00 
-4.745666E-08 
 1.800000E+00 
 1.800000E+00 
 1.353838E-08 
 1.800000E+00 
 1.800000E+00 
 1.800000E+00 
 1.799999E+00 
-9.317677E-06 
 1.800001E+00 
 1.800000E+00 
 1.800000E+00 
-1.638379E-05 
 1.800000E+00 
 1.800000E+00 
-4.323338E-06 
 1.800000E+00 
 1.800000E+00 
 1.800000E+00 
 6.655269E-09 
 1.800000E+00 
 1.800000E+00 
 1.800000E+00 
 1.800000E+00 
 3.331840E-08 
 1.800002E+00 
 2.465758E-07 
 1.800000E+00 
 1.800000E+00 
 1.800000E+00 
 1.800000E+00 
 1.800000E+00 
 1.173670E-06 
 1.800000E+00 
 1.800000E+00 
-9.739662E-08 
 1.800000E+00 
 1.800000E+00 
 1.800000E+00 
 1.503723E-08 
 1.800000E+00 
 1.800000E+00 
 1.800000E+00 
 1.800003E+00 
-3.537727E-06 
 1.800002E+00 
-4.563979E-06 
 1.800000E+00 
 1.800000E+00 
 1.800000E+00 
 1.800000E+00 
 1.800000E+00 
 1.800000E+00 
-6.225909E-07 
 1.104550E-08 
 1.800000E+00 
 1.800000E+00 
 1.800000E+00 
 1.800000E+00 
 1.800000E+00 
 1.800000E+00 
 1.072905E-07 
 1.800000E+00 
 1.800000E+00 
-1.039391E-07 
 1.800000E+00 
 1.800000E+00 
 1.800001E+00 
 6.281392E-07 
 1.800000E+00 
 1.800000E+00 
 1.800000E+00 
 1.800000E+00 
-6.768482E-07 
 1.800000E+00 
 1.800000E+00 
-1.460304E-08 
 1.800000E+00 
 1.800000E+00 
 1.800000E+00 
 1.800000E+00 
 1.800000E+00 
 7.532611E-08 
 1.800000E+00 
 1.800000E+00 
 1.032883E-08 
 1.799999E+00 
 1.800000E+00 
 1.800000E+00 
 1.800000E+00 
-2.268357E-05 
 1.799999E+00 
 1.800000E+00 
 1.800000E+00 
 1.800000E+00 
-2.821154E-08 
 1.800000E+00 
 1.800000E+00 
 1.003610E-08 
 1.800000E+00 
 1.800000E+00 
 1.800000E+00 
 1.800000E+00 
 1.800002E+00 
 9.964354E-08 
 1.800001E+00 
 1.800000E+00 
 1.800000E+00 
-2.039688E-08 
 1.800000E+00 
 1.800000E+00 
 1.800001E+00 
 1.800000E+00 
 6.473076E-06 
 1.800000E+00 
 1.800000E+00 
-3.410807E-08 
 1.800000E+00 
 1.800000E+00 
 1.800000E+00 
 1.800000E+00 
 1.800000E+00 
 1.800000E+00 
-4.338616E-06 
 1.800002E+00 
 1.800000E+00 
-5.387222E-09 
 1.800000E+00 
 1.800000E+00 
 1.800000E+00 
 1.800000E+00 
-3.683297E-08 
 1.800000E+00 
 1.800000E+00 
 1.800000E+00 
 1.800000E+00 
 1.365832E-08 
 1.800000E+00 
 1.800000E+00 
 1.800000E+00 
 1.800000E+00 
-2.028796E-06 
 1.800000E+00 
 1.800000E+00 
 1.800000E+00 
 1.800000E+00 
-4.560380E-07 
 1.799999E+00 
 1.800000E+00 
 1.800000E+00 
-2.835560E-07 
 1.800000E+00 
 1.800000E+00 
 1.800000E+00 
 1.800000E+00 
 1.800000E+00 
-5.152704E-07 
 1.800000E+00 
 1.800000E+00 
 1.800000E+00 
 4.381404E-07 
 1.799999E+00 
 1.799999E+00 
 1.799999E+00 
 1.799999E+00 
 1.800000E+00 
 7.521011E-09 
 1.799998E+00 
 1.800000E+00 
 1.800000E+00 
 1.800000E+00 
 6.544293E-07 
 1.800000E+00 
 1.800000E+00 
 1.800000E+00 
-1.035332E-05 
 1.800000E+00 
 1.800000E+00 
 1.800000E+00 
 1.800000E+00 
 1.800000E+00 
 6.370197E-09 
 1.800000E+00 
 1.800000E+00 
 1.800000E+00 
 1.800000E+00 
 1.799999E+00 
 3.059149E-07 
 1.799999E+00 
 1.800001E+00 
 2.686089E-08 
 1.800000E+00 
 1.800000E+00 
 1.800000E+00 
 1.800000E+00 
 1.800000E+00 
 1.800000E+00 
 1.800000E+00 
 5.329750E-06 
 1.800000E+00 
 1.799998E+00 
 1.835456E-08 
 1.800000E+00 
 1.800000E+00 
 1.800000E+00 
 1.800000E+00 
 1.800000E+00 
 1.800000E+00 
 5.587210E-08 
 1.800000E+00 
 1.800000E+00 
 1.800000E+00 
 1.800000E+00 
 1.035436E-08 
 1.800000E+00 
 1.800000E+00 
 1.800000E+00 
 1.800000E+00 
 1.800000E+00 
-2.768941E-06 
 1.800000E+00 
 1.800001E+00 
 1.800000E+00 
 1.329737E-06 
 1.800000E+00 
 1.800000E+00 
 1.800000E+00 
 1.800000E+00 
 1.800000E+00 
 1.800000E+00 
 1.800000E+00 
-6.974796E-08 
 1.800000E+00 
 1.800000E+00 
 7.623751E-09 
 1.800000E+00 
 1.800000E+00 
 1.800000E+00 
 1.800000E+00 
 1.800000E+00 
 1.800000E+00 
 1.800000E+00 
 1.800000E+00 
-1.581728E-06 
 1.800000E+00 
-1.859044E-08 
 1.800000E+00 
 1.800000E+00 
 1.800000E+00 
 1.800000E+00 
 1.800000E+00 
 1.800000E+00 
 1.800000E+00 
 1.800000E+00 
 1.800000E+00 
-1.898372E-06 
-1.309084E-07 
 1.800000E+00 
 1.800000E+00 
 1.800000E+00 
 1.800000E+00 
 1.800000E+00 
 1.800000E+00 
 1.800000E+00 
 1.800000E+00 
 1.800000E+00 
 1.800000E+00 
-7.266599E-07 
 1.800000E+00 
 1.800000E+00 
 3.061660E-09 
 1.800000E+00 
 1.800000E+00 
 1.800000E+00 
 1.800000E+00 
 1.800000E+00 
 1.800000E+00 
 1.800001E+00 
 8.976227E-07 
 1.800004E+00 
 1.800003E+00 
 1.800000E+00 
 1.800000E+00 
 2.476933E-06 
 1.800000E+00 
 1.800000E+00 
 1.800000E+00 
 1.800000E+00 
 1.800000E+00 
 1.800000E+00 
 7.466320E-06 
 1.800000E+00 
 1.800000E+00 
 1.800000E+00 
 1.800000E+00 
 8.981247E-07 
 1.800000E+00 
 1.800000E+00 
 1.800000E+00 
 1.800000E+00 
 1.800000E+00 
 1.800000E+00 
 1.800000E+00 
 3.298412E-07 
 1.800000E+00 
 1.800000E+00 
 1.800000E+00 
 1.800000E+00 
 9.466136E-08 
 1.800000E+00 
 1.800000E+00 
 1.800000E+00 
 1.800000E+00 
 1.800000E+00 
 1.800000E+00 
 1.800000E+00 
-1.802273E-08 
 1.800006E+00 
 1.800006E+00 
 1.800006E+00 
 1.800000E+00 
 1.799999E+00 
-1.609280E-07 
 1.800000E+00 
 1.800000E+00 
 1.800000E+00 
 1.800000E+00 
 1.800000E+00 
 1.800000E+00 
 2.813699E-08 
 1.800000E+00 
 1.800000E+00 
 1.800000E+00 
 1.800000E+00 
 1.800000E+00 
-6.381132E-09 
 1.800000E+00 
 1.800000E+00 
 1.800000E+00 
 1.800000E+00 
 1.800000E+00 
 1.800000E+00 
 1.800000E+00 
 2.657919E-08 
 1.800000E+00 
 1.800000E+00 
 1.800000E+00 
 1.800000E+00 
 1.800000E+00 
-2.009354E-07 
 1.800000E+00 
 1.800000E+00 
 1.800000E+00 
 1.800000E+00 
 1.800000E+00 
 1.800000E+00 
 7.532266E-09 
 1.800000E+00 
 1.800000E+00 
 1.800000E+00 
 1.800000E+00 
 1.800000E+00 
 1.800000E+00 
 1.800000E+00 
 6.995733E-07 
 1.799999E+00 
 1.799999E+00 
 1.799999E+00 
 1.799999E+00 
 1.800000E+00 
 1.800000E+00 
 1.663770E-07 
 1.800000E+00 
 1.800000E+00 
 1.800000E+00 
 1.800000E+00 
 1.800000E+00 
 1.800000E+00 
 1.445895E-06 
 1.800000E+00 
 1.800000E+00 
 1.800000E+00 
 1.800000E+00 
 1.800000E+00 
 1.800000E+00 
 8.818839E-09 
 1.800000E+00 
 1.800000E+00 
 1.800000E+00 
 1.800000E+00 
 1.800000E+00 
 1.800000E+00 
 1.800000E+00 
 1.800001E+00 
 1.658548E-07 
 1.800000E+00 
 1.800000E+00 
 1.800002E+00 
 1.800001E+00 
 4.894541E-08 
 1.800000E+00 
 1.800000E+00 
 1.800000E+00 
 1.800000E+00 
 1.800000E+00 
 1.800000E+00 
 1.800000E+00 
 1.800000E+00 
 1.800000E+00 
 1.800000E+00 
-2.441325E-07 
 1.800000E+00 
 1.800000E+00 
 1.800000E+00 
-1.897659E-07 
 1.800000E+00 
 1.800000E+00 
 1.800000E+00 
 1.800000E+00 
 1.800000E+00 
 1.800000E+00 
 1.800000E+00 
 1.800000E+00 
 1.800000E+00 
 1.800000E+00 
 1.800000E+00 
 1.289708E-06 
 1.800000E+00 
 1.800000E+00 
 4.266254E-08 
 1.800000E+00 
 1.800000E+00 
 1.800000E+00 
 1.800000E+00 
 1.800000E+00 
 1.800000E+00 
 1.800000E+00 
 1.800000E+00 
 1.800000E+00 
 1.800000E+00 
 1.800000E+00 
 1.800000E+00 
-4.244580E-08 
 1.799999E+00 
 1.800000E+00 
 1.800000E+00 
 1.800000E+00 
 7.274861E-09 
 1.800000E+00 
 1.800000E+00 
 1.800000E+00 
 1.800000E+00 
 1.800000E+00 
 1.800000E+00 
 1.800000E+00 
 1.800000E+00 
 1.800000E+00 
 3.641217E-08 
 1.800000E+00 
 1.800000E+00 
 1.800000E+00 
 1.800000E+00 
 1.800000E+00 
 1.800000E+00 
 1.800000E+00 
 1.701188E-07 
 1.800000E+00 
 1.800000E+00 
 1.800000E+00 
 1.800000E+00 
 1.800001E+00 
 1.800000E+00 
-1.958404E-07 
 1.800001E+00 
 1.800000E+00 
 1.800000E+00 
 1.800000E+00 
 1.800000E+00 
 1.800000E+00 
 1.800000E+00 
 1.800000E+00 
 1.800000E+00 
 1.800006E+00 
-3.338604E-05 
 1.800000E+00 
 1.800000E+00 
 1.800000E+00 
 1.800000E+00 
 1.800000E+00 
-5.533840E-06 
 1.800000E+00 
 1.800000E+00 
 1.800000E+00 
 1.800000E+00 
 1.800000E+00 
 1.800000E+00 
 1.800000E+00 
 1.800000E+00 
 1.800000E+00 
 1.800000E+00 
 2.135407E-06 
 1.799999E+00 
 1.799999E+00 
 1.799999E+00 
 1.799999E+00 
 1.800000E+00 
 1.800000E+00 
-1.916553E-06 
 1.800000E+00 
 1.800000E+00 
 1.800000E+00 
 1.800000E+00 
 1.800000E+00 
 1.800000E+00 
 1.800000E+00 
 1.800000E+00 
 1.800000E+00 
-1.057741E-07 
 1.799999E+00 
 1.799999E+00 
 1.799999E+00 
 1.799999E+00 
 1.799999E+00 
 1.799999E+00 
 1.799999E+00 
 1.800000E+00 
-3.893030E-08 
 1.800000E+00 
 1.800000E+00 
 1.800000E+00 
 1.800000E+00 
 1.800000E+00 
 1.800000E+00 
 1.800000E+00 
 1.800000E+00 
-4.691359E-07 
 1.799999E+00 
 1.799999E+00 
 1.799999E+00 
 1.799999E+00 
 1.799999E+00 
 1.799999E+00 
 1.799999E+00 
 1.800000E+00 
 6.456985E-09 
 1.800000E+00 
 1.800000E+00 
 1.800000E+00 
 1.800000E+00 
 1.800000E+00 
 1.800000E+00 
 1.800000E+00 
 1.800000E+00 
 1.800002E+00 
 2.800756E-06 
 1.800000E+00 
 1.800000E+00 
 1.800000E+00 
 1.800000E+00 
 1.800000E+00 
 1.800000E+00 
 1.800000E+00 
 1.863759E-08 
 1.800000E+00 
 1.800000E+00 
 1.800000E+00 
 1.800000E+00 
 1.800000E+00 
 1.800000E+00 
 1.800000E+00 
 1.800000E+00 
 1.800000E+00 
 1.799999E+00 
-1.414224E-08 
 1.800000E+00 
 1.800000E+00 
 1.800000E+00 
 1.800000E+00 
 1.800000E+00 
 1.800000E+00 
 1.800000E+00 
 1.800000E+00 
 7.202933E-07 
 1.800000E+00 
 1.800000E+00 
 1.800000E+00 
 1.800000E+00 
 1.800000E+00 
 1.800000E+00 
 1.800000E+00 
 1.800000E+00 
 5.307947E-08 
 1.800000E+00 
 1.800000E+00 
 1.800000E+00 
 1.800000E+00 
 1.800000E+00 
 1.800000E+00 
 1.800000E+00 
 1.800000E+00 
 1.800000E+00 
 1.800000E+00 
-7.605226E-08 
 1.800000E+00 
 1.800000E+00 
 1.800000E+00 
 1.800000E+00 
 1.800000E+00 
 1.800000E+00 
 1.800000E+00 
 1.814100E-07 
 1.800000E+00 
 1.800000E+00 
 1.800000E+00 
 1.800000E+00 
 1.800000E+00 
 1.800000E+00 
 1.800000E+00 
 1.800000E+00 
 1.800000E+00 
 1.800000E+00 
 1.800002E+00 
-8.043652E-08 
 1.800000E+00 
 1.800000E+00 
 1.800000E+00 
 1.800000E+00 
 1.800000E+00 
 1.800000E+00 
 1.308045E-07 
 1.799997E+00 
 1.799997E+00 
 1.799997E+00 
 1.799997E+00 
 1.799997E+00 
 1.799997E+00 
 1.799997E+00 
 1.799997E+00 
 1.799997E+00 
 1.799997E+00 
 1.799997E+00 
 1.800000E+00 
 1.508794E-07 
 1.800000E+00 
 1.800000E+00 
 1.800000E+00 
 1.800000E+00 
 1.800000E+00 
 1.800002E+00 
 1.800000E+00 
-1.352071E-07 
 1.800000E+00 
 1.800000E+00 
 1.800000E+00 
 1.800000E+00 
 1.800000E+00 
 1.800000E+00 
 1.800000E+00 
 1.800000E+00 
 1.800000E+00 
 1.800000E+00 
-9.077574E-09 
 1.800000E+00 
 1.800000E+00 
 1.800000E+00 
 1.800000E+00 
 1.800000E+00 
 1.800000E+00 
 1.800000E+00 
 1.800000E+00 
-9.521645E-08 
 1.800000E+00 
 1.800000E+00 
 1.800000E+00 
 1.800000E+00 
 1.800000E+00 
 1.800000E+00 
 1.800000E+00 
 1.800000E+00 
 1.800000E+00 
 1.800000E+00 
 1.395277E-08 
 1.800001E+00 
 1.800000E+00 
 1.800000E+00 
 1.800000E+00 
 1.800000E+00 
 1.800000E+00 
 1.800000E+00 
 1.800000E+00 
 1.800000E+00 
 4.764676E-06 
 1.800000E+00 
 1.800000E+00 
 1.800000E+00 
 1.800000E+00 
 1.800000E+00 
 1.800000E+00 
 1.800000E+00 
 1.800000E+00 
-3.585455E-06 
 1.800000E+00 
 1.800000E+00 
 1.800000E+00 
 1.800000E+00 
 1.800000E+00 
 1.800000E+00 
 1.800000E+00 
 1.800000E+00 
 1.800000E+00 
 1.800000E+00 
 1.800000E+00 
-1.003394E-07 
 1.800000E+00 
 1.800000E+00 
 1.800000E+00 
 1.800000E+00 
 1.800000E+00 
 1.800000E+00 
 1.800000E+00 
-2.207437E-07 
 1.800000E+00 
 1.800000E+00 
 1.800000E+00 
 1.800000E+00 
 1.800000E+00 
 1.800000E+00 
 1.800000E+00 
 1.800000E+00 
 1.800000E+00 
 1.800000E+00 
 1.800002E+00 
 1.081567E-05 
 1.800000E+00 
 1.800000E+00 
 1.800000E+00 
 1.800000E+00 
 1.800000E+00 
 1.800001E+00 
 1.800000E+00 
-1.187175E-06 
 1.800000E+00 
 1.800000E+00 
 1.800000E+00 
 1.800000E+00 
 1.800000E+00 
 1.800000E+00 
 1.800000E+00 
 1.800000E+00 
 1.800000E+00 
 1.800000E+00 
 1.800000E+00 
-4.174057E-06 
 1.800000E+00 
 1.800000E+00 
 1.800000E+00 
 1.800000E+00 
 1.800000E+00 
 1.799999E+00 
 1.800000E+00 
 3.265164E-08 
 1.800000E+00 
 1.800000E+00 
 1.800000E+00 
 1.800000E+00 
 1.800000E+00 
 1.800000E+00 
 1.800000E+00 
 1.800000E+00 
 1.800000E+00 
 1.799999E+00 
 7.895863E-08 
 1.800000E+00 
 1.800000E+00 
 1.800000E+00 
 1.800000E+00 
 1.800000E+00 
 1.800000E+00 
 1.800000E+00 
 1.800000E+00 
 1.800000E+00 
-2.613602E-07 
 1.800001E+00 
 1.800001E+00 
 1.800001E+00 
 1.800001E+00 
 1.800001E+00 
 1.800001E+00 
 1.800001E+00 
 1.800000E+00 
 2.062015E-09 
 1.800001E+00 
 1.800001E+00 
 1.800001E+00 
 1.800001E+00 
 1.800001E+00 
 1.800001E+00 
 1.800001E+00 
 1.800001E+00 
 1.800001E+00 
 1.800002E+00 
 7.753080E-09 
 1.800001E+00 
 1.800000E+00 
 1.800000E+00 
 1.800000E+00 
 1.800000E+00 
 1.800000E+00 
 1.800000E+00 
 1.800000E+00 
 7.451993E-07 
 1.800000E+00 
 1.800000E+00 
 1.800000E+00 
 1.800000E+00 
 1.800000E+00 
 1.800000E+00 
 1.800000E+00 
 1.800000E+00 
-5.774877E-07 
 1.800000E+00 
 1.800000E+00 
 1.800000E+00 
 1.800000E+00 
 1.800000E+00 
 1.800000E+00 
 1.800000E+00 
 1.800000E+00 
 1.800000E+00 
 1.800000E+00 
 3.117173E-06 
 1.800001E+00 
 1.800001E+00 
 1.800001E+00 
 1.800001E+00 
 1.800001E+00 
 1.800000E+00 
 1.800001E+00 
 3.349007E-07 
 1.800000E+00 
 1.800000E+00 
 1.800000E+00 
 1.800000E+00 
 1.800000E+00 
 1.800000E+00 
 1.800000E+00 
 1.800000E+00 
 1.799999E+00 
 1.127200E-08 
 1.799999E+00 
 1.800000E+00 
 1.800000E+00 
 1.800000E+00 
 1.800000E+00 
 1.800000E+00 
 1.800000E+00 
 1.800000E+00 
-1.302105E-08 
 1.800000E+00 
 1.800000E+00 
 1.800000E+00 
 1.800000E+00 
 1.800000E+00 
 1.800000E+00 
 1.800000E+00 
 1.800000E+00 
 1.800000E+00 
 9.809608E-08 
 1.800000E+00 
 1.800000E+00 
 1.800000E+00 
 1.800000E+00 
 1.800000E+00 
 1.800000E+00 
 1.800000E+00 
 1.299360E-06 
 1.800000E+00 
 1.800000E+00 
 1.800000E+00 
 1.800000E+00 
 1.800000E+00 
 1.800000E+00 
 1.800000E+00 
 1.800000E+00 
 1.800000E+00 
-4.537975E-07 
 1.800000E+00 
 1.800000E+00 
 1.800000E+00 
 1.800000E+00 
 1.800000E+00 
 1.800000E+00 
 1.800000E+00 
-3.561482E-06 
 1.800000E+00 
 1.800000E+00 
 1.800000E+00 
 1.800000E+00 
 1.800000E+00 
 1.800000E+00 
 1.800000E+00 
 1.799999E+00 
 1.799999E+00 
 2.267786E-08 
 1.800000E+00 
 1.800000E+00 
 1.800000E+00 
 1.800000E+00 
 1.800000E+00 
 1.800000E+00 
 1.595498E-07 
 1.799999E+00 
 1.800000E+00 
 1.800000E+00 
 1.800000E+00 
 1.800000E+00 
 1.800000E+00 
 1.800000E+00 
 1.800000E+00 
 1.800000E+00 
 1.800000E+00 
 7.269696E-09 
 1.800000E+00 
 1.800000E+00 
 1.800000E+00 
 1.800004E+00 
 9.953972E-09 
 1.800000E+00 
 1.800000E+00 
 1.800000E+00 
 1.800000E+00 
 1.800000E+00 
 1.800000E+00 
 1.800000E+00 
 1.800000E+00 
 1.800000E+00 
 1.800000E+00 
 1.800000E+00 
 1.800006E+00 
-8.737108E-06 
 1.800000E+00 
 1.800000E+00 
 1.948946E-06 
 1.800000E+00 
 1.800000E+00 
 1.800000E+00 
 1.800000E+00 
 1.800000E+00 
 1.800000E+00 
 1.800000E+00 
 1.800000E+00 
 1.800000E+00 
 1.800000E+00 
 1.800000E+00 
 1.800000E+00 
 1.799999E+00 
 9.986426E-08 
 1.800001E+00 
 1.800001E+00 
 7.685331E-07 
 1.800001E+00 
 1.800000E+00 
 1.800000E+00 
 1.800000E+00 
 1.800000E+00 
 1.800000E+00 
 1.800000E+00 
 1.800000E+00 
 1.800000E+00 
 1.800000E+00 
 1.800000E+00 
-2.065753E-09 
 1.800000E+00 
 1.800000E+00 
 1.800000E+00 
 1.800000E+00 
 8.918584E-09 
 1.800000E+00 
 1.800000E+00 
 1.800000E+00 
 1.800000E+00 
 1.800000E+00 
 1.800000E+00 
 1.800000E+00 
 1.800000E+00 
 1.800000E+00 
 3.535370E-07 
 1.800000E+00 
 1.800000E+00 
 1.800000E+00 
 1.800000E+00 
 1.800000E+00 
 1.800000E+00 
-1.052225E-05 
 1.800000E+00 
 1.800000E+00 
 1.800000E+00 
 1.800000E+00 
 1.800000E+00 
 1.800000E+00 
-1.072060E-06 
 1.800010E+00 
 1.800010E+00 
 1.800010E+00 
 1.800010E+00 
 1.800010E+00 
 1.800010E+00 
 1.800000E+00 
-9.139401E-07 
 1.800005E+00 
 1.800005E+00 
 1.800005E+00 
 1.800005E+00 
 1.800005E+00 
 1.800005E+00 
 1.800000E+00 
 1.028404E-07 
 1.800000E+00 
 1.800000E+00 
 1.800000E+00 
 1.800000E+00 
 1.800000E+00 
-6.363204E-06 
 1.800000E+00 
 1.800000E+00 
 1.800000E+00 
 1.800000E+00 
 1.800000E+00 
 1.800000E+00 
 1.800000E+00 
 1.800000E+00 
-5.676682E-07 
 1.800000E+00 
 1.800000E+00 
 1.800000E+00 
 1.800000E+00 
 1.800000E+00 
-3.466049E-09 
 1.800000E+00 
 1.800000E+00 
 1.800000E+00 
 1.800000E+00 
 1.800000E+00 
 1.800000E+00 
 1.800000E+00 
-3.191525E-06 
 1.800005E+00 
 1.800005E+00 
 1.800000E+00 
 1.800000E+00 
 1.800000E+00 
 2.098336E-06 
 1.800000E+00 
 1.800000E+00 
 1.800000E+00 
 1.800000E+00 
 1.800000E+00 
 1.800000E+00 
 1.800000E+00 
 2.895562E-08 
 1.800000E+00 
 1.800000E+00 
 1.800000E+00 
 1.800000E+00 
 1.736755E-06 
 1.799999E+00 
 1.799999E+00 
 1.799999E+00 
 1.799999E+00 
 1.799999E+00 
 1.799999E+00 
 1.799999E+00 
 1.800000E+00 
 1.145144E-05 
 1.800000E+00 
 1.800000E+00 
 1.800000E+00 
 1.800000E+00 
 1.800000E+00 
-1.773316E-06 
 1.800000E+00 
 1.800000E+00 
 1.800000E+00 
 1.800000E+00 
 1.800000E+00 
-2.035529E-07 
 1.800000E+00 
 1.800000E+00 
 1.800000E+00 
 1.800000E+00 
 1.800000E+00 
 1.800000E+00 
 9.820461E-08 
 1.800001E+00 
 1.800000E+00 
 1.800000E+00 
 1.800000E+00 
 1.800000E+00 
 1.800000E+00 
 8.974190E-09 
 1.800001E+00 
 1.800000E+00 
 1.800004E+00 
 1.800000E+00 
 2.376168E-08 
 1.799998E+00 
 1.800000E+00 
 1.800000E+00 
 1.800000E+00 
 1.800000E+00 
 1.800000E+00 
 1.800000E+00 
 2.838624E-06 
 1.800000E+00 
 1.800000E+00 
 1.800000E+00 
 1.800000E+00 
-9.070812E-08 
 1.800000E+00 
 1.800000E+00 
 1.800000E+00 
 1.800000E+00 
 1.800000E+00 
 1.800000E+00 
 1.915516E-06 
 1.800000E+00 
 1.800000E+00 
 1.800003E+00 
 1.800000E+00 
 1.172659E-07 
 1.800002E+00 
 1.800002E+00 
 1.800002E+00 
 1.800002E+00 
 1.800002E+00 
 1.800000E+00 
-1.314555E-07 
 1.800000E+00 
 1.800000E+00 
 1.800000E+00 
 1.800000E+00 
 1.800001E+00 
 6.146039E-09 
 1.800001E+00 
 1.800000E+00 
 1.800000E+00 
 1.800000E+00 
 1.800000E+00 
 2.871557E-07 
 1.800000E+00 
 1.800000E+00 
 1.800000E+00 
 1.800001E+00 
 7.344958E-09 
 1.800000E+00 
 1.800000E+00 
 1.800000E+00 
 1.800000E+00 
 1.800000E+00 
 1.800002E+00 
-1.008121E-06 
 1.800000E+00 
 1.800000E+00 
 1.800001E+00 
 1.800000E+00 
 1.578633E-07 
 1.799999E+00 
 1.799999E+00 
 1.799999E+00 
 1.800000E+00 
 1.799999E+00 
-2.158603E-08 
 1.800000E+00 
 1.800000E+00 
 1.800000E+00 
 1.800001E+00 
-4.289590E-07 
 1.800000E+00 
 1.800000E+00 
 1.800000E+00 
 1.800000E+00 
 1.800000E+00 
 3.943742E-08 
 1.800000E+00 
 1.800000E+00 
 1.800000E+00 
 1.800000E+00 
 1.800000E+00 
-1.511003E-06 
 1.799996E+00 
 1.800000E+00 
 1.800006E+00 
 1.800000E+00 
 2.122268E-08 
 1.800000E+00 
 1.800000E+00 
 1.800000E+00 
 1.800001E+00 
 2.203437E-08 
 1.800000E+00 
 1.800000E+00 
 1.800000E+00 
 1.800000E+00 
 1.800000E+00 
 4.352775E-08 
 1.800000E+00 
 1.800000E+00 
 1.800000E+00 
 1.800000E+00 
-7.985851E-08 
 1.800000E+00 
 1.800000E+00 
 1.800000E+00 
 1.800000E+00 
 1.800000E+00 
-5.360332E-08 
 1.800000E+00 
 1.800000E+00 
 1.800000E+00 
 2.572407E-07 
 1.800002E+00 
 1.800002E+00 
 1.800002E+00 
 1.800000E+00 
 1.800000E+00 
 1.413506E-07 
 1.800000E+00 
 1.800000E+00 
 1.800000E+00 
 9.611911E-08 
 1.800000E+00 
 1.800000E+00 
 1.800000E+00 
 1.800000E+00 
 1.800000E+00 
 1.800000E+00 
-5.511301E-07 
 1.800001E+00 
 1.800000E+00 
-2.061244E-08 
 1.800000E+00 
 1.800000E+00 
 1.800000E+00 
 1.800000E+00 
 1.800000E+00 
 1.800000E+00 
-9.419377E-06 
 1.800000E+00 
 4.079846E-08 
 1.799996E+00 
 1.799996E+00 
 1.799996E+00 
 1.799996E+00 
 1.799996E+00 
 1.799996E+00 
 1.799998E+00 
 8.420944E-07 
 1.800000E+00 
 1.800003E+00 
-1.669138E-05 
 1.800000E+00 
 1.800000E+00 
 1.800000E+00 
 1.800000E+00 
 1.800000E+00 
 4.735871E-08 
 1.800000E+00 
 1.800000E+00 
 1.800000E+00 
-1.061384E-06 
 1.800000E+00 
 1.800000E+00 
 1.800000E+00 
 1.800000E+00 
-8.785328E-08 
 1.800000E+00 
 1.800003E+00 
 1.800000E+00 
 8.017257E-09 
 1.800001E+00 
 1.800002E+00 
 1.800002E+00 
 1.800002E+00 
 1.800000E+00 
 5.490008E-09 
 1.800000E+00 
 1.800000E+00 
-1.635459E-07 
 1.800000E+00 
 1.800000E+00 
 1.800000E+00 
 1.800000E+00 
 1.800000E+00 
-1.057301E-06 
 1.800000E+00 
 1.800000E+00 
-8.152288E-07 
 1.799998E+00 
 1.799998E+00 
 1.799998E+00 
 1.799998E+00 
 1.800000E+00 
-3.477264E-06 
 1.800000E+00 
 1.800000E+00 
 1.800000E+00 
 2.367435E-05 
 1.800000E+00 
 1.800000E+00 
 1.800000E+00 
-1.051341E-06 
 1.800000E+00 
 1.800000E+00 
 1.800000E+00 
 1.800000E+00 
 7.733171E-09 
 1.800000E+00 
 1.800000E+00 
 1.800001E+00 
 7.108121E-07 
 1.800000E+00 
 1.800000E+00 
 1.800000E+00 
 5.490657E-07 
 1.800001E+00 
 1.800000E+00 
 1.800000E+00 
 1.800000E+00 
-1.323285E-07 
 1.800001E+00 
 1.800000E+00 
 1.800000E+00 
 4.786349E-08 
 1.800000E+00 
 1.800000E+00 
 1.800001E+00 
 9.132438E-06 
 1.800000E+00 
 1.800000E+00 
 1.800000E+00 
 1.800000E+00 
 7.814421E-08 
 1.800000E+00 
 1.800001E+00 
 1.954213E-07 
 1.800000E+00 
 1.800000E+00 
 1.800000E+00 
 1.800000E+00 
 4.540324E-09 
 1.800000E+00 
 1.800000E+00 
 1.800000E+00 
-2.192306E-07 
 1.799995E+00 
 1.800000E+00 
 1.800003E+00 
-7.232371E-08 
 1.800000E+00 
 1.800000E+00 
 1.800002E+00 
-1.323560E-07 
 1.800000E+00 
 1.800001E+00 
 1.800000E+00 
 4.295505E-07 
 1.800000E+00 
 1.800000E+00 
 1.800000E+00 
-8.291309E-07 
 1.800000E+00 
 1.800000E+00 
 1.800000E+00 
-2.973048E-08 
 1.799997E+00 
 1.800000E+00 
 1.800000E+00 
 1.164295E-06 
 1.800000E+00 
 1.800000E+00 
 1.800001E+00 
 2.314110E-09 
 1.800000E+00 
 1.800000E+00 
 1.800000E+00 
 3.534221E-06 
 1.800000E+00 
 1.800000E+00 
-8.906729E-06 
 1.800000E+00 
 1.800000E+00 
 1.800000E+00 
 1.800000E+00 
 1.924440E-08 
 1.800001E+00 
 1.800000E+00 
 6.012320E-07 
 1.800000E+00 
 1.800000E+00 
 1.800000E+00 
 1.800000E+00 
-1.884397E-06 
 1.800000E+00 
-1.890498E-06 
 1.800000E+00 
 1.800000E+00 
 1.800000E+00 
 1.800000E+00 
 5.854040E-09 
 1.799999E+00 
 1.800000E+00 
 1.800000E+00 
-3.119364E-08 
 1.800000E+00 
 1.800000E+00 
 3.172840E-06 
 1.799998E+00 
 1.800000E+00 
 1.800000E+00 
-6.429294E-07 
 1.800000E+00 
 1.800000E+00 
 1.531570E-08 
 1.800000E+00 
 1.800000E+00 
 1.799999E+00 
 1.800002E+00 
 6.686591E-06 
 1.800000E+00 
 1.044775E-06 
 1.800000E+00 
 1.800000E+00 
 1.800000E+00 
 1.800000E+00 
-8.774358E-09 
 1.800000E+00 
 5.090675E-09 
 1.800001E+00 
 1.800000E+00 
 1.800000E+00 
 1.800005E+00 
 1.546647E-07 
 1.800000E+00 
 1.800000E+00 
 2.270440E-07 
 1.800002E+00 
 1.800000E+00 
 1.800000E+00 
 1.595554E-06 
 1.800000E+00 
 1.800000E+00 
-3.608787E-08 
 1.800000E+00 
 1.800002E+00 
 2.932486E-08 
 1.800000E+00 
 1.800000E+00 
 1.800000E+00 
 1.800000E+00 
-7.126609E-08 
 1.916973E-08 
 1.800000E+00 
 1.800000E+00 
 1.800000E+00 
 1.800000E+00 
 1.800000E+00 
-5.254764E-07 
 1.800000E+00 
 1.471191E-08 
 1.800001E+00 
 1.800000E+00 
 1.800000E+00 
-8.357720E-06 
 1.800000E+00 
 1.800001E+00 
 2.182396E-07 
 1.800000E+00 
 1.799996E+00 
 2.934520E-08 
 1.800000E+00 
 1.800000E+00 
 1.800000E+00 
-1.638410E-07 
 1.800000E+00 
 1.800000E+00 
 1.158674E-07 
 1.800001E+00 
 1.800000E+00 
 1.800003E+00 
 2.296379E-07 
 1.800000E+00 
-2.247904E-07 
 1.799997E+00 
 1.800000E+00 
 1.800000E+00 
 1.291368E-08 
 1.800000E+00 
 1.800000E+00 
 1.800000E+00 
 2.647579E-05 
 3.167884E-06 
 1.800000E+00 
 1.800000E+00 
 1.800000E+00 
 1.800000E+00 
 1.800000E+00 
-1.426833E-07 
 9.605363E-09 
 1.800000E+00 
 1.800000E+00 
 1.800000E+00 
 1.800000E+00 
 9.855523E-06 
 9.801123E-06 
 1.800000E+00 
 1.800000E+00 
 1.800000E+00 
 1.800000E+00 
-3.308068E-06 
 1.799996E+00 
 1.800000E+00 
-8.388379E-08 
 1.800000E+00 
-3.130647E-08 
 1.799999E+00 
 1.800000E+00 
 1.800000E+00 
 8.592390E-09 
 1.800000E+00 
 1.800000E+00 
 1.646671E-07 
 1.800000E+00 
 1.800000E+00 
-9.568607E-06 
 1.799999E+00 
 1.799999E+00 
-4.641195E-08 
 1.799999E+00 
 1.799993E+00 
 3.408883E-09 
 1.800001E+00 
 1.800000E+00 
-1.073926E-06 
 1.800002E+00 
 1.800000E+00 
 4.592472E-07 
 1.800000E+00 
 1.799999E+00 
 2.668785E-08 
 1.800000E+00 
 1.800000E+00 
 1.800000E+00 
-2.424129E-06 
-2.315922E-08 
 1.800001E+00 
 1.800000E+00 
 1.800000E+00 
 1.800002E+00 
-1.221610E-05 
 1.800000E+00 
 1.628773E-07 
 1.799999E+00 
 1.800000E+00 
 8.244601E-09 
 1.800000E+00 
 1.800000E+00 
 7.226617E-09 
 1.800001E+00 
 1.800000E+00 
 1.239802E-07 
 1.800000E+00 
 1.800000E+00 
 3.936762E-08 
 1.800000E+00 
 4.040677E-09 
 1.800001E+00 
 1.800000E+00 
 1.800000E+00 
-7.982380E-09 
 1.800000E+00 
 1.800000E+00 
 6.967267E-09 
 1.799996E+00 
-1.135774E-08 
 1.799998E+00 
 1.800000E+00 
-4.236971E-09 
 1.800000E+00 
 1.800000E+00 
 5.975338E-07 
 1.800000E+00 
 1.800000E+00 
-1.717088E-06 
 1.800005E+00 
 1.800000E+00 
-5.894240E-08 
 1.800000E+00 
 1.800000E+00 
 2.032925E-06 
 6.171928E-09 
 1.800000E+00 
 1.800000E+00 
 1.800000E+00 
 1.799998E+00 
 9.215480E-06 
 1.800000E+00 
-2.250016E-06 
 1.800002E+00 
 3.910237E-07 
 1.800000E+00 
 1.800000E+00 
 1.800002E+00 
 2.880488E-07 
 1.800001E+00 
-2.169491E-07 
 1.800000E+00 
 1.799999E+00 
 1.068149E-06 
 1.800001E+00 
 1.800000E+00 
 1.677598E-09 
 1.800000E+00 
 3.242777E-09 
 1.800002E+00 
 1.800000E+00 
 2.369349E-06 
 1.800000E+00 
 1.800000E+00 
-2.117837E-06 
 1.800000E+00 
-6.469182E-08 
 1.800000E+00 
 1.800001E+00 
 6.078051E-08 
 1.800007E+00 
 1.800000E+00 
-6.885015E-08 
 1.800000E+00 
 2.770762E-09 
 1.800000E+00 
 1.800000E+00 
 6.281271E-09 
 1.799999E+00 
 1.800000E+00 
-1.497304E-07 
 1.800000E+00 
-1.736309E-07 
 1.800002E+00 
 1.800000E+00 
-2.301907E-07 
 1.799999E+00 
 1.800001E+00 
 3.603231E-08 
 1.800000E+00 
-1.349744E-06 
 1.800000E+00 
 1.800000E+00 
 2.403098E-06 
 1.800000E+00 
 6.216186E-08 
 1.800000E+00 
 1.800000E+00 
-1.766171E-07 
 1.800000E+00 
-3.159482E-08 
 1.800000E+00 
 1.800000E+00 
 8.478024E-09 
 1.800000E+00 
 1.800000E+00 
-4.323672E-07 
 1.800000E+00 
-1.198756E-06 
 1.800000E+00 
 1.412936E-08 
 1.800000E+00 
 1.800000E+00 
 1.800001E+00 
-3.564870E-06 
 3.744392E-09 
 1.799999E+00 
 1.799997E+00 
 1.640109E-08 
 1.800002E+00 
 1.800000E+00 
-1.948956E-07 
 1.800000E+00 
-3.304706E-08 
 1.800000E+00 
 1.800000E+00 
 1.167705E-07 
-5.662430E-09 
 1.800000E+00 
 1.800000E+00 
 1.800000E+00 
 4.830095E-09 
 1.800000E+00 
 8.658856E-09 
 1.800000E+00 
 1.800001E+00 
 1.556478E-06 
 6.449514E-09 
 1.800001E+00 
 1.800000E+00 
 1.800000E+00 
 6.579937E-07 
 4.598349E-07 
 1.799999E+00 
 1.800000E+00 
 1.800000E+00 
-9.717384E-05 
-2.184748E-08 
 1.800000E+00 
 1.800000E+00 
-3.335461E-07 
 1.799997E+00 
 1.800000E+00 
-1.451921E-06 
-9.526896E-07 
 1.800000E+00 
 1.800000E+00 
 1.800000E+00 
-3.953412E-07 
-3.813260E-07 
 1.800000E+00 
 1.800000E+00 
 3.652200E-07 
 1.800000E+00 
-9.246032E-07 
 1.800000E+00 
 1.800000E+00 
-8.162238E-08 
 6.783749E-09 
 1.800000E+00 
 1.800000E+00 
 1.800000E+00 
 5.711571E-07 
-6.007612E-09 
 1.800000E+00 
 1.800000E+00 
 2.657449E-09 
 1.800000E+00 
 1.800000E+00 
-1.160206E-05 
 2.435364E-08 
 1.799998E+00 
 1.800000E+00 
-1.022780E-07 
 1.800000E+00 
-4.739775E-08 
 1.800000E+00 
 1.800000E+00 
 6.097327E-06 
 5.163538E-09 
 1.799999E+00 
 1.800000E+00 
 1.800000E+00 
-3.116303E-09 
 6.881980E-09 
 1.800000E+00 
-1.425775E-07 
 1.800000E+00 
 1.800000E+00 
-3.100314E-08 
 1.800000E+00 
 3.969572E-08 
 1.800002E+00 
 1.800001E+00 
 4.548301E-06 
 4.548452E-06 
 1.800000E+00 
 1.800001E+00 
-7.718843E-09 
 1.800000E+00 
-8.248049E-06 
 1.800000E+00 
 1.800001E+00 
 3.736895E-06 
 6.812268E-09 
 1.800000E+00 
 1.800000E+00 
 1.947836E-06 
 1.325050E-06 
 1.800000E+00 
 1.800000E+00 
 1.800000E+00 
 1.002087E-05 
 2.522785E-06 
 1.800000E+00 
 1.800000E+00 
-2.257331E-07 
 4.118294E-09 
 1.800000E+00 
 1.800000E+00 
-6.486227E-08 
 1.800000E+00 
-4.316635E-08 
 1.800000E+00 
 1.800000E+00 
-1.582440E-05 
 2.361102E-07 
 1.800000E+00 
 8.827079E-07 
 1.800000E+00 
 1.800000E+00 
-1.915756E-06 
 1.800000E+00 
-7.645681E-07 
 1.800000E+00 
 5.046060E-09 
 1.800000E+00 
-1.700498E-06 
 1.800000E+00 
 1.800000E+00 
-7.754029E-06 
-1.566861E-07 
 1.800000E+00 
 7.083428E-08 
 1.800000E+00 
 1.800000E+00 
 1.246141E-06 
 1.800000E+00 
-1.999872E-07 
-1.778472E-07 
 1.800000E+00 
 1.800000E+00 
 1.800000E+00 
-6.994881E-06 
 5.969828E-08 
 1.800000E+00 
 1.529177E-05 
 1.800000E+00 
-3.615625E-07 
 1.800000E+00 
 6.777660E-08 
 1.800000E+00 
 1.799999E+00 
-4.465088E-07 
 1.735625E-07 
 1.800000E+00 
 1.800000E+00 
 2.499381E-07 
 2.680531E-07 
 1.800001E+00 
 1.800003E+00 
 2.476966E-08 
 1.800000E+00 
 6.185056E-08 
 7.485787E-09 
 1.800000E+00 
 1.800000E+00 
-6.295200E-07 
 1.800001E+00 
-7.964589E-06 
 1.799997E+00 
 7.972948E-08 
 1.800000E+00 
-2.134018E-07 
 1.800000E+00 
 5.535208E-07 
 1.800000E+00 
 4.793434E-08 
 1.800000E+00 
 2.534563E-07 
 1.800000E+00 
 3.570376E-08 
 1.800000E+00 
 3.190402E-06 
 6.829634E-09 
 1.800000E+00 
 1.800000E+00 
 1.800000E+00 
-5.251070E-07 
-1.573388E-07 
-1.573414E-07 
 1.800000E+00 
 1.800000E+00 
 1.800001E+00 
 1.904921E-08 
 6.281911E-09 
 6.280451E-09 
 1.800000E+00 
 1.800000E+00 
 1.855163E-08 
 1.799999E+00 
 9.649530E-09 
 1.800000E+00 
 3.003829E-08 
 1.800001E+00 
 1.535842E-07 
 1.800000E+00 
-5.365717E-07 
 6.813979E-09 
 1.799997E+00 
 1.800001E+00 
 2.169492E-07 
 1.800000E+00 
 3.698161E-07 
 5.041110E-08 
 1.800000E+00 
 1.800000E+00 
 4.882328E-06 
 2.083153E-07 
 1.800003E+00 
 1.800000E+00 
-5.664625E-07 
 1.940008E-09 
 1.800000E+00 
-1.897575E-06 
 1.800000E+00 
-7.836988E-07 
 1.799999E+00 
 3.402050E-08 
 1.800000E+00 
 1.570049E-07 
 1.800002E+00 
-2.082971E-06 
 1.800000E+00 
 7.412611E-06 
 2.397684E-08 
 1.799999E+00 
 1.800001E+00 
 1.113791E-07 
-3.566461E-08 
 1.800001E+00 
 1.800000E+00 
 7.286161E-08 
 3.339156E-08 
 1.800000E+00 
 1.249689E-08 
 1.800000E+00 
-2.576010E-06 
 1.800000E+00 
-1.294141E-07 
 1.800000E+00 
-2.095912E-06 
 1.133860E-05 
 1.799999E+00 
 1.800000E+00 
 3.228345E-08 
 4.264904E-08 
 1.800000E+00 
-4.708007E-08 
 1.800000E+00 
-1.593086E-07 
 1.800000E+00 
 2.656168E-07 
 1.800000E+00 
 7.495945E-08 
 1.800000E+00 
-3.883521E-08 
-4.059859E-08 
 1.800000E+00 
 1.852959E-06 
 1.800000E+00 
-2.769226E-09 
 1.800001E+00 
-6.225010E-07 
 1.800001E+00 
 3.679221E-09 
 1.800000E+00 
-3.679091E-06 
-4.408347E-06 
 1.799999E+00 
-1.478690E-06 
 1.800000E+00 
 1.345392E-05 
 1.800000E+00 
 1.029469E-08 
 1.800000E+00 
 7.849741E-09 
 7.435742E-09 
 1.799997E+00 
-7.883889E-08 
 1.800000E+00 
 1.800000E+00 
-1.321925E-06 
 8.227673E-09 
 8.227655E-09 
 1.800000E+00 
 1.242459E-08 
 1.800000E+00 
 1.800000E+00 
-2.101079E-06 
 6.413873E-09 
 6.412383E-09 
 1.800000E+00 
 1.800001E+00 
-6.278804E-11 
 8.418321E-09 
 1.799999E+00 
 7.047125E-09 
 1.800000E+00 
 1.591083E-07 
 1.800000E+00 
 3.826185E-07 
 6.459172E-09 
 1.800000E+00 
 1.800001E+00 
-4.218871E-08 
 2.660576E-07 
 2.660295E-07 
 1.800000E+00 
 1.800000E+00 
 7.918707E-09 
 6.956721E-09 
 6.973650E-09 
 1.800000E+00 
 1.800000E+00 
 2.390500E-09 
 1.800000E+00 
-9.040792E-08 
 6.507458E-09 
 1.800004E+00 
-2.641277E-07 
 4.684026E-07 
 1.800000E+00 
 1.800000E+00 
 1.138060E-06 
 8.309524E-09 
 8.309341E-09 
 1.800000E+00 
 1.800000E+00 
-1.954988E-06 
 8.482528E-09 
 1.800000E+00 
-1.701990E-07 
 1.800000E+00 
 8.547130E-07 
 8.668009E-07 
 1.800000E+00 
 6.437325E-07 
 1.800000E+00 
 5.164022E-06 
 6.675230E-09 
 1.800000E+00 
 1.800000E+00 
-1.700683E-06 
-1.138637E-08 
-1.138190E-08 
 1.800000E+00 
 3.655401E-06 
 1.799997E+00 
 1.307855E-08 
 1.800000E+00 
 1.113618E-06 
 2.219412E-07 
 1.800000E+00 
-8.808226E-08 
 1.800000E+00 
 4.500519E-09 
 7.095243E-09 
 1.800000E+00 
-2.023668E-07 
 1.800001E+00 
-9.997890E-07 
 5.185067E-07 
 1.800001E+00 
-7.049669E-06 
 1.800000E+00 
-1.581189E-08 
 1.800000E+00 
-3.456695E-07 
 8.428215E-09 
 8.429450E-09 
 1.800000E+00 
 1.799999E+00 
 1.820488E-07 
 8.220550E-09 
 8.229808E-09 
 1.800000E+00 
 1.800000E+00 
 2.357022E-05 
-2.017607E-08 
-2.017271E-08 
 1.800000E+00 
 5.469457E-09 
 1.800000E+00 
-2.801976E-07 
 1.800000E+00 
 7.926808E-06 
 4.103338E-08 
 1.800000E+00 
-4.479314E-07 
 6.668598E-09 
 1.800000E+00 
 1.102109E-07 
 1.800000E+00 
 1.873193E-06 
-5.320733E-09 
 1.800000E+00 
 8.757524E-07 
 1.051322E-06 
 1.800003E+00 
 1.800000E+00 
-5.102608E-07 
 8.209177E-06 
 8.209177E-06 
 8.209234E-06 
 1.800002E+00 
 1.800000E+00 
-1.840425E-08 
 3.047636E-08 
 1.800000E+00 
 7.446987E-09 
 1.800000E+00 
-1.924581E-07 
-4.070157E-08 
-4.075983E-08 
 1.800000E+00 
 1.553203E-08 
 1.800000E+00 
-2.403339E-07 
 1.800000E+00 
-5.780485E-08 
 2.879928E-07 
 2.879921E-07 
 1.799998E+00 
 7.430106E-08 
 1.800000E+00 
 1.698342E-07 
 3.496482E-07 
 1.800000E+00 
 1.142995E-08 
 1.799999E+00 
-4.198117E-06 
-3.897094E-06 
-3.897095E-06 
 1.800000E+00 
-6.059744E-10 
 1.800000E+00 
 2.571091E-07 
 3.995486E-07 
 1.800000E+00 
 7.294200E-09 
 1.800000E+00 
 3.120258E-09 
 5.826556E-09 
 5.820475E-09 
 1.800001E+00 
 1.800000E+00 
 3.583645E-07 
 8.622875E-09 
 8.622684E-09 
 8.623168E-09 
 1.800000E+00 
 1.800000E+00 
 2.956068E-05 
-6.703262E-07 
-6.703279E-07 
 1.800000E+00 
-4.018729E-05 
 5.962761E-08 
 1.800000E+00 
 1.522610E-08 
 1.799999E+00 
 2.919215E-06 
 1.630677E-06 
 1.800000E+00 
-2.591070E-07 
-1.302380E-09 
 1.800000E+00 
 1.198562E-05 
 1.201806E-05 
 1.800000E+00 
 2.993452E-06 
-3.276850E-07 
 1.800000E+00 
 9.639327E-06 
-9.856776E-08 
 1.800000E+00 
-1.775399E-07 
 1.800000E+00 
 7.502895E-07 
 8.422397E-07 
 8.422418E-07 
 1.800000E+00 
 4.041259E-08 
 1.800000E+00 
 9.877786E-07 
 1.267566E-06 
 1.267563E-06 
 1.800001E+00 
-8.156114E-09 
 1.800000E+00 
 4.036605E-06 
-3.114814E-09 
-3.113517E-09 
 1.800000E+00 
-1.938892E-08 
 1.800000E+00 
 2.771839E-06 
 2.641338E-06 
 2.641335E-06 
 1.800000E+00 
 2.266719E-08 
 1.800000E+00 
-3.973016E-06 
-2.219267E-05 
-2.219262E-05 
 1.800000E+00 
 1.766699E-05 
 1.800001E+00 
 5.751580E-05 
-5.846846E-06 
-5.846844E-06 
 1.800000E+00 
-2.812579E-08 
 5.217296E-09 
 1.800000E+00 
-2.825544E-07 
 1.800000E+00 
-1.312622E-06 
-4.870818E-08 
-4.870913E-08 
-4.870524E-08 
 1.800000E+00 
 1.800001E+00 
 5.879015E-05 
-2.205768E-08 
-2.205831E-08 
-2.205838E-08 
 1.800000E+00 
 6.741726E-09 
 1.800007E+00 
-1.288079E-08 
 1.056936E-08 
 1.800000E+00 
-1.647970E-06 
 1.575610E-07 
 1.575415E-07 
 1.800000E+00 
-3.365850E-06 
-2.567534E-06 
 1.799998E+00 
 3.697385E-06 
 3.721922E-06 
 1.800000E+00 
 4.969454E-06 
 1.581159E-07 
 1.581227E-07 
 1.800000E+00 
 1.800000E+00 
-4.727673E-07 
 2.440221E-08 
 2.440352E-08 
 2.441218E-08 
 2.440980E-08 
 1.800000E+00 
-1.180661E-06 
 1.800000E+00 
 2.750111E-07 
 1.289052E-08 
 1.800000E+00 
 2.194421E-06 
 9.625448E-09 
 9.626091E-09 
 1.800000E+00 
-2.721084E-07 
-5.724419E-07 
 1.800000E+00 
 5.031082E-08 
 1.168813E-08 
 1.168858E-08 
 1.800000E+00 
-9.793490E-10 
 1.800001E+00 
 2.993615E-09 
 3.153702E-08 
 3.153580E-08 
 3.154506E-08 
 1.800002E+00 
 2.946378E-08 
 1.800000E+00 
 2.607368E-06 
 1.410688E-08 
 1.410753E-08 
 1.800000E+00 
-9.163959E-07 
-9.048696E-07 
 1.800000E+00 
 1.450220E-05 
-3.908336E-07 
-3.908410E-07 
 1.800000E+00 
 6.985568E-06 
 7.658255E-06 
 7.658273E-06 
 1.800000E+00 
 5.955313E-06 
 1.800000E+00 
 5.075442E-05 
 2.541269E-08 
 2.540627E-08 
 2.541267E-08 
 1.800001E+00 
 1.517031E-08 
 1.188217E-08 
 1.800000E+00 
 9.191057E-09 
 9.396638E-09 
 1.800000E+00 
 1.586942E-07 
-2.486457E-08 
-2.486464E-08 
 1.800000E+00 
-1.274682E-05 
 1.749776E-08 
 1.749958E-08 
 1.800001E+00 
-1.063431E-11 
-1.878260E-08 
 1.800002E+00 
 1.107227E-07 
-3.853847E-08 
-3.853849E-08 
 1.800000E+00 
-5.611309E-06 
 2.277432E-08 
 1.800000E+00 
-1.547644E-06 
 5.820587E-09 
 5.825060E-09 
 5.824578E-09 
 1.800000E+00 
 6.518354E-09 
 1.800000E+00 
 9.585922E-07 
 5.789103E-08 
 5.789002E-08 
 5.788999E-08 
 1.800000E+00 
 4.365739E-07 
-1.420742E-07 
 1.800000E+00 
-5.667461E-07 
-2.101003E-07 
-2.100992E-07 
-2.100994E-07 
 1.800000E+00 
-1.829537E-08 
 1.799997E+00 
-5.392738E-07 
 3.178818E-07 
 3.178786E-07 
 3.178807E-07 
 1.800000E+00 
-1.345546E-06 
-2.740199E-09 
-2.740498E-09 
 1.800000E+00 
-3.422844E-06 
 6.655796E-09 
 1.799994E+00 
 1.196829E-06 
 2.521937E-07 
 2.521851E-07 
 2.521852E-07 
 1.800000E+00 
 2.029100E-06 
 1.800000E+00 
 1.682230E-06 
 6.848894E-09 
 6.853046E-09 
 6.856137E-09 
 6.846568E-09 
 1.800000E+00 
 6.613318E-09 
 6.586421E-09 
 1.800000E+00 
-1.056376E-06 
 5.629922E-09 
 5.637630E-09 
 1.800000E+00 
-5.071005E-06 
-4.722599E-06 
-4.722599E-06 
-4.722599E-06 
 1.800000E+00 
-7.794761E-08 
 1.800000E+00 
 1.569458E-06 
 1.501669E-06 
 1.501666E-06 
 1.501671E-06 
 1.501673E-06 
 1.800001E+00 
-1.133906E-05 
 6.801662E-09 
 6.808204E-09 
 1.799995E+00 
-4.054929E-07 
-7.843218E-08 
 1.799998E+00 
 2.286894E-07 
-1.526282E-08 
-1.526283E-08 
-1.526257E-08 
 1.800000E+00 
-7.349267E-07 
 9.093923E-09 
 9.095428E-09 
 1.800000E+00 
 8.197425E-07 
 5.842453E-07 
 5.842443E-07 
 1.800000E+00 
 1.792004E-08 
 7.480049E-09 
 7.478250E-09 
 1.800000E+00 
 6.118014E-07 
 6.707916E-09 
 6.712128E-09 
 6.708521E-09 
 1.800000E+00 
 1.441451E-07 
 5.563691E-09 
 5.557899E-09 
 1.800000E+00 
 6.643700E-08 
 5.514077E-09 
 5.514041E-09 
 1.800000E+00 
 3.384446E-07 
 8.842879E-09 
 8.846862E-09 
 8.841983E-09 
 1.800000E+00 
 2.196319E-06 
 1.767107E-06 
 1.767110E-06 
 1.800004E+00 
 1.737656E-05 
 6.663956E-06 
 6.663958E-06 
 6.663956E-06 
 1.800000E+00 
-2.847618E-06 
 8.614028E-09 
 8.613023E-09 
 1.800000E+00 
-4.133570E-08 
-3.424353E-08 
-3.424329E-08 
-3.424501E-08 
 1.800000E+00 
 4.964356E-08 
 1.662463E-08 
 1.662302E-08 
 1.800000E+00 
-2.179457E-06 
 1.634766E-08 
 1.636900E-08 
 1.634745E-08 
 1.800000E+00 
 4.189138E-07 
 9.858838E-09 
 9.859782E-09 
 1.799998E+00 
 2.343215E-06 
 5.202450E-09 
 5.208632E-09 
 5.208012E-09 
 1.800000E+00 
-5.079728E-06 
-8.925525E-09 
-8.927597E-09 
-8.932589E-09 
 1.800001E+00 
 1.561443E-08 
 1.557674E-08 
 1.557831E-08 
 1.557823E-08 
 1.799999E+00 
-1.512465E-08 
 7.971039E-09 
 7.971285E-09 
 1.800000E+00 
-2.628671E-08 
 2.230357E-08 
 2.230483E-08 
 2.230365E-08 
 1.800000E+00 
-1.369177E-06 
 5.372609E-09 
 5.370783E-09 
 5.373240E-09 
 1.800000E+00 
 8.818532E-07 
 9.255392E-09 
 9.255305E-09 
 9.255267E-09 
 1.800002E+00 
-4.038862E-09 
-8.909860E-09 
-8.906064E-09 
-8.907437E-09 
 1.799998E+00 
 2.045422E-08 
-1.429138E-08 
-1.429179E-08 
-1.429174E-08 
 1.799999E+00 
-2.213804E-06 
 6.071517E-09 
 6.069678E-09 
 6.070516E-09 
 1.800000E+00 
 1.912099E-08 
 6.214250E-09 
 6.218477E-09 
 6.215156E-09 
 1.799999E+00 
-1.192732E-06 
-4.927562E-09 
-4.928683E-09 
-4.927762E-09 
 1.800000E+00 
-1.278845E-05 
-2.576464E-05 
-2.576463E-05 
-2.576463E-05 
-2.576463E-05 
 1.800000E+00 
-2.437097E-09 
 9.463637E-09 
 9.463303E-09 
 1.800000E+00 
 1.387450E-07 
 7.451410E-09 
 7.451311E-09 
 7.452005E-09 
 7.468740E-09 
 7.439551E-09 
 1.800000E+00 
 9.210817E-08 
 6.634683E-08 
 1.800000E+00 
 1.128930E-09 
 7.456488E-09 
 7.456619E-09 
 7.456415E-09 
 7.456796E-09 
 7.456836E-09 
 1.800000E+00 
 1.855754E-06 
 8.388596E-09 
 8.385147E-09 
 8.369879E-09 
 1.800000E+00 
 1.282124E-07 
 1.617475E-08 
 1.617121E-08 
 1.617291E-08 
 1.617382E-08 
 1.800002E+00 
 1.718239E-08 
 6.637707E-09 
 6.637862E-09 
 6.637545E-09 
 1.800000E+00 
 2.602685E-07 
 2.064496E-08 
 2.065445E-08 
 2.064530E-08 
 2.064513E-08 
 1.800000E+00 
 8.463877E-07 
 6.544796E-07 
 6.544798E-07 
 6.544798E-07 
 1.800000E+00 
 4.314807E-07 
-3.231335E-08 
-3.231517E-08 
-3.231345E-08 
-3.231415E-08 
 1.800000E+00 
 1.048898E-06 
 9.948387E-09 
 9.953107E-09 
 9.957158E-09 
 9.956093E-09 
 1.800000E+00 
-8.875025E-08 
 1.549877E-08 
 1.550457E-08 
 1.550371E-08 
 1.550390E-08 
 1.799999E+00 
 2.048960E-08 
 9.621089E-09 
 9.622325E-09 
 9.623031E-09 
 9.622777E-09 
 1.800000E+00 
 7.046422E-09 
 7.246984E-09 
 7.246524E-09 
 7.248785E-09 
 1.800000E+00 
 2.240066E-06 
 2.237529E-06 
 2.237531E-06 
 2.237531E-06 
 2.237530E-06 
 2.237530E-06 
 1.800000E+00 
-1.954249E-07 
-3.969505E-09 
-3.968297E-09 
-3.968451E-09 
-3.969309E-09 
 1.799999E+00 
 1.149211E-08 
-3.095504E-08 
-3.095493E-08 
-3.095550E-08 
 1.800000E+00 
-3.396163E-07 
 7.458537E-09 
 7.460387E-09 
 7.462189E-09 
 7.457898E-09 
 7.460679E-09 
 7.460696E-09 
 1.800009E+00 
 1.055155E-06 
-2.252513E-08 
-2.252291E-08 
-2.252319E-08 
 1.800000E+00 
-1.339993E-06 
 5.397186E-10 
 5.388038E-10 
 5.386536E-10 
 5.388321E-10 
 5.548111E-10 
 1.800002E+00 
 3.366741E-06 
 1.135984E-08 
 1.137110E-08 
 1.136001E-08 
 1.135933E-08 
 1.800000E+00 
 3.529557E-08 
 7.441938E-09 
 7.442032E-09 
 7.442093E-09 
 7.442060E-09 
 7.443612E-09 
 1.800000E+00 
-6.366497E-06 
-2.210874E-05 
-2.210874E-05 
-2.210874E-05 
-2.210873E-05 
-2.210874E-05 
 1.800002E+00 
 3.165980E-06 
 1.344616E-06 
 1.344616E-06 
 1.344615E-06 
 1.800000E+00 
 5.822462E-05 
-8.245746E-08 
-8.245737E-08 
-8.245766E-08 
-8.245797E-08 
-8.245822E-08 
-8.246371E-08 
-8.245709E-08 
 1.800000E+00 
 3.439434E-07 
-4.349710E-07 
-4.349703E-07 
-4.349720E-07 
 1.800000E+00 
-8.148057E-06 
-8.148789E-06 
-8.148790E-06 
-8.148791E-06 
-8.148799E-06 
-8.148789E-06 
-8.148788E-06 
 1.800000E+00 
 4.457135E-06 
 4.268846E-06 
 4.268846E-06 
 4.268846E-06 
 4.268835E-06 
 1.800000E+00 
-2.090725E-06 
-1.480360E-05 
-1.480359E-05 
-1.480359E-05 
-1.480359E-05 
-1.480359E-05 
-1.480359E-05 
 1.800000E+00 
 6.479335E-09 
-4.529419E-09 
-4.524035E-09 
-4.529657E-09 
-4.529966E-09 
-4.513863E-09 
 1.800000E+00 
 2.997052E-07 
 6.580874E-09 
 6.581569E-09 
 6.581008E-09 
 6.580874E-09 
 6.580585E-09 
 1.800000E+00 
-8.289167E-06 
-8.285726E-06 
-8.285721E-06 
-8.285715E-06 
-8.285721E-06 
-8.285722E-06 
 1.800000E+00 
-1.028696E-05 
 8.952487E-08 
 8.952515E-08 
 8.952671E-08 
 8.952546E-08 
 8.955870E-08 
 8.952501E-08 
 1.800000E+00 
-5.426203E-07 
-1.103989E-07 
-1.103912E-07 
-1.103928E-07 
-1.103920E-07 
-1.103912E-07 
 1.800000E+00 
-1.472158E-05 
-1.475433E-05 
-1.475433E-05 
-1.475432E-05 
-1.475433E-05 
-1.475434E-05 
-1.475433E-05 
-1.475433E-05 
 1.800001E+00 
 9.082094E-09 
 1.537896E-08 
 1.536794E-08 
 1.536026E-08 
 1.800003E+00 
-9.132242E-07 
 5.509476E-09 
 5.515384E-09 
 5.505544E-09 
 5.514201E-09 
 5.515001E-09 
 5.514353E-09 
 5.513969E-09 
 5.518942E-09 
 5.515321E-09 
 1.800000E+00 
-8.428873E-06 
 6.758282E-08 
 6.758200E-08 
 6.758257E-08 
 1.800001E+00 
-8.362654E-07 
 8.539225E-09 
 8.532774E-09 
 8.537933E-09 
 8.532355E-09 
 8.525401E-09 
 8.536639E-09 
 8.537263E-09 
 8.538611E-09 
 8.537890E-09 
 1.800000E+00 
-5.148018E-06 
-5.766098E-06 
-5.766099E-06 
-5.766114E-06 
 1.800000E+00 
-3.517288E-06 
 5.806864E-09 
 5.807504E-09 
 5.804727E-09 
 5.807190E-09 
 5.807392E-09 
 5.805638E-09 
 5.807206E-09 
 5.807300E-09 
 5.810349E-09 
 1.800000E+00 
 2.392055E-06 
 2.394893E-06 
 2.394890E-06 
 2.394893E-06 
 2.394893E-06 
 1.800000E+00 
-2.597318E-07 
 8.099289E-09 
 8.100625E-09 
 8.097397E-09 
 8.101079E-09 
 8.101539E-09 
 8.109109E-09 
 8.100089E-09 
 8.101070E-09 
 1.800000E+00 
-9.006906E-06 
-3.269199E-06 
-3.269200E-06 
-3.269200E-06 
-3.269196E-06 
-3.269200E-06 
 1.800000E+00 
 8.820239E-05 
-3.553277E-07 
-3.553291E-07 
-3.553295E-07 
-3.553289E-07 
-3.553291E-07 
-3.553296E-07 
-3.553293E-07 
-3.553294E-07 
 1.800000E+00 
 1.908457E-05 
 7.647337E-06 
 7.647343E-06 
 7.647341E-06 
 7.647342E-06 
 7.647342E-06 
 7.647342E-06 
 1.800000E+00 
-1.789212E-07 
-3.037039E-08 
-3.036402E-08 
-3.037026E-08 
-3.036394E-08 
-3.037168E-08 
-3.036966E-08 
-3.037400E-08 
 1.800000E+00 
-1.984611E-07 
 4.445992E-09 
 4.451758E-09 
 4.446099E-09 
 4.446418E-09 
 4.446094E-09 
 4.445736E-09 
 4.446464E-09 
 1.800001E+00 
-5.189499E-06 
-1.795717E-05 
-1.795717E-05 
-1.795717E-05 
-1.795717E-05 
-1.795717E-05 
-1.795717E-05 
 1.800001E+00 
-1.559169E-07 
 6.908724E-09 
 6.907951E-09 
 6.917388E-09 
 6.903760E-09 
 6.866092E-09 
 6.909123E-09 
 6.907272E-09 
 6.906898E-09 
 6.893747E-09 
 1.800000E+00 
-1.151922E-06 
 8.474662E-09 
 8.476303E-09 
 8.475546E-09 
 8.470178E-09 
 8.473853E-09 
 1.799999E+00 
 9.047402E-06 
-1.171517E-06 
-1.171517E-06 
-1.171519E-06 
-1.171517E-06 
-1.171517E-06 
-1.171520E-06 
-1.171516E-06 
-1.171518E-06 
-1.171517E-06 
 1.800000E+00 
 4.664004E-05 
-1.723750E-06 
-1.723750E-06 
-1.723750E-06 
-1.723750E-06 
-1.723751E-06 
-1.723750E-06 
 1.800000E+00 
-6.691939E-08 
-6.572457E-08 
-6.572749E-08 
-6.572371E-08 
-6.572303E-08 
-6.572446E-08 
-6.572387E-08 
-6.572339E-08 
-6.572370E-08 
 1.799998E+00 
 9.589438E-08 
 2.200445E-08 
 2.200399E-08 
 2.200431E-08 
 2.200424E-08 
 2.200458E-08 
 2.200433E-08 
 2.200220E-08 
 2.200442E-08 
 1.800001E+00 
-7.757938E-07 
 5.552611E-09 
 5.553431E-09 
 5.556751E-09 
 5.556495E-09 
 5.552462E-09 
 5.556791E-09 
 5.558343E-09 
 1.800001E+00 
-3.689437E-06 
-6.387630E-09 
-6.389488E-09 
-6.391923E-09 
-6.388025E-09 
-6.390232E-09 
-6.387830E-09 
-6.388012E-09 
-6.387937E-09 
 1.800000E+00 
-1.288990E-06 
 8.364226E-09 
 8.363895E-09 
 8.363913E-09 
 8.350314E-09 
 8.359564E-09 
 8.363990E-09 
 8.363605E-09 
 1.800000E+00 
 2.478153E-06 
 2.491322E-06 
 2.491331E-06 
 2.491321E-06 
 2.491320E-06 
 2.491321E-06 
 2.491320E-06 
 2.491321E-06 
 2.491321E-06 
 2.491320E-06 
 1.800000E+00 
 3.754663E-07 
 5.077666E-09 
 5.074462E-09 
 5.074608E-09 
 5.077882E-09 
 5.077132E-09 
 5.048348E-09 
 1.800000E+00 
-3.147034E-06 
 6.604962E-09 
 6.604906E-09 
 6.613792E-09 
 6.604556E-09 
 6.605545E-09 
 6.605112E-09 
 6.604821E-09 
 6.603605E-09 
 6.608113E-09 
 6.604806E-09 
 1.800000E+00 
 4.658923E-05 
-3.287810E-08 
-3.287871E-08 
-3.287656E-08 
-3.288204E-08 
-3.287807E-08 
-3.287711E-08 
 1.800000E+00 
-7.546686E-07 
-7.723952E-06 
-7.723965E-06 
-7.723952E-06 
-7.723953E-06 
-7.723953E-06 
-7.723953E-06 
-7.723954E-06 
-7.723936E-06 
-7.723952E-06 
-7.723952E-06 
 1.800003E+00 
 1.640269E-07 
 9.075899E-08 
 9.076007E-08 
 9.076032E-08 
 9.075930E-08 
 9.076036E-08 
 9.075937E-08 
 1.800000E+00 
 1.959242E-07 
 1.656434E-08 
 1.657520E-08 
 1.656625E-08 
 1.657491E-08 
 1.657719E-08 
 1.657568E-08 
 1.657575E-08 
 1.657625E-08 
 1.658365E-08 
 1.657373E-08 
 1.800000E+00 
-4.650643E-07 
-9.902181E-08 
-9.904183E-08 
-9.902094E-08 
-9.902198E-08 
-9.901328E-08 
-9.898552E-08 
 1.800000E+00 
 1.807447E-06 
 9.955548E-09 
 9.957839E-09 
 9.960787E-09 
 9.957035E-09 
 9.959208E-09 
 9.960327E-09 
 9.957267E-09 
 9.961383E-09 
 9.959426E-09 
 9.960171E-09 
 1.800000E+00 
-6.017032E-07 
 9.765206E-09 
 9.765124E-09 
 9.764121E-09 
 9.765996E-09 
 9.765334E-09 
 9.765291E-09 
 9.792719E-09 
 1.800000E+00 
-4.365572E-06 
 6.206619E-09 
 6.191514E-09 
 6.203280E-09 
 6.195696E-09 
 6.202851E-09 
 6.203893E-09 
 6.201691E-09 
 6.213318E-09 
 6.200591E-09 
 1.799999E+00 
 2.532012E-07 
 7.537377E-09 
 7.536843E-09 
 7.537516E-09 
 7.534139E-09 
 7.537388E-09 
 7.536926E-09 
 1.800000E+00 
-1.250309E-06 
-1.222460E-07 
-1.222457E-07 
-1.222461E-07 
-1.222459E-07 
-1.222465E-07 
-1.222513E-07 
-1.222460E-07 
-1.222465E-07 
-1.222509E-07 
-1.222456E-07 
-1.222461E-07 
 1.799998E+00 
-3.409041E-08 
-4.884782E-08 
-4.885066E-08 
-4.884498E-08 
-4.884783E-08 
-4.885018E-08 
 1.800000E+00 
-1.265757E-06 
 5.220400E-09 
 5.160067E-09 
 5.220878E-09 
 5.217450E-09 
 5.221214E-09 
 5.221212E-09 
 5.278309E-09 
 5.221168E-09 
 5.220854E-09 
 5.222210E-09 
 5.221907E-09 
 1.800001E+00 
 6.920781E-07 
 9.512179E-07 
 9.512055E-07 
 9.512069E-07 
 9.512073E-07 
 1.800000E+00 
 1.156148E-06 
 2.423531E-07 
 2.423531E-07 
 2.423510E-07 
 2.423526E-07 
 2.423535E-07 
 2.423599E-07 
 2.423520E-07 
 2.423528E-07 
 2.423531E-07 
 2.423583E-07 
 2.423434E-07 
 2.423532E-07 
 1.800000E+00 
 5.792320E-06 
-3.799933E-08 
-3.799811E-08 
-3.800003E-08 
-3.799978E-08 
-3.799722E-08 
-3.799926E-08 
 1.800000E+00 
 8.523676E-09 
 7.379892E-09 
 7.382791E-09 
 7.277500E-09 
 7.392647E-09 
 7.379615E-09 
 7.380236E-09 
 7.380081E-09 
 7.380429E-09 
 1.800000E+00 
-7.788939E-07 
 6.331770E-09 
 6.330412E-09 
 6.331932E-09 
 6.332432E-09 
 6.332480E-09 
 6.325729E-09 
 6.331672E-09 
 1.800000E+00 
-1.100322E-06 
 2.140124E-09 
 2.140473E-09 
 2.135728E-09 
 2.139946E-09 
 2.140378E-09 
 2.131773E-09 
 2.139871E-09 
 2.129499E-09 
 2.139455E-09 
 1.799999E+00 
-2.627670E-07 
 6.545233E-09 
 6.546198E-09 
 6.541673E-09 
 6.527110E-09 
 6.546259E-09 
 6.537554E-09 
 1.800000E+00 
-2.221115E-06 
-2.043532E-06 
-2.043533E-06 
-2.043532E-06 
-2.043532E-06 
-2.043533E-06 
-2.043532E-06 
-2.043532E-06 
-2.043505E-06 
-2.043532E-06 
 1.799999E+00 
-2.864172E-06 
 1.023862E-08 
 1.023795E-08 
 1.023478E-08 
 1.023839E-08 
 1.023803E-08 
 1.023822E-08 
 1.023920E-08 
 1.800000E+00 
 2.463095E-05 
 4.674689E-06 
 4.674689E-06 
 4.674689E-06 
 4.674687E-06 
 4.674689E-06 
 4.674688E-06 
 4.674691E-06 
 1.800000E+00 
 2.286181E-06 
 2.278654E-06 
 2.278673E-06 
 2.278671E-06 
 2.278675E-06 
 2.278672E-06 
 2.278674E-06 
 2.278673E-06 
 1.800000E+00 
-2.503063E-07 
-1.617135E-07 
-1.617121E-07 
-1.617117E-07 
-1.617132E-07 
-1.617112E-07 
-1.617242E-07 
-1.617129E-07 
-1.617130E-07 
 1.800000E+00 
 7.141452E-10 
 1.033073E-08 
 1.033373E-08 
 1.033221E-08 
 1.033339E-08 
 1.033517E-08 
 1.033673E-08 
 1.799999E+00 
-1.815188E-07 
-1.440559E-07 
-1.440559E-07 
-1.440518E-07 
-1.440559E-07 
-1.440599E-07 
-1.440581E-07 
-1.440563E-07 
-1.440564E-07 
-1.440561E-07 
 1.800001E+00 
 1.309975E-06 
 1.229122E-06 
 1.229123E-06 
 1.229123E-06 
 1.229125E-06 
 1.800000E+00 
 1.912437E-07 
 1.669985E-07 
 1.669971E-07 
 1.669992E-07 
 1.669937E-07 
 1.669974E-07 
 1.669939E-07 
 1.669986E-07 
 1.669982E-07 
 1.670010E-07 
 1.800000E+00 
 4.592074E-06 
-5.894253E-09 
-5.894247E-09 
-5.894137E-09 
-5.893092E-09 
-5.894177E-09 
-5.894544E-09 
 1.800000E+00 
 7.288072E-07 
 6.409358E-09 
 6.402116E-09 
 6.410413E-09 
 6.409847E-09 
 6.423114E-09 
 6.410121E-09 
 6.438603E-09 
 1.800000E+00 
 1.119309E-08 
 8.135035E-09 
 8.123938E-09 
 8.122333E-09 
 8.141773E-09 
 8.123661E-09 
 1.800000E+00 
-2.548586E-08 
 1.699400E-09 
 1.699944E-09 
 1.700708E-09 
 1.702068E-09 
 1.700812E-09 
 1.700339E-09 
 1.712082E-09 
 1.702203E-09 
 1.800000E+00 
 1.534575E-07 
 8.576897E-07 
 8.576898E-07 
 8.576897E-07 
 8.576897E-07 
 8.576885E-07 
 8.576897E-07 
 1.800000E+00 
 4.361045E-07 
 2.685528E-07 
 2.685521E-07 
 2.685514E-07 
 2.685522E-07 
 2.685521E-07 
 2.685519E-07 
 1.800000E+00 
 8.246163E-08 
 7.441557E-09 
 7.444650E-09 
 7.445307E-09 
 7.445344E-09 
 7.445197E-09 
 7.445334E-09 
 1.800000E+00 
 1.368031E-07 
 1.503357E-07 
 1.503373E-07 
 1.503373E-07 
 1.503371E-07 
 1.503371E-07 
 1.503372E-07 
 1.799999E+00 
 6.160000E-06 
 7.795081E-08 
 7.794967E-08 
 7.795268E-08 
 7.794971E-08 
 7.794966E-08 
 7.794792E-08 
 1.800000E+00 
-1.450878E-05 
 4.025995E-08 
 4.024743E-08 
 4.025964E-08 
 4.025481E-08 
 4.025799E-08 
 1.800000E+00 
-9.795101E-06 
-9.078450E-06 
-9.078451E-06 
-9.078450E-06 
-9.078450E-06 
-9.078451E-06 
-9.078446E-06 
-9.078451E-06 
 1.799996E+00 
 1.910121E-05 
-9.063409E-07 
-9.063396E-07 
-9.063408E-07 
-9.063333E-07 
-9.063410E-07 
 1.800000E+00 
-2.298059E-05 
-2.232719E-05 
-2.232720E-05 
-2.232720E-05 
-2.232719E-05 
-2.232719E-05 
-2.232720E-05 
 1.799999E+00 
 1.945992E-05 
 1.498933E-05 
 1.498934E-05 
 1.498934E-05 
 1.498934E-05 
 1.800000E+00 
-1.418451E-07 
-1.440889E-07 
-1.440891E-07 
-1.440876E-07 
-1.440885E-07 
-1.440883E-07 
-1.440866E-07 
-1.440870E-07 
 1.800000E+00 
 4.204393E-07 
 3.452364E-09 
 3.468389E-09 
 3.456662E-09 
 3.454331E-09 
 1.800000E+00 
-1.040931E-06 
-4.869765E-08 
-4.869552E-08 
-4.870073E-08 
-4.870887E-08 
-4.869954E-08 
-4.869750E-08 
-4.869896E-08 
 1.800000E+00 
-5.024468E-08 
-4.938961E-08 
-4.939092E-08 
 1.800000E+00 
-1.518743E-07 
-9.945037E-08 
-9.944971E-08 
-9.946334E-08 
-9.944267E-08 
-9.944656E-08 
-9.945023E-08 
-9.944144E-08 
-9.944740E-08 
-9.945013E-08 
 1.800000E+00 
 3.221882E-08 
 1.800000E+00 
 4.498015E-06 
 1.331165E-08 
 1.328152E-08 
 1.331963E-08 
 1.331925E-08 
 1.331517E-08 
 1.331392E-08 
 1.333555E-08 
 1.331456E-08 
 1.331284E-08 
 1.331484E-08 
 1.800000E+00 
 1.556728E-08 
 8.537574E-09 
 1.800000E+00 
-3.268786E-06 
-1.588350E-06 
-1.588349E-06 
-1.588348E-06 
-1.588350E-06 
-1.588348E-06 
-1.588350E-06 
-1.588349E-06 
 1.800003E+00 
-2.121786E-07 
-1.934769E-07 
-1.934774E-07 
-1.934798E-07 
 1.800000E+00 
-4.516003E-07 
 5.503433E-09 
 5.508481E-09 
 5.503846E-09 
 5.503384E-09 
 5.503154E-09 
 5.502389E-09 
 1.800000E+00 
 4.036515E-08 
 3.062365E-08 
 3.062248E-08 
 3.062215E-08 
 1.800000E+00 
 6.092462E-06 
 7.779153E-08 
 7.779144E-08 
 7.779143E-08 
 7.779202E-08 
 7.779243E-08 
 1.800004E+00 
 2.643609E-06 
-1.531399E-05 
-1.531399E-05 
-1.531399E-05 
-1.531399E-05 
 1.800000E+00 
-1.566103E-07 
 6.546189E-09 
 6.541121E-09 
 6.545880E-09 
 6.523250E-09 
 6.543617E-09 
 1.800000E+00 
-1.365001E-06 
-7.525161E-08 
-7.525964E-08 
-7.526102E-08 
 1.800000E+00 
 6.483630E-06 
 7.860420E-09 
 7.857489E-09 
 7.855543E-09 
 7.856675E-09 
 7.857520E-09 
 7.858395E-09 
 1.800000E+00 
 6.058787E-07 
 2.850262E-08 
 1.800000E+00 
-1.166033E-07 
 7.793603E-09 
 7.772199E-09 
 7.793647E-09 
 7.795060E-09 
 7.793511E-09 
 7.791844E-09 
 7.794319E-09 
 1.800001E+00 
 2.113854E-07 
 2.927885E-07 
 2.928646E-07 
 1.800000E+00 
 1.938517E-05 
-5.657594E-08 
-5.657883E-08 
-5.658486E-08 
-5.658382E-08 
-5.658396E-08 
 1.800000E+00 
-3.376177E-06 
-1.217729E-09 
-1.218251E-09 
-1.214708E-09 
 1.800000E+00 
-1.734295E-08 
 1.503440E-08 
 1.502365E-08 
 1.502326E-08 
 1.501476E-08 
 1.800000E+00 
 1.044023E-07 
 6.307698E-07 
 6.307684E-07 
 6.307672E-07 
 6.307228E-07 
 1.800000E+00 
 3.132262E-06 
 8.573851E-09 
 8.574717E-09 
 8.574052E-09 
 1.800000E+00 
-1.036223E-06 
 6.841411E-09 
 6.825904E-09 
 6.828787E-09 
 6.817428E-09 
 1.800000E+00 
-9.069564E-07 
-8.905321E-07 
-8.904838E-07 
-8.904843E-07 
 1.800000E+00 
-6.659799E-07 
-1.942187E-07 
-1.942189E-07 
-1.942189E-07 
-1.942189E-07 
 1.799999E+00 
-6.181268E-06 
-1.715034E-08 
-1.715136E-08 
-1.715007E-08 
 1.800000E+00 
-9.645673E-06 
-6.213125E-10 
-6.126700E-10 
-6.212134E-10 
-6.213202E-10 
 1.800000E+00 
-7.165883E-06 
 1.085011E-08 
 1.084881E-08 
 1.800000E+00 
-1.938535E-07 
 3.340633E-08 
 3.340851E-08 
 3.341445E-08 
 3.340889E-08 
 3.341691E-08 
 1.800000E+00 
-5.445775E-08 
 7.727908E-09 
 1.799999E+00 
-4.806390E-06 
 4.109159E-09 
 4.104631E-09 
 4.104039E-09 
 4.106947E-09 
 4.104943E-09 
 1.800000E+00 
 1.952672E-05 
-9.165435E-07 
-9.165448E-07 
-9.165446E-07 
 1.800000E+00 
-2.588023E-07 
 3.415219E-07 
 3.415225E-07 
 1.800000E+00 
-1.956687E-09 
 7.507784E-09 
 7.507688E-09 
 7.507761E-09 
 1.799999E+00 
 1.274977E-08 
-9.663096E-08 
-9.663153E-08 
-9.663096E-08 
-9.663094E-08 
 1.800001E+00 
 2.102022E-07 
 4.628372E-09 
 4.696032E-09 
 1.800000E+00 
-2.569515E-06 
-2.147822E-05 
-2.147822E-05 
-2.147822E-05 
-2.147822E-05 
 1.800000E+00 
-1.121434E-07 
 2.473264E-09 
 1.800000E+00 
-3.910703E-08 
 1.397897E-08 
 1.397927E-08 
 1.398074E-08 
 1.397980E-08 
 1.398050E-08 
 1.799999E+00 
 3.797430E-07 
 1.800000E+00 
-8.399905E-07 
 2.944530E-10 
 2.825752E-10 
 2.954583E-10 
 2.897201E-10 
 2.935517E-10 
 2.907305E-10 
 1.800000E+00 
 1.800000E+00 
-7.647502E-07 
 5.356132E-09 
 5.353627E-09 
 5.359043E-09 
 5.360482E-09 
 5.361367E-09 
 5.363993E-09 
 1.800000E+00 
 3.092102E-09 
 6.940868E-09 
 1.800000E+00 
-4.145940E-07 
 2.792849E-08 
 2.792975E-08 
 2.792830E-08 
 1.800000E+00 
 1.016514E-06 
 7.850143E-09 
 7.856959E-09 
 1.800000E+00 
 2.374631E-07 
 2.373199E-07 
 2.373254E-07 
 2.373254E-07 
 1.799998E+00 
 9.681627E-08 
-1.609133E-08 
-1.609173E-08 
 1.800000E+00 
-8.412959E-08 
 3.224559E-08 
 3.224906E-08 
 3.224436E-08 
 1.800000E+00 
 1.508739E-07 
-7.191779E-08 
-7.191871E-08 
 1.800000E+00 
 7.317248E-06 
 2.675439E-08 
 2.676577E-08 
 1.799993E+00 
-2.623409E-06 
 4.389328E-09 
 4.390799E-09 
 4.390305E-09 
 1.799998E+00 
-5.841454E-06 
 9.354373E-09 
 9.357298E-09 
 1.800000E+00 
-1.804126E-06 
 5.969116E-09 
 5.970439E-09 
 1.800000E+00 
 6.244767E-06 
-1.678196E-06 
-1.678196E-06 
-1.678193E-06 
 1.800000E+00 
 2.592512E-07 
 1.153695E-08 
 1.800000E+00 
 3.789164E-07 
-5.887890E-07 
-5.887884E-07 
-5.887878E-07 
 1.800001E+00 
-1.854649E-06 
 9.059815E-09 
 9.058246E-09 
 1.800000E+00 
 1.544277E-08 
 1.478829E-08 
 1.478884E-08 
 1.799997E+00 
 1.720040E-07 
 1.187497E-07 
 1.187587E-07 
 1.187500E-07 
 1.800000E+00 
-2.293642E-06 
 1.800000E+00 
-1.756124E-07 
 7.050820E-09 
 7.043146E-09 
 7.042815E-09 
 7.043268E-09 
 1.800000E+00 
-3.185258E-08 
 2.199511E-09 
 1.800000E+00 
 2.146741E-07 
 1.589110E-08 
 1.589130E-08 
 1.800000E+00 
 2.002343E-06 
 2.085846E-06 
 2.085851E-06 
 2.085844E-06 
 1.800000E+00 
 1.902612E-07 
 1.800002E+00 
-6.272407E-07 
-6.488539E-07 
-6.488541E-07 
-6.488530E-07 
-6.488568E-07 
 1.800000E+00 
 4.364790E-08 
 1.800000E+00 
 9.363123E-06 
 9.929442E-06 
 9.929442E-06 
 9.929443E-06 
 1.800000E+00 
-1.023237E-06 
-1.789359E-07 
-1.789365E-07 
 1.799999E+00 
-1.057397E-08 
 1.800001E+00 
-1.027006E-07 
 8.228179E-09 
 8.232965E-09 
 8.231530E-09 
 8.233391E-09 
 1.800000E+00 
-6.413730E-06 
-6.559046E-06 
 1.799999E+00 
 3.244286E-07 
 3.589496E-09 
 1.799999E+00 
-1.305820E-06 
-1.285239E-06 
-1.285239E-06 
-1.285239E-06 
 1.800000E+00 
-4.973104E-09 
 1.799999E+00 
-4.211271E-05 
 4.318091E-08 
 4.318856E-08 
 4.318784E-08 
 1.800000E+00 
 1.362130E-06 
 1.481866E-06 
 1.800000E+00 
 8.758628E-08 
-1.262661E-07 
-1.262665E-07 
 1.800000E+00 
 1.683453E-06 
 8.447226E-09 
 1.800000E+00 
-2.152626E-07 
-2.017421E-07 
-2.017392E-07 
-2.017400E-07 
 1.800000E+00 
 1.800000E+00 
 1.163597E-07 
 2.683251E-09 
 2.683133E-09 
 2.684440E-09 
 2.681332E-09 
 1.800000E+00 
 1.744076E-06 
 1.071670E-08 
 1.800000E+00 
 1.768540E-08 
 1.800000E+00 
 3.399798E-05 
 4.143058E-08 
 4.143056E-08 
 4.143162E-08 
 1.800000E+00 
-3.528928E-05 
 5.688877E-07 
 1.800000E+00 
 8.123404E-08 
 4.366791E-09 
 4.301469E-09 
 1.800000E+00 
-1.644073E-06 
 1.800000E+00 
 1.541602E-08 
 3.828914E-09 
 3.833250E-09 
 3.828868E-09 
 1.800000E+00 
 5.518901E-08 
 1.800000E+00 
 3.492867E-08 
 7.589488E-09 
 7.588657E-09 
 7.589244E-09 
 1.800000E+00 
-2.680335E-08 
 1.800000E+00 
 4.295939E-07 
 5.141675E-08 
 5.145273E-08 
 1.800000E+00 
 7.152031E-09 
 1.800000E+00 
-5.064387E-07 
 4.379865E-09 
 4.384329E-09 
 4.372706E-09 
 1.799999E+00 
-1.142812E-06 
-1.140238E-06 
 1.800000E+00 
-7.742244E-10 
 1.800000E+00 
 1.475113E-05 
-8.892082E-09 
-8.902731E-09 
-8.900260E-09 
 1.800000E+00 
 1.800000E+00 
-3.229409E-07 
 9.707061E-09 
 9.703211E-09 
 9.705250E-09 
 9.708356E-09 
 1.800001E+00 
 1.800002E+00 
 5.704260E-08 
 8.114855E-08 
 8.115182E-08 
 1.800004E+00 
-7.882261E-07 
 7.515687E-10 
 1.800010E+00 
 3.521916E-06 
 1.755900E-07 
 1.800000E+00 
-2.157475E-06 
-1.251942E-05 
-1.251942E-05 
 1.800000E+00 
 9.428605E-07 
 1.800000E+00 
 3.534425E-07 
 6.048515E-09 
 6.049480E-09 
 1.800000E+00 
-9.105240E-08 
 1.868168E-08 
 1.799999E+00 
 2.970176E-06 
 1.800002E+00 
-5.311315E-06 
 5.266732E-09 
 5.257687E-09 
 1.800000E+00 
-7.102004E-07 
-1.388317E-05 
 1.800000E+00 
-1.780843E-08 
-1.818081E-08 
 1.800000E+00 
-1.321861E-08 
 2.339695E-07 
 1.800000E+00 
 2.427973E-06 
 2.949738E-06 
 1.800001E+00 
 2.597311E-09 
-7.313242E-09 
 1.800000E+00 
 7.524581E-08 
 7.510199E-09 
 1.800000E+00 
 2.226352E-06 
 6.196624E-09 
 1.800003E+00 
 1.513398E-08 
 6.311728E-09 
 1.800000E+00 
-3.799265E-06 
-3.627960E-06 
 1.800001E+00 
 5.929824E-08 
 1.800003E+00 
 7.900024E-08 
 4.628274E-08 
 4.629164E-08 
 1.800000E+00 
-2.205397E-07 
-7.771013E-12 
 1.800000E+00 
 1.881421E-07 
 1.800000E+00 
 4.904247E-05 
-2.994681E-08 
-2.994125E-08 
 1.799999E+00 
-4.893545E-08 
 1.800000E+00 
-1.273916E-07 
-4.323478E-08 
 1.800000E+00 
 2.941853E-06 
 2.537118E-07 
 1.800000E+00 
-8.161498E-08 
-7.763093E-08 
 1.800000E+00 
-5.683716E-07 
-2.260613E-07 
 1.800000E+00 
 5.530184E-08 
 1.800000E+00 
 8.929411E-07 
 7.089694E-07 
 1.800000E+00 
 3.035148E-05 
 2.565517E-08 
 2.565572E-08 
 1.800000E+00 
 1.800000E+00 
 2.707262E-06 
 5.943858E-09 
 5.946650E-09 
 1.800000E+00 
 1.305046E-06 
 1.800000E+00 
-3.089218E-06 
 6.048099E-09 
 6.048460E-09 
 1.800000E+00 
 1.800000E+00 
-5.913159E-06 
-5.856613E-06 
-5.856608E-06 
 1.800000E+00 
 9.989906E-08 
 1.800000E+00 
-2.390868E-06 
 4.646586E-09 
 1.800000E+00 
-1.385206E-08 
-1.580101E-08 
 1.800000E+00 
 1.438486E-07 
 1.800001E+00 
-1.819036E-06 
 6.370587E-09 
 6.370167E-09 
 1.799998E+00 
 1.800000E+00 
-1.618709E-07 
 7.292156E-09 
 7.292275E-09 
 1.799999E+00 
-4.858660E-08 
 1.800000E+00 
 1.321678E-09 
 1.800000E+00 
-6.265628E-08 
 3.317608E-08 
 3.318953E-08 
 1.800000E+00 
 9.699039E-08 
 1.800000E+00 
 1.173375E-06 
 1.800000E+00 
-1.832931E-06 
-1.326331E-06 
-1.326334E-06 
 1.800000E+00 
 1.800000E+00 
-1.128372E-06 
-4.361555E-07 
-4.361580E-07 
 1.800000E+00 
 2.773538E-08 
 1.799997E+00 
 7.455365E-09 
 1.800002E+00 
 2.547387E-07 
 6.141584E-09 
 1.800000E+00 
 3.668721E-05 
-2.021183E-08 
 1.800000E+00 
 6.494111E-07 
 1.800000E+00 
 1.359971E-06 
 1.363563E-06 
 1.800000E+00 
-6.311247E-07 
 1.800000E+00 
-5.905540E-09 
 7.321459E-09 
 1.799998E+00 
 1.573849E-07 
 1.800000E+00 
-1.161911E-05 
 2.795615E-08 
 1.800000E+00 
 6.352564E-08 
 1.800002E+00 
-1.172465E-06 
-1.604551E-07 
 1.800000E+00 
-2.129497E-07 
 1.800000E+00 
 1.731680E-07 
 1.035651E-07 
 1.800000E+00 
-1.506682E-08 
 1.800000E+00 
-2.241646E-07 
 1.800000E+00 
-7.887739E-06 
-1.812570E-07 
-1.812723E-07 
 1.800000E+00 
 1.800000E+00 
 6.485513E-08 
 1.433577E-08 
 1.800001E+00 
-2.094080E-07 
 1.800000E+00 
-2.250080E-07 
 6.182213E-10 
 1.799999E+00 
 7.518215E-07 
 1.800000E+00 
 7.486155E-06 
 7.956433E-06 
 1.800000E+00 
 1.800000E+00 
-4.657556E-08 
 7.456739E-09 
 7.463043E-09 
 1.800001E+00 
 1.800000E+00 
 7.466975E-07 
 6.516859E-07 
 6.516845E-07 
 1.800000E+00 
 1.800000E+00 
 3.405586E-06 
 3.566685E-06 
 1.799999E+00 
-1.195728E-08 
 1.800000E+00 
 6.255531E-06 
 3.169371E-08 
 1.800000E+00 
 1.799998E+00 
 9.135940E-07 
 6.627635E-09 
 6.631846E-09 
 1.800000E+00 
 1.800000E+00 
-3.251663E-07 
-1.967945E-07 
 1.800000E+00 
-1.702404E-06 
 1.800000E+00 
 3.666082E-07 
 1.800000E+00 
 3.100506E-08 
 3.147141E-08 
 1.799999E+00 
-1.599055E-10 
 1.800000E+00 
 2.930742E-08 
 1.800000E+00 
 9.324767E-08 
 9.326629E-08 
 1.800000E+00 
-1.160695E-07 
 1.800000E+00 
 2.399444E-08 
 1.800002E+00 
-6.163060E-07 
 1.800000E+00 
-2.119231E-06 
-2.833587E-06 
 1.799999E+00 
 4.370607E-07 
 1.800001E+00 
-8.604371E-09 
 1.800001E+00 
 1.042481E-08 
 1.800000E+00 
-7.396380E-07 
-1.021061E-06 
 1.800000E+00 
-3.794878E-06 
 1.800000E+00 
 1.800000E+00 
-4.384620E-06 
-9.985866E-09 
-9.986653E-09 
 1.800000E+00 
 1.800000E+00 
 9.575905E-07 
 5.991769E-09 
 1.800000E+00 
-1.784814E-07 
 1.800000E+00 
-1.752041E-07 
 1.800000E+00 
-4.133923E-07 
 1.800000E+00 
-6.698414E-08 
-6.683071E-08 
 1.800000E+00 
 1.800000E+00 
-1.380204E-07 
 3.165200E-07 
 1.800000E+00 
-2.550358E-08 
 1.800000E+00 
 7.446883E-09 
 1.799999E+00 
-9.689027E-08 
 1.800000E+00 
 4.441287E-06 
 1.800000E+00 
-2.075600E-05 
 3.374854E-07 
 1.800000E+00 
 1.800000E+00 
-2.023599E-08 
-1.850053E-08 
 1.800000E+00 
-3.280933E-06 
 1.800000E+00 
 8.413926E-08 
 1.800001E+00 
-1.953803E-07 
 1.800001E+00 
-1.967976E-06 
 1.800000E+00 
-1.584513E-07 
 6.665657E-09 
 1.800000E+00 
 1.800000E+00 
-4.704925E-05 
 5.360857E-08 
 1.800000E+00 
 1.800000E+00 
 1.452488E-05 
 1.003338E-06 
 1.800000E+00 
 4.501436E-10 
 1.800001E+00 
 6.172527E-09 
 1.800000E+00 
 1.800000E+00 
-5.720399E-06 
-5.364829E-06 
-5.364834E-06 
 1.800000E+00 
 1.800000E+00 
 1.800000E+00 
 2.015419E-05 
 7.422571E-06 
 7.422573E-06 
 1.800000E+00 
 1.800000E+00 
 1.188599E-07 
 1.800000E+00 
-1.382660E-07 
-4.588903E-07 
 1.800000E+00 
 1.800000E+00 
 1.601123E-07 
 1.800000E+00 
-1.744749E-06 
-2.110951E-07 
 1.800000E+00 
 1.800002E+00 
 4.473823E-08 
 1.799998E+00 
-3.085072E-07 
 5.229818E-09 
 1.800000E+00 
 1.800000E+00 
-8.667091E-07 
-1.287094E-06 
 1.800000E+00 
 1.800000E+00 
-1.818267E-05 
-1.766473E-05 
 1.800000E+00 
 1.800000E+00 
-1.048621E-07 
 1.800000E+00 
-1.817311E-07 
 7.441854E-09 
 1.800000E+00 
 1.800000E+00 
-2.565656E-07 
 1.800000E+00 
-8.350953E-05 
 3.762073E-07 
 1.800000E+00 
 1.800000E+00 
 3.541655E-06 
 1.800000E+00 
-1.641844E-06 
 1.800000E+00 
 4.543935E-06 
 1.582269E-06 
 1.800002E+00 
 1.800002E+00 
 1.800000E+00 
 3.422787E-06 
 1.981726E-06 
 1.981726E-06 
 1.800000E+00 
 1.800000E+00 
 1.800000E+00 
 1.538489E-06 
 1.822534E-06 
 1.799999E+00 
-2.693944E-08 
 1.800000E+00 
 1.799999E+00 
-3.286596E-06 
-3.038995E-06 
 1.800000E+00 
 1.799999E+00 
 6.436747E-06 
 5.971409E-06 
 1.800000E+00 
 1.800001E+00 
 5.395542E-08 
 1.800000E+00 
 3.888175E-09 
 1.800000E+00 
 7.409894E-07 
 1.800000E+00 
-2.288456E-06 
 1.800000E+00 
 1.581728E-08 
 1.800000E+00 
 1.800000E+00 
 2.704041E-08 
 6.189024E-09 
 1.800000E+00 
 1.800000E+00 
 6.137152E-09 
 1.800000E+00 
-7.504491E-08 
 1.800000E+00 
 8.444661E-06 
 1.800000E+00 
-2.255275E-08 
 1.799999E+00 
-1.606020E-06 
 1.800000E+00 
 3.287310E-08 
 1.800000E+00 
 1.800000E+00 
-7.545106E-07 
 1.800000E+00 
 1.138365E-06 
 1.800001E+00 
 5.007537E-08 
 1.799997E+00 
-1.642763E-05 
 1.800000E+00 
 4.453910E-08 
 1.800000E+00 
 1.800000E+00 
-1.109651E-06 
 1.800000E+00 
 1.779156E-05 
-5.815255E-07 
 1.800000E+00 
 1.800000E+00 
 1.799999E+00 
 3.079503E-07 
 8.919250E-09 
 1.799999E+00 
 1.800000E+00 
 2.417775E-06 
 1.800001E+00 
-1.098612E-08 
 1.800000E+00 
-3.269201E-06 
 1.800000E+00 
 1.886604E-08 
 1.800000E+00 
 1.800001E+00 
 5.166582E-06 
 1.800000E+00 
 8.579260E-09 
 1.800000E+00 
-5.406296E-08 
 1.800000E+00 
-8.583622E-08 
 1.800000E+00 
 1.800000E+00 
 2.481159E-07 
 1.800000E+00 
 1.359045E-05 
 1.800000E+00 
 1.356111E-07 
 1.800001E+00 
 1.800000E+00 
-8.703475E-07 
 3.427372E-09 
 1.800000E+00 
 1.800000E+00 
 1.800002E+00 
 1.959576E-06 
 2.972405E-08 
 1.800000E+00 
 1.800000E+00 
-2.007250E-08 
 1.800000E+00 
 7.805921E-09 
 1.800002E+00 
 1.800001E+00 
 2.464684E-07 
-3.354793E-07 
 1.800000E+00 
 1.800000E+00 
 1.800000E+00 
 2.701505E-06 
 9.715239E-09 
 1.800000E+00 
 1.800000E+00 
 7.811751E-09 
 1.800000E+00 
 1.800000E+00 
 1.484009E-06 
 2.019358E-06 
 1.800000E+00 
 1.800007E+00 
 2.296366E-08 
 1.800000E+00 
 1.800000E+00 
-3.779456E-06 
 6.703501E-09 
 1.800000E+00 
 1.800000E+00 
 1.800000E+00 
-3.463559E-06 
 8.253958E-09 
 1.800000E+00 
 1.800000E+00 
 1.800000E+00 
-1.162840E-06 
 4.881328E-09 
 1.799997E+00 
 1.800001E+00 
 1.484566E-07 
 1.799999E+00 
 9.740005E-09 
 1.800000E+00 
 1.800000E+00 
 3.057306E-09 
 1.800000E+00 
-1.457519E-06 
 1.800000E+00 
 1.800000E+00 
 1.539148E-08 
 1.800000E+00 
 1.800000E+00 
-1.846410E-07 
 6.028973E-09 
 1.800000E+00 
 1.800000E+00 
 3.804775E-08 
 1.800000E+00 
 1.800002E+00 
 5.537260E-09 
 1.800000E+00 
 1.944429E-08 
 1.800000E+00 
 1.800000E+00 
 4.836760E-07 
 1.800000E+00 
 9.118775E-08 
 1.800000E+00 
 1.799999E+00 
 1.799999E+00 
