#format table ## [Custom WaveView] saved 09:59:57 Wed Oct  7 2026
v(qout) 
 7.445351E-09 
 7.442619E-09 
 7.453689E-09 
 1.800000E+00 
 1.800000E+00 
 1.800000E+00 
 2.698279E-09 
 2.701363E-09 
 1.800001E+00 
 7.711142E-08 
 2.355035E-08 
 1.800000E+00 
 1.800000E+00 
-1.931704E-06 
 1.800000E+00 
-3.669723E-06 
 1.800000E+00 
-1.276239E-08 
 1.800000E+00 
-5.568923E-06 
 1.800000E+00 
 8.745510E-08 
 1.800000E+00 
-5.140401E-07 
 1.800001E+00 
-7.857845E-06 
 1.800000E+00 
 1.566868E-07 
 1.800000E+00 
 1.800000E+00 
 2.081300E-06 
 2.020054E-06 
 1.800000E+00 
 2.202015E-08 
 1.800000E+00 
 1.799999E+00 
 5.220780E-07 
 1.799999E+00 
 1.835199E-06 
 1.386580E-08 
 1.800000E+00 
 1.800000E+00 
-3.271675E-06 
 1.800000E+00 
-3.475188E-06 
 1.800000E+00 
 1.800000E+00 
 1.482478E-08 
 9.970918E-09 
 1.800000E+00 
 1.800000E+00 
 3.346052E-06 
-2.323139E-08 
 1.799998E+00 
 1.800001E+00 
-2.693584E-09 
 1.800000E+00 
 1.180069E-06 
 1.800000E+00 
-7.421324E-08 
 1.800000E+00 
 1.800000E+00 
-1.308494E-06 
-1.405814E-06 
 1.800000E+00 
 1.800000E+00 
 1.476634E-08 
 1.800000E+00 
 1.800000E+00 
 1.480430E-04 
 1.422382E-06 
 1.800000E+00 
-1.117073E-06 
 1.800000E+00 
 1.800000E+00 
 9.369792E-07 
 1.800000E+00 
 9.512497E-09 
 1.800000E+00 
 1.800000E+00 
-4.276881E-06 
-4.566508E-06 
 1.800000E+00 
 1.800000E+00 
 6.554229E-08 
 1.800000E+00 
 5.694571E-09 
 1.800010E+00 
 1.800000E+00 
 3.416961E-07 
 1.719134E-08 
 1.800000E+00 
 1.800000E+00 
 1.800000E+00 
-4.921028E-07 
 1.268277E-08 
 1.800000E+00 
 1.800007E+00 
-1.481211E-07 
 1.800000E+00 
-1.926484E-06 
 1.800000E+00 
-9.406642E-06 
 1.800006E+00 
 1.800000E+00 
-5.165962E-07 
 1.800000E+00 
 1.800000E+00 
 4.590863E-08 
-2.420758E-07 
 1.800000E+00 
 1.800000E+00 
 1.639846E-08 
 1.800000E+00 
 1.800000E+00 
-1.573561E-06 
 8.762247E-09 
 1.800000E+00 
 1.800000E+00 
 1.800008E+00 
-1.384641E-07 
-1.462846E-07 
 1.800000E+00 
 1.800000E+00 
 1.800000E+00 
-1.895966E-06 
 4.956125E-09 
 1.800000E+00 
 1.800000E+00 
 1.800000E+00 
-9.195165E-08 
 6.305847E-09 
 1.800002E+00 
 1.800001E+00 
-1.987292E-07 
 1.800000E+00 
 1.800000E+00 
 4.811318E-07 
 1.800000E+00 
 1.132745E-07 
 1.800000E+00 
 1.800000E+00 
 5.398685E-07 
 1.799999E+00 
 2.117754E-07 
 1.800000E+00 
 1.800000E+00 
 4.079404E-07 
 1.800000E+00 
 7.318109E-08 
 1.800000E+00 
 1.800000E+00 
 1.722800E-08 
 1.800000E+00 
 1.800000E+00 
 9.565599E-07 
 8.839475E-07 
 1.800000E+00 
 1.800000E+00 
 1.800000E+00 
 1.800000E+00 
-2.518062E-06 
 6.835196E-08 
 1.800000E+00 
 1.800000E+00 
 2.798547E-07 
 1.800000E+00 
 1.800000E+00 
 2.152323E-07 
 1.800001E+00 
 2.094912E-07 
 1.800000E+00 
 1.800000E+00 
 7.428346E-09 
 1.800000E+00 
 1.800000E+00 
 1.125180E-09 
 1.799997E+00 
 1.800000E+00 
-4.362028E-07 
 1.177100E-08 
 1.800000E+00 
 1.800000E+00 
 1.800000E+00 
 1.800000E+00 
 1.441862E-07 
 1.609386E-07 
 1.800000E+00 
 1.800000E+00 
 1.800000E+00 
 1.178524E-07 
 1.800000E+00 
 1.800000E+00 
 6.476115E-09 
 8.656131E-09 
 1.800000E+00 
 1.800000E+00 
 1.800000E+00 
 1.800000E+00 
-7.111014E-08 
-6.278821E-08 
 1.800000E+00 
 1.800000E+00 
 1.800000E+00 
 4.478762E-07 
 1.800000E+00 
 1.800000E+00 
-6.739505E-09 
 1.800000E+00 
-2.744218E-07 
 1.800000E+00 
 1.800000E+00 
 1.800000E+00 
 8.291163E-09 
 1.800001E+00 
-2.279800E-07 
 1.800000E+00 
 1.800000E+00 
 2.170390E-07 
 1.800000E+00 
 1.800000E+00 
 1.800000E+00 
-8.625057E-06 
-8.625674E-06 
 1.800000E+00 
 1.800000E+00 
 1.800000E+00 
 1.800000E+00 
-6.077411E-07 
 1.800000E+00 
-3.933365E-08 
 1.800000E+00 
 1.800000E+00 
 7.481013E-09 
 1.800000E+00 
 1.800000E+00 
 1.800000E+00 
 2.172545E-07 
 1.800000E+00 
 1.098758E-08 
 1.800000E+00 
 1.800000E+00 
 1.800000E+00 
 1.326263E-07 
 1.800000E+00 
 2.172395E-07 
 1.800000E+00 
 1.800000E+00 
 1.800000E+00 
-3.604038E-08 
 1.800000E+00 
 1.800000E+00 
 1.428967E-07 
 1.800000E+00 
 1.800000E+00 
 1.995713E-06 
 1.800007E+00 
 1.800000E+00 
 1.800000E+00 
 1.297038E-05 
 1.799999E+00 
 4.673977E-08 
 1.800000E+00 
 1.800000E+00 
 1.800001E+00 
-2.013663E-08 
 1.800002E+00 
 1.800000E+00 
-5.776818E-08 
 1.800000E+00 
 1.800000E+00 
 8.056995E-09 
 1.800000E+00 
 1.800000E+00 
 1.800000E+00 
-3.756220E-07 
 1.800000E+00 
 1.800001E+00 
 8.616701E-10 
 1.800001E+00 
 1.800001E+00 
 1.800000E+00 
-1.148279E-09 
 1.800000E+00 
-1.498627E-06 
 1.800000E+00 
 1.800000E+00 
 1.800000E+00 
 1.800000E+00 
-1.326517E-05 
 1.800001E+00 
 1.800000E+00 
-1.855425E-06 
 1.799998E+00 
 1.800000E+00 
 1.203179E-08 
 1.800000E+00 
 1.800000E+00 
 1.800002E+00 
 1.148003E-06 
 1.800000E+00 
 1.800000E+00 
-1.597026E-07 
 1.800000E+00 
 1.800000E+00 
 1.800000E+00 
-2.629158E-08 
 1.800000E+00 
 1.800000E+00 
 1.127657E-07 
 1.800000E+00 
 1.800000E+00 
 1.800000E+00 
 1.610607E-08 
 1.800000E+00 
 1.800000E+00 
 1.800000E+00 
 1.320913E-08 
 1.800000E+00 
 1.800000E+00 
 2.919640E-07 
 1.800000E+00 
 1.800000E+00 
 1.800000E+00 
 1.800000E+00 
-1.268438E-08 
 1.800005E+00 
 1.762167E-08 
 1.800000E+00 
 1.800000E+00 
 1.800000E+00 
 1.800000E+00 
-2.838874E-08 
 1.800000E+00 
 1.800000E+00 
 1.800000E+00 
 7.321352E-09 
 1.800000E+00 
 1.800000E+00 
-5.857077E-07 
 1.799998E+00 
 1.799998E+00 
 1.800000E+00 
 9.793518E-09 
 1.800000E+00 
 1.800000E+00 
 1.800000E+00 
 1.800000E+00 
 9.899556E-07 
 1.800000E+00 
 5.662150E-09 
 1.800000E+00 
 1.800000E+00 
 1.800000E+00 
 1.800000E+00 
 1.800000E+00 
-1.466759E-06 
 1.799999E+00 
 1.800000E+00 
 6.867006E-09 
 1.800000E+00 
 1.800000E+00 
 1.800000E+00 
 2.189003E-08 
 1.800000E+00 
 1.800000E+00 
 1.800000E+00 
 1.800000E+00 
 9.723479E-08 
 1.800000E+00 
 1.800000E+00 
 3.852274E-06 
 1.800001E+00 
 1.800001E+00 
 1.800001E+00 
 1.800000E+00 
 1.115792E-07 
 1.800000E+00 
 1.800000E+00 
 1.800000E+00 
-8.959145E-07 
 1.800000E+00 
 1.800000E+00 
 1.800000E+00 
-2.188668E-08 
 1.800000E+00 
 1.800000E+00 
 1.800000E+00 
 1.800005E+00 
-1.103308E-07 
 1.800000E+00 
 1.800000E+00 
 1.800000E+00 
-1.163392E-07 
 1.800003E+00 
 1.800003E+00 
 1.800000E+00 
 1.800000E+00 
 1.422426E-08 
 1.800000E+00 
 1.800001E+00 
-3.811194E-07 
 1.800000E+00 
 1.800000E+00 
 1.800000E+00 
 1.800000E+00 
 1.800000E+00 
 1.442797E-08 
 1.800007E+00 
 1.800007E+00 
 1.800000E+00 
 2.859196E-06 
 1.800000E+00 
 1.800000E+00 
 1.800000E+00 
 1.800000E+00 
 3.095844E-07 
 1.800000E+00 
 1.800000E+00 
 1.800000E+00 
 3.175480E-08 
 1.800000E+00 
 1.800000E+00 
 1.800000E+00 
 1.800000E+00 
 1.800000E+00 
-2.878092E-05 
 1.800000E+00 
 1.800000E+00 
 7.152025E-09 
 1.800007E+00 
 1.800007E+00 
 1.800007E+00 
 1.800007E+00 
 1.800007E+00 
 1.800000E+00 
-2.846181E-06 
 1.800000E+00 
 1.800000E+00 
 2.391480E-06 
 1.799999E+00 
 1.799999E+00 
 1.799999E+00 
 1.799999E+00 
 1.799999E+00 
 1.800000E+00 
 1.787147E-08 
 1.800000E+00 
 4.516652E-08 
 1.800000E+00 
 1.800000E+00 
 1.800000E+00 
 1.800000E+00 
 1.800000E+00 
 1.800000E+00 
 1.800000E+00 
 1.800006E+00 
-6.597922E-09 
 1.800000E+00 
-1.683329E-08 
 1.800000E+00 
 1.800000E+00 
 1.800000E+00 
 1.800000E+00 
 1.800000E+00 
 1.800000E+00 
-1.845629E-05 
 1.800000E+00 
 1.800000E+00 
 1.800000E+00 
 1.800002E+00 
 3.730582E-08 
 1.800000E+00 
 1.800000E+00 
 1.800000E+00 
 1.800005E+00 
 8.352981E-09 
 1.800000E+00 
 1.800000E+00 
 1.800000E+00 
 1.800000E+00 
 1.800000E+00 
 1.215057E-08 
 1.800000E+00 
 1.800000E+00 
 1.800000E+00 
 1.800000E+00 
-1.044985E-08 
 1.800000E+00 
 1.800000E+00 
 1.800000E+00 
 1.800000E+00 
 1.800000E+00 
 1.800001E+00 
 1.596989E-07 
 1.800007E+00 
 1.800000E+00 
-7.717623E-06 
 1.800000E+00 
 1.800000E+00 
 1.800000E+00 
 1.800000E+00 
 1.800000E+00 
 1.800000E+00 
 1.800000E+00 
 1.800000E+00 
 4.611534E-07 
 1.800000E+00 
 1.799999E+00 
 1.800000E+00 
 7.225458E-06 
 1.800000E+00 
 1.800000E+00 
 1.800000E+00 
 1.800000E+00 
 1.800000E+00 
 2.270225E-08 
 1.800000E+00 
 1.800000E+00 
 1.800000E+00 
 1.800000E+00 
 1.800000E+00 
 1.800000E+00 
 7.722282E-09 
 1.799998E+00 
 1.799999E+00 
 1.799999E+00 
 1.800000E+00 
 1.799999E+00 
 2.007984E-05 
 1.800000E+00 
 1.800000E+00 
 1.800000E+00 
 1.800000E+00 
 8.046404E-07 
 1.800000E+00 
 1.800000E+00 
 1.800000E+00 
 1.800000E+00 
 1.800000E+00 
 1.800000E+00 
 1.800000E+00 
 5.052451E-08 
 1.800007E+00 
 1.800007E+00 
 1.800007E+00 
 1.800007E+00 
 1.800002E+00 
 2.840726E-08 
 1.800000E+00 
 1.800000E+00 
 1.800000E+00 
 1.800000E+00 
 1.800004E+00 
 1.159326E-06 
 1.800007E+00 
 1.800007E+00 
 1.800007E+00 
 1.800007E+00 
 1.800007E+00 
 1.800007E+00 
 1.800000E+00 
-3.665733E-09 
 1.800000E+00 
 1.800000E+00 
 1.800000E+00 
 1.799998E+00 
 4.171434E-08 
 1.800000E+00 
 1.800000E+00 
 1.800000E+00 
 1.800000E+00 
 1.800000E+00 
 1.800000E+00 
 1.800000E+00 
 1.800002E+00 
-1.040473E-06 
 1.800000E+00 
 1.800000E+00 
 1.800000E+00 
 1.800000E+00 
 6.651225E-09 
 1.800002E+00 
 1.800002E+00 
 1.800002E+00 
 1.800002E+00 
 1.800002E+00 
 1.800002E+00 
 1.800002E+00 
 1.800001E+00 
-2.042037E-06 
 1.800000E+00 
 1.800000E+00 
 1.800000E+00 
 1.800000E+00 
 1.800000E+00 
 2.087575E-08 
 1.800000E+00 
 1.800000E+00 
 1.800000E+00 
 1.800000E+00 
 1.800000E+00 
 1.800000E+00 
 1.800000E+00 
 1.800000E+00 
 5.661961E-07 
 1.799999E+00 
 1.800000E+00 
 1.800000E+00 
 1.800001E+00 
 1.275252E-06 
 1.800000E+00 
 1.800000E+00 
 1.800000E+00 
 1.800000E+00 
 1.800000E+00 
 1.800000E+00 
 1.800000E+00 
 1.800000E+00 
 1.800000E+00 
 4.251506E-07 
 1.800000E+00 
 1.800000E+00 
 1.800000E+00 
 1.800000E+00 
 1.800000E+00 
 1.800000E+00 
 5.516873E-07 
 1.800000E+00 
 1.800000E+00 
 1.800000E+00 
 1.800000E+00 
 1.800000E+00 
 1.800000E+00 
 1.799996E+00 
-2.994280E-06 
 1.800001E+00 
 1.800001E+00 
 1.800001E+00 
 1.800001E+00 
 1.800001E+00 
 1.800001E+00 
 1.800000E+00 
-5.517164E-08 
 1.800000E+00 
 1.800000E+00 
 1.800000E+00 
 1.800000E+00 
 1.800000E+00 
 1.800000E+00 
 1.800000E+00 
 1.800000E+00 
 4.230712E-08 
 1.800000E+00 
 1.800000E+00 
 1.800000E+00 
 1.800000E+00 
 1.800000E+00 
 1.800000E+00 
 8.001163E-08 
 1.800000E+00 
 1.800000E+00 
 1.800000E+00 
 1.800000E+00 
 1.800000E+00 
 1.800000E+00 
 1.800000E+00 
 1.800000E+00 
 1.799999E+00 
 9.560805E-08 
 1.800000E+00 
 1.800000E+00 
 1.800000E+00 
 1.800000E+00 
 1.800000E+00 
 1.800000E+00 
 1.582333E-07 
 1.800000E+00 
 1.800000E+00 
 1.800000E+00 
 1.800000E+00 
 1.800000E+00 
 1.800000E+00 
 1.800000E+00 
 1.800000E+00 
 1.800000E+00 
 1.800000E+00 
 2.804728E-07 
 1.800000E+00 
 1.800000E+00 
 1.800000E+00 
 1.800000E+00 
 1.800007E+00 
 5.900903E-09 
 1.800000E+00 
 1.800000E+00 
 1.800000E+00 
 1.800000E+00 
 1.800000E+00 
 1.800000E+00 
 1.800000E+00 
 1.800000E+00 
 1.800000E+00 
 1.800000E+00 
 1.800000E+00 
-3.384434E-07 
 1.800000E+00 
 1.800000E+00 
 1.800000E+00 
 1.800000E+00 
 1.800000E+00 
 1.800000E+00 
-1.805571E-08 
 1.799999E+00 
 1.799999E+00 
 1.799999E+00 
 1.799999E+00 
 1.799999E+00 
 1.799999E+00 
 1.799999E+00 
 1.799999E+00 
 1.799999E+00 
 1.800001E+00 
 4.010336E-07 
 1.800000E+00 
 1.800000E+00 
 1.800000E+00 
 1.800000E+00 
 1.800000E+00 
 1.800000E+00 
 1.800000E+00 
 1.800000E+00 
 5.656627E-08 
 1.800005E+00 
 1.800005E+00 
 1.800005E+00 
 1.800005E+00 
 1.800005E+00 
 1.800005E+00 
 1.800005E+00 
 1.800000E+00 
 1.523954E-06 
 1.800000E+00 
 1.800000E+00 
 1.800000E+00 
 1.800000E+00 
 1.800000E+00 
 1.800000E+00 
 1.800000E+00 
 1.800000E+00 
 1.800000E+00 
-4.885465E-06 
 1.800001E+00 
 1.800001E+00 
 1.800001E+00 
 1.800001E+00 
 1.800001E+00 
 1.800001E+00 
 1.800001E+00 
 1.800001E+00 
 1.800000E+00 
 7.577253E-07 
 1.800000E+00 
 1.800000E+00 
 1.800000E+00 
 1.800000E+00 
 1.800000E+00 
 1.800000E+00 
 1.800000E+00 
 1.800000E+00 
 1.800000E+00 
-1.454178E-05 
 1.799999E+00 
 1.799999E+00 
 1.799999E+00 
 1.799999E+00 
 1.799999E+00 
 1.799999E+00 
 1.800000E+00 
 1.800000E+00 
 4.898008E-09 
 1.800000E+00 
 1.800000E+00 
 1.800000E+00 
 1.800000E+00 
 1.800000E+00 
 1.800000E+00 
 1.800000E+00 
 1.800000E+00 
 1.800000E+00 
 1.800001E+00 
 3.754391E-06 
 1.800000E+00 
 1.800000E+00 
 1.800000E+00 
 1.800000E+00 
 1.800000E+00 
 1.800000E+00 
 1.800000E+00 
 1.800000E+00 
 8.234218E-09 
 1.800000E+00 
 1.800000E+00 
 1.800000E+00 
 1.800000E+00 
 1.800000E+00 
 1.800000E+00 
 1.800000E+00 
 1.800000E+00 
 1.800000E+00 
 1.799999E+00 
 6.210715E-09 
 1.800000E+00 
 1.800000E+00 
 1.800000E+00 
 1.800000E+00 
 1.800000E+00 
 1.800000E+00 
 1.800000E+00 
 1.800000E+00 
 1.800000E+00 
 1.843207E-07 
 1.800000E+00 
 1.800000E+00 
 1.800000E+00 
 1.800000E+00 
 1.800000E+00 
 1.800000E+00 
 1.800000E+00 
 1.800000E+00 
 9.945282E-07 
 1.800000E+00 
 1.800000E+00 
 1.800000E+00 
 1.800000E+00 
 1.800000E+00 
 1.800000E+00 
 1.800000E+00 
 1.800000E+00 
 1.800000E+00 
 1.800000E+00 
 1.800000E+00 
 2.987685E-08 
 1.800000E+00 
 1.800000E+00 
 1.800000E+00 
 1.800000E+00 
 1.800000E+00 
 1.799999E+00 
 1.800000E+00 
-6.087070E-08 
 1.800000E+00 
 1.800000E+00 
 1.800000E+00 
 1.800000E+00 
 1.800000E+00 
 1.800000E+00 
 1.800000E+00 
 1.800000E+00 
 1.800000E+00 
 1.800000E+00 
-1.564199E-05 
 1.799999E+00 
 1.799999E+00 
 1.799999E+00 
 1.799999E+00 
 1.799999E+00 
 1.799999E+00 
 1.799999E+00 
 1.799999E+00 
 1.800000E+00 
-3.226051E-08 
 1.800000E+00 
 1.800000E+00 
 1.800000E+00 
 1.800000E+00 
 1.800000E+00 
 1.800000E+00 
 1.800000E+00 
 1.800000E+00 
 1.800000E+00 
 9.707376E-09 
 1.800000E+00 
 1.800000E+00 
 1.800000E+00 
 1.800000E+00 
 1.800000E+00 
 1.800000E+00 
 1.800000E+00 
 1.800000E+00 
 7.529728E-09 
 1.800000E+00 
 1.800000E+00 
 1.800000E+00 
 1.800000E+00 
 1.800000E+00 
 1.800000E+00 
 1.800000E+00 
 1.800000E+00 
 1.800001E+00 
 1.639761E-08 
 1.800000E+00 
 1.800000E+00 
 1.800000E+00 
 1.800000E+00 
 1.800000E+00 
 1.800000E+00 
 1.800000E+00 
 1.800000E+00 
 1.800000E+00 
 2.848189E-08 
 1.800000E+00 
 1.800000E+00 
 1.800000E+00 
 1.800000E+00 
 1.800000E+00 
 1.800000E+00 
 1.800000E+00 
 1.800000E+00 
-1.614966E-07 
 1.800000E+00 
 1.800000E+00 
 1.800000E+00 
 1.800000E+00 
 1.800000E+00 
 1.800000E+00 
 1.800000E+00 
 1.800000E+00 
 1.800000E+00 
-2.455533E-08 
 1.800000E+00 
 1.800000E+00 
 1.800000E+00 
 1.800000E+00 
 1.800000E+00 
 1.800000E+00 
 1.800000E+00 
 9.177855E-09 
 1.800000E+00 
 1.800000E+00 
 1.800000E+00 
 1.800000E+00 
 1.800000E+00 
 1.800000E+00 
 1.800000E+00 
 1.800000E+00 
 1.800000E+00 
 1.800000E+00 
 1.383349E-08 
 1.800000E+00 
 1.800000E+00 
 1.800000E+00 
 1.800000E+00 
 1.800000E+00 
 1.800007E+00 
 3.701808E-06 
 1.800000E+00 
 1.800000E+00 
 1.800000E+00 
 1.800000E+00 
 1.800000E+00 
 1.800000E+00 
 1.800000E+00 
 1.800000E+00 
 1.800000E+00 
-4.047938E-08 
 1.800000E+00 
 1.800000E+00 
 1.800000E+00 
 1.800000E+00 
 1.800000E+00 
 1.800000E+00 
 1.800000E+00 
 1.074777E-08 
 1.800000E+00 
 1.800000E+00 
 1.800000E+00 
 1.800000E+00 
 1.800000E+00 
 1.800000E+00 
 1.800000E+00 
 1.800000E+00 
 5.925528E-08 
 1.800000E+00 
 1.800000E+00 
 1.800000E+00 
 1.800000E+00 
 1.800000E+00 
 1.800000E+00 
 1.800000E+00 
 6.331723E-08 
 1.800000E+00 
 1.800000E+00 
 1.800000E+00 
 1.800000E+00 
 1.800000E+00 
 1.800000E+00 
 1.800000E+00 
 1.800000E+00 
 1.100387E-08 
 1.800000E+00 
 1.800000E+00 
 1.800000E+00 
 1.800000E+00 
 1.800000E+00 
 1.800000E+00 
-7.774429E-09 
 1.799997E+00 
 1.799997E+00 
 1.799997E+00 
 1.799997E+00 
 1.799997E+00 
 1.799997E+00 
 1.800000E+00 
 1.800000E+00 
 2.567846E-08 
 1.800000E+00 
 1.800000E+00 
 1.800000E+00 
 1.800000E+00 
 1.800000E+00 
 1.800000E+00 
-1.674896E-06 
 1.800000E+00 
 1.800000E+00 
 1.800000E+00 
 1.800000E+00 
 1.800000E+00 
 1.800000E+00 
 1.800003E+00 
-1.276508E-09 
 1.800000E+00 
 1.800000E+00 
 1.800000E+00 
 1.800000E+00 
 1.800000E+00 
 1.799997E+00 
 1.800000E+00 
 2.033191E-07 
 1.800007E+00 
 1.800007E+00 
 1.800007E+00 
 1.800000E+00 
 1.800005E+00 
-1.013465E-07 
 1.800000E+00 
 1.800000E+00 
 1.800000E+00 
 1.800000E+00 
 1.800000E+00 
 1.800000E+00 
 1.800000E+00 
 1.800000E+00 
 3.701330E-08 
 1.800000E+00 
 1.800000E+00 
 1.800000E+00 
 1.800000E+00 
 1.800000E+00 
-1.766799E-08 
 1.800000E+00 
 1.800000E+00 
 1.800000E+00 
 1.800000E+00 
 1.800000E+00 
 1.800000E+00 
 1.800000E+00 
-2.735219E-07 
 1.800000E+00 
 1.800000E+00 
 1.800000E+00 
 1.800000E+00 
 1.800003E+00 
-1.304020E-05 
 1.800000E+00 
 1.800000E+00 
 1.800000E+00 
 1.800000E+00 
 1.800000E+00 
 1.800000E+00 
 1.800004E+00 
 8.215339E-06 
 1.800000E+00 
 1.800000E+00 
 1.800000E+00 
 1.800000E+00 
 1.800000E+00 
 6.577721E-06 
 1.800000E+00 
 1.800000E+00 
 1.800000E+00 
 1.800000E+00 
 1.799999E+00 
-9.542744E-08 
 1.800000E+00 
 1.800000E+00 
 1.800000E+00 
 1.800000E+00 
 1.800000E+00 
 1.800000E+00 
 1.800000E+00 
 1.342522E-07 
 1.800000E+00 
 1.800000E+00 
 1.800000E+00 
 1.800000E+00 
 1.755433E-05 
 1.800000E+00 
 1.800000E+00 
 1.800000E+00 
 1.800000E+00 
 1.800000E+00 
 1.800000E+00 
-1.105225E-05 
 1.800000E+00 
 1.800000E+00 
 1.800000E+00 
 1.800000E+00 
 1.800000E+00 
 2.479759E-09 
 1.800000E+00 
 1.800000E+00 
 1.800000E+00 
 1.800000E+00 
 1.800000E+00 
-1.788956E-08 
 1.800000E+00 
 1.800000E+00 
 1.800000E+00 
 1.799995E+00 
 1.800000E+00 
-4.241181E-06 
 1.800000E+00 
 1.800000E+00 
 1.800000E+00 
 1.800000E+00 
 1.800000E+00 
 1.953057E-06 
 1.800000E+00 
 1.800000E+00 
 1.800000E+00 
 1.799999E+00 
-4.422148E-06 
 1.800000E+00 
 1.800000E+00 
 1.800000E+00 
 1.800000E+00 
 1.800000E+00 
 1.800000E+00 
 2.519304E-08 
 1.800000E+00 
 1.800000E+00 
 1.800000E+00 
 1.800000E+00 
-2.631246E-06 
 1.800000E+00 
 1.800000E+00 
 1.800000E+00 
 1.800000E+00 
 1.800000E+00 
 6.240347E-07 
 1.800000E+00 
 1.800000E+00 
 1.800000E+00 
 1.800003E+00 
 4.459269E-09 
 1.800000E+00 
 1.800000E+00 
 1.800000E+00 
 1.800000E+00 
 1.800000E+00 
 5.590864E-09 
 1.800006E+00 
 1.800005E+00 
 1.800000E+00 
 1.800000E+00 
-2.345898E-06 
 1.800007E+00 
 1.799999E+00 
 1.800000E+00 
 1.800000E+00 
 4.404684E-07 
 1.800000E+00 
 1.800000E+00 
 1.800000E+00 
 1.800000E+00 
-1.481045E-08 
 1.800000E+00 
 1.800000E+00 
 1.800000E+00 
 1.800000E+00 
 1.800001E+00 
-1.095784E-09 
 1.800007E+00 
 1.800007E+00 
 1.800000E+00 
 1.800000E+00 
 8.186739E-07 
 1.800000E+00 
 1.800000E+00 
 1.800000E+00 
 1.619104E-07 
 1.800000E+00 
 1.800000E+00 
 1.800000E+00 
 1.800000E+00 
 1.800000E+00 
-2.714001E-07 
 1.800000E+00 
 1.800000E+00 
 1.800000E+00 
-1.604983E-07 
 1.800000E+00 
 1.800000E+00 
 1.800000E+00 
 1.800000E+00 
 1.800000E+00 
-2.283868E-08 
 1.800000E+00 
 1.800002E+00 
 1.343155E-07 
 1.800000E+00 
 1.800000E+00 
 1.800000E+00 
 1.800000E+00 
 1.800006E+00 
 3.367325E-06 
 1.800007E+00 
 1.800007E+00 
 1.800000E+00 
 1.470743E-05 
 1.800000E+00 
 1.800000E+00 
 1.800000E+00 
 1.800000E+00 
-1.241628E-08 
 1.800000E+00 
 1.800000E+00 
 1.800000E+00 
 1.800000E+00 
 1.995873E-09 
 1.800000E+00 
 1.800000E+00 
 1.800000E+00 
 6.255037E-08 
 1.800000E+00 
 1.800000E+00 
 1.800000E+00 
 2.695429E-07 
 1.800000E+00 
 1.800000E+00 
 1.800000E+00 
 1.800000E+00 
-1.231447E-07 
 1.800000E+00 
 1.800000E+00 
 1.800000E+00 
-9.417212E-06 
 1.800000E+00 
 1.800000E+00 
 1.800000E+00 
-1.851217E-06 
 1.800000E+00 
 1.800000E+00 
 1.800000E+00 
 1.800000E+00 
 7.868621E-08 
 1.800000E+00 
 1.800000E+00 
 1.800000E+00 
 8.041034E-09 
 1.800000E+00 
 1.800000E+00 
 1.800000E+00 
-3.739015E-07 
 1.800000E+00 
 1.800000E+00 
 1.800000E+00 
 4.213776E-07 
 1.800000E+00 
 1.800000E+00 
 1.800000E+00 
 1.800000E+00 
 1.133989E-07 
 1.800000E+00 
-2.477869E-07 
 1.800000E+00 
 1.800000E+00 
 1.800000E+00 
 1.800000E+00 
 1.800000E+00 
 2.362922E-08 
 1.800000E+00 
 1.800003E+00 
 5.136168E-09 
 1.799999E+00 
 1.799999E+00 
 1.799999E+00 
 1.800002E+00 
-1.157643E-05 
 1.800000E+00 
-1.089066E-08 
 1.800000E+00 
 1.800000E+00 
 1.800000E+00 
 1.800000E+00 
 1.800000E+00 
-1.423755E-08 
 1.800000E+00 
 2.257222E-06 
 1.800000E+00 
 1.800000E+00 
 1.800000E+00 
 1.800000E+00 
 6.148516E-08 
 1.800000E+00 
 1.800000E+00 
 4.283678E-06 
 1.800000E+00 
 1.800000E+00 
 1.800000E+00 
-1.886515E-09 
 1.800000E+00 
 1.800000E+00 
 1.800000E+00 
 7.484760E-09 
 1.800000E+00 
 1.800001E+00 
 1.800000E+00 
 5.734046E-06 
 1.800000E+00 
 7.158718E-08 
 1.800000E+00 
 1.800000E+00 
 1.800000E+00 
 1.800000E+00 
 3.664400E-07 
 1.800000E+00 
 1.800000E+00 
 1.103489E-09 
 1.800000E+00 
 1.800000E+00 
 1.800000E+00 
 7.047748E-08 
 1.800007E+00 
 1.800000E+00 
-9.536754E-08 
 1.800000E+00 
 1.800000E+00 
 1.800000E+00 
 3.243688E-08 
 1.799999E+00 
 1.800000E+00 
 1.577211E-08 
 1.799999E+00 
 1.799999E+00 
 1.800000E+00 
 1.334472E-08 
 1.800000E+00 
 1.800000E+00 
 2.742998E-07 
 1.800000E+00 
 1.799999E+00 
-4.792065E-07 
 1.800000E+00 
 1.800000E+00 
 1.800000E+00 
 2.230860E-06 
 1.800000E+00 
 1.800000E+00 
 4.118002E-08 
 1.800000E+00 
 1.800000E+00 
-1.946971E-07 
 1.800000E+00 
 1.800000E+00 
 1.799999E+00 
 6.619146E-09 
 1.800000E+00 
 1.800000E+00 
 1.065713E-05 
 1.800002E+00 
 1.800000E+00 
-5.147968E-07 
 1.800000E+00 
 1.800000E+00 
-3.429155E-08 
 1.800000E+00 
 1.800000E+00 
 1.800000E+00 
 6.404831E-06 
 1.800006E+00 
 1.464605E-07 
 1.799997E+00 
 1.799997E+00 
 1.800000E+00 
 6.946492E-07 
 1.800000E+00 
 1.800000E+00 
 5.954681E-07 
 1.800007E+00 
 1.800000E+00 
 4.766678E-06 
 1.800000E+00 
 1.800000E+00 
 1.800004E+00 
 9.858555E-05 
 2.835647E-08 
 1.800000E+00 
 1.800000E+00 
 1.800000E+00 
 1.800000E+00 
 9.495362E-08 
 1.800001E+00 
-8.233882E-08 
 1.800000E+00 
 1.800000E+00 
 9.710793E-06 
 1.800001E+00 
 1.800000E+00 
 1.800000E+00 
 1.960627E-05 
 5.615900E-06 
 1.800007E+00 
 1.800007E+00 
 1.800007E+00 
 1.799998E+00 
 1.433092E-08 
 1.800000E+00 
 3.524226E-09 
 1.800004E+00 
 1.800000E+00 
 4.081705E-07 
 1.800000E+00 
 1.800000E+00 
 4.696021E-08 
 1.800000E+00 
 1.800000E+00 
 4.342054E-08 
 1.800000E+00 
 6.784658E-09 
 1.800000E+00 
 1.800000E+00 
 1.800000E+00 
 2.927931E-05 
 1.800000E+00 
-9.010941E-07 
 1.800000E+00 
 1.800000E+00 
-2.819556E-08 
 1.800000E+00 
 1.800001E+00 
-6.855111E-09 
 1.800000E+00 
 1.800000E+00 
-1.367419E-06 
 1.800000E+00 
-3.696713E-07 
 1.800000E+00 
 1.799999E+00 
 1.502622E-08 
 1.799999E+00 
 1.800000E+00 
 5.047707E-08 
 1.800000E+00 
 1.800000E+00 
 3.179701E-09 
 1.799998E+00 
 6.516453E-09 
 1.799999E+00 
 1.799999E+00 
-8.989529E-10 
 1.800000E+00 
 1.800000E+00 
-6.607842E-06 
 1.800000E+00 
 1.800000E+00 
-1.538036E-08 
 8.849819E-09 
 1.800000E+00 
 1.800000E+00 
 1.800000E+00 
 3.586447E-07 
 1.800000E+00 
 1.800004E+00 
-3.541287E-07 
 1.270947E-08 
 1.800000E+00 
 1.800000E+00 
 1.800000E+00 
 4.536673E-07 
 1.799999E+00 
 1.780614E-07 
 1.800000E+00 
 1.800000E+00 
 4.802999E-07 
 1.800000E+00 
 2.607844E-06 
 1.800000E+00 
 1.800000E+00 
-6.829918E-06 
 1.800000E+00 
-1.003269E-07 
 1.800000E+00 
 1.800000E+00 
 7.284902E-09 
 1.800000E+00 
 4.832341E-08 
 1.800000E+00 
 1.800000E+00 
 1.001049E-07 
 1.800001E+00 
 5.920827E-07 
 1.800000E+00 
 1.800000E+00 
 2.227745E-09 
 1.800000E+00 
 8.655214E-07 
 1.800000E+00 
 1.800000E+00 
 5.569046E-08 
 1.800000E+00 
-1.556421E-06 
 1.800000E+00 
 1.800000E+00 
 2.536991E-06 
 1.800000E+00 
-1.004762E-05 
 1.800000E+00 
 5.876250E-06 
 1.800000E+00 
 1.800000E+00 
 1.420810E-08 
 1.800000E+00 
 3.208496E-08 
 1.800000E+00 
 1.800000E+00 
-3.185909E-07 
 1.800002E+00 
 5.750105E-07 
 1.800000E+00 
-2.413516E-08 
 1.800000E+00 
 1.800000E+00 
 1.006417E-06 
 1.800001E+00 
-5.337214E-06 
 1.800000E+00 
 1.887814E-05 
 1.800000E+00 
 1.800000E+00 
-1.805929E-05 
 1.800000E+00 
 1.334563E-07 
 1.800000E+00 
 1.357841E-08 
 1.799999E+00 
 1.799999E+00 
-7.834161E-07 
 1.075858E-08 
 1.800007E+00 
 1.800007E+00 
 1.800000E+00 
 1.837432E-08 
 3.168613E-08 
 1.800007E+00 
 1.800000E+00 
 1.253947E-06 
 1.441983E-06 
 1.800000E+00 
 1.800000E+00 
 1.800007E+00 
 1.067325E-08 
 8.712166E-09 
 1.800000E+00 
 1.800000E+00 
 9.046432E-07 
 1.611526E-06 
 1.800000E+00 
 1.800000E+00 
 1.800000E+00 
 9.614581E-07 
 5.494150E-09 
 1.800000E+00 
-1.361808E-05 
 1.800000E+00 
 1.800000E+00 
 4.813702E-06 
-2.217913E-06 
 1.800000E+00 
 1.800000E+00 
-7.315519E-07 
 1.800000E+00 
 1.800000E+00 
 5.406061E-08 
 5.477009E-08 
 1.800000E+00 
-1.509759E-05 
 1.800000E+00 
 1.800000E+00 
-1.899650E-06 
 8.936227E-09 
 1.800000E+00 
 1.800000E+00 
-1.068780E-07 
 1.800000E+00 
-1.438862E-05 
 1.800000E+00 
-7.195032E-06 
 1.800000E+00 
 1.385917E-07 
 1.800000E+00 
 2.355531E-07 
 1.800002E+00 
-9.851755E-08 
 1.800000E+00 
 1.800000E+00 
 5.743572E-08 
 6.420882E-08 
 1.800000E+00 
 1.800000E+00 
 1.759919E-06 
 1.549529E-06 
 1.800000E+00 
 1.800000E+00 
 2.462811E-07 
 2.074755E-07 
 1.800000E+00 
 1.800000E+00 
 8.137082E-08 
 1.800000E+00 
 3.231290E-09 
 5.279248E-09 
 1.800000E+00 
 1.800000E+00 
 6.482130E-09 
 1.800000E+00 
-9.034161E-06 
 1.800000E+00 
 4.445628E-06 
 4.950783E-06 
 1.800000E+00 
 1.800000E+00 
-5.633541E-09 
 1.800000E+00 
 3.413289E-08 
 1.800000E+00 
 1.613695E-05 
 1.613691E-05 
 1.800000E+00 
 1.800000E+00 
 1.256726E-06 
 1.800000E+00 
 1.905902E-05 
 1.115044E-05 
 1.800000E+00 
 1.800000E+00 
 2.021942E-07 
-2.072564E-05 
 1.800000E+00 
 1.800000E+00 
 2.969216E-09 
 2.038289E-09 
 1.800000E+00 
 1.800000E+00 
-1.213460E-06 
-1.215417E-06 
 1.800000E+00 
-5.099771E-06 
 1.800000E+00 
-2.103580E-07 
 1.800000E+00 
 1.081043E-07 
 1.800000E+00 
-1.085470E-07 
-9.783456E-08 
 1.800001E+00 
 1.800000E+00 
 5.668840E-06 
 1.800000E+00 
 3.260841E-09 
 6.030741E-09 
 1.800007E+00 
 1.800000E+00 
-7.378400E-06 
-7.310292E-06 
 1.800000E+00 
 1.817717E-08 
 1.800000E+00 
-4.900266E-09 
-3.977678E-09 
 1.800000E+00 
 1.800000E+00 
 1.313802E-06 
 1.800001E+00 
-5.708101E-07 
-1.962154E-07 
 1.800002E+00 
 1.921608E-08 
 1.800000E+00 
 1.400080E-08 
 1.800000E+00 
-3.388286E-09 
 5.150093E-09 
 1.800000E+00 
 1.800000E+00 
-1.285676E-07 
-1.283473E-07 
 1.800001E+00 
 1.464972E-06 
 1.800000E+00 
 4.533757E-09 
 1.800007E+00 
-8.629366E-08 
 5.529939E-09 
 1.800000E+00 
 1.800000E+00 
 1.398517E-06 
 6.244342E-09 
 1.800000E+00 
-6.928323E-06 
 1.119408E-08 
 1.800000E+00 
 1.800000E+00 
-5.483731E-09 
 4.591859E-09 
 1.800000E+00 
 9.697044E-08 
-1.446087E-07 
 1.800000E+00 
 1.800000E+00 
 4.217450E-09 
 5.575524E-08 
 1.800000E+00 
-6.895538E-06 
 1.800007E+00 
 8.414675E-09 
 8.622741E-09 
 1.800000E+00 
 1.800007E+00 
 1.039308E-06 
 5.360673E-09 
 5.360581E-09 
 1.800000E+00 
 1.800000E+00 
 3.614052E-06 
 3.283410E-06 
 1.800000E+00 
 7.289424E-08 
 7.224484E-08 
 1.799999E+00 
 2.390835E-07 
 1.800000E+00 
-1.307762E-07 
 1.800000E+00 
 5.839524E-09 
 1.800000E+00 
-4.735030E-06 
-4.744921E-06 
-4.744919E-06 
 1.800007E+00 
 1.800000E+00 
-2.779195E-06 
 1.492488E-08 
 1.800000E+00 
 3.426206E-06 
 1.119126E-05 
 1.800000E+00 
 3.675792E-08 
 1.800000E+00 
 4.403872E-09 
 1.800000E+00 
 8.601605E-09 
 8.578576E-09 
 1.800000E+00 
-8.635066E-06 
-1.053114E-05 
 1.800000E+00 
 1.800000E+00 
 4.997117E-07 
 1.098718E-08 
 1.098701E-08 
 1.800000E+00 
-8.705663E-08 
 1.800000E+00 
 9.691430E-07 
 8.569656E-07 
 1.800000E+00 
-6.444820E-07 
 1.800002E+00 
-2.450115E-07 
-2.594103E-07 
 1.800000E+00 
 1.536552E-07 
 1.526225E-07 
 1.800000E+00 
 1.800000E+00 
-4.999543E-08 
-4.242694E-08 
-4.242708E-08 
-4.242714E-08 
 1.800000E+00 
 1.800000E+00 
 1.899789E-08 
 1.725911E-09 
 1.800000E+00 
-5.405552E-07 
 1.800000E+00 
 2.209867E-06 
 5.335294E-09 
 5.334921E-09 
 1.800000E+00 
-1.747329E-07 
 1.800000E+00 
 6.070044E-08 
 3.238189E-07 
 1.800000E+00 
 6.196814E-08 
 1.800000E+00 
-1.562710E-05 
-1.562713E-05 
 1.800000E+00 
 1.329527E-07 
 1.327500E-07 
 1.327500E-07 
 1.800000E+00 
 1.800000E+00 
-1.607204E-08 
 6.358120E-09 
 6.358160E-09 
 1.800000E+00 
 1.977051E-06 
 1.800000E+00 
-1.943493E-07 
-1.952390E-07 
 1.799997E+00 
-5.078867E-07 
-5.924430E-07 
-5.924430E-07 
 1.800000E+00 
 1.800002E+00 
 2.442842E-06 
 2.467982E-06 
 2.467981E-06 
 1.800000E+00 
 7.699021E-07 
 7.636354E-07 
 1.800000E+00 
 3.823462E-07 
 1.800000E+00 
 3.652946E-06 
 3.636425E-06 
 3.636425E-06 
 1.800001E+00 
 7.260076E-08 
 1.800000E+00 
 9.873177E-06 
-1.935589E-05 
-1.935589E-05 
 1.800000E+00 
 6.116951E-09 
 1.800002E+00 
-3.196839E-06 
-3.194223E-06 
 1.800000E+00 
 1.006830E-06 
 1.012785E-06 
 1.012785E-06 
 1.800000E+00 
 3.301493E-08 
 1.800000E+00 
 8.551220E-07 
 1.545807E-06 
 1.545808E-06 
 1.800000E+00 
 3.206511E-08 
 1.800000E+00 
 2.096139E-06 
 2.107207E-06 
 2.107207E-06 
 1.800000E+00 
 4.692208E-08 
 1.800000E+00 
 7.570790E-07 
-5.719308E-09 
-5.719302E-09 
-5.719292E-09 
 1.800000E+00 
 1.800007E+00 
-6.948457E-07 
-1.635939E-07 
-1.635939E-07 
-1.635940E-07 
 1.800000E+00 
 1.655533E-05 
 1.800000E+00 
-1.063860E-06 
-1.064116E-06 
-1.064114E-06 
 1.800000E+00 
 5.512519E-09 
 1.800000E+00 
-1.750912E-07 
 1.264873E-08 
 1.264734E-08 
 1.264873E-08 
 1.800000E+00 
 7.956314E-09 
 1.800000E+00 
-1.851971E-07 
-2.081304E-05 
-2.081304E-05 
 1.800000E+00 
 5.665610E-05 
 3.724354E-07 
 1.800000E+00 
 3.353270E-07 
 1.022583E-07 
 1.800000E+00 
 1.289943E-07 
-1.004187E-07 
-1.004186E-07 
 1.800000E+00 
 2.016114E-07 
 1.904932E-07 
 1.904638E-07 
 1.800000E+00 
 1.739190E-08 
 1.800000E+00 
 5.040886E-09 
 9.468978E-09 
 9.467318E-09 
 9.469193E-09 
 1.800000E+00 
 4.138818E-08 
 1.800000E+00 
 5.890875E-08 
-9.181909E-10 
-9.196349E-10 
-9.182332E-10 
 1.800000E+00 
 2.892384E-07 
 1.800000E+00 
 9.539658E-09 
 8.745345E-09 
 8.745262E-09 
 8.748931E-09 
 1.799999E+00 
 2.364379E-06 
 1.800000E+00 
 2.733435E-06 
-1.689573E-10 
-1.689225E-10 
-1.689137E-10 
 1.800000E+00 
 8.576402E-07 
 2.469773E-09 
 2.470284E-09 
 1.799999E+00 
-2.568331E-07 
 1.799997E+00 
-1.054578E-06 
-1.281197E-06 
-1.281196E-06 
-1.281197E-06 
 1.800000E+00 
 2.509954E-08 
 1.116260E-08 
 1.116305E-08 
 1.800000E+00 
 3.579293E-08 
 2.124649E-08 
 1.800000E+00 
 6.564532E-07 
 6.553200E-07 
 6.553199E-07 
 1.800000E+00 
 2.462483E-07 
-2.069951E-07 
-2.069948E-07 
 1.800000E+00 
 3.657322E-07 
 3.657006E-07 
 3.657013E-07 
 1.800000E+00 
-5.827135E-05 
 6.735682E-08 
 6.735712E-08 
 1.800000E+00 
 3.324158E-09 
-1.638957E-07 
-1.638957E-07 
 1.800000E+00 
-9.773048E-08 
 2.405371E-10 
 2.418211E-10 
 1.800000E+00 
 8.849399E-07 
 1.447292E-06 
 1.447292E-06 
 1.800000E+00 
 4.930900E-06 
 4.698447E-06 
 4.698452E-06 
 1.800000E+00 
 6.485895E-06 
 6.483056E-06 
 6.483055E-06 
 1.800000E+00 
-4.006650E-07 
 4.264928E-09 
 4.264960E-09 
 4.265436E-09 
 1.800000E+00 
 4.871755E-09 
 5.432119E-09 
 1.800007E+00 
 1.311782E-07 
-4.389487E-09 
-4.389443E-09 
-4.389472E-09 
 1.800000E+00 
 1.342573E-07 
-1.432814E-09 
-1.429818E-09 
-1.432868E-09 
 1.800000E+00 
 1.054420E-07 
 4.964406E-09 
 1.800000E+00 
 8.502165E-08 
 5.834149E-09 
 5.831659E-09 
 5.831630E-09 
 1.800000E+00 
-1.345355E-05 
 1.232311E-05 
 1.232311E-05 
 1.232311E-05 
 1.800000E+00 
 2.603944E-08 
 1.835372E-08 
 1.835378E-08 
 1.799998E+00 
-3.575089E-06 
 1.895758E-07 
 1.895756E-07 
 1.800000E+00 
-9.484745E-07 
 2.403296E-08 
 2.403297E-08 
 2.403292E-08 
 2.403324E-08 
 1.800000E+00 
 1.242440E-08 
 1.018730E-08 
 1.800000E+00 
-1.247356E-05 
-3.066852E-05 
-3.066852E-05 
-3.066852E-05 
-3.066852E-05 
 1.800000E+00 
 9.155837E-07 
 1.070277E-06 
 1.070276E-06 
 1.070276E-06 
 1.800000E+00 
-5.907708E-06 
-6.282437E-06 
-6.282437E-06 
 1.800000E+00 
 5.517115E-06 
-1.660397E-05 
-1.660397E-05 
-1.660397E-05 
 1.800006E+00 
 3.733545E-08 
 4.943298E-08 
 4.943254E-08 
 4.943427E-08 
 1.800000E+00 
-1.318062E-05 
-1.313521E-05 
-1.313520E-05 
-1.313521E-05 
-1.313520E-05 
 1.799999E+00 
 6.475440E-07 
 6.484859E-07 
 1.800000E+00 
 4.363687E-08 
 3.054370E-08 
 3.054310E-08 
 3.054335E-08 
 3.054075E-08 
 3.053353E-08 
 3.054348E-08 
 1.800001E+00 
 9.841667E-10 
 1.800000E+00 
-1.808126E-06 
 5.143085E-08 
 5.145248E-08 
 5.145233E-08 
 5.145933E-08 
 5.144962E-08 
 5.145217E-08 
 1.800000E+00 
-7.501979E-07 
-7.495830E-07 
-7.495831E-07 
 1.800000E+00 
 1.251763E-06 
 1.766778E-06 
 1.766778E-06 
 1.766778E-06 
 1.766778E-06 
 1.800000E+00 
 2.240358E-06 
-2.656483E-08 
-2.656486E-08 
-2.656489E-08 
-2.656490E-08 
 1.800000E+00 
-1.994891E-07 
 1.045731E-07 
 1.045732E-07 
 1.800000E+00 
-2.163933E-06 
-2.091743E-06 
-2.091748E-06 
-2.091744E-06 
-2.091743E-06 
-2.091743E-06 
-2.091744E-06 
 1.800000E+00 
-4.717843E-07 
-1.579785E-07 
 1.800000E+00 
 1.675119E-06 
 1.616054E-06 
 1.616053E-06 
 1.616054E-06 
 1.616054E-06 
 1.616054E-06 
 1.616054E-06 
 1.800000E+00 
-1.286214E-05 
 2.470630E-09 
 2.470601E-09 
 2.471081E-09 
 2.470644E-09 
 1.800000E+00 
 6.504194E-07 
 6.017544E-07 
 6.017544E-07 
 1.800000E+00 
-5.424944E-06 
-5.618426E-06 
-5.618426E-06 
-5.618426E-06 
-5.618427E-06 
-5.618426E-06 
-5.618426E-06 
-5.618426E-06 
 1.799999E+00 
 5.625835E-09 
 6.026035E-09 
 1.800000E+00 
 3.889617E-07 
 3.745737E-07 
 3.745721E-07 
 3.745720E-07 
 3.745720E-07 
 3.745727E-07 
 3.745720E-07 
 3.745755E-07 
 3.745736E-07 
 1.800000E+00 
 2.161663E-07 
 2.159933E-07 
 1.800000E+00 
-1.297827E-07 
 1.003241E-08 
 1.003231E-08 
 1.002581E-08 
 1.003097E-08 
 1.003233E-08 
 1.003234E-08 
 1.003130E-08 
 1.800000E+00 
 1.279096E-06 
-1.988234E-07 
-1.988223E-07 
-1.988223E-07 
-1.988230E-07 
 1.800000E+00 
 1.731984E-09 
 1.385620E-09 
 1.382273E-09 
 1.385597E-09 
 1.385565E-09 
 1.800000E+00 
 3.681149E-08 
-8.373348E-08 
-8.373307E-08 
-8.373363E-08 
-8.373352E-08 
-8.373444E-08 
-8.373273E-08 
 1.800000E+00 
 2.215812E-08 
 1.011016E-08 
 1.011126E-08 
 1.011139E-08 
 1.011205E-08 
 1.800000E+00 
-1.780004E-07 
-1.661400E-07 
-1.661447E-07 
-1.661402E-07 
-1.661451E-07 
-1.661396E-07 
-1.661395E-07 
 1.800000E+00 
 8.618339E-06 
 8.647378E-06 
 8.647377E-06 
 8.647378E-06 
 8.647378E-06 
 1.800000E+00 
 9.654365E-07 
-3.309645E-09 
-3.310426E-09 
-3.310410E-09 
-3.310421E-09 
-3.310339E-09 
-3.310424E-09 
-3.311816E-09 
 1.800000E+00 
 1.156551E-08 
 1.016780E-08 
 1.016727E-08 
 1.016790E-08 
 1.016788E-08 
 1.800007E+00 
 4.610140E-06 
-1.270219E-07 
-1.270162E-07 
-1.270174E-07 
-1.270173E-07 
-1.270174E-07 
-1.270174E-07 
-1.270172E-07 
 1.800000E+00 
 6.152929E-07 
-3.741104E-07 
-3.741138E-07 
-3.741137E-07 
-3.741138E-07 
-3.741138E-07 
 1.800000E+00 
-3.951784E-06 
-4.003037E-06 
-4.003037E-06 
-4.003037E-06 
-4.003037E-06 
-4.003037E-06 
-4.003037E-06 
 1.800000E+00 
 3.288209E-06 
 2.694823E-06 
 2.694820E-06 
 2.694819E-06 
 2.694821E-06 
 2.694819E-06 
 2.694820E-06 
 2.694820E-06 
 1.800000E+00 
 2.474045E-05 
-1.236325E-05 
-1.236324E-05 
-1.236324E-05 
-1.236325E-05 
 1.800000E+00 
 2.583589E-08 
 1.351788E-09 
 1.351754E-09 
 1.351678E-09 
 1.351779E-09 
 1.351667E-09 
 1.351758E-09 
 1.351812E-09 
 1.351822E-09 
 1.354566E-09 
 1.800000E+00 
-1.096097E-09 
 3.378003E-09 
 3.378000E-09 
 3.377998E-09 
 3.377105E-09 
 1.800000E+00 
 1.753972E-06 
 1.753985E-06 
 1.753986E-06 
 1.753985E-06 
 1.753985E-06 
 1.753985E-06 
 1.753985E-06 
 1.753985E-06 
 1.753986E-06 
 1.753985E-06 
 1.800000E+00 
 2.285620E-06 
 2.285548E-06 
 2.285548E-06 
 2.285548E-06 
 2.285541E-06 
 1.800000E+00 
 1.684886E-06 
 6.643822E-09 
 6.643792E-09 
 6.643839E-09 
 6.643713E-09 
 6.643805E-09 
 6.643809E-09 
 6.645414E-09 
 6.643661E-09 
 6.643824E-09 
 6.643769E-09 
 1.800000E+00 
 4.194765E-05 
 8.375378E-08 
 8.375277E-08 
 8.375464E-08 
 8.376119E-08 
 1.800000E+00 
 4.383011E-06 
 4.364264E-06 
 4.364264E-06 
 4.364264E-06 
 4.364264E-06 
 4.364265E-06 
 4.364264E-06 
 4.364264E-06 
 4.364264E-06 
 4.364265E-06 
 4.364265E-06 
 1.800000E+00 
 1.065473E-07 
 9.025807E-09 
 9.024464E-09 
 9.024451E-09 
 9.024467E-09 
 9.022236E-09 
 1.800000E+00 
 5.319575E-06 
-9.208943E-08 
-9.208905E-08 
-9.208941E-08 
-9.208803E-08 
-9.206821E-08 
-9.208941E-08 
-9.208942E-08 
-9.208585E-08 
-9.209259E-08 
 1.800000E+00 
-1.832968E-07 
-1.895078E-07 
-1.895076E-07 
-1.895074E-07 
-1.895074E-07 
-1.895074E-07 
-1.895100E-07 
-1.895075E-07 
 1.800000E+00 
 5.827458E-07 
 8.258278E-08 
 8.258261E-08 
 8.257847E-08 
 8.257841E-08 
 8.257426E-08 
 8.257840E-08 
 8.257823E-08 
 1.800001E+00 
-3.303045E-07 
 5.618658E-09 
 5.619170E-09 
 5.622859E-09 
 5.618633E-09 
 5.617094E-09 
 5.619436E-09 
 5.618681E-09 
 5.619085E-09 
 5.618979E-09 
 1.800000E+00 
-4.599976E-08 
 5.909717E-09 
 5.909795E-09 
 5.909800E-09 
 5.909691E-09 
 5.909906E-09 
 5.909818E-09 
 1.800000E+00 
-1.220860E-07 
 6.052666E-09 
 6.052695E-09 
 6.052733E-09 
 6.054365E-09 
 6.052725E-09 
 6.052727E-09 
 6.052690E-09 
 6.052821E-09 
 6.052628E-09 
 6.052686E-09 
 1.800007E+00 
-2.393641E-05 
 6.237006E-09 
 6.237010E-09 
 6.237008E-09 
 6.236982E-09 
 6.237019E-09 
 6.236980E-09 
 6.237325E-09 
 1.799998E+00 
-1.740731E-08 
 8.704249E-09 
 8.683140E-09 
 8.702651E-09 
 8.702507E-09 
 8.702345E-09 
 8.702502E-09 
 8.703142E-09 
 8.702508E-09 
 1.800000E+00 
 1.221873E-05 
 1.211801E-05 
 1.211801E-05 
 1.211802E-05 
 1.211801E-05 
 1.211802E-05 
 1.211802E-05 
 1.211802E-05 
 1.211802E-05 
 1.800007E+00 
 6.703155E-07 
 1.252687E-08 
 1.251422E-08 
 1.252678E-08 
 1.252680E-08 
 1.252684E-08 
 1.252687E-08 
 1.252703E-08 
 1.252687E-08 
 1.252645E-08 
 1.800007E+00 
-7.574317E-08 
 1.637060E-07 
 1.636859E-07 
 1.636858E-07 
 1.636859E-07 
 1.636860E-07 
 1.636860E-07 
 1.800001E+00 
-6.771125E-07 
-7.866847E-07 
-7.866845E-07 
-7.866848E-07 
-7.866847E-07 
-7.866846E-07 
-7.866846E-07 
-7.866851E-07 
-7.866847E-07 
-7.866846E-07 
-7.866794E-07 
-7.866847E-07 
 1.800000E+00 
 3.789188E-07 
 5.967690E-09 
 5.992601E-09 
 5.992592E-09 
 5.992869E-09 
 1.800000E+00 
 7.876275E-08 
-3.487559E-09 
-3.487556E-09 
-3.487316E-09 
-3.486904E-09 
-3.487613E-09 
-3.487629E-09 
-3.487434E-09 
-3.487479E-09 
-3.487409E-09 
-3.487445E-09 
-3.487447E-09 
-3.487579E-09 
-3.487744E-09 
 1.800000E+00 
 9.709436E-08 
 9.586817E-08 
 9.586808E-08 
 9.586813E-08 
 1.800000E+00 
-4.808969E-08 
-1.141693E-07 
-1.141645E-07 
-1.141687E-07 
-1.141681E-07 
-1.141679E-07 
-1.141687E-07 
-1.141684E-07 
-1.141687E-07 
-1.141537E-07 
-1.141687E-07 
-1.141701E-07 
-1.141687E-07 
 1.800000E+00 
 1.000078E-05 
-8.128691E-06 
-8.128691E-06 
-8.128692E-06 
-8.128691E-06 
-8.128691E-06 
 1.800000E+00 
-1.355508E-06 
-1.351071E-06 
-1.351066E-06 
-1.351065E-06 
-1.351071E-06 
-1.351069E-06 
-1.351071E-06 
-1.351071E-06 
-1.351071E-06 
-1.351071E-06 
-1.351071E-06 
 1.800000E+00 
 5.367704E-07 
 5.683061E-07 
 5.683062E-07 
 5.683072E-07 
 5.683063E-07 
 5.683062E-07 
 5.683062E-07 
 1.800000E+00 
 1.351932E-06 
-2.533626E-08 
-2.533623E-08 
-2.533626E-08 
-2.533625E-08 
-2.533853E-08 
-2.533624E-08 
-2.533623E-08 
-2.533624E-08 
 1.800000E+00 
-3.338587E-06 
-4.100382E-06 
-4.100381E-06 
-4.100382E-06 
-4.100382E-06 
-4.100382E-06 
-4.100382E-06 
-4.100382E-06 
 1.800000E+00 
 6.201515E-06 
-5.704778E-06 
-5.704777E-06 
-5.704777E-06 
-5.704777E-06 
-5.704777E-06 
-5.704777E-06 
-5.704777E-06 
-5.704777E-06 
 1.800000E+00 
 1.021676E-06 
-1.029417E-08 
-1.029444E-08 
-1.029445E-08 
-1.029444E-08 
-1.029469E-08 
-1.029450E-08 
 1.800000E+00 
 1.227495E-07 
 1.228104E-07 
 1.228103E-07 
 1.228098E-07 
 1.228101E-07 
 1.228102E-07 
 1.228100E-07 
 1.228101E-07 
 1.228102E-07 
 1.800000E+00 
-1.896006E-06 
-1.897849E-06 
-1.897849E-06 
-1.897849E-06 
-1.897841E-06 
-1.897849E-06 
-1.897849E-06 
-1.897849E-06 
 1.800000E+00 
 1.076164E-06 
 1.811363E-06 
 1.811364E-06 
 1.811363E-06 
 1.811363E-06 
 1.811363E-06 
 1.811362E-06 
 1.800000E+00 
 5.902498E-06 
 8.368668E-06 
 8.368668E-06 
 8.368668E-06 
 8.368668E-06 
 8.368668E-06 
 8.368668E-06 
 8.368668E-06 
 1.800000E+00 
-1.144284E-06 
-9.477627E-07 
-9.477625E-07 
-9.477619E-07 
-9.477626E-07 
-9.477626E-07 
-9.477627E-07 
 1.800000E+00 
 1.466143E-07 
-3.188658E-08 
-3.188654E-08 
-3.188569E-08 
-3.188355E-08 
-3.188576E-08 
-3.188661E-08 
-3.188598E-08 
 1.800000E+00 
 1.284801E-08 
 1.222526E-08 
 1.222571E-08 
 1.222570E-08 
 1.222571E-08 
 1.222570E-08 
 1.800000E+00 
 4.519415E-07 
 4.079242E-07 
 4.079243E-07 
 4.079243E-07 
 4.079242E-07 
 4.079242E-07 
 4.079241E-07 
 4.079242E-07 
 4.079243E-07 
 1.800000E+00 
 6.796077E-07 
 6.689044E-07 
 6.689044E-07 
 6.689044E-07 
 6.689043E-07 
 1.800000E+00 
 5.707135E-08 
-2.321099E-08 
-2.321199E-08 
-2.321136E-08 
-2.321188E-08 
-2.321085E-08 
-2.321169E-08 
-2.321163E-08 
 1.800000E+00 
 7.563688E-06 
-1.625326E-05 
-1.625326E-05 
-1.625326E-05 
-1.625326E-05 
 1.800000E+00 
-1.474604E-07 
 9.290689E-09 
 9.292026E-09 
 9.290796E-09 
 9.295844E-09 
 9.290808E-09 
 9.290780E-09 
 9.292032E-09 
 9.290747E-09 
 1.800007E+00 
-1.652983E-07 
-1.653087E-07 
-1.653087E-07 
-1.653087E-07 
 1.800000E+00 
 1.682286E-06 
 6.413706E-09 
 6.411238E-09 
 6.414087E-09 
 6.418266E-09 
 6.413717E-09 
 6.413619E-09 
 6.413527E-09 
 1.800000E+00 
 5.126558E-06 
 5.124258E-06 
 5.124258E-06 
 5.124258E-06 
 1.800000E+00 
-1.653330E-08 
-1.985050E-07 
-1.985046E-07 
-1.985062E-07 
-1.985062E-07 
-1.985062E-07 
-1.985003E-07 
-1.985072E-07 
 1.800000E+00 
-3.751477E-06 
 1.559449E-05 
 1.559449E-05 
 1.559449E-05 
 1.559450E-05 
 1.800000E+00 
 5.533175E-07 
 9.110802E-09 
 9.108438E-09 
 9.110886E-09 
 9.110905E-09 
 9.110902E-09 
 1.800000E+00 
-8.391815E-08 
-6.122777E-07 
-6.122778E-07 
-6.122793E-07 
-6.122778E-07 
-6.122780E-07 
 1.800003E+00 
 7.091159E-07 
 7.241332E-07 
 7.241330E-07 
 7.241393E-07 
 1.800004E+00 
 7.822181E-08 
 7.908841E-08 
 7.908858E-08 
 7.908851E-08 
 7.908652E-08 
 7.908861E-08 
 7.908845E-08 
 7.908775E-08 
 1.800000E+00 
 9.600546E-09 
 9.156724E-09 
 1.800001E+00 
 1.856788E-07 
 1.835931E-07 
 1.835928E-07 
 1.835902E-07 
 1.835932E-07 
 1.835931E-07 
 1.835825E-07 
 1.835932E-07 
 1.800007E+00 
-8.871036E-07 
 8.861652E-09 
 8.869582E-09 
 8.871077E-09 
 1.800000E+00 
 1.151629E-08 
 1.064221E-08 
 1.064216E-08 
 1.064218E-08 
 1.064260E-08 
 1.064220E-08 
 1.800000E+00 
 8.822078E-07 
 6.372585E-09 
 6.372057E-09 
 1.800000E+00 
 1.138086E-08 
 6.154027E-09 
 6.154815E-09 
 6.159633E-09 
 6.156558E-09 
 6.154780E-09 
 6.154798E-09 
 1.800000E+00 
-4.431185E-07 
-7.229802E-08 
-7.229753E-08 
 1.799999E+00 
 5.451448E-08 
 9.199006E-09 
 9.199038E-09 
 9.199188E-09 
 9.199037E-09 
 9.199042E-09 
 1.800000E+00 
 5.251092E-07 
 3.949899E-07 
 3.949899E-07 
 3.949900E-07 
 1.800001E+00 
-7.325397E-07 
-9.820370E-07 
-9.820369E-07 
-9.820370E-07 
 1.800000E+00 
-4.867046E-07 
 9.309752E-09 
 9.310074E-09 
 9.310065E-09 
 9.310054E-09 
 9.310324E-09 
 1.800001E+00 
-2.312613E-06 
-2.312661E-06 
 1.800000E+00 
 1.505217E-08 
 1.464518E-08 
 1.464537E-08 
 1.464536E-08 
 1.464548E-08 
 1.464531E-08 
 1.464560E-08 
 1.800000E+00 
 8.594544E-07 
 7.936712E-07 
 1.800000E+00 
-4.048627E-07 
-4.045025E-07 
-4.045025E-07 
-4.045025E-07 
-4.045020E-07 
-4.045097E-07 
 1.800000E+00 
-1.052817E-05 
-1.056512E-05 
 1.800001E+00 
 1.238989E-06 
 6.055570E-09 
 6.055852E-09 
 6.055692E-09 
 6.055220E-09 
 6.055576E-09 
 1.800000E+00 
-3.503139E-08 
-3.468247E-08 
 1.800000E+00 
 2.515277E-06 
 4.139144E-09 
 4.139836E-09 
 4.139134E-09 
 4.139120E-09 
 4.137625E-09 
 1.800000E+00 
 1.172367E-06 
 1.222186E-06 
 1.800000E+00 
 1.307426E-07 
 1.301974E-08 
 1.301959E-08 
 1.301666E-08 
 1.301991E-08 
 1.298671E-08 
 1.800000E+00 
 3.440394E-08 
 1.800000E+00 
-5.224161E-07 
-2.533167E-07 
-2.533164E-07 
-2.533164E-07 
-2.533164E-07 
-2.533164E-07 
 1.800003E+00 
-3.764214E-07 
 4.379714E-08 
 1.800000E+00 
-1.759062E-06 
 1.868968E-08 
 1.868932E-08 
 1.868969E-08 
 1.868997E-08 
 1.799999E+00 
-1.130511E-09 
 1.800007E+00 
 7.170474E-07 
 7.199462E-07 
 7.199464E-07 
 7.199465E-07 
 7.199460E-07 
 7.199464E-07 
 7.199464E-07 
 1.800000E+00 
 1.799999E+00 
 1.902399E-07 
-9.239172E-09 
-9.238816E-09 
-9.239480E-09 
-9.238802E-09 
-9.238733E-09 
 1.800000E+00 
 2.065226E-08 
 2.054935E-08 
 1.800000E+00 
 2.442058E-08 
 1.109466E-08 
 1.109470E-08 
 1.800000E+00 
 2.209957E-06 
 2.254212E-06 
 2.254212E-06 
 2.254211E-06 
 1.800000E+00 
 1.060084E-07 
 1.091014E-07 
 1.091016E-07 
 1.800000E+00 
 1.167351E-05 
 1.160486E-05 
 1.160487E-05 
 1.800000E+00 
 9.139420E-09 
 9.170174E-09 
 9.170134E-09 
 1.800000E+00 
 1.900966E-06 
 5.098310E-09 
 5.097941E-09 
 5.098044E-09 
 1.800000E+00 
-4.366121E-07 
 1.800000E+00 
 3.266221E-07 
 8.693067E-08 
 8.693075E-08 
 8.693077E-08 
 8.693173E-08 
 1.800000E+00 
-7.298081E-08 
-7.317144E-08 
 1.800000E+00 
-2.278063E-07 
-1.926725E-07 
-1.926726E-07 
 1.800000E+00 
-5.867176E-06 
 1.246431E-06 
 1.246431E-06 
 1.800000E+00 
-1.748185E-07 
 1.477202E-08 
 1.800004E+00 
 1.427719E-07 
 2.898618E-07 
 2.898618E-07 
 2.898617E-07 
 1.800000E+00 
 4.018154E-07 
 8.990996E-09 
 1.800000E+00 
 1.196530E-07 
 6.379095E-09 
 6.378409E-09 
 6.378661E-09 
 1.800000E+00 
-8.578206E-08 
 1.799999E+00 
 3.084720E-07 
 7.444596E-09 
 7.444842E-09 
 7.445000E-09 
 1.800000E+00 
 1.111839E-05 
 1.800000E+00 
-2.718392E-07 
-2.616979E-07 
-2.616979E-07 
-2.616979E-07 
-2.616979E-07 
 1.800000E+00 
 1.799997E+00 
-1.713158E-06 
 1.180677E-08 
 1.180736E-08 
 1.180714E-08 
 1.180300E-08 
 1.800002E+00 
 1.800000E+00 
-1.382090E-05 
-1.376084E-05 
-1.376084E-05 
-1.376084E-05 
-1.376084E-05 
 1.800000E+00 
 1.800000E+00 
-1.033446E-06 
-1.024332E-06 
-1.024331E-06 
-1.024331E-06 
-1.024331E-06 
 1.800000E+00 
 1.800000E+00 
 1.284669E-06 
 6.579699E-09 
 6.579622E-09 
 6.579731E-09 
 1.800000E+00 
 1.382144E-08 
 2.034203E-08 
 1.800000E+00 
-8.538291E-08 
-8.602400E-08 
 1.800007E+00 
 3.715894E-07 
 4.776796E-08 
 1.800000E+00 
 5.719426E-07 
 5.478047E-07 
 5.478048E-07 
 1.800000E+00 
 9.029916E-08 
-1.092210E-09 
 1.800000E+00 
 2.033490E-08 
-1.134090E-07 
-1.134092E-07 
 1.800000E+00 
-2.284573E-05 
 1.800000E+00 
 2.940435E-07 
 9.023769E-07 
 9.023746E-07 
 1.800000E+00 
-2.638371E-07 
 1.800000E+00 
 4.824502E-07 
 3.609863E-07 
 3.609864E-07 
 3.609859E-07 
 1.800000E+00 
 1.800000E+00 
-1.311851E-07 
 1.442470E-09 
 1.442242E-09 
 1.442404E-09 
 1.800000E+00 
 8.117995E-07 
 1.800000E+00 
 2.180060E-06 
 2.168962E-06 
 2.168955E-06 
 1.800000E+00 
-2.028874E-07 
 1.800000E+00 
 5.581866E-06 
 5.681102E-06 
 5.681102E-06 
 1.800000E+00 
-8.399746E-09 
 1.800000E+00 
 1.933901E-06 
 1.936922E-06 
 1.936853E-06 
 1.799998E+00 
 2.841619E-07 
 1.800000E+00 
-1.637210E-06 
-1.044488E-06 
-1.044489E-06 
 1.800000E+00 
 1.051939E-08 
 1.799996E+00 
-8.339275E-07 
-2.268114E-08 
 1.800006E+00 
 1.323845E-05 
 3.959843E-08 
 3.959854E-08 
 1.800000E+00 
 1.800000E+00 
 1.778226E-08 
 1.826875E-08 
 1.826875E-08 
 1.826985E-08 
 1.800000E+00 
 1.800007E+00 
 2.189364E-06 
 1.581103E-06 
 1.581103E-06 
 1.800000E+00 
 9.170496E-09 
 1.800007E+00 
-2.636403E-07 
-2.599068E-07 
-2.598927E-07 
 1.800000E+00 
 1.800000E+00 
 5.088156E-07 
 1.113317E-08 
 1.113325E-08 
 1.113345E-08 
 1.800000E+00 
 1.800006E+00 
-7.134648E-08 
 7.237630E-09 
 1.800000E+00 
-1.238307E-06 
 1.562198E-08 
 1.800000E+00 
-1.037920E-07 
-9.213467E-08 
 1.800000E+00 
 1.247343E-08 
 7.439086E-09 
 1.800000E+00 
 1.800000E+00 
 2.744946E-06 
-3.596513E-09 
-3.595950E-09 
-3.596623E-09 
 1.800000E+00 
 1.800000E+00 
 4.591459E-06 
 4.590569E-06 
 1.800000E+00 
-1.397971E-05 
-1.393823E-05 
 1.800000E+00 
 3.355904E-08 
 1.800000E+00 
 1.217732E-08 
 6.577970E-09 
 1.800000E+00 
-3.038962E-07 
 1.800000E+00 
 2.927731E-07 
 6.387487E-09 
 6.388314E-09 
 1.800000E+00 
 1.800001E+00 
 1.461042E-08 
 1.353908E-08 
 1.800000E+00 
 8.132567E-06 
 8.083323E-06 
 1.799999E+00 
 1.412421E-06 
 1.800000E+00 
 1.468504E-06 
 5.598008E-09 
 1.799999E+00 
 9.210077E-09 
 1.800000E+00 
 4.133480E-06 
 4.157046E-06 
 1.800000E+00 
 3.785587E-07 
 3.781890E-07 
 1.800000E+00 
 1.800003E+00 
-1.674090E-06 
 8.581714E-09 
 1.800007E+00 
 1.686405E-05 
-3.100282E-05 
 1.800000E+00 
 2.296117E-07 
 1.800000E+00 
 2.640454E-08 
 1.341429E-08 
 1.800000E+00 
 1.800000E+00 
 1.875866E-06 
 6.113496E-09 
 6.113528E-09 
 1.800000E+00 
 1.800000E+00 
 2.088163E-06 
 1.231703E-06 
 1.231703E-06 
 1.800000E+00 
 1.800000E+00 
 2.553050E-10 
-4.202153E-09 
 1.800000E+00 
-1.713807E-08 
 1.800000E+00 
 1.518069E-06 
 1.519196E-06 
 1.799998E+00 
 1.800000E+00 
 7.482295E-07 
 3.900174E-07 
 3.900174E-07 
 1.800000E+00 
 1.800000E+00 
-3.444089E-07 
-1.652257E-07 
 1.800000E+00 
 1.664099E-07 
 1.799999E+00 
-1.504167E-06 
 1.800000E+00 
 1.155835E-07 
 3.942825E-09 
 1.800000E+00 
-3.016175E-08 
 1.800000E+00 
 5.287707E-08 
 1.800000E+00 
 2.475305E-05 
-1.349179E-05 
 1.800000E+00 
 1.800000E+00 
 1.401753E-07 
 1.459552E-07 
 1.800000E+00 
-1.977828E-06 
-1.966294E-06 
 1.800000E+00 
 1.800000E+00 
-1.771091E-07 
 1.800000E+00 
-7.408746E-07 
-1.800991E-09 
 1.800000E+00 
 5.718487E-07 
 1.800000E+00 
 5.177637E-06 
 1.800000E+00 
 3.108579E-05 
-5.398077E-07 
 1.800000E+00 
 1.800000E+00 
-1.792240E-06 
-2.566087E-07 
 1.800000E+00 
 1.335845E-08 
 1.800000E+00 
 1.800000E+00 
 1.648054E-08 
 1.772033E-08 
 1.772033E-08 
 1.800000E+00 
 1.800000E+00 
-2.290055E-08 
 1.799999E+00 
-8.402463E-06 
-8.405263E-06 
 1.800000E+00 
 1.800000E+00 
-2.963926E-05 
 9.741284E-08 
 1.800001E+00 
-8.440646E-07 
 1.800000E+00 
-1.114482E-07 
 1.800000E+00 
-9.821682E-06 
 1.800007E+00 
-6.641556E-09 
 1.800006E+00 
 2.077218E-08 
 1.800000E+00 
 3.259877E-09 
 1.800000E+00 
-9.596098E-06 
 1.800000E+00 
 1.912183E-06 
 1.896792E-06 
 1.800000E+00 
 1.800000E+00 
 3.850898E-08 
 1.800001E+00 
 1.320028E-07 
 2.320381E-07 
 1.800000E+00 
 1.800000E+00 
 5.162562E-07 
 1.800000E+00 
-2.736679E-07 
-1.804944E-07 
 1.799999E+00 
 1.800000E+00 
 1.294057E-07 
 1.228662E-07 
 1.800000E+00 
 1.800000E+00 
 5.403100E-08 
 1.800000E+00 
 5.923242E-06 
-1.449960E-07 
 1.800000E+00 
 1.800000E+00 
 5.005244E-07 
 1.800000E+00 
 1.262106E-05 
 1.969488E-05 
 1.800000E+00 
 1.800000E+00 
 8.936821E-07 
 1.800000E+00 
 2.508146E-07 
 1.800002E+00 
-1.202779E-07 
 1.800000E+00 
 1.184389E-07 
 1.800000E+00 
 4.648853E-07 
 1.800000E+00 
-3.599777E-10 
 1.800000E+00 
 2.668643E-08 
 1.800007E+00 
 1.800000E+00 
 1.292899E-07 
 6.313021E-09 
 1.800000E+00 
 1.800000E+00 
-1.636525E-05 
-1.633123E-05 
 1.800000E+00 
 1.800000E+00 
 1.072497E-07 
 1.800000E+00 
 2.776298E-07 
 1.800000E+00 
 8.220894E-08 
 1.800000E+00 
-2.852878E-06 
 1.800006E+00 
 1.800000E+00 
 1.558855E-05 
-2.998215E-05 
 1.800000E+00 
 1.800000E+00 
 6.698907E-07 
 1.800000E+00 
-4.286878E-07 
-3.825583E-08 
 1.800007E+00 
 1.800007E+00 
 1.800000E+00 
 3.013561E-08 
 3.005449E-08 
 1.800000E+00 
 1.800000E+00 
-6.789433E-08 
 1.800000E+00 
 1.505947E-08 
 1.800000E+00 
 3.765133E-08 
 1.800000E+00 
 6.880592E-09 
 1.800000E+00 
 1.800000E+00 
-1.793199E-09 
 1.800000E+00 
-1.876778E-06 
 1.800000E+00 
-7.738979E-07 
 1.800000E+00 
 1.145269E-07 
 1.800000E+00 
 1.800000E+00 
-6.686013E-06 
 1.800000E+00 
 2.182415E-08 
 1.800000E+00 
-1.947537E-08 
 1.800000E+00 
 1.800000E+00 
-4.420739E-09 
 1.800000E+00 
-2.361168E-05 
 1.800000E+00 
 4.514548E-09 
 1.800000E+00 
-4.747669E-09 
 1.800000E+00 
 1.800000E+00 
 8.504257E-08 
 1.800000E+00 
 1.800000E+00 
-1.713854E-07 
 8.962860E-09 
 1.800000E+00 
 1.800000E+00 
-1.445669E-07 
 1.800000E+00 
 1.800000E+00 
-3.927020E-05 
-3.022812E-05 
 1.799999E+00 
 1.799999E+00 
 1.800000E+00 
 9.646077E-06 
-1.937269E-06 
 1.800000E+00 
 1.800000E+00 
 8.363072E-06 
 1.799999E+00 
 1.799998E+00 
 9.035174E-05 
-2.353591E-07 
 1.800000E+00 
 1.800000E+00 
 1.800000E+00 
 1.433618E-05 
 1.800000E+00 
 9.314436E-09 
 1.800000E+00 
-3.607904E-08 
 1.800000E+00 
 1.800000E+00 
 6.628742E-07 
 1.800000E+00 
-1.414283E-09 
 1.800000E+00 
 1.800000E+00 
-9.685741E-09 
 1.800000E+00 
 8.897296E-08 
 1.800000E+00 
 1.800000E+00 
 7.439972E-06 
 1.800004E+00 
 1.800001E+00 
 5.513438E-07 
 5.612445E-07 
 1.800000E+00 
 1.800000E+00 
 1.800000E+00 
-6.430482E-08 
 1.800000E+00 
 1.800000E+00 
-1.533674E-07 
-1.393452E-08 
 1.800000E+00 
 1.800000E+00 
 1.800000E+00 
-1.872531E-07 
 1.800000E+00 
-1.376012E-06 
 1.800000E+00 
-5.491636E-08 
 1.800000E+00 
 1.800000E+00 
 1.799998E+00 
-6.211715E-07 
 1.800000E+00 
 9.969493E-07 
 1.800000E+00 
 1.193495E-07 
 1.800000E+00 
 1.800000E+00 
 1.800000E+00 
-1.904362E-06 
 1.799998E+00 
 3.102002E-06 
 1.800000E+00 
 1.800000E+00 
 1.200842E-05 
 1.800000E+00 
 1.975901E-07 
 1.800000E+00 
 1.800000E+00 
 1.800000E+00 
 2.124900E-06 
 1.800000E+00 
 1.936039E-07 
 1.800000E+00 
 1.800002E+00 
-2.203455E-05 
 1.800000E+00 
 1.800002E+00 
-9.299526E-09 
 1.800000E+00 
 6.219783E-08 
 1.800007E+00 
 1.800000E+00 
 1.800000E+00 
-2.770403E-08 
-2.752522E-08 
 1.800000E+00 
 1.800000E+00 
 1.800000E+00 
 1.800000E+00 
-1.009885E-06 
 1.800007E+00 
-1.343568E-06 
 1.800000E+00 
 1.800007E+00 
-2.311464E-06 
 1.800000E+00 
-4.065645E-08 
 1.800006E+00 
 1.800006E+00 
 1.800000E+00 
 5.350651E-10 
 1.800000E+00 
 1.800000E+00 
-8.050799E-07 
 1.800000E+00 
 1.800000E+00 
-7.784146E-07 
 1.800000E+00 
-4.199593E-07 
 1.800000E+00 
 1.800000E+00 
 1.800008E+00 
 7.011145E-09 
 1.800000E+00 
 1.800000E+00 
 9.609540E-07 
 1.800000E+00 
 5.555712E-07 
 1.800000E+00 
 1.800000E+00 
 1.800000E+00 
 1.800000E+00 
 2.747362E-06 
 3.554536E-06 
 1.800001E+00 
 1.800002E+00 
 1.800000E+00 
 1.800000E+00 
 3.029765E-08 
 1.380008E-08 
 1.800000E+00 
 1.800000E+00 
 1.800000E+00 
 1.800003E+00 
 8.869448E-07 
 1.800000E+00 
-1.241132E-07 
 1.800000E+00 
 1.800000E+00 
 1.800000E+00 
-1.185526E-07 
 1.800000E+00 
 1.799997E+00 
-3.428492E-09 
 1.800000E+00 
 1.800000E+00 
 8.474316E-06 
 1.800000E+00 
 1.800000E+00 
 1.800000E+00 
 6.650831E-07 
 1.800000E+00 
-1.564918E-07 
 1.800000E+00 
 1.800000E+00 
 1.800000E+00 
 1.800000E+00 
-8.258881E-06 
 1.800000E+00 
-3.851082E-08 
 1.800000E+00 
 1.800000E+00 
 1.799998E+00 
 7.632881E-06 
 1.800000E+00 
 1.800000E+00 
-3.492380E-08 
 1.800000E+00 
 1.800000E+00 
 1.800000E+00 
 1.241663E-07 
 1.800000E+00 
 1.722663E-08 
 1.800000E+00 
 1.800000E+00 
 1.800000E+00 
 1.800000E+00 
 6.058661E-08 
 1.800001E+00 
 1.800001E+00 
-7.672555E-07 
 1.800003E+00 
 1.800000E+00 
 1.800003E+00 
 5.908148E-08 
 1.800000E+00 
 1.334179E-05 
 1.800000E+00 
 1.800000E+00 
 1.800000E+00 
 1.800000E+00 
 4.532504E-06 
 1.799999E+00 
 1.799999E+00 
 1.800000E+00 
 2.980604E-07 
 1.800000E+00 
-1.288811E-08 
 1.800000E+00 
 1.800000E+00 
 1.800000E+00 
 1.800000E+00 
 5.011775E-09 
 1.800000E+00 
 1.800000E+00 
-5.213616E-09 
 1.799999E+00 
 1.800000E+00 
 1.800000E+00 
-4.974752E-09 
 1.800000E+00 
 1.800000E+00 
 1.800007E+00 
 6.138471E-08 
 1.800000E+00 
 1.800000E+00 
 1.800000E+00 
-6.651770E-08 
 1.799999E+00 
 1.800007E+00 
 9.891877E-09 
 1.800000E+00 
 1.800000E+00 
 1.800000E+00 
 1.800000E+00 
 2.884697E-09 
 1.800000E+00 
-7.092485E-06 
 1.800000E+00 
 1.800000E+00 
 1.800000E+00 
 1.800000E+00 
 1.799998E+00 
 5.356880E-07 
 1.800000E+00 
 1.800000E+00 
 6.915161E-07 
 1.800000E+00 
 1.800000E+00 
 1.799996E+00 
 4.913222E-08 
 1.800000E+00 
 1.800000E+00 
 1.800000E+00 
 1.800003E+00 
 1.268081E-06 
 1.800000E+00 
-3.876970E-09 
 1.799998E+00 
 1.799998E+00 
 1.800000E+00 
 1.800000E+00 
 1.800000E+00 
 1.800000E+00 
-4.768437E-07 
 8.691848E-09 
 1.799999E+00 
 1.799999E+00 
 1.799999E+00 
 1.799999E+00 
 1.799999E+00 
 1.800000E+00 
 6.761931E-08 
 1.800000E+00 
 1.800000E+00 
-1.592523E-08 
 1.800000E+00 
 1.800000E+00 
 1.800000E+00 
 1.800000E+00 
 5.858115E-08 
 1.800000E+00 
 1.800000E+00 
-7.775212E-09 
 1.800000E+00 
 1.800000E+00 
 1.800000E+00 
 1.800000E+00 
 1.800000E+00 
 1.120482E-08 
 1.800000E+00 
 1.800000E+00 
 1.800000E+00 
 1.893485E-06 
 1.799999E+00 
 1.800004E+00 
 1.800000E+00 
-4.062629E-07 
 1.800006E+00 
 1.800006E+00 
 1.800006E+00 
 1.800000E+00 
 1.281281E-07 
 1.800000E+00 
 1.800000E+00 
 1.800000E+00 
-1.970056E-07 
 1.800000E+00 
 1.800000E+00 
 1.800000E+00 
 1.800000E+00 
 1.799999E+00 
 2.015436E-08 
 1.800000E+00 
 1.800000E+00 
 7.637507E-09 
 1.800001E+00 
 1.800000E+00 
 1.800000E+00 
 1.800000E+00 
 1.800000E+00 
-6.119320E-06 
 1.800000E+00 
 1.800000E+00 
 1.800000E+00 
 1.800000E+00 
 2.140000E-06 
 1.800000E+00 
 1.800000E+00 
 1.799997E+00 
 6.798249E-09 
 1.800000E+00 
 1.800000E+00 
 1.800000E+00 
 1.800000E+00 
 1.800000E+00 
-8.462431E-06 
 1.799996E+00 
 1.800000E+00 
 1.800000E+00 
-1.239314E-07 
 1.800000E+00 
 1.800000E+00 
 1.800000E+00 
 1.800000E+00 
 1.800000E+00 
 1.625577E-07 
 1.800006E+00 
 1.800000E+00 
 1.800000E+00 
 4.266612E-07 
 1.800000E+00 
 1.800000E+00 
 1.800000E+00 
 1.800000E+00 
 1.799999E+00 
-9.999808E-10 
 1.800000E+00 
 1.800000E+00 
 1.800000E+00 
 1.800002E+00 
-1.057220E-06 
 1.800000E+00 
 1.800000E+00 
 1.800000E+00 
 1.800000E+00 
 1.800000E+00 
 6.372505E-06 
 1.800000E+00 
 1.800000E+00 
 1.800000E+00 
 1.800000E+00 
 3.241826E-07 
 1.800000E+00 
 1.800000E+00 
 1.800000E+00 
 1.800000E+00 
 1.800000E+00 
-5.887893E-09 
 1.800000E+00 
 1.800000E+00 
 1.800000E+00 
 1.800000E+00 
 1.816972E-06 
 1.800000E+00 
 1.800000E+00 
 1.800000E+00 
 1.800000E+00 
 1.800000E+00 
 1.450959E-09 
 1.799999E+00 
 1.799999E+00 
 1.800000E+00 
 1.800000E+00 
 1.459581E-06 
 1.800000E+00 
 1.800000E+00 
 1.800000E+00 
 1.800000E+00 
 1.800000E+00 
 1.800000E+00 
-2.064685E-07 
 1.800000E+00 
 1.800000E+00 
 1.800000E+00 
 1.800000E+00 
-2.325900E-08 
 1.800000E+00 
 1.800000E+00 
 1.800000E+00 
 1.800000E+00 
 1.800000E+00 
 1.800000E+00 
 3.901967E-09 
 1.800000E+00 
 1.800000E+00 
 1.800000E+00 
 1.800000E+00 
 1.800000E+00 
-1.958752E-08 
 1.800000E+00 
 1.800000E+00 
 1.800000E+00 
 1.800006E+00 
 3.601736E-06 
 1.800000E+00 
 1.800000E+00 
 1.800000E+00 
 1.800000E+00 
 1.800000E+00 
 1.800000E+00 
 1.800000E+00 
-2.500046E-06 
 1.800000E+00 
 1.800000E+00 
 1.800000E+00 
 1.800000E+00 
 1.030800E-06 
 1.800000E+00 
 1.800000E+00 
 1.800000E+00 
 1.800000E+00 
 1.800000E+00 
 1.800000E+00 
 1.800001E+00 
-2.759036E-05 
 1.800000E+00 
 1.800000E+00 
 1.800000E+00 
 1.800000E+00 
 6.475791E-08 
 1.800000E+00 
 1.800000E+00 
 1.800000E+00 
 1.800000E+00 
 1.800000E+00 
 1.800000E+00 
 1.800000E+00 
-1.828630E-07 
 1.800000E+00 
 1.800000E+00 
 1.800000E+00 
 1.800000E+00 
 1.800000E+00 
 1.799999E+00 
 6.756034E-07 
 1.800000E+00 
 1.800000E+00 
 1.800000E+00 
 1.800000E+00 
 1.800000E+00 
 1.408161E-05 
 1.800001E+00 
 1.800000E+00 
 1.800000E+00 
 1.800000E+00 
 1.800000E+00 
 1.800000E+00 
 1.800000E+00 
 1.743412E-05 
 1.800000E+00 
 1.800000E+00 
 1.800000E+00 
 1.800000E+00 
 1.800000E+00 
 1.800000E+00 
 1.790295E-06 
 1.799999E+00 
 1.800000E+00 
 1.800000E+00 
 1.800000E+00 
 1.800000E+00 
 1.800004E+00 
 8.495274E-09 
 1.800000E+00 
 1.800000E+00 
 1.800000E+00 
 1.800000E+00 
 1.800000E+00 
 1.800000E+00 
 1.800000E+00 
 1.783770E-08 
 1.800000E+00 
 1.800000E+00 
 1.800000E+00 
 1.800000E+00 
 1.800000E+00 
 1.800000E+00 
 6.312198E-08 
 1.799998E+00 
 1.799998E+00 
 1.799998E+00 
 1.799998E+00 
 1.799998E+00 
 1.799998E+00 
 1.800000E+00 
 1.800000E+00 
-1.254651E-06 
 1.800000E+00 
 1.800000E+00 
 1.800000E+00 
 1.800000E+00 
 1.800000E+00 
 4.322605E-08 
 1.800000E+00 
 1.800000E+00 
 1.800000E+00 
 1.800000E+00 
 1.800000E+00 
 1.800000E+00 
 1.800000E+00 
 1.800000E+00 
 1.800000E+00 
 1.281894E-08 
 1.800000E+00 
 1.800000E+00 
 1.800000E+00 
 1.800000E+00 
 1.800000E+00 
 1.800000E+00 
 9.434123E-06 
 1.800000E+00 
 1.800000E+00 
 1.800000E+00 
 1.800000E+00 
 1.800000E+00 
 1.800000E+00 
 1.800000E+00 
 1.800000E+00 
 1.226960E-06 
 1.800000E+00 
 1.800000E+00 
 1.800000E+00 
 1.800000E+00 
 1.800000E+00 
 1.800000E+00 
 1.800000E+00 
-1.106269E-07 
 1.800000E+00 
 1.800000E+00 
 1.800000E+00 
 1.800000E+00 
 1.800000E+00 
 1.800000E+00 
 1.800000E+00 
 1.800001E+00 
 1.125147E-08 
 1.800000E+00 
 1.800000E+00 
 1.800000E+00 
 1.800000E+00 
 1.800000E+00 
 1.800000E+00 
 1.800000E+00 
 6.650794E-06 
 1.800000E+00 
 1.800000E+00 
 1.800000E+00 
 1.800000E+00 
 1.800000E+00 
 1.800000E+00 
 1.800000E+00 
 1.800000E+00 
 1.800000E+00 
 6.302563E-07 
 1.800000E+00 
 1.800000E+00 
 1.800000E+00 
 1.800000E+00 
 1.800000E+00 
 1.800000E+00 
 1.800000E+00 
-7.353767E-08 
 1.800000E+00 
 1.800000E+00 
 1.800000E+00 
 1.800000E+00 
 1.800000E+00 
 1.800000E+00 
 1.800000E+00 
 1.800000E+00 
 1.800000E+00 
-1.274545E-07 
 1.800001E+00 
 1.800001E+00 
 1.800001E+00 
 1.800001E+00 
 1.800001E+00 
 1.800000E+00 
 1.800000E+00 
-6.500490E-08 
 1.800001E+00 
 1.800001E+00 
 1.800001E+00 
 1.800001E+00 
 1.800001E+00 
 1.800001E+00 
 1.800001E+00 
 1.800001E+00 
 1.800001E+00 
 1.800000E+00 
-4.426080E-09 
 1.800007E+00 
 1.800007E+00 
 1.800007E+00 
 1.800007E+00 
 1.800007E+00 
 1.800007E+00 
 1.800000E+00 
 1.692419E-08 
 1.800000E+00 
 1.800000E+00 
 1.800000E+00 
 1.800000E+00 
 1.800000E+00 
 1.800000E+00 
 1.800000E+00 
 1.800000E+00 
 1.800000E+00 
 1.800000E+00 
-2.025663E-07 
 1.800000E+00 
 1.800000E+00 
 1.800000E+00 
 1.800000E+00 
 1.800000E+00 
 1.800000E+00 
 1.800000E+00 
 1.800000E+00 
 1.429627E-07 
 1.800000E+00 
 1.800000E+00 
 1.800000E+00 
 1.800000E+00 
 1.800000E+00 
 1.800000E+00 
 1.800000E+00 
 1.800000E+00 
 1.800000E+00 
 1.199699E-08 
 1.800000E+00 
 1.800000E+00 
 1.800000E+00 
 1.800000E+00 
 1.800000E+00 
 1.800000E+00 
 1.800000E+00 
 1.800000E+00 
 1.800000E+00 
-4.353905E-06 
 1.800000E+00 
 1.800000E+00 
 1.800000E+00 
 1.800000E+00 
 1.800000E+00 
 1.800000E+00 
 1.800000E+00 
 1.800000E+00 
 1.800000E+00 
-4.990782E-08 
 1.800000E+00 
 1.800000E+00 
 1.800000E+00 
 1.800000E+00 
 1.800000E+00 
 1.800000E+00 
 1.800000E+00 
 1.800000E+00 
 1.799999E+00 
 3.727262E-07 
 1.800000E+00 
 1.800000E+00 
 1.800000E+00 
 1.800000E+00 
 1.800000E+00 
 1.800000E+00 
 1.800000E+00 
 1.800000E+00 
 1.800000E+00 
 1.306838E-08 
 1.800000E+00 
 1.800000E+00 
 1.800000E+00 
 1.800000E+00 
 1.800000E+00 
 1.800000E+00 
 1.800000E+00 
 1.800000E+00 
 1.800000E+00 
-1.262917E-05 
 1.800000E+00 
 1.800000E+00 
 1.800000E+00 
 1.800000E+00 
 1.800000E+00 
 1.800000E+00 
 1.800000E+00 
 1.800000E+00 
 1.800001E+00 
 4.009441E-09 
 1.800000E+00 
 1.800000E+00 
 1.800000E+00 
 1.800000E+00 
 1.800000E+00 
 1.800000E+00 
 1.800000E+00 
 1.800000E+00 
 1.800000E+00 
-1.238341E-06 
 1.800000E+00 
 1.800000E+00 
 1.800000E+00 
 1.800000E+00 
 1.800000E+00 
 1.800000E+00 
 1.800000E+00 
 1.800000E+00 
 1.800000E+00 
 1.800000E+00 
-1.270268E-08 
 1.800000E+00 
 1.800000E+00 
 1.800000E+00 
 1.800000E+00 
 1.800000E+00 
 1.800000E+00 
 1.800000E+00 
 1.800000E+00 
 2.482138E-06 
 1.800000E+00 
 1.800000E+00 
 1.800000E+00 
 1.800000E+00 
 1.800000E+00 
 1.800000E+00 
 1.800000E+00 
 1.800000E+00 
 1.800000E+00 
 5.382511E-06 
 1.800000E+00 
 1.800000E+00 
 1.800000E+00 
 1.800000E+00 
 1.800000E+00 
 1.800000E+00 
 1.800000E+00 
 1.800000E+00 
 1.800000E+00 
 7.820325E-08 
 1.800000E+00 
 1.800000E+00 
 1.800000E+00 
 1.800000E+00 
 1.800000E+00 
 1.800000E+00 
 1.800000E+00 
 1.800000E+00 
 1.800000E+00 
 1.221476E-05 
 1.800000E+00 
 1.800000E+00 
 1.800000E+00 
 1.800000E+00 
 1.800000E+00 
 1.800000E+00 
 1.800000E+00 
 1.800000E+00 
 1.800000E+00 
 6.130582E-09 
 1.800000E+00 
 1.800000E+00 
 1.800000E+00 
 1.800000E+00 
 1.800000E+00 
 1.800000E+00 
 1.800000E+00 
 1.800001E+00 
 1.057155E-07 
 1.800001E+00 
 1.800001E+00 
 1.800001E+00 
 1.800001E+00 
 1.800001E+00 
 1.800001E+00 
 1.800001E+00 
 1.800000E+00 
 1.800006E+00 
-2.059014E-06 
 1.800000E+00 
 1.800000E+00 
 1.800000E+00 
 1.800000E+00 
 1.800000E+00 
 1.800000E+00 
 1.800000E+00 
 1.800000E+00 
 7.164559E-08 
 1.800000E+00 
 1.800000E+00 
 1.800000E+00 
 1.800000E+00 
 1.800000E+00 
 1.800000E+00 
 1.800000E+00 
 1.800000E+00 
 1.800000E+00 
 1.251795E-08 
 1.800000E+00 
 1.800000E+00 
 1.800000E+00 
 1.800000E+00 
 1.800000E+00 
 1.800000E+00 
 1.800000E+00 
 1.664849E-07 
 1.800000E+00 
 1.800000E+00 
 1.800000E+00 
 1.800000E+00 
 1.800000E+00 
 1.800000E+00 
 1.800000E+00 
 1.800000E+00 
 1.800000E+00 
 4.967474E-06 
 1.800000E+00 
 1.800000E+00 
 1.800000E+00 
 1.800000E+00 
 1.800000E+00 
 1.800000E+00 
 1.800007E+00 
 7.551485E-08 
 1.800000E+00 
 1.800000E+00 
 1.800000E+00 
 1.800000E+00 
 1.800000E+00 
 1.800000E+00 
 1.800000E+00 
 1.800000E+00 
 1.800000E+00 
 1.739435E-08 
 1.800000E+00 
 1.800000E+00 
 1.800000E+00 
 1.800000E+00 
 1.800000E+00 
 1.800000E+00 
-1.212156E-08 
 1.800000E+00 
 1.800000E+00 
 1.800000E+00 
 1.800000E+00 
 1.800000E+00 
 1.800000E+00 
 1.800000E+00 
 1.800000E+00 
 1.800000E+00 
 1.313776E-08 
 1.799999E+00 
 1.800000E+00 
 1.800000E+00 
 1.800000E+00 
 1.800000E+00 
 1.800000E+00 
 3.475600E-08 
 1.800000E+00 
 1.800000E+00 
 1.800000E+00 
 1.800000E+00 
 1.800000E+00 
 1.800000E+00 
 1.800000E+00 
 1.800000E+00 
 1.800006E+00 
 4.478673E-06 
 1.800003E+00 
 1.800000E+00 
 1.800000E+00 
 1.800002E+00 
 7.852710E-08 
 1.800000E+00 
 1.800000E+00 
 1.800000E+00 
 1.800000E+00 
 1.800000E+00 
 1.800000E+00 
 1.800000E+00 
 1.800000E+00 
 1.800000E+00 
 1.800000E+00 
 6.929359E-09 
 1.800000E+00 
 1.800000E+00 
 1.800000E+00 
 1.800000E+00 
 1.800007E+00 
 2.058438E-08 
 1.800000E+00 
 1.800000E+00 
 1.800000E+00 
 1.800000E+00 
 1.800000E+00 
 1.800000E+00 
 1.800000E+00 
 6.750217E-09 
 1.800000E+00 
 1.800000E+00 
 1.800000E+00 
 1.800000E+00 
 1.800000E+00 
 1.800000E+00 
 1.800000E+00 
 5.282822E-08 
 1.800000E+00 
 1.800000E+00 
 1.800000E+00 
 1.800000E+00 
 1.800000E+00 
 1.800000E+00 
 1.663190E-06 
 1.800000E+00 
 1.800000E+00 
 1.800000E+00 
 1.800000E+00 
 1.800003E+00 
 1.800000E+00 
 3.146936E-07 
 1.800000E+00 
 1.800000E+00 
 1.800000E+00 
 1.800000E+00 
 1.800000E+00 
 1.800000E+00 
 1.170683E-08 
 1.800006E+00 
 1.800006E+00 
 1.800006E+00 
 1.800006E+00 
 1.800006E+00 
 1.800000E+00 
 1.800000E+00 
-4.513235E-08 
 1.800000E+00 
 1.800000E+00 
 1.799999E+00 
 1.800000E+00 
-2.929501E-08 
 1.799998E+00 
 1.799998E+00 
 1.799998E+00 
 1.799998E+00 
 1.799998E+00 
 1.799998E+00 
 1.799998E+00 
 1.800000E+00 
 1.362262E-05 
 1.800000E+00 
 1.800000E+00 
 1.800000E+00 
-6.130591E-09 
 1.800000E+00 
 1.800000E+00 
 1.800000E+00 
 1.800000E+00 
 1.800000E+00 
 1.800000E+00 
 1.800000E+00 
 1.800000E+00 
 7.868218E-09 
 1.800000E+00 
 1.800000E+00 
 1.800000E+00 
 1.800000E+00 
-2.895354E-07 
 1.800000E+00 
 1.800000E+00 
 1.800000E+00 
 1.800000E+00 
 1.800000E+00 
 1.800001E+00 
 1.800007E+00 
 2.022787E-09 
 1.800000E+00 
 1.800000E+00 
 1.800000E+00 
 9.436696E-07 
 1.799999E+00 
 1.799999E+00 
 1.799999E+00 
 1.799999E+00 
 1.799999E+00 
 1.799999E+00 
 1.800002E+00 
-4.834382E-06 
 1.799997E+00 
 1.800000E+00 
 1.800000E+00 
-3.675743E-08 
 1.800000E+00 
 1.800000E+00 
 1.800000E+00 
 1.800000E+00 
 1.800000E+00 
 1.800000E+00 
 1.800000E+00 
-3.292776E-08 
 1.800000E+00 
 1.800000E+00 
 1.800000E+00 
 1.799999E+00 
 8.053166E-06 
 1.800000E+00 
 1.800000E+00 
 1.800000E+00 
 1.800000E+00 
 1.800000E+00 
 1.226418E-08 
 1.800000E+00 
 1.800000E+00 
 1.800000E+00 
 1.800000E+00 
 6.022811E-08 
 1.800000E+00 
 1.800000E+00 
 1.800000E+00 
 1.800000E+00 
 1.800000E+00 
 7.546489E-09 
 1.800000E+00 
 1.800000E+00 
 1.800000E+00 
 1.800000E+00 
 1.800000E+00 
 1.923738E-05 
 1.800000E+00 
 1.800000E+00 
 1.800000E+00 
 1.800000E+00 
-4.375107E-08 
 1.800000E+00 
 1.800000E+00 
 1.800000E+00 
 1.800000E+00 
 1.157017E-07 
 1.800000E+00 
 1.800000E+00 
 1.800000E+00 
 1.800000E+00 
 1.800000E+00 
-4.185218E-06 
 1.800000E+00 
 1.800000E+00 
 1.800000E+00 
 1.800000E+00 
 1.451113E-08 
 1.800001E+00 
 1.800001E+00 
 1.800000E+00 
 1.800000E+00 
 3.322837E-09 
 1.800000E+00 
 1.800000E+00 
 1.800000E+00 
 1.799998E+00 
 7.791805E-06 
 1.800000E+00 
 1.800000E+00 
 1.800000E+00 
 1.800000E+00 
-2.173841E-09 
 1.800000E+00 
 1.800000E+00 
 1.800000E+00 
 1.800000E+00 
 1.799998E+00 
-1.199588E-07 
 1.800000E+00 
 1.800000E+00 
 2.041587E-07 
 1.800000E+00 
 1.800000E+00 
 1.800000E+00 
 1.800000E+00 
 1.800000E+00 
 1.800000E+00 
-4.010182E-09 
 1.800000E+00 
-6.987474E-09 
 1.800000E+00 
 1.800000E+00 
 1.800000E+00 
 1.800000E+00 
 1.800000E+00 
 1.800000E+00 
 1.800000E+00 
-6.634895E-07 
 1.800000E+00 
 1.179970E-07 
 1.800000E+00 
 1.800000E+00 
 1.800000E+00 
 1.800000E+00 
 1.800000E+00 
 1.590992E-09 
 1.800006E+00 
 1.800006E+00 
 1.799999E+00 
 1.800000E+00 
-9.157546E-07 
 1.800000E+00 
 1.800000E+00 
-2.448689E-08 
 1.800000E+00 
 1.800000E+00 
 1.800000E+00 
 1.800000E+00 
 1.800008E+00 
 2.381604E-07 
 1.800000E+00 
 1.800007E+00 
-7.942153E-08 
 1.800000E+00 
 1.800000E+00 
 1.800000E+00 
 1.800001E+00 
-2.595888E-05 
 1.800000E+00 
 1.800000E+00 
 1.800000E+00 
 1.800000E+00 
-2.738620E-07 
 1.800000E+00 
-8.564879E-08 
 1.800003E+00 
 1.800003E+00 
 1.800003E+00 
 1.800003E+00 
 1.800003E+00 
 1.800000E+00 
 5.704940E-07 
 1.800000E+00 
 1.800000E+00 
 2.633180E-08 
 1.800000E+00 
 1.800000E+00 
 1.800000E+00 
-2.778100E-07 
 1.800000E+00 
 1.800000E+00 
 1.800005E+00 
 3.447855E-08 
 1.800000E+00 
 1.800000E+00 
 1.800000E+00 
 1.800000E+00 
-2.739433E-08 
 1.800008E+00 
-2.325324E-09 
 1.800000E+00 
 1.800000E+00 
 1.800000E+00 
 1.800000E+00 
 1.800000E+00 
-2.640548E-06 
 1.800000E+00 
 1.800000E+00 
 1.800000E+00 
-1.108836E-05 
 1.800001E+00 
 2.414531E-08 
 1.800000E+00 
 1.800000E+00 
 1.800000E+00 
 1.800000E+00 
 1.800000E+00 
-3.758459E-06 
 1.800000E+00 
-1.579427E-09 
 1.800000E+00 
 1.800000E+00 
 1.800000E+00 
 1.800000E+00 
 1.154511E-06 
 1.800000E+00 
 1.800000E+00 
 1.800000E+00 
-5.110928E-09 
 1.800000E+00 
 1.800000E+00 
 1.161211E-05 
 1.800000E+00 
 1.799999E+00 
 1.800000E+00 
 1.920692E-08 
 1.800000E+00 
 1.800000E+00 
 4.546432E-08 
 1.800000E+00 
 1.800000E+00 
 1.800000E+00 
 1.800000E+00 
 8.428991E-07 
 1.800000E+00 
 4.723052E-08 
 1.800000E+00 
 1.800000E+00 
 1.800000E+00 
 1.800002E+00 
 1.192158E-08 
 1.800000E+00 
 7.745733E-09 
 1.800000E+00 
 1.800000E+00 
 1.800000E+00 
 1.800000E+00 
-2.063737E-06 
 1.799998E+00 
 1.800000E+00 
 1.177851E-06 
 1.800000E+00 
 1.800000E+00 
 1.800000E+00 
 1.422386E-07 
 1.799998E+00 
 3.076935E-06 
 1.800000E+00 
 1.800000E+00 
 1.800000E+00 
 1.800000E+00 
 3.370601E-07 
 1.800000E+00 
 5.721255E-10 
 1.800000E+00 
 1.800000E+00 
 1.800000E+00 
 1.800000E+00 
 3.005046E-08 
 3.109563E-08 
 1.800000E+00 
 1.800000E+00 
 1.800000E+00 
 1.800000E+00 
 1.800007E+00 
-1.483877E-06 
 8.491664E-09 
 1.800000E+00 
 1.800000E+00 
 1.800000E+00 
 1.800000E+00 
-7.821238E-06 
 1.800000E+00 
 6.308416E-09 
 1.800000E+00 
 1.800000E+00 
 1.800000E+00 
-7.869194E-07 
 1.800000E+00 
 1.800000E+00 
 3.351287E-08 
 1.800000E+00 
 1.800000E+00 
 2.940141E-06 
 1.800001E+00 
 1.800000E+00 
-5.760635E-08 
 1.800000E+00 
 1.800000E+00 
 2.724112E-09 
 1.800000E+00 
 1.800000E+00 
 1.800000E+00 
-2.358608E-08 
 1.800000E+00 
 5.052222E-07 
 1.800000E+00 
 1.800000E+00 
 1.800000E+00 
-4.367052E-07 
 1.800000E+00 
 1.800000E+00 
 3.659851E-08 
 1.800000E+00 
 1.041387E-08 
 1.800000E+00 
 1.800000E+00 
 1.800000E+00 
 5.955387E-07 
 1.800000E+00 
 1.800000E+00 
 2.080982E-08 
 1.800000E+00 
-2.138488E-05 
 1.800000E+00 
 1.800000E+00 
 1.800000E+00 
 1.722467E-06 
 1.800000E+00 
 1.800000E+00 
 1.605839E-08 
 1.800000E+00 
 3.484403E-07 
 1.800000E+00 
 1.800000E+00 
 1.800000E+00 
 1.837398E-06 
 1.800000E+00 
 1.305029E-07 
 1.800000E+00 
 1.800000E+00 
 2.299208E-08 
 1.800000E+00 
 1.800000E+00 
 6.319947E-07 
 1.800000E+00 
 1.800000E+00 
 1.976532E-09 
 1.800000E+00 
-3.757731E-08 
 1.800000E+00 
 1.800000E+00 
 1.800000E+00 
 9.552760E-09 
 1.800000E+00 
 2.327962E-08 
 1.800000E+00 
 1.800000E+00 
 5.695992E-08 
 1.800000E+00 
 1.800000E+00 
 1.578687E-06 
 1.800000E+00 
 1.800002E+00 
 5.861405E-08 
 5.866635E-08 
 1.800000E+00 
 1.800000E+00 
 1.800000E+00 
 1.800000E+00 
-4.918526E-07 
-4.919956E-07 
 1.800000E+00 
 1.800000E+00 
 1.800000E+00 
-1.446723E-07 
 1.800000E+00 
-3.931216E-06 
 1.799999E+00 
 1.526461E-07 
 1.800000E+00 
 1.800000E+00 
 1.800000E+00 
 1.487696E-05 
 1.487730E-05 
 1.800000E+00 
 1.800000E+00 
 1.800000E+00 
-3.847461E-08 
 1.800000E+00 
 8.083698E-08 
 1.800000E+00 
 1.800000E+00 
-2.878237E-05 
 1.800000E+00 
 2.500640E-07 
 1.800000E+00 
 1.800000E+00 
-1.199491E-07 
 1.800000E+00 
 1.800000E+00 
 5.324616E-07 
 5.844168E-07 
 1.799999E+00 
 1.799999E+00 
 1.800000E+00 
 3.765922E-07 
 1.799999E+00 
 6.680269E-07 
 1.800000E+00 
 1.799999E+00 
-9.139793E-07 
 9.193766E-09 
 1.800000E+00 
 1.800000E+00 
 1.800000E+00 
-2.396276E-08 
 1.800000E+00 
 3.635514E-08 
 1.800000E+00 
 1.800003E+00 
-8.359634E-08 
 6.027830E-09 
 1.800000E+00 
 1.800000E+00 
 1.800000E+00 
-4.605124E-07 
 5.029584E-09 
 1.800000E+00 
 1.800000E+00 
 1.800000E+00 
 6.949345E-06 
 6.949351E-06 
 1.800000E+00 
 1.800000E+00 
 6.303627E-09 
 1.800000E+00 
 8.409443E-06 
 1.800000E+00 
 1.800000E+00 
-8.952378E-07 
 1.800000E+00 
 9.385254E-08 
 1.800000E+00 
 1.800000E+00 
 9.723495E-07 
 9.480449E-07 
 1.800000E+00 
 1.800000E+00 
 7.521854E-08 
 1.800000E+00 
 1.800000E+00 
-1.518377E-06 
-1.518553E-06 
 1.800000E+00 
 1.800000E+00 
 1.800000E+00 
 6.154982E-08 
-3.404533E-09 
 1.800000E+00 
 1.800000E+00 
-2.999194E-05 
-2.994581E-05 
 1.800000E+00 
 1.800000E+00 
 1.800000E+00 
-1.485546E-05 
 6.261248E-06 
 1.800000E+00 
 1.800000E+00 
 1.062808E-07 
 1.800000E+00 
 5.849949E-07 
 1.800000E+00 
-5.169440E-11 
 1.800000E+00 
-3.040777E-08 
 1.799999E+00 
 1.800000E+00 
-2.406514E-05 
 1.800000E+00 
 5.767974E-07 
 6.073797E-07 
 1.800000E+00 
 1.800000E+00 
 1.800000E+00 
-1.175877E-05 
-1.161120E-05 
 1.800007E+00 
 1.800000E+00 
-1.677690E-06 
-1.736835E-06 
 1.800000E+00 
 1.800000E+00 
 1.800000E+00 
-3.073199E-08 
-3.776221E-08 
-3.776228E-08 
 1.800000E+00 
 1.800000E+00 
 1.800000E+00 
-2.867846E-08 
 1.800000E+00 
-4.472426E-07 
-7.728718E-08 
 1.800000E+00 
 1.800000E+00 
 1.176167E-07 
 1.800000E+00 
-1.360025E-08 
-3.913282E-08 
 1.800000E+00 
 1.800000E+00 
 1.800000E+00 
 1.543928E-06 
-3.763431E-09 
 1.800004E+00 
 1.210463E-05 
 1.799998E+00 
-1.804417E-08 
 1.800000E+00 
 1.800000E+00 
-1.998334E-06 
 4.643833E-07 
 1.800000E+00 
 1.509879E-05 
 1.800000E+00 
 1.800000E+00 
 1.434817E-08 
 1.384996E-08 
 1.800000E+00 
 1.800000E+00 
 3.279324E-08 
 1.800000E+00 
 2.142091E-08 
 1.233105E-08 
 1.800000E+00 
 1.800000E+00 
 2.849455E-09 
 5.947153E-09 
 1.800000E+00 
 1.800000E+00 
 5.198551E-08 
 1.800000E+00 
 1.214938E-08 
 5.964526E-08 
 1.800000E+00 
 1.800000E+00 
-5.706089E-08 
 1.800000E+00 
 7.321204E-08 
 7.321076E-08 
 1.800000E+00 
 1.800000E+00 
 7.705312E-09 
 7.442606E-09 
 1.800000E+00 
 1.800000E+00 
 8.541879E-07 
 1.405491E-06 
 1.800000E+00 
 1.800000E+00 
-2.758680E-08 
-1.087262E-08 
 1.800000E+00 
 1.199334E-06 
 1.800000E+00 
 6.648178E-09 
 1.800000E+00 
 8.578798E-08 
 1.800000E+00 
 1.157332E-06 
 1.800000E+00 
-1.366602E-06 
 1.800000E+00 
-5.849462E-09 
 1.800002E+00 
 1.002305E-08 
 1.526921E-09 
 1.799999E+00 
 1.800000E+00 
-2.783159E-05 
 3.556721E-06 
 1.799997E+00 
 1.344489E-06 
 1.800000E+00 
 1.800000E+00 
-7.273611E-07 
 5.966249E-09 
 5.966249E-09 
 1.800000E+00 
 1.800000E+00 
 1.841031E-07 
 1.799999E+00 
 3.990981E-06 
-1.201890E-08 
 1.800000E+00 
 6.058158E-09 
 1.800003E+00 
 2.866791E-10 
 1.800000E+00 
 9.361472E-09 
 1.800000E+00 
 2.253867E-07 
 1.800000E+00 
-2.286764E-06 
 1.388134E-08 
 1.800000E+00 
 2.229893E-09 
 1.800000E+00 
 1.800000E+00 
 1.683348E-07 
 1.535969E-07 
 1.535971E-07 
 1.800000E+00 
 1.425907E-05 
 1.800000E+00 
 1.800000E+00 
 2.300521E-06 
 2.235523E-06 
 2.235522E-06 
 1.800000E+00 
 1.800000E+00 
 2.513459E-07 
 1.800000E+00 
 2.501232E-09 
 2.554520E-09 
 2.554784E-09 
 1.800001E+00 
 1.800001E+00 
 2.168150E-08 
 1.800000E+00 
 3.770953E-09 
 3.768180E-09 
 1.799997E+00 
-1.168642E-08 
 1.800000E+00 
 4.596642E-06 
 4.442343E-06 
 1.800000E+00 
-2.977640E-05 
 1.800000E+00 
 5.511722E-09 
 1.800000E+00 
-4.363798E-06 
 5.639464E-08 
 1.800000E+00 
 1.837520E-08 
 1.800000E+00 
-4.932153E-07 
 1.800000E+00 
-1.377899E-09 
-6.926888E-08 
 1.800000E+00 
 1.590295E-06 
 1.800000E+00 
 1.612557E-07 
 1.588170E-07 
 1.800000E+00 
 9.083688E-09 
 1.800000E+00 
 1.324995E-05 
-4.610243E-08 
 1.800000E+00 
 1.800000E+00 
 5.615637E-06 
 9.482012E-06 
 9.482012E-06 
 1.800000E+00 
-1.125861E-07 
 1.800000E+00 
 5.662293E-07 
 1.800000E+00 
 4.744051E-09 
 5.107704E-09 
 5.106540E-09 
 1.800000E+00 
 1.800000E+00 
 5.203240E-08 
 3.794899E-08 
 1.800000E+00 
 4.908128E-06 
 1.800000E+00 
 6.341469E-09 
 6.480020E-09 
 6.479927E-09 
 1.800001E+00 
 1.800000E+00 
 1.886357E-07 
 1.810717E-07 
 1.800000E+00 
-2.869425E-06 
-2.941402E-06 
 1.799999E+00 
 1.236352E-07 
 1.237836E-07 
 1.800000E+00 
 1.800005E+00 
 9.530845E-07 
-1.599929E-08 
-1.600169E-08 
 1.800004E+00 
-6.479994E-06 
-6.472982E-06 
 1.800000E+00 
 1.800000E+00 
-1.389228E-07 
-1.058421E-07 
-1.058415E-07 
 1.800000E+00 
 4.527355E-06 
 1.800000E+00 
 7.305362E-09 
 7.291495E-09 
 1.799997E+00 
 4.669226E-07 
 9.859758E-07 
 1.800000E+00 
-1.999785E-07 
 1.799998E+00 
 1.688766E-05 
 1.687316E-05 
 1.687316E-05 
 1.800000E+00 
 1.800000E+00 
 5.958760E-08 
 1.124356E-08 
 1.124277E-08 
 1.800000E+00 
 1.944969E-08 
 1.904085E-08 
 1.800000E+00 
 3.449567E-08 
 1.800006E+00 
 1.136726E-06 
 8.398506E-09 
 1.800007E+00 
-4.974897E-07 
-2.376750E-07 
 1.800000E+00 
 1.107083E-06 
 1.151224E-06 
 1.800000E+00 
 2.580584E-07 
 1.800000E+00 
 8.532923E-06 
 8.022359E-06 
 8.022358E-06 
 1.800000E+00 
 1.197810E-07 
 1.800000E+00 
 1.194570E-07 
 1.164548E-07 
 1.164562E-07 
 1.800000E+00 
 1.800000E+00 
-3.154756E-06 
 1.552370E-07 
 1.552370E-07 
 1.552383E-07 
 1.800000E+00 
 5.215767E-07 
 1.800000E+00 
-1.033502E-06 
 1.275331E-08 
 1.800003E+00 
-1.295705E-06 
 8.548390E-09 
 8.551512E-09 
 1.800000E+00 
 1.800000E+00 
 1.461844E-07 
-2.645246E-05 
-2.645246E-05 
-2.645246E-05 
 1.799999E+00 
-1.589383E-07 
 1.799999E+00 
 1.462853E-08 
 1.492850E-08 
 1.492852E-08 
 1.800000E+00 
 2.468766E-08 
 1.800000E+00 
 1.595968E-06 
 1.565028E-06 
 1.565022E-06 
 1.800000E+00 
 2.405161E-07 
-1.382752E-08 
 1.800000E+00 
 1.673917E-07 
 1.800000E+00 
-7.233133E-06 
-7.881411E-06 
-7.881411E-06 
-7.881411E-06 
 1.800000E+00 
-7.090208E-08 
 1.800000E+00 
 1.042043E-07 
 8.899912E-08 
 8.899917E-08 
 1.800000E+00 
 5.464206E-08 
 4.426149E-09 
 1.800000E+00 
 5.798082E-07 
 5.871218E-07 
 1.800000E+00 
-1.608741E-06 
-1.545035E-06 
 1.800007E+00 
 1.854889E-07 
 1.852903E-07 
 1.852902E-07 
 1.800000E+00 
 8.547201E-06 
-1.836813E-05 
-1.836813E-05 
 1.800000E+00 
 1.800000E+00 
-7.028782E-07 
 7.444362E-09 
 7.444395E-09 
 7.444394E-09 
 7.443964E-09 
 1.800000E+00 
-2.610194E-06 
 1.800000E+00 
 1.724409E-08 
-3.771805E-08 
-3.771767E-08 
 1.800007E+00 
-6.488981E-07 
 6.281414E-09 
 6.281022E-09 
 1.800000E+00 
-1.146851E-08 
 1.800000E+00 
 2.511447E-06 
 2.516070E-06 
 2.516070E-06 
 2.516070E-06 
 1.800000E+00 
-6.374185E-06 
-6.584722E-06 
 1.800000E+00 
-1.339112E-05 
-1.331097E-05 
 1.800000E+00 
 1.189773E-06 
 1.188523E-06 
 1.188523E-06 
 1.188524E-06 
 1.800000E+00 
-2.782220E-08 
 1.800000E+00 
-9.671111E-07 
-1.259589E-06 
-1.259589E-06 
-1.259589E-06 
 1.800000E+00 
 5.409650E-09 
 4.480276E-09 
 4.479339E-09 
 1.800000E+00 
 4.701054E-08 
 1.800004E+00 
-9.179565E-07 
 9.995325E-09 
 9.994945E-09 
 9.995506E-09 
 9.995557E-09 
 1.800000E+00 
-1.327679E-06 
 1.800000E+00 
 1.585019E-06 
 1.780963E-06 
 1.780963E-06 
 1.780964E-06 
 1.800000E+00 
 8.823573E-09 
 1.398008E-08 
 1.800000E+00 
-4.601819E-05 
 1.145533E-06 
 1.145533E-06 
 1.145533E-06 
 1.800000E+00 
 2.136313E-06 
-6.059066E-10 
 1.800000E+00 
-4.071861E-07 
-9.858770E-09 
-9.859884E-09 
-9.859608E-09 
 1.800000E+00 
 1.521647E-08 
 1.522284E-08 
 1.800007E+00 
-3.746835E-06 
-3.747427E-06 
-3.747427E-06 
-3.747427E-06 
 1.800000E+00 
 2.449451E-06 
 2.278215E-06 
 1.800000E+00 
-1.968160E-05 
-1.825959E-08 
-1.825959E-08 
-1.825961E-08 
 1.800000E+00 
-7.892262E-07 
 5.560872E-09 
 5.560768E-09 
 1.800000E+00 
-6.436866E-06 
-6.437340E-06 
-6.437340E-06 
-6.437340E-06 
 1.800000E+00 
 2.039023E-06 
 2.047050E-06 
 1.800000E+00 
 1.967770E-08 
 9.842416E-09 
 9.842391E-09 
 9.842676E-09 
 9.842390E-09 
 1.799999E+00 
 9.105845E-09 
 1.800000E+00 
 3.355362E-06 
-1.963452E-08 
-1.963452E-08 
-1.963488E-08 
-1.963486E-08 
-1.963460E-08 
 1.800000E+00 
 4.990341E-07 
 4.971622E-07 
 1.800000E+00 
-1.355756E-06 
 1.108267E-08 
 1.108332E-08 
 1.108268E-08 
 1.800000E+00 
-8.411038E-07 
-1.020352E-07 
-1.020346E-07 
 1.800000E+00 
-1.304373E-05 
 1.785000E-05 
 1.785000E-05 
 1.785000E-05 
 1.785000E-05 
 1.800000E+00 
 7.106505E-09 
 7.454723E-09 
 1.800000E+00 
 2.573047E-09 
 5.968918E-09 
 5.968278E-09 
 5.968564E-09 
 5.969005E-09 
 1.800000E+00 
-9.531678E-07 
 1.427056E-08 
 1.427044E-08 
 1.427044E-08 
 1.800000E+00 
 4.455989E-07 
 4.439439E-07 
 4.439438E-07 
 1.800000E+00 
-3.376601E-06 
-3.376679E-06 
-3.376678E-06 
-3.376678E-06 
-3.376680E-06 
 1.800000E+00 
 5.975057E-07 
 5.974186E-07 
 1.800001E+00 
-2.553554E-08 
-2.432702E-08 
-2.432630E-08 
-2.432588E-08 
-2.432628E-08 
-2.426822E-08 
-2.432633E-08 
 1.800000E+00 
-3.890032E-07 
 1.800000E+00 
 1.555285E-05 
-1.108713E-05 
-1.108713E-05 
-1.108713E-05 
-1.108713E-05 
-1.108713E-05 
-1.108713E-05 
 1.800007E+00 
 4.453425E-07 
 4.619147E-07 
 1.800000E+00 
-2.271905E-05 
 4.369802E-09 
 4.369782E-09 
 4.368891E-09 
 4.369801E-09 
 4.369867E-09 
 1.800000E+00 
 3.410574E-08 
-6.169012E-08 
-6.169038E-08 
-6.168828E-08 
 1.800000E+00 
-1.502427E-08 
 1.383456E-08 
 1.383277E-08 
 1.383277E-08 
 1.800000E+00 
 1.384811E-06 
-9.476108E-10 
-9.476050E-10 
-9.476671E-10 
-9.495149E-10 
-9.508706E-10 
 1.800000E+00 
 1.291916E-08 
 1.284043E-08 
 1.800000E+00 
-1.936653E-09 
-3.726481E-09 
-3.726343E-09 
-3.726177E-09 
-3.722793E-09 
-3.726282E-09 
-3.726363E-09 
-3.726398E-09 
 1.800000E+00 
-3.883320E-08 
-2.976399E-08 
 1.800000E+00 
 2.387206E-07 
 2.000164E-07 
 2.000164E-07 
 2.000164E-07 
 2.000169E-07 
 2.000164E-07 
 2.000156E-07 
 1.800000E+00 
-1.555096E-05 
 4.846846E-06 
 4.846846E-06 
 4.846846E-06 
 1.800000E+00 
-4.162229E-06 
 2.327766E-07 
 2.327777E-07 
 2.327777E-07 
 2.327777E-07 
 1.800000E+00 
-2.019084E-07 
 1.033360E-08 
 1.033358E-08 
 1.033362E-08 
 1.033359E-08 
 1.033405E-08 
 1.800000E+00 
 2.599585E-06 
 3.456312E-06 
 3.456312E-06 
 3.456313E-06 
 3.456312E-06 
 1.800000E+00 
 3.321199E-06 
-3.466306E-08 
-3.466306E-08 
-3.466303E-08 
-3.466223E-08 
 1.800000E+00 
 2.721515E-07 
-1.527860E-08 
-1.527864E-08 
-1.527861E-08 
-1.527864E-08 
-1.527857E-08 
 1.800000E+00 
 1.886437E-06 
 1.888595E-06 
 1.888595E-06 
 1.888595E-06 
 1.888595E-06 
 1.800007E+00 
 3.500002E-07 
 1.903986E-08 
 1.903987E-08 
 1.903988E-08 
 1.903995E-08 
 1.903986E-08 
 1.903987E-08 
 1.800001E+00 
-9.885136E-06 
-9.825681E-06 
-9.825681E-06 
-9.825681E-06 
 1.800000E+00 
 1.383496E-07 
 1.430970E-07 
 1.430971E-07 
 1.430970E-07 
 1.430968E-07 
 1.430961E-07 
 1.430970E-07 
 1.431100E-07 
 1.800000E+00 
 1.894047E-06 
 1.972150E-06 
 1.972144E-06 
 1.972151E-06 
 1.800000E+00 
-9.489211E-06 
-9.366315E-06 
-9.366315E-06 
-9.366315E-06 
-9.366314E-06 
-9.366314E-06 
-9.366315E-06 
-9.366315E-06 
 1.800000E+00 
 1.510685E-07 
 5.989515E-12 
 4.025060E-12 
 3.908526E-12 
 4.257185E-12 
 1.800000E+00 
 1.226569E-06 
 1.212760E-06 
 1.212760E-06 
 1.212764E-06 
 1.212770E-06 
 1.212760E-06 
 1.212760E-06 
 1.212760E-06 
 1.800000E+00 
-1.846358E-07 
-4.142347E-08 
-4.142323E-08 
-4.142329E-08 
-4.142321E-08 
 1.800000E+00 
-8.961382E-07 
-1.124560E-06 
-1.124560E-06 
-1.124566E-06 
-1.124560E-06 
-1.124560E-06 
-1.124560E-06 
-1.124560E-06 
 1.800000E+00 
 2.778694E-06 
-1.079461E-07 
-1.079459E-07 
-1.079461E-07 
-1.079461E-07 
-1.079461E-07 
 1.800000E+00 
-5.680146E-07 
 6.329083E-09 
 6.327999E-09 
 6.316270E-09 
 6.329362E-09 
 6.329361E-09 
 6.329391E-09 
 6.329436E-09 
 1.800000E+00 
 1.192655E-06 
 1.873554E-06 
 1.873554E-06 
 1.873554E-06 
 1.873554E-06 
 1.800000E+00 
 4.004839E-07 
 3.599485E-07 
 3.599485E-07 
 3.599484E-07 
 3.599495E-07 
 3.599482E-07 
 3.599485E-07 
 3.599490E-07 
 3.599485E-07 
 3.599485E-07 
 1.800000E+00 
 1.885361E-07 
 9.406215E-08 
 9.406217E-08 
 9.406215E-08 
 9.406216E-08 
 9.406172E-08 
 1.800000E+00 
-1.037751E-06 
-9.749535E-07 
-9.749533E-07 
-9.749534E-07 
-9.749534E-07 
-9.749533E-07 
-9.749535E-07 
-9.749534E-07 
 1.799999E+00 
-2.363008E-06 
-2.366923E-06 
-2.366922E-06 
-2.366922E-06 
-2.366922E-06 
-2.366923E-06 
-2.366921E-06 
 1.800000E+00 
-4.778280E-07 
 1.356053E-05 
 1.356053E-05 
 1.356053E-05 
 1.356053E-05 
 1.356053E-05 
 1.356053E-05 
 1.356053E-05 
 1.356053E-05 
 1.800000E+00 
-1.383206E-06 
 1.131438E-08 
 1.131428E-08 
 1.132698E-08 
 1.131467E-08 
 1.131330E-08 
 1.800002E+00 
-1.083128E-07 
-8.979743E-08 
-8.979643E-08 
-8.979751E-08 
-8.979751E-08 
-8.979755E-08 
-8.979748E-08 
-8.979750E-08 
-8.979756E-08 
-8.979738E-08 
-8.979757E-08 
 1.800000E+00 
 4.090973E-09 
-4.405043E-10 
-4.404762E-10 
-4.397585E-10 
-4.407827E-10 
 1.800000E+00 
 2.202833E-06 
-6.534098E-07 
-6.534103E-07 
-6.534103E-07 
-6.534092E-07 
-6.534103E-07 
-6.534103E-07 
-6.534104E-07 
-6.534105E-07 
-6.534097E-07 
-6.534104E-07 
-6.534103E-07 
 1.800006E+00 
 7.981415E-07 
 5.677669E-07 
 5.677687E-07 
 5.677688E-07 
 1.800000E+00 
-1.868269E-06 
 8.601749E-09 
 8.613834E-09 
 8.603225E-09 
 8.565049E-09 
 8.602047E-09 
 8.603913E-09 
 8.600599E-09 
 8.601732E-09 
 8.602529E-09 
 8.601400E-09 
 8.594910E-09 
 8.601979E-09 
 8.908845E-09 
 1.800000E+00 
 4.195743E-08 
 4.323192E-08 
 4.323193E-08 
 1.800000E+00 
 7.541730E-08 
-3.067003E-08 
-3.067003E-08 
-3.066964E-08 
-3.067008E-08 
-3.067002E-08 
-3.066993E-08 
-3.067001E-08 
-3.066997E-08 
-3.067940E-08 
-3.067004E-08 
-3.067003E-08 
-3.067003E-08 
-3.066981E-08 
 1.799999E+00 
 3.970403E-08 
 1.040226E-08 
 1.039447E-08 
 1.040387E-08 
 1.040158E-08 
 1.800000E+00 
 1.139618E-07 
 4.016724E-07 
 4.016739E-07 
 4.016734E-07 
 4.016725E-07 
 4.016725E-07 
 4.016722E-07 
 4.016989E-07 
 4.016727E-07 
 4.016722E-07 
 4.016722E-07 
 4.016723E-07 
 1.800000E+00 
 2.490228E-05 
 9.616624E-09 
 9.616638E-09 
 9.621362E-09 
 9.616596E-09 
 9.616617E-09 
 1.800007E+00 
-1.005306E-05 
-1.009683E-05 
-1.009683E-05 
-1.009683E-05 
-1.009683E-05 
-1.009683E-05 
-1.009683E-05 
-1.009683E-05 
-1.009683E-05 
-1.009683E-05 
-1.009683E-05 
-1.009683E-05 
 1.800000E+00 
 1.726392E-07 
 1.041960E-08 
 1.041514E-08 
 1.041507E-08 
 1.041482E-08 
 1.041519E-08 
 1.800000E+00 
-1.085293E-05 
-1.084835E-05 
-1.084835E-05 
-1.084835E-05 
-1.084835E-05 
-1.084835E-05 
-1.084835E-05 
-1.084835E-05 
-1.084835E-05 
-1.084835E-05 
-1.084835E-05 
-1.084836E-05 
 1.800000E+00 
 2.420027E-08 
 3.067891E-09 
 3.068489E-09 
 3.068514E-09 
 3.071491E-09 
 3.064334E-09 
 3.068444E-09 
 1.800000E+00 
 4.642372E-08 
-5.733068E-08 
-5.732717E-08 
-5.733001E-08 
-5.732921E-08 
-5.732981E-08 
-5.733000E-08 
-5.732999E-08 
-5.733274E-08 
-5.733000E-08 
-5.733000E-08 
 1.800005E+00 
 1.586020E-08 
 8.458264E-09 
 8.458211E-09 
 8.458589E-09 
 8.458267E-09 
 8.458256E-09 
 8.458264E-09 
 1.799998E+00 
 1.105719E-08 
 3.272818E-09 
 3.272850E-09 
 3.272486E-09 
 3.273340E-09 
 3.272957E-09 
 3.272854E-09 
 3.272704E-09 
 3.272850E-09 
 3.272478E-09 
 1.800000E+00 
-9.023494E-06 
-9.021534E-06 
-9.021534E-06 
-9.021534E-06 
-9.021534E-06 
-9.021534E-06 
-9.021534E-06 
-9.021534E-06 
-9.021535E-06 
 1.800000E+00 
 3.374032E-06 
-1.358551E-08 
-1.358291E-08 
-1.358578E-08 
-1.358289E-08 
-1.358332E-08 
-1.358319E-08 
-1.358319E-08 
 1.800000E+00 
 2.929672E-06 
 3.325161E-06 
 3.325161E-06 
 3.325160E-06 
 3.325161E-06 
 3.325161E-06 
 3.325160E-06 
 3.325161E-06 
 3.325160E-06 
 3.325161E-06 
 1.800000E+00 
-7.725112E-07 
 8.798223E-09 
 8.765891E-09 
 8.798221E-09 
 8.797983E-09 
 8.797992E-09 
 8.798220E-09 
 8.798131E-09 
 1.800000E+00 
 7.637295E-07 
 6.353255E-09 
 6.352885E-09 
 6.348959E-09 
 6.353243E-09 
 6.353250E-09 
 6.353257E-09 
 6.353258E-09 
 1.800000E+00 
 1.779131E-07 
 1.779129E-07 
 1.779054E-07 
 1.779123E-07 
 1.779118E-07 
 1.779129E-07 
 1.779128E-07 
 1.779129E-07 
 1.779135E-07 
 1.800000E+00 
 6.240143E-09 
 8.396574E-09 
 8.394311E-09 
 8.394450E-09 
 8.394325E-09 
 8.394167E-09 
 8.394180E-09 
 8.394316E-09 
 8.395068E-09 
 1.800000E+00 
 1.188918E-07 
 9.167520E-08 
 9.167675E-08 
 9.167342E-08 
 9.167518E-08 
 9.167667E-08 
 1.800000E+00 
-1.446560E-07 
-3.095477E-07 
-3.095474E-07 
-3.095475E-07 
-3.095459E-07 
-3.095474E-07 
-3.095463E-07 
-3.095474E-07 
-3.095465E-07 
-3.095474E-07 
-3.095475E-07 
 1.800000E+00 
 1.162986E-05 
-3.000870E-05 
-3.000870E-05 
-3.000870E-05 
-3.000870E-05 
 1.800000E+00 
 8.817281E-09 
 9.349197E-09 
 9.348678E-09 
 9.358868E-09 
 9.348554E-09 
 9.348718E-09 
 9.348713E-09 
 9.348707E-09 
 9.357185E-09 
 9.348690E-09 
 9.349771E-09 
 1.799999E+00 
 8.595875E-07 
 8.599877E-07 
 8.599876E-07 
 8.599877E-07 
 1.800000E+00 
-3.565937E-06 
 1.416549E-05 
 1.416549E-05 
 1.416549E-05 
 1.416549E-05 
 1.416549E-05 
 1.416549E-05 
 1.416549E-05 
 1.416549E-05 
 1.416549E-05 
 1.416549E-05 
 1.800000E+00 
-8.766429E-07 
-8.959223E-07 
-8.959278E-07 
-8.959224E-07 
 1.800001E+00 
 1.576141E-06 
 4.466999E-09 
 4.468609E-09 
 4.468066E-09 
 4.468145E-09 
 4.468064E-09 
 4.469320E-09 
 4.468049E-09 
 4.493920E-09 
 4.467702E-09 
 1.800000E+00 
 1.695332E-08 
 1.869982E-08 
 1.869938E-08 
 1.869949E-08 
 1.869940E-08 
 1.869943E-08 
 1.800003E+00 
-2.287666E-07 
-2.718073E-07 
-2.718076E-07 
-2.718085E-07 
-2.718074E-07 
-2.718070E-07 
-2.718074E-07 
 1.800000E+00 
-1.510258E-06 
 8.561632E-09 
 8.561663E-09 
 8.561628E-09 
 8.561110E-09 
 8.560862E-09 
 1.799999E+00 
-1.420806E-06 
-1.618079E-06 
-1.618079E-06 
-1.618079E-06 
-1.618079E-06 
-1.618079E-06 
-1.618079E-06 
-1.618080E-06 
 1.800000E+00 
 1.337974E-07 
 1.337944E-07 
 1.337942E-07 
 1.337945E-07 
 1.337918E-07 
 1.337947E-07 
 1.800003E+00 
-1.658547E-06 
 1.117968E-08 
 1.117981E-08 
 1.117978E-08 
 1.117968E-08 
 1.117978E-08 
 1.800000E+00 
 1.652561E-07 
 1.067080E-08 
 1.067063E-08 
 1.067082E-08 
 1.067082E-08 
 1.067085E-08 
 1.067109E-08 
 1.800000E+00 
 2.251879E-07 
 2.268672E-07 
 2.268671E-07 
 2.268677E-07 
 2.268690E-07 
 1.800000E+00 
-3.177411E-08 
 7.445506E-09 
 7.445342E-09 
 7.445327E-09 
 7.445338E-09 
 7.445283E-09 
 7.445435E-09 
 1.800002E+00 
 1.034586E-06 
 1.043485E-06 
 1.043481E-06 
 1.043485E-06 
 1.043485E-06 
 1.043485E-06 
 1.800000E+00 
 7.451180E-08 
 6.646673E-09 
 6.647537E-09 
 6.647421E-09 
 6.647393E-09 
 1.800007E+00 
 3.477313E-08 
 9.231241E-09 
 9.231331E-09 
 9.231190E-09 
 9.231319E-09 
 9.231328E-09 
 1.800000E+00 
 3.035069E-08 
 8.950858E-09 
 8.950533E-09 
 8.950842E-09 
 8.950833E-09 
 8.975114E-09 
 1.800000E+00 
-6.052282E-07 
-1.079157E-07 
-1.079153E-07 
-1.079157E-07 
-1.079157E-07 
 1.800000E+00 
-2.685188E-05 
-4.537773E-09 
-4.537328E-09 
-4.537365E-09 
-4.538614E-09 
-4.537337E-09 
 1.800000E+00 
-1.101894E-05 
 1.489864E-05 
 1.489864E-05 
 1.489864E-05 
 1.800000E+00 
-6.954521E-07 
 1.064621E-08 
 1.064609E-08 
 1.064522E-08 
 1.064606E-08 
 1.064618E-08 
 1.800000E+00 
 2.338664E-08 
 8.669550E-09 
 8.669525E-09 
 8.669464E-09 
 8.669007E-09 
 1.800000E+00 
 7.568322E-08 
 4.779207E-08 
 4.779777E-08 
 4.779782E-08 
 4.779734E-08 
 1.800000E+00 
 6.318402E-07 
 3.522486E-07 
 3.522485E-07 
 3.522484E-07 
 3.522577E-07 
 1.799999E+00 
-2.207727E-06 
 1.357662E-05 
 1.357662E-05 
 1.357662E-05 
 1.357662E-05 
 1.800000E+00 
 7.175148E-08 
 7.278958E-08 
 7.278959E-08 
 7.278958E-08 
 1.800000E+00 
 7.452927E-09 
 7.443034E-09 
 7.438431E-09 
 7.440162E-09 
 7.442945E-09 
 1.800000E+00 
-2.952896E-06 
-2.959538E-06 
-2.959538E-06 
-2.959537E-06 
 1.800001E+00 
-3.434421E-08 
 1.331866E-08 
 1.332208E-08 
 1.331927E-08 
 1.331942E-08 
 1.331933E-08 
 1.800000E+00 
 4.703213E-07 
 4.704302E-07 
 1.800002E+00 
 1.760972E-07 
 1.749277E-07 
 1.749266E-07 
 1.749278E-07 
 1.749278E-07 
 1.749278E-07 
 1.749278E-07 
 1.800000E+00 
 1.718333E-06 
 2.649664E-09 
 1.799999E+00 
 2.093800E-08 
 2.226420E-08 
 2.226444E-08 
 2.226589E-08 
 2.226562E-08 
 2.226444E-08 
 1.800000E+00 
-2.242851E-07 
 1.149899E-08 
 1.800000E+00 
-2.167347E-06 
 2.210834E-08 
 2.211028E-08 
 2.210852E-08 
 2.210856E-08 
 2.210858E-08 
 1.800000E+00 
-1.051438E-06 
-3.897120E-07 
-3.897120E-07 
 1.800000E+00 
 2.628890E-07 
 6.559745E-08 
 6.559712E-08 
 6.559747E-08 
 1.800000E+00 
-2.845663E-06 
-3.091151E-06 
-3.091151E-06 
-3.091151E-06 
 1.800000E+00 
 4.154850E-09 
 4.403208E-09 
 4.403302E-09 
 4.403269E-09 
 1.800000E+00 
 5.596665E-08 
 1.044770E-07 
 1.044773E-07 
 1.046287E-07 
 1.800001E+00 
 2.784454E-06 
 3.099240E-06 
 1.800000E+00 
 1.298253E-05 
-2.368219E-05 
-2.368219E-05 
-2.368219E-05 
-2.368219E-05 
-2.368219E-05 
 1.799999E+00 
 6.136751E-09 
 8.357678E-09 
 1.800000E+00 
-2.455244E-07 
-2.032247E-07 
-2.032249E-07 
-2.032258E-07 
 1.800000E+00 
 7.503603E-07 
 7.236181E-07 
 7.236181E-07 
 1.800000E+00 
 1.089040E-06 
 1.179122E-06 
 1.179122E-06 
 1.179122E-06 
 1.800000E+00 
-6.687230E-07 
-1.750025E-08 
-1.750022E-08 
 1.800000E+00 
-7.596141E-09 
-2.645640E-07 
-2.645640E-07 
-2.645642E-07 
 1.800000E+00 
-3.590945E-06 
 3.776844E-08 
 3.776894E-08 
 1.800000E+00 
 7.725393E-08 
 7.405865E-08 
 7.405869E-08 
 1.800000E+00 
 1.159963E-06 
 1.095658E-06 
 1.095658E-06 
 1.800000E+00 
 7.287886E-09 
 5.703862E-09 
 5.707833E-09 
 5.707798E-09 
 1.800000E+00 
-3.310573E-06 
 1.800000E+00 
-1.821120E-07 
-1.831998E-07 
-1.831980E-07 
-1.831979E-07 
-1.831967E-07 
-1.831979E-07 
 1.800005E+00 
 1.876134E-08 
 1.800000E+00 
 4.016288E-08 
 4.215221E-08 
 4.215263E-08 
 4.215272E-08 
 1.800000E+00 
 4.461128E-06 
 4.413307E-06 
 1.800000E+00 
 1.925392E-07 
 1.926718E-07 
 1.926719E-07 
 1.926719E-07 
 1.800000E+00 
 7.497051E-06 
-1.588764E-05 
 1.800000E+00 
 9.227472E-07 
 6.186316E-09 
 6.186205E-09 
 6.186177E-09 
 1.800000E+00 
-5.747518E-09 
 1.800001E+00 
-6.488771E-07 
-7.703629E-08 
-7.703708E-08 
-7.703620E-08 
 1.800000E+00 
 3.203989E-07 
 3.379088E-07 
 3.379087E-07 
 1.800000E+00 
 1.823088E-07 
 1.810655E-07 
 1.800007E+00 
 4.867756E-07 
-3.334860E-08 
-3.334909E-08 
 1.800000E+00 
-4.191666E-08 
 1.078955E-08 
 1.079000E-08 
 1.800000E+00 
 2.525201E-07 
-8.780898E-08 
 1.800000E+00 
-2.523275E-08 
-4.687858E-09 
-4.686798E-09 
 1.800000E+00 
 9.776194E-07 
 9.775372E-07 
 1.800000E+00 
-1.011267E-06 
-3.683219E-07 
-3.683211E-07 
 1.800000E+00 
-1.354181E-07 
-1.431085E-07 
 1.800000E+00 
-1.592686E-06 
 1.126065E-08 
 1.126088E-08 
 1.800000E+00 
 1.257345E-08 
 1.259134E-08 
 1.259133E-08 
 1.800000E+00 
 6.758867E-09 
 1.800000E+00 
 3.776610E-06 
 3.779836E-06 
 3.779835E-06 
 3.779785E-06 
 1.800000E+00 
 1.800000E+00 
 2.901457E-06 
 2.206871E-09 
 2.206598E-09 
 2.206865E-09 
 2.206871E-09 
 1.800000E+00 
-2.938025E-05 
 1.800000E+00 
 4.589495E-08 
 6.079049E-09 
 1.800005E+00 
-2.469161E-09 
 7.429615E-09 
 7.429637E-09 
 1.800001E+00 
-3.076316E-08 
-3.049247E-08 
 1.800000E+00 
-1.794209E-06 
-8.733905E-07 
 1.800000E+00 
 5.947580E-07 
 5.575074E-09 
 5.575051E-09 
 1.800006E+00 
-3.635362E-08 
 1.800001E+00 
-1.599172E-06 
-2.361535E-06 
-2.361538E-06 
 1.800000E+00 
-2.130850E-07 
 2.141565E-08 
 1.800002E+00 
 9.759170E-07 
 1.680757E-06 
 1.800000E+00 
-7.520423E-07 
-7.536714E-07 
 1.800000E+00 
 3.544784E-07 
 3.456670E-07 
 1.800000E+00 
 1.658498E-06 
 5.475121E-09 
 5.475325E-09 
 1.800000E+00 
-5.351200E-06 
 1.800000E+00 
-2.071271E-09 
-4.629637E-09 
 1.800000E+00 
 9.057412E-09 
 4.662975E-09 
 4.663373E-09 
 1.800000E+00 
 1.800000E+00 
 5.482005E-06 
-9.565853E-08 
-9.565978E-08 
-9.565869E-08 
 1.800000E+00 
 4.281336E-08 
 1.800003E+00 
 3.811506E-06 
-1.631946E-05 
 1.800007E+00 
-3.259120E-08 
 8.727473E-09 
 1.800000E+00 
 9.768714E-07 
 3.260076E-08 
 1.800000E+00 
 2.699174E-08 
 2.766437E-08 
 1.800000E+00 
 7.801132E-08 
 6.380625E-08 
 1.800000E+00 
 3.292383E-07 
 1.800000E+00 
-5.241252E-09 
 1.448192E-08 
 1.800000E+00 
 4.910021E-08 
-4.316599E-08 
-4.316666E-08 
 1.800000E+00 
 1.800000E+00 
 8.606983E-06 
-2.010195E-06 
-2.010195E-06 
 1.800000E+00 
 1.263006E-07 
 1.800000E+00 
-4.005372E-06 
-4.284591E-06 
-4.284591E-06 
 1.800000E+00 
 1.800000E+00 
 1.359288E-06 
 1.301015E-06 
 1.301032E-06 
 1.800001E+00 
 2.761213E-08 
 5.622866E-09 
 1.800000E+00 
 1.800000E+00 
-1.065064E-06 
 9.210536E-09 
 9.210160E-09 
 1.800000E+00 
 6.622285E-08 
 6.750132E-08 
 1.800000E+00 
 1.800000E+00 
 2.365543E-08 
 2.370808E-08 
 2.370087E-08 
 1.800000E+00 
-8.545477E-07 
 1.800000E+00 
 5.929356E-07 
 5.926558E-07 
 1.800000E+00 
 1.829328E-07 
 1.829531E-07 
 1.800000E+00 
 1.800000E+00 
 6.057382E-09 
 8.861296E-09 
 8.861792E-09 
 1.799999E+00 
-8.801601E-08 
 1.800000E+00 
-1.654196E-06 
 1.000861E-08 
 1.800000E+00 
 1.674317E-05 
 1.800000E+00 
 4.508348E-08 
 7.271051E-08 
 1.800000E+00 
 9.613924E-07 
 1.800000E+00 
 3.592028E-07 
 5.144936E-07 
 1.800000E+00 
 9.026043E-09 
 1.800000E+00 
 7.443935E-09 
 7.694312E-09 
 1.800000E+00 
-1.764168E-07 
 1.800000E+00 
 1.123193E-08 
 9.471338E-09 
 1.800000E+00 
-6.183031E-08 
 1.800000E+00 
-1.696678E-07 
 1.800000E+00 
-3.922717E-07 
-3.920166E-07 
 1.800000E+00 
-2.795119E-08 
 6.443936E-09 
 1.800000E+00 
 1.800004E+00 
-1.047021E-05 
-1.031326E-05 
 1.800003E+00 
-7.448231E-06 
 4.209227E-09 
 1.800003E+00 
 5.896602E-08 
 1.800000E+00 
-9.092129E-08 
 1.800000E+00 
 1.398305E-08 
 1.800000E+00 
 1.838720E-05 
 1.848458E-05 
 1.800000E+00 
 1.225006E-08 
 1.039281E-08 
 1.800000E+00 
 1.800002E+00 
 3.556488E-08 
-1.688763E-08 
 1.800000E+00 
 2.150843E-07 
 1.800000E+00 
-7.881027E-07 
 1.800000E+00 
 2.550062E-06 
 2.617269E-06 
 1.800001E+00 
-8.208034E-09 
 1.800000E+00 
 5.843726E-06 
 1.800000E+00 
-3.249179E-08 
 4.055174E-07 
 1.800000E+00 
 1.800000E+00 
-8.239294E-08 
 1.322746E-08 
 1.322731E-08 
 1.800000E+00 
 1.800000E+00 
-4.929225E-09 
 1.800000E+00 
-1.412447E-07 
-1.568685E-07 
 1.800000E+00 
-2.230262E-07 
 1.800000E+00 
 1.800000E+00 
 6.021349E-06 
-3.177351E-07 
-3.177343E-07 
 1.800000E+00 
 1.800007E+00 
-1.903491E-07 
 2.901717E-08 
 1.800000E+00 
 4.358514E-06 
 1.800000E+00 
 1.800000E+00 
 3.856941E-08 
 1.112290E-08 
 1.112269E-08 
 1.800000E+00 
 1.800000E+00 
 1.609809E-06 
 1.800000E+00 
 3.033061E-07 
 3.034315E-07 
 1.800000E+00 
 1.800000E+00 
 1.791112E-10 
 1.065966E-08 
 1.800000E+00 
 1.800000E+00 
 9.433344E-08 
 1.111833E-08 
 1.111714E-08 
 1.800000E+00 
 1.800000E+00 
 1.800000E+00 
-9.422694E-07 
-4.944547E-07 
-4.944547E-07 
 1.800001E+00 
 1.800000E+00 
-1.356971E-05 
 1.800000E+00 
 1.039499E-07 
 1.800000E+00 
-2.243905E-07 
 7.663534E-07 
 1.800000E+00 
 1.800000E+00 
 9.080691E-07 
 9.714594E-07 
 1.800000E+00 
 1.800000E+00 
 5.158296E-09 
 5.524894E-09 
 1.800000E+00 
 1.800004E+00 
-5.853844E-06 
 1.441710E-07 
 1.800000E+00 
 1.799999E+00 
-4.283177E-07 
 6.518368E-09 
 1.800000E+00 
 1.800000E+00 
-9.119932E-08 
 3.028691E-08 
 1.800000E+00 
 1.800005E+00 
 1.766341E-07 
 1.734281E-07 
 1.800000E+00 
 1.800000E+00 
-8.742622E-09 
 6.944376E-09 
 1.800000E+00 
 1.800000E+00 
 8.721715E-09 
 1.800000E+00 
 1.404846E-06 
 1.752450E-06 
 1.800000E+00 
 1.800000E+00 
 5.500844E-07 
 1.800000E+00 
-2.045622E-06 
 1.800000E+00 
 2.677614E-08 
 1.800000E+00 
-8.992614E-08 
 1.799999E+00 
 1.800003E+00 
 4.194824E-07 
-1.029953E-07 
 1.800000E+00 
 3.687738E-07 
 1.800000E+00 
 1.800000E+00 
 6.749048E-08 
 4.397404E-08 
 1.800000E+00 
 1.800000E+00 
 2.903410E-06 
 1.800000E+00 
-1.497801E-06 
 1.800000E+00 
 4.997464E-09 
 1.800000E+00 
 4.445623E-06 
 1.800000E+00 
-2.376263E-05 
 1.800000E+00 
 1.800000E+00 
 8.523019E-08 
 1.314488E-08 
 1.800001E+00 
 1.800000E+00 
 9.030731E-09 
 1.800000E+00 
 3.136130E-08 
 1.800003E+00 
 1.800000E+00 
 4.382106E-06 
-1.242310E-05 
 1.800000E+00 
 1.800000E+00 
-6.424576E-07 
-1.066297E-06 
 1.800000E+00 
 1.800000E+00 
 1.800000E+00 
-5.822362E-06 
 1.461317E-06 
 1.799998E+00 
 1.800000E+00 
 7.398807E-08 
 7.729877E-08 
 1.799998E+00 
 1.799998E+00 
 1.800000E+00 
-5.811529E-07 
-8.751907E-08 
 1.800000E+00 
 1.799999E+00 
 1.186436E-05 
 1.800000E+00 
 2.114977E-06 
 1.800007E+00 
 2.832529E-09 
 1.800000E+00 
 1.800006E+00 
 1.925979E-08 
 1.901179E-08 
 1.799999E+00 
 1.799999E+00 
 1.800000E+00 
-7.545335E-06 
-7.984898E-06 
 1.800001E+00 
 1.800001E+00 
-1.248985E-08 
 1.800000E+00 
 1.800000E+00 
 3.582767E-06 
-3.826639E-08 
 1.800000E+00 
 1.800000E+00 
 1.800000E+00 
-9.237555E-06 
-8.927677E-06 
 1.800000E+00 
 1.800000E+00 
-6.542226E-06 
 1.800000E+00 
 7.290886E-07 
 1.800000E+00 
 1.800000E+00 
-3.132419E-10 
 1.800001E+00 
-3.232682E-05 
 1.800000E+00 
 4.195277E-08 
 1.800004E+00 
 1.800004E+00 
 1.800000E+00 
 1.105557E-06 
 5.721826E-09 
 1.800000E+00 
 1.800000E+00 
 1.341682E-07 
 1.800000E+00 
 1.051532E-07 
 1.800001E+00 
 1.800000E+00 
 6.465160E-06 
 1.800000E+00 
 1.800000E+00 
 2.697441E-08 
 1.800000E+00 
-1.514212E-07 
 1.800000E+00 
-8.714263E-09 
 1.800000E+00 
 1.800000E+00 
 1.856469E-07 
 1.800000E+00 
 1.800000E+00 
 2.050595E-08 
 1.800000E+00 
-8.447494E-09 
 1.800000E+00 
 1.799999E+00 
 2.108291E-07 
 1.800000E+00 
-6.908901E-09 
 1.800000E+00 
 1.800000E+00 
 1.800000E+00 
 9.332949E-08 
 8.495121E-08 
 1.800000E+00 
 1.800000E+00 
 1.087473E-08 
 1.800000E+00 
 1.800000E+00 
-4.643099E-06 
 1.800000E+00 
 1.799999E+00 
-2.527916E-09 
 1.800000E+00 
 1.227491E-07 
 1.800000E+00 
 1.800000E+00 
 4.065044E-06 
 1.800000E+00 
 1.800000E+00 
 1.156514E-07 
 1.800000E+00 
 9.834767E-09 
 1.800000E+00 
 1.799999E+00 
-2.244632E-05 
 1.800000E+00 
 1.800000E+00 
 3.512828E-07 
 1.800000E+00 
 1.800000E+00 
 9.087674E-09 
 1.800000E+00 
 2.324591E-08 
 1.800000E+00 
 1.800000E+00 
 1.799999E+00 
-1.071496E-07 
 6.309631E-09 
 1.800002E+00 
 1.800002E+00 
 1.800002E+00 
 1.800000E+00 
-9.582628E-07 
 1.164139E-08 
 1.800006E+00 
 1.800006E+00 
 1.800000E+00 
 2.860965E-07 
 1.800000E+00 
-8.829378E-08 
 1.800000E+00 
 1.800000E+00 
 1.799999E+00 
-3.384239E-08 
 1.800000E+00 
 5.000572E-09 
 1.800000E+00 
 1.800000E+00 
-3.569677E-07 
 1.800000E+00 
 1.799998E+00 
 3.482947E-06 
 1.800000E+00 
 1.800000E+00 
 4.302642E-07 
 1.800000E+00 
 1.800000E+00 
 1.800000E+00 
 1.780471E-06 
 3.450134E-07 
 1.800000E+00 
 1.800000E+00 
 1.800000E+00 
 1.800000E+00 
 1.118171E-06 
 1.800000E+00 
 1.144098E-06 
 1.800005E+00 
 1.800000E+00 
 3.063912E-07 
 1.800000E+00 
 1.800000E+00 
 1.800000E+00 
-1.297941E-07 
 1.799999E+00 
 3.676180E-08 
 1.800000E+00 
 1.800000E+00 
-2.201865E-06 
 1.800000E+00 
 1.800000E+00 
 1.800000E+00 
-1.223003E-05 
 1.800000E+00 
 1.800000E+00 
 1.041352E-08 
 1.800001E+00 
 1.800000E+00 
 5.373791E-08 
 1.800000E+00 
 1.800000E+00 
-5.269639E-07 
 1.800000E+00 
 1.800000E+00 
 1.800000E+00 
-1.370015E-07 
 1.800000E+00 
 1.800001E+00 
 9.596044E-08 
 1.800000E+00 
-3.919501E-08 
 1.800000E+00 
 1.800000E+00 
 1.800000E+00 
 1.800000E+00 
-1.274642E-07 
 1.800000E+00 
 1.800000E+00 
-1.653122E-07 
 1.800002E+00 
 1.800003E+00 
-4.085343E-10 
 1.800000E+00 
 1.800000E+00 
 4.481969E-08 
 1.800000E+00 
 1.800000E+00 
 1.799997E+00 
 1.703280E-08 
 1.800000E+00 
 1.800000E+00 
 1.119503E-06 
 1.800000E+00 
 1.800000E+00 
 1.799999E+00 
 9.034049E-09 
 1.800000E+00 
 1.799999E+00 
 1.020574E-08 
 1.800002E+00 
 1.800002E+00 
 1.800000E+00 
 1.283849E-08 
 1.800002E+00 
 1.800000E+00 
 1.976226E-07 
 1.800000E+00 
 1.800000E+00 
 1.800000E+00 
-4.452176E-08 
 1.800000E+00 
 1.800000E+00 
 3.487184E-06 
 1.800000E+00 
 1.800000E+00 
 1.800000E+00 
 1.800000E+00 
-2.466779E-06 
-2.158197E-06 
 1.800000E+00 
 1.800000E+00 
 1.800000E+00 
 1.800000E+00 
 1.800000E+00 
 1.800000E+00 
-6.335428E-10 
-5.646915E-10 
 1.800000E+00 
 1.800000E+00 
 1.800000E+00 
 1.800000E+00 
 1.800003E+00 
-1.705916E-06 
 1.800002E+00 
 1.197658E-06 
 1.800000E+00 
 1.800000E+00 
 1.800000E+00 
 1.800000E+00 
-6.948617E-08 
 1.800000E+00 
 1.800000E+00 
 3.474466E-08 
 1.800000E+00 
 1.800000E+00 
 1.800000E+00 
 5.736909E-08 
 1.799999E+00 
 1.799999E+00 
 1.800000E+00 
 1.800000E+00 
 1.709671E-05 
 1.800000E+00 
 1.458969E-09 
 1.800000E+00 
 1.800000E+00 
 1.800000E+00 
 1.800000E+00 
 1.800001E+00 
-1.946332E-07 
 1.800000E+00 
 1.800000E+00 
 1.713327E-08 
 1.800000E+00 
 1.800000E+00 
 1.800000E+00 
 7.548608E-09 
 1.800000E+00 
 1.800000E+00 
 1.800000E+00 
 1.800000E+00 
 1.013134E-08 
 1.800000E+00 
 1.800000E+00 
 2.675053E-07 
 1.800000E+00 
 1.800000E+00 
 1.800000E+00 
 1.800000E+00 
-1.326783E-05 
 1.800000E+00 
 1.800000E+00 
 1.800000E+00 
 5.608109E-07 
 1.799999E+00 
 1.799999E+00 
 1.800000E+00 
 1.800000E+00 
 1.050006E-08 
 1.800000E+00 
 1.800000E+00 
 3.893556E-07 
 1.800000E+00 
 1.800000E+00 
 1.800000E+00 
 1.800000E+00 
-5.364914E-07 
 1.800000E+00 
 1.800000E+00 
 1.800000E+00 
 1.800007E+00 
-3.793705E-06 
 1.800000E+00 
 1.800000E+00 
 1.800000E+00 
 3.463481E-07 
 1.800000E+00 
 1.800000E+00 
 1.800000E+00 
 1.443760E-08 
 1.800000E+00 
 1.800000E+00 
 1.800000E+00 
 1.800000E+00 
 1.800000E+00 
-1.550216E-06 
 1.800000E+00 
 1.800000E+00 
 1.258692E-05 
 1.800008E+00 
 1.800008E+00 
 1.800008E+00 
 1.800008E+00 
 1.800000E+00 
-1.601482E-05 
 1.800000E+00 
 1.800000E+00 
 1.800007E+00 
-1.952821E-08 
 1.800000E+00 
 1.800000E+00 
 1.800000E+00 
 1.800000E+00 
 1.800000E+00 
 2.399145E-07 
 1.800000E+00 
 1.800000E+00 
 7.244456E-07 
 1.800000E+00 
 1.800000E+00 
 1.800000E+00 
 1.800000E+00 
 1.800000E+00 
 1.800000E+00 
-2.406637E-06 
 1.800000E+00 
 1.800000E+00 
-3.150882E-08 
 1.800000E+00 
 1.800000E+00 
 1.800000E+00 
 1.800000E+00 
 1.800000E+00 
 1.800000E+00 
 2.411680E-08 
 1.800000E+00 
 1.800000E+00 
 1.429726E-07 
 1.800007E+00 
 1.800007E+00 
 1.800007E+00 
 1.800007E+00 
 1.800007E+00 
 1.800000E+00 
 7.583386E-08 
 1.800000E+00 
 1.800000E+00 
 1.799999E+00 
 1.800000E+00 
-3.014959E-08 
 1.800000E+00 
 1.800002E+00 
 1.800000E+00 
 9.944535E-08 
 1.800000E+00 
 1.800000E+00 
 1.800000E+00 
 1.800000E+00 
 1.800000E+00 
 1.800000E+00 
-1.362309E-10 
 1.800000E+00 
 1.800000E+00 
 1.800000E+00 
 1.800000E+00 
-2.005892E-06 
 1.800000E+00 
 1.800000E+00 
 1.800000E+00 
 1.799999E+00 
-1.019776E-05 
 1.800000E+00 
 1.800000E+00 
 1.800000E+00 
 1.800000E+00 
 1.800000E+00 
 1.800000E+00 
 7.882024E-09 
 1.799999E+00 
 1.800000E+00 
 1.800000E+00 
-2.339600E-05 
 1.800001E+00 
 1.800001E+00 
 1.800001E+00 
 1.800001E+00 
 1.800001E+00 
 1.800000E+00 
 7.439866E-09 
 1.800001E+00 
 1.800001E+00 
 1.800001E+00 
 1.800002E+00 
 1.800000E+00 
-8.244475E-08 
 1.799999E+00 
 1.800000E+00 
 1.800000E+00 
 1.800000E+00 
 1.483189E-07 
 1.800007E+00 
 1.800007E+00 
 1.800007E+00 
 1.800007E+00 
 1.800007E+00 
 1.800000E+00 
 9.398882E-07 
 1.800000E+00 
 1.800000E+00 
 1.800000E+00 
 1.800000E+00 
 1.800000E+00 
-7.871746E-10 
 1.800000E+00 
 1.800000E+00 
 1.800000E+00 
 1.800000E+00 
 1.800001E+00 
 9.406545E-09 
 1.800000E+00 
 1.800000E+00 
 1.800000E+00 
 1.800000E+00 
 1.800006E+00 
 1.800008E+00 
-3.245213E-07 
 1.800007E+00 
 1.800000E+00 
 1.800000E+00 
 1.800001E+00 
 1.684683E-08 
 1.800000E+00 
 1.800000E+00 
 1.800000E+00 
 1.800000E+00 
 1.800000E+00 
 1.800000E+00 
 1.800000E+00 
 1.800000E+00 
-1.944427E-05 
 1.800000E+00 
 1.800000E+00 
 1.800000E+00 
-1.570247E-06 
 1.800000E+00 
 1.800000E+00 
 1.800000E+00 
 1.800000E+00 
 1.800000E+00 
 1.800000E+00 
 1.800000E+00 
 1.800000E+00 
-2.131667E-06 
 1.800000E+00 
 1.800000E+00 
 1.800000E+00 
 1.800000E+00 
 1.800000E+00 
-5.330018E-06 
 1.800000E+00 
 1.800000E+00 
 1.800000E+00 
 1.800000E+00 
 1.800000E+00 
 1.800000E+00 
 1.800001E+00 
 3.616709E-06 
 1.800000E+00 
 1.800000E+00 
 1.800000E+00 
 1.800000E+00 
-1.927259E-08 
 1.800000E+00 
 1.800000E+00 
 1.800000E+00 
 1.800000E+00 
 1.800000E+00 
 1.800000E+00 
 1.800000E+00 
 1.800000E+00 
 1.800006E+00 
 3.470293E-08 
 1.800000E+00 
 1.800000E+00 
 1.800000E+00 
 1.800000E+00 
 9.545390E-08 
 1.800000E+00 
 1.800000E+00 
 1.800000E+00 
 1.800000E+00 
 1.800000E+00 
 1.800000E+00 
 1.800000E+00 
 1.800000E+00 
 1.799997E+00 
 1.230545E-09 
 1.800000E+00 
 1.800000E+00 
 1.800000E+00 
 1.800000E+00 
 1.800000E+00 
 2.901872E-06 
 1.800007E+00 
 1.800007E+00 
 1.800007E+00 
 1.800007E+00 
 1.800007E+00 
 1.800007E+00 
 1.800000E+00 
 1.800000E+00 
 1.924988E-07 
 1.800001E+00 
 1.800001E+00 
 1.800001E+00 
 1.800000E+00 
 1.800000E+00 
 1.178452E-07 
 1.800000E+00 
 1.800000E+00 
 1.800000E+00 
 1.800000E+00 
 1.800000E+00 
 1.800000E+00 
 1.800000E+00 
 1.800000E+00 
 1.800000E+00 
 1.800000E+00 
 1.646870E-07 
 1.800000E+00 
 1.800000E+00 
 1.800000E+00 
 1.800000E+00 
-2.035552E-07 
 1.800000E+00 
 1.800000E+00 
 1.800000E+00 
 1.800000E+00 
 1.800000E+00 
 1.800000E+00 
 1.800000E+00 
 1.800000E+00 
 1.800000E+00 
 1.800000E+00 
 1.800006E+00 
 1.576194E-08 
 1.800000E+00 
 1.800004E+00 
 1.800000E+00 
 1.799999E+00 
 2.995802E-09 
 1.800000E+00 
 1.800000E+00 
 1.800000E+00 
 1.800000E+00 
 1.800000E+00 
 1.800000E+00 
 1.800000E+00 
 1.800000E+00 
 1.800000E+00 
 1.800000E+00 
 1.800000E+00 
-6.900169E-06 
 1.800000E+00 
 1.800000E+00 
 1.800000E+00 
 1.800000E+00 
 9.160366E-09 
 1.800000E+00 
 1.800000E+00 
 1.800000E+00 
 1.800000E+00 
 1.800000E+00 
 1.800000E+00 
 1.800000E+00 
 1.800000E+00 
 1.800000E+00 
 1.800000E+00 
 1.800000E+00 
 1.800000E+00 
 2.471409E-09 
 1.800000E+00 
 1.800000E+00 
 1.800000E+00 
 1.800000E+00 
 1.800000E+00 
 1.799999E+00 
 7.701067E-09 
 1.800000E+00 
 1.800000E+00 
 1.800000E+00 
 1.800000E+00 
 1.800000E+00 
 1.800000E+00 
 1.800000E+00 
 1.800000E+00 
 7.975924E-07 
 1.800000E+00 
 1.800000E+00 
 1.800000E+00 
 1.800000E+00 
 1.800000E+00 
 1.800000E+00 
 1.800000E+00 
 1.800000E+00 
 1.800000E+00 
 1.800005E+00 
-5.822201E-08 
 1.800000E+00 
 1.800000E+00 
 1.800000E+00 
 1.800000E+00 
 1.800000E+00 
 1.799998E+00 
-1.438731E-06 
 1.800000E+00 
 1.800000E+00 
 1.800000E+00 
 1.800000E+00 
 1.800000E+00 
 1.800000E+00 
 1.800000E+00 
 1.800000E+00 
 1.800000E+00 
 1.800000E+00 
 1.800000E+00 
-1.077637E-05 
 1.800000E+00 
 1.800000E+00 
 1.800000E+00 
 1.800000E+00 
 1.800000E+00 
 1.800000E+00 
 1.800000E+00 
-5.380079E-08 
 1.800006E+00 
 1.800006E+00 
 1.800006E+00 
 1.800006E+00 
 1.800006E+00 
 1.800006E+00 
 1.800006E+00 
 1.800006E+00 
 1.800006E+00 
 1.800000E+00 
-1.999048E-07 
 1.800001E+00 
 1.800000E+00 
 1.800000E+00 
 1.800000E+00 
 1.800000E+00 
 1.800000E+00 
 1.800000E+00 
 1.800000E+00 
 3.367062E-07 
 1.800000E+00 
 1.800000E+00 
 1.800000E+00 
 1.800000E+00 
 1.800000E+00 
 1.800000E+00 
 1.800000E+00 
 1.800000E+00 
 1.800000E+00 
-1.076065E-05 
 1.800000E+00 
 1.800000E+00 
 1.800000E+00 
 1.800000E+00 
 1.800000E+00 
 1.800000E+00 
 1.800000E+00 
 1.800000E+00 
 1.800000E+00 
 1.800000E+00 
 7.603840E-08 
 1.800000E+00 
 1.800000E+00 
 1.800000E+00 
 1.800000E+00 
 1.800000E+00 
 1.800000E+00 
 1.800000E+00 
-4.854582E-06 
 1.800007E+00 
 1.800007E+00 
 1.800007E+00 
 1.800007E+00 
 1.800007E+00 
 1.800007E+00 
 1.800007E+00 
 1.800007E+00 
 1.800007E+00 
 1.800007E+00 
 1.800000E+00 
 1.185097E-09 
 1.800000E+00 
 1.800000E+00 
 1.800000E+00 
 1.800000E+00 
 1.800000E+00 
 1.800000E+00 
 1.800000E+00 
 1.799998E+00 
-4.712352E-07 
 1.800000E+00 
 1.800000E+00 
 1.800000E+00 
 1.800000E+00 
 1.800000E+00 
 1.800000E+00 
 1.800000E+00 
 1.800000E+00 
 1.800000E+00 
 1.800000E+00 
 6.020760E-09 
 1.799999E+00 
 1.800000E+00 
 1.800000E+00 
 1.800000E+00 
 1.800000E+00 
 1.800000E+00 
 1.800000E+00 
 1.799998E+00 
 7.255156E-09 
 1.800000E+00 
 1.800000E+00 
 1.800000E+00 
 1.800000E+00 
 1.800000E+00 
 1.800000E+00 
 1.800000E+00 
 1.800000E+00 
 1.800000E+00 
 1.800000E+00 
 1.297997E-07 
 1.800000E+00 
 1.800000E+00 
 1.800000E+00 
 1.800000E+00 
 1.800000E+00 
 1.800000E+00 
 1.800000E+00 
 1.800000E+00 
-1.671636E-08 
 1.800002E+00 
 1.800002E+00 
 1.800002E+00 
 1.800002E+00 
 1.800002E+00 
 1.800002E+00 
 1.800002E+00 
 1.800002E+00 
 1.800002E+00 
 1.800002E+00 
 3.493768E-08 
 1.800005E+00 
 1.800005E+00 
 1.800005E+00 
 1.800005E+00 
 1.800005E+00 
 1.800005E+00 
 1.800005E+00 
 1.800007E+00 
 2.109361E-06 
 1.800000E+00 
 1.800000E+00 
 1.800000E+00 
 1.800000E+00 
 1.800000E+00 
 1.800000E+00 
 1.800000E+00 
 1.800000E+00 
 1.800003E+00 
 2.041514E-06 
 1.800000E+00 
 1.800000E+00 
 1.800000E+00 
 1.800000E+00 
 1.800000E+00 
 1.800000E+00 
 1.800000E+00 
 1.800000E+00 
 1.800000E+00 
 3.738598E-07 
 1.800000E+00 
 1.800000E+00 
 1.800000E+00 
 1.800000E+00 
 1.800000E+00 
 1.800000E+00 
 1.800000E+00 
 1.800001E+00 
-3.041842E-07 
 1.800000E+00 
 1.800000E+00 
 1.800000E+00 
 1.800000E+00 
 1.800000E+00 
 1.800000E+00 
 1.800000E+00 
 1.800000E+00 
 1.800000E+00 
-2.651945E-06 
 1.800000E+00 
 1.800000E+00 
 1.800000E+00 
 1.800000E+00 
 1.800000E+00 
 1.800000E+00 
 1.800000E+00 
 1.800000E+00 
 2.403725E-07 
 1.800000E+00 
 1.800000E+00 
 1.800000E+00 
 1.800000E+00 
 1.800000E+00 
 1.800000E+00 
 1.800000E+00 
 1.800000E+00 
-2.474218E-05 
 1.800000E+00 
 1.800000E+00 
 1.800000E+00 
 1.800000E+00 
 1.800000E+00 
 1.800000E+00 
 1.800000E+00 
 1.800000E+00 
 1.800000E+00 
 2.007170E-06 
 1.800000E+00 
 1.800000E+00 
 1.800000E+00 
 1.800000E+00 
 1.800000E+00 
 1.800002E+00 
 1.800000E+00 
-4.649902E-07 
 1.800000E+00 
 1.800000E+00 
 1.800000E+00 
 1.800000E+00 
 1.800000E+00 
 1.800000E+00 
 1.800000E+00 
 1.800007E+00 
 6.238451E-08 
 1.800000E+00 
 1.800000E+00 
 1.800000E+00 
 1.800000E+00 
 1.800000E+00 
 1.800000E+00 
 1.799998E+00 
 1.800000E+00 
-8.523762E-06 
 1.800000E+00 
 1.800000E+00 
 1.800000E+00 
 1.800000E+00 
 1.800000E+00 
 1.800001E+00 
 1.800003E+00 
 3.258295E-06 
 1.800000E+00 
 1.800000E+00 
 1.800000E+00 
 1.800000E+00 
 1.800000E+00 
 1.800000E+00 
 1.800003E+00 
 2.074927E-07 
 1.800000E+00 
 1.800000E+00 
 1.800000E+00 
 1.800000E+00 
 1.800000E+00 
 1.800000E+00 
 1.800000E+00 
 1.800000E+00 
 1.800000E+00 
 8.661338E-07 
 1.800000E+00 
 1.800000E+00 
 1.800000E+00 
 1.800000E+00 
 1.800000E+00 
-6.921385E-09 
 1.800000E+00 
 1.800000E+00 
 1.800000E+00 
 1.800000E+00 
 1.800000E+00 
 1.800000E+00 
 1.800000E+00 
 1.800000E+00 
 2.850798E-08 
 1.800000E+00 
 1.800000E+00 
 1.800000E+00 
 1.800000E+00 
 1.800000E+00 
 1.800000E+00 
 1.800000E+00 
-7.416866E-06 
 1.800000E+00 
 1.800000E+00 
 1.800000E+00 
 1.800000E+00 
 1.799999E+00 
 1.800000E+00 
-1.068066E-05 
 1.800000E+00 
 1.800000E+00 
 1.800000E+00 
 1.800000E+00 
 1.800000E+00 
 1.800000E+00 
 1.800000E+00 
 6.023725E-09 
 1.800000E+00 
 1.800000E+00 
 1.800000E+00 
 1.800000E+00 
 1.800000E+00 
 1.800000E+00 
 1.800000E+00 
-4.000082E-07 
 1.800005E+00 
 1.800000E+00 
 1.800000E+00 
 1.800000E+00 
 1.800003E+00 
 1.157842E-06 
 1.799998E+00 
 1.799998E+00 
 1.799998E+00 
 1.799998E+00 
 1.799998E+00 
 1.799998E+00 
 1.800000E+00 
 9.194313E-09 
 1.800000E+00 
 1.800000E+00 
 1.800000E+00 
 1.800000E+00 
 1.800000E+00 
 1.800000E+00 
 5.860473E-08 
 1.800000E+00 
 1.800000E+00 
 1.800000E+00 
 1.800000E+00 
 1.800000E+00 
-4.719448E-06 
 1.800000E+00 
 1.800000E+00 
 1.800000E+00 
 1.800000E+00 
 1.800000E+00 
 1.800000E+00 
 1.800000E+00 
 1.800000E+00 
-1.061373E-05 
 1.800003E+00 
 1.800000E+00 
 1.800000E+00 
 1.136377E-08 
 1.800000E+00 
 1.800000E+00 
 1.800000E+00 
 1.800000E+00 
 1.800000E+00 
 1.800000E+00 
 1.800000E+00 
 1.800002E+00 
-2.974718E-09 
 1.800000E+00 
 1.800007E+00 
 1.800000E+00 
 1.413555E-07 
 1.800000E+00 
 1.800000E+00 
 1.800000E+00 
 1.800000E+00 
 1.800000E+00 
 1.800000E+00 
 1.800000E+00 
 1.800007E+00 
-9.525894E-09 
 1.800000E+00 
 1.800000E+00 
 1.800000E+00 
 3.012613E-07 
 1.800000E+00 
 1.800000E+00 
 1.800000E+00 
 1.800000E+00 
 1.800000E+00 
 1.800000E+00 
 1.800000E+00 
 1.131026E-07 
 1.800000E+00 
 1.800000E+00 
 1.800000E+00 
 1.800000E+00 
 6.378579E-10 
 1.800000E+00 
 1.800000E+00 
 1.800000E+00 
 1.800000E+00 
 1.800001E+00 
 2.892758E-07 
 1.800000E+00 
 1.800000E+00 
 1.800000E+00 
 1.800000E+00 
 1.800000E+00 
 1.102689E-06 
 1.800000E+00 
 1.800000E+00 
 1.800000E+00 
 1.800000E+00 
 1.800000E+00 
 7.327212E-08 
 1.800000E+00 
 1.800000E+00 
 1.800000E+00 
 1.800000E+00 
 1.800000E+00 
 4.689763E-08 
 1.800000E+00 
 1.800000E+00 
 1.800000E+00 
 1.800000E+00 
 1.460037E-07 
 1.800000E+00 
 1.800000E+00 
 1.800000E+00 
 1.800000E+00 
 1.800003E+00 
 7.262531E-08 
 1.800000E+00 
 1.800000E+00 
 1.800000E+00 
 1.800000E+00 
 7.149632E-09 
 1.799999E+00 
 1.799999E+00 
 1.799999E+00 
 1.799999E+00 
 1.800000E+00 
 1.127641E-08 
 1.800000E+00 
 1.800000E+00 
 1.800000E+00 
 1.800008E+00 
 1.741542E-07 
 1.800000E+00 
 1.800000E+00 
 1.800000E+00 
 1.799999E+00 
 1.800000E+00 
 8.652147E-09 
 1.800000E+00 
 1.800000E+00 
 6.267530E-06 
 1.800000E+00 
 1.800000E+00 
 1.800000E+00 
 1.800000E+00 
 1.800000E+00 
 1.800000E+00 
 1.800000E+00 
-5.117743E-07 
 1.800000E+00 
 1.799999E+00 
 6.390248E-09 
 1.800000E+00 
 1.800000E+00 
 1.800000E+00 
 1.800000E+00 
 1.800000E+00 
-3.233764E-07 
 1.800001E+00 
 1.800000E+00 
 1.800000E+00 
 1.799999E+00 
 3.014425E-07 
 1.800000E+00 
 1.800000E+00 
 1.800000E+00 
 8.689201E-09 
 1.800000E+00 
 1.800000E+00 
 1.800000E+00 
 1.800002E+00 
 9.771268E-09 
 1.800007E+00 
 1.800007E+00 
 1.800007E+00 
 1.800000E+00 
-1.040256E-08 
 1.800000E+00 
 1.800000E+00 
 1.800000E+00 
 1.800000E+00 
-5.629681E-09 
 1.800000E+00 
 1.800000E+00 
 1.800000E+00 
 5.012961E-08 
 1.800000E+00 
 1.800000E+00 
 1.800000E+00 
 1.800000E+00 
 2.986900E-09 
 1.800000E+00 
 1.800000E+00 
 1.800000E+00 
 1.800000E+00 
-4.971278E-06 
 1.800000E+00 
 1.800000E+00 
-4.327222E-08 
 1.800000E+00 
 1.800000E+00 
 1.800000E+00 
 1.800000E+00 
 1.800000E+00 
 2.059065E-07 
 1.800000E+00 
 1.800000E+00 
 1.800000E+00 
 1.580473E-08 
 1.800000E+00 
 1.800000E+00 
 1.799998E+00 
 2.904075E-08 
 1.800000E+00 
 1.800000E+00 
 1.800000E+00 
 9.820371E-08 
 1.800000E+00 
 1.800000E+00 
 1.800000E+00 
 1.800000E+00 
 6.644157E-06 
 1.800000E+00 
 1.800000E+00 
 1.800004E+00 
 5.557801E-08 
 1.800000E+00 
 1.800000E+00 
-7.380728E-08 
 1.800000E+00 
 1.800000E+00 
 1.800000E+00 
 1.800000E+00 
 1.800000E+00 
-8.724588E-07 
 1.800000E+00 
 1.800000E+00 
 5.873004E-08 
 1.800000E+00 
 1.800000E+00 
 1.800000E+00 
 3.521963E-09 
 1.800000E+00 
 1.800000E+00 
 1.800000E+00 
 1.800000E+00 
-3.477490E-08 
 1.800000E+00 
-9.950199E-08 
 1.800000E+00 
 1.800000E+00 
 1.800000E+00 
 1.800000E+00 
 1.800000E+00 
 6.554950E-06 
 1.800000E+00 
 1.800001E+00 
-5.912056E-07 
 1.800000E+00 
 1.800006E+00 
 1.800000E+00 
-4.979739E-07 
 1.800000E+00 
 1.800000E+00 
-1.340475E-07 
 1.800000E+00 
 1.800000E+00 
 1.800000E+00 
 1.800000E+00 
 4.730135E-08 
 1.800000E+00 
 1.800000E+00 
 1.367154E-08 
 1.800000E+00 
 1.800000E+00 
 1.800000E+00 
 2.206064E-08 
 1.800000E+00 
 1.800000E+00 
 1.800000E+00 
 1.274916E-07 
 1.800000E+00 
 1.800006E+00 
-1.972476E-09 
 1.800000E+00 
 1.800000E+00 
 1.800000E+00 
 3.958632E-09 
 1.800000E+00 
 1.800000E+00 
-2.070750E-05 
 1.800000E+00 
 1.800000E+00 
 1.800000E+00 
 1.800000E+00 
-8.730271E-06 
 1.800000E+00 
-8.371263E-07 
 1.800000E+00 
 1.800000E+00 
 1.800000E+00 
 8.463787E-08 
 1.800000E+00 
 1.800000E+00 
 1.800000E+00 
-2.340087E-06 
 1.800000E+00 
 1.799999E+00 
-6.078211E-07 
 1.800000E+00 
 1.800000E+00 
 1.177998E-08 
 1.800000E+00 
 1.800000E+00 
 1.800000E+00 
 2.060576E-06 
 1.800001E+00 
 1.800000E+00 
 1.800000E+00 
 2.404344E-06 
 2.400707E-06 
 1.800002E+00 
 1.800002E+00 
 1.800002E+00 
 1.800002E+00 
 1.800000E+00 
-7.272443E-09 
 1.800000E+00 
-4.240914E-09 
 1.800000E+00 
 1.800000E+00 
 1.800000E+00 
 6.638811E-06 
 1.800000E+00 
 2.932392E-06 
 1.800000E+00 
 1.800000E+00 
 1.800000E+00 
 1.800000E+00 
-1.051872E-07 
-7.750019E-09 
 1.800000E+00 
 1.800000E+00 
 1.800000E+00 
 1.800000E+00 
 5.605786E-07 
 1.800000E+00 
 1.800000E+00 
 6.718640E-08 
 1.800000E+00 
-4.068922E-06 
 1.800000E+00 
 1.800000E+00 
 1.800000E+00 
 8.112906E-08 
 1.800000E+00 
 1.800000E+00 
 1.740898E-07 
 1.800000E+00 
 1.800000E+00 
 4.438987E-08 
 1.800000E+00 
 1.800000E+00 
 1.035031E-07 
 1.800000E+00 
 1.800000E+00 
 4.263504E-07 
 1.800000E+00 
 1.800000E+00 
-6.934619E-08 
 1.800000E+00 
 1.799999E+00 
-5.196399E-08 
 1.800000E+00 
 1.800000E+00 
-4.450418E-08 
 1.800000E+00 
 1.799999E+00 
-1.059515E-06 
 1.800000E+00 
 1.800000E+00 
 3.040810E-08 
 1.800000E+00 
 1.800000E+00 
-1.474809E-05 
 1.800000E+00 
 1.800001E+00 
 3.550681E-07 
 1.800000E+00 
 1.799999E+00 
 5.806754E-06 
 1.800000E+00 
 3.108935E-07 
 1.800000E+00 
 1.800000E+00 
 1.800000E+00 
-6.072376E-08 
 1.800006E+00 
 1.574487E-05 
 1.800007E+00 
 1.800000E+00 
 7.049881E-09 
 1.800000E+00 
 1.800000E+00 
-1.164547E-06 
 1.800007E+00 
 1.800000E+00 
 3.366011E-06 
 1.800000E+00 
 1.263832E-08 
 1.800000E+00 
 1.800000E+00 
 1.800000E+00 
 1.525406E-07 
 1.800007E+00 
-1.776535E-06 
 1.800000E+00 
 1.443113E-06 
 1.800000E+00 
 1.800000E+00 
 1.800000E+00 
 1.382392E-07 
 1.800000E+00 
 7.836352E-09 
 1.800000E+00 
 1.800000E+00 
-1.501377E-06 
 1.800000E+00 
 1.800000E+00 
 2.209030E-07 
 1.800006E+00 
 8.720241E-07 
 1.800000E+00 
 1.800000E+00 
 6.478937E-09 
 1.800000E+00 
-6.775042E-10 
 1.800000E+00 
 1.800000E+00 
 3.581267E-07 
 1.800000E+00 
 1.800000E+00 
 1.966489E-09 
 1.800008E+00 
-6.460601E-09 
 1.800000E+00 
 1.800000E+00 
 9.404122E-08 
 1.800007E+00 
 1.800000E+00 
 4.591015E-06 
 4.590973E-06 
 1.799999E+00 
 1.799999E+00 
 1.799999E+00 
-4.561792E-06 
 1.800000E+00 
-8.535881E-09 
 1.800000E+00 
 1.800000E+00 
 9.600294E-09 
 1.800000E+00 
 6.084262E-09 
 1.800000E+00 
 1.800000E+00 
 4.254926E-08 
 1.800000E+00 
-2.582638E-05 
 1.800000E+00 
 7.256387E-09 
 1.800000E+00 
 1.800000E+00 
 1.800000E+00 
-1.519714E-07 
-1.468318E-07 
 1.800000E+00 
 1.800000E+00 
-9.202148E-06 
 1.800007E+00 
 1.800000E+00 
 3.447921E-06 
-9.754635E-09 
 1.800000E+00 
 1.800000E+00 
 1.800000E+00 
-1.908446E-09 
 5.098447E-09 
 1.800000E+00 
 1.800003E+00 
 8.167480E-09 
 1.800000E+00 
 1.800000E+00 
-2.819804E-07 
-2.941530E-07 
 1.800000E+00 
 1.800000E+00 
 1.800000E+00 
 2.576559E-07 
-2.628145E-06 
 1.800000E+00 
 1.800000E+00 
 2.144352E-07 
 1.800000E+00 
-4.389331E-08 
 1.800000E+00 
-1.364901E-05 
 1.800000E+00 
 1.800000E+00 
 6.544500E-06 
 1.800000E+00 
-1.693551E-05 
 1.800000E+00 
 1.800000E+00 
 1.082081E-07 
-1.164705E-07 
 1.800000E+00 
 1.800000E+00 
 1.454177E-06 
 1.800000E+00 
 2.493396E-09 
 1.800000E+00 
 1.800000E+00 
 1.030653E-07 
 1.874186E-07 
 1.800000E+00 
 1.799999E+00 
-3.961111E-06 
 1.800000E+00 
 1.800000E+00 
 1.507176E-07 
-4.544078E-09 
 1.800000E+00 
-6.503967E-09 
 1.800000E+00 
 1.799998E+00 
 5.554046E-09 
 1.800004E+00 
 1.102746E-05 
 1.800001E+00 
 1.415099E-06 
 1.800001E+00 
 1.800000E+00 
-1.436786E-07 
 1.869113E-07 
 1.800001E+00 
 1.800000E+00 
-2.157056E-06 
 1.799996E+00 
 4.731895E-07 
 1.800000E+00 
 7.654141E-06 
 1.800000E+00 
 3.157897E-06 
 1.800000E+00 
 7.860733E-07 
 1.800000E+00 
 1.800000E+00 
 4.603970E-07 
 7.752897E-09 
 1.800000E+00 
 1.800000E+00 
 2.283890E-07 
 1.800000E+00 
 2.556773E-06 
 1.800000E+00 
-1.736268E-08 
 1.800000E+00 
 1.641185E-06 
 1.800000E+00 
 4.107477E-09 
 1.800000E+00 
 1.194455E-07 
 1.800000E+00 
 2.253941E-08 
 1.800000E+00 
 6.874785E-07 
 1.800000E+00 
 1.800000E+00 
 1.075294E-08 
 7.446741E-09 
 1.800000E+00 
 1.012156E-07 
 1.800000E+00 
 1.799996E+00 
-4.938907E-07 
-5.199277E-07 
 1.800000E+00 
 1.800000E+00 
-1.762844E-07 
-5.711635E-08 
 1.800000E+00 
 1.800000E+00 
-1.005318E-06 
-8.950839E-07 
 1.800000E+00 
 1.800000E+00 
 7.083610E-09 
 1.800000E+00 
-3.163156E-08 
 5.096203E-08 
 1.800000E+00 
 1.800000E+00 
 1.071419E-06 
 6.582379E-09 
 1.800002E+00 
 1.800000E+00 
 8.657684E-07 
-1.207247E-08 
 1.800000E+00 
 3.766504E-07 
 1.800000E+00 
 1.799999E+00 
-2.924631E-07 
-3.042385E-07 
 1.800000E+00 
 1.082360E-06 
 1.800000E+00 
 1.725354E-07 
 1.800007E+00 
 4.847419E-07 
 1.800000E+00 
-5.376845E-08 
 1.799999E+00 
 3.295335E-07 
 1.800000E+00 
 9.921214E-08 
 1.800000E+00 
 4.451632E-06 
 4.147990E-06 
 1.800000E+00 
 1.800000E+00 
-5.508132E-08 
 1.800000E+00 
 2.074670E-08 
 2.078125E-08 
 1.800000E+00 
-4.105289E-09 
 1.800000E+00 
-3.115830E-07 
 1.800000E+00 
-3.747472E-08 
 1.800000E+00 
-2.302987E-06 
 1.800000E+00 
-7.356041E-06 
-7.355002E-06 
 1.800000E+00 
 1.800000E+00 
-2.488166E-06 
 5.190732E-08 
 1.800001E+00 
-5.231494E-07 
 1.800000E+00 
 5.556748E-09 
 1.800000E+00 
 2.166497E-06 
 2.104024E-06 
 1.800000E+00 
 1.799999E+00 
 1.953784E-07 
 7.088908E-08 
 1.800000E+00 
-2.795042E-07 
 1.800000E+00 
-7.176074E-08 
-7.280498E-08 
 1.799999E+00 
 1.800000E+00 
 1.475272E-06 
 6.250228E-09 
 1.800000E+00 
 3.846006E-08 
 1.800000E+00 
-2.138251E-08 
 1.800000E+00 
 1.173115E-06 
 1.737920E-06 
 1.800000E+00 
 6.451608E-08 
 1.800006E+00 
 5.938813E-07 
 1.800000E+00 
-5.662396E-07 
-3.268397E-07 
 1.800000E+00 
 1.800000E+00 
-1.138903E-09 
-1.160721E-08 
-1.160712E-08 
 1.800000E+00 
 1.799999E+00 
 5.307741E-06 
-1.967996E-05 
 1.800000E+00 
 1.355677E-08 
 1.800000E+00 
 6.644760E-08 
 6.638336E-08 
 1.800000E+00 
 2.796927E-09 
 1.800000E+00 
 1.918742E-07 
 1.800000E+00 
-9.500267E-08 
-2.050896E-10 
 1.800000E+00 
-2.228858E-06 
 1.800000E+00 
 8.436740E-08 
 1.301263E-08 
 1.800000E+00 
 1.800000E+00 
-6.201390E-05 
 3.872340E-07 
 3.872343E-07 
 1.800003E+00 
-2.914161E-10 
 1.800007E+00 
-4.003032E-07 
 1.800000E+00 
 2.524638E-08 
 1.092186E-08 
 1.800003E+00 
-3.235449E-06 
 1.756033E-05 
 1.800000E+00 
 1.800000E+00 
 3.353996E-07 
 2.958422E-07 
 2.958452E-07 
 1.800000E+00 
-9.239466E-08 
 1.800000E+00 
 2.777936E-06 
 1.799999E+00 
-4.327617E-07 
 6.728509E-09 
 1.800001E+00 
 7.050967E-07 
 7.046613E-07 
 1.800008E+00 
 1.800000E+00 
-8.362904E-06 
 7.737762E-06 
 7.737750E-06 
 1.800000E+00 
-7.075130E-06 
 2.203119E-05 
 1.800000E+00 
 1.800000E+00 
-1.656250E-06 
-5.296710E-08 
-5.296723E-08 
 1.800007E+00 
-1.720639E-07 
 1.800000E+00 
-3.554800E-06 
-3.554453E-06 
 1.800000E+00 
-8.594388E-08 
 1.800000E+00 
-1.176497E-07 
-3.840469E-08 
 1.800000E+00 
-1.612552E-06 
-1.617759E-06 
 1.800006E+00 
 3.929420E-07 
 8.993214E-09 
 1.800000E+00 
 2.205125E-08 
 1.800000E+00 
 2.659947E-08 
 7.216429E-09 
 1.800000E+00 
 1.036736E-07 
 1.800000E+00 
-2.510970E-08 
-7.620767E-08 
-7.620762E-08 
 1.800000E+00 
-1.420252E-06 
 1.800000E+00 
 1.201458E-06 
 1.363085E-08 
 1.800004E+00 
-6.410258E-08 
-6.549815E-08 
 1.800000E+00 
 4.892501E-06 
 5.133588E-06 
 1.800000E+00 
 4.172726E-06 
 1.800000E+00 
 3.415151E-09 
 6.146899E-09 
 6.146935E-09 
 1.800000E+00 
 3.885490E-07 
 1.800000E+00 
 1.962657E-07 
 7.504450E-06 
 1.800000E+00 
-2.448685E-05 
 9.734819E-07 
 1.800000E+00 
-2.027245E-10 
 2.089864E-09 
 1.800000E+00 
 2.588789E-06 
 1.670778E-06 
 1.800000E+00 
 1.600270E-05 
-3.145523E-06 
 1.800001E+00 
-5.502351E-06 
-5.507741E-06 
 1.800000E+00 
 1.346828E-05 
-1.562846E-06 
 1.800000E+00 
 5.378758E-06 
 5.390694E-06 
 1.800007E+00 
 1.462019E-05 
 1.450918E-05 
 1.800000E+00 
 1.079814E-06 
-3.006242E-08 
 1.800000E+00 
-6.107300E-06 
-6.104505E-06 
 1.800007E+00 
-1.379147E-07 
 1.040942E-08 
 1.800000E+00 
 3.171825E-06 
 3.170890E-06 
 1.800000E+00 
 1.697713E-08 
 1.253064E-08 
 1.253065E-08 
 1.800000E+00 
 1.735220E-08 
 1.800000E+00 
-1.609320E-07 
-3.171659E-07 
-3.171649E-07 
 1.799999E+00 
-1.750353E-07 
-1.575542E-07 
 1.800000E+00 
 1.267579E-07 
 6.674381E-09 
 6.674812E-09 
 1.800000E+00 
 1.780272E-05 
 1.800000E+00 
 1.105030E-07 
 4.751301E-08 
 4.751357E-08 
 1.800000E+00 
 3.141938E-07 
 2.723238E-07 
 1.800000E+00 
 1.217895E-07 
 8.744842E-09 
 1.800000E+00 
-1.837041E-06 
 1.272697E-08 
 1.272744E-08 
 1.800001E+00 
-1.774167E-09 
-4.510300E-10 
 1.800000E+00 
-2.723117E-06 
 3.291973E-08 
 3.291771E-08 
 1.800000E+00 
 3.781305E-07 
 1.799999E+00 
 9.781844E-06 
 9.782050E-06 
 9.782080E-06 
 9.782080E-06 
 1.800000E+00 
 8.447557E-06 
 8.442415E-06 
 1.800000E+00 
-1.002822E-09 
-7.909465E-08 
 1.800000E+00 
 9.198586E-07 
 1.061887E-06 
 1.061886E-06 
 1.800000E+00 
-2.623967E-09 
 4.534949E-11 
 4.536681E-11 
 1.800000E+00 
 3.890839E-08 
 1.800000E+00 
-9.344994E-09 
 5.771814E-09 
 5.762081E-09 
 5.762646E-09 
 5.764342E-09 
 1.800000E+00 
 1.800006E+00 
 1.500278E-06 
 1.501492E-06 
 1.501491E-06 
 1.501492E-06 
 1.501492E-06 
 1.800000E+00 
 1.039158E-07 
 1.038522E-07 
 1.800000E+00 
-5.154387E-09 
 6.335428E-09 
 1.800000E+00 
 5.987955E-09 
 9.043485E-09 
 9.044266E-09 
 9.044311E-09 
 1.800000E+00 
 5.226352E-07 
 1.800002E+00 
-1.329852E-04 
 6.288802E-09 
 6.292251E-09 
 6.292040E-09 
 6.291820E-09 
 1.800000E+00 
-4.789819E-06 
 1.800000E+00 
 7.943839E-05 
-3.064985E-08 
-3.064982E-08 
-3.064984E-08 
 1.800000E+00 
-1.587974E-08 
-1.527841E-08 
-1.527847E-08 
 1.800007E+00 
-9.366919E-08 
-1.033012E-07 
-1.033012E-07 
 1.800000E+00 
-1.103387E-08 
 9.110906E-09 
 1.800000E+00 
 1.393749E-07 
 1.621505E-07 
 1.621505E-07 
 1.621505E-07 
 1.800000E+00 
-1.538858E-06 
-9.325275E-08 
-9.325262E-08 
 1.800000E+00 
 1.768214E-05 
 1.768259E-05 
 1.768259E-05 
 1.800003E+00 
-7.198399E-06 
-7.089503E-06 
-7.089503E-06 
-7.089503E-06 
 1.800000E+00 
 2.103117E-08 
 2.114450E-08 
 1.800003E+00 
-7.567644E-09 
-7.366453E-09 
-7.366126E-09 
-7.365927E-09 
 1.800000E+00 
-1.537918E-06 
-2.519417E-06 
-2.519418E-06 
 1.800000E+00 
-1.689173E-06 
 1.113682E-08 
 1.113682E-08 
 1.113691E-08 
 1.800000E+00 
-2.797699E-06 
 1.410222E-08 
 1.410230E-08 
 1.800000E+00 
-3.106606E-06 
 3.019864E-07 
 3.019864E-07 
 1.800000E+00 
-1.017855E-05 
-1.001528E-05 
-1.001528E-05 
-1.001528E-05 
-1.001528E-05 
 1.800000E+00 
 1.650621E-07 
 1.800006E+00 
 3.632062E-07 
 1.079561E-08 
 1.079504E-08 
 1.079654E-08 
 1.079570E-08 
 1.079552E-08 
 1.079566E-08 
 1.800000E+00 
 1.800000E+00 
-1.960335E-05 
-2.861954E-05 
-2.861954E-05 
-2.861954E-05 
-2.861954E-05 
-2.861954E-05 
-2.861954E-05 
 1.800000E+00 
 1.036035E-06 
 1.034072E-06 
 1.800000E+00 
 1.249218E-06 
 1.195959E-06 
 1.195956E-06 
 1.195959E-06 
 1.195959E-06 
 1.800000E+00 
 2.657695E-05 
 4.596207E-08 
 4.596289E-08 
 1.800008E+00 
 1.661340E-06 
 1.713535E-06 
 1.713535E-06 
 1.713535E-06 
 1.713535E-06 
 1.800000E+00 
 3.784109E-08 
 4.951868E-09 
 1.800003E+00 
 2.866173E-06 
 2.802453E-06 
 2.802453E-06 
 2.802453E-06 
 2.802453E-06 
 2.802455E-06 
 2.802453E-06 
 1.800000E+00 
-9.612891E-08 
 1.800000E+00 
-1.572712E-07 
-3.212409E-07 
-3.212394E-07 
-3.212398E-07 
-3.212394E-07 
-3.212394E-07 
-3.212394E-07 
 1.800000E+00 
-6.016977E-06 
 2.423247E-07 
 2.423246E-07 
 1.800000E+00 
 1.025348E-07 
 5.498115E-09 
 5.498123E-09 
 5.497981E-09 
 5.498125E-09 
 1.800000E+00 
 6.224408E-09 
 6.348716E-09 
 6.348737E-09 
 6.348758E-09 
 1.800000E+00 
 3.151824E-06 
 3.343999E-06 
 3.344005E-06 
 3.344004E-06 
 1.800000E+00 
 6.910545E-08 
 6.025586E-08 
 6.025572E-08 
 6.025574E-08 
 6.025573E-08 
 6.025570E-08 
 1.799998E+00 
-1.990104E-06 
-1.972055E-06 
-1.972055E-06 
-1.972054E-06 
 1.800000E+00 
-8.425345E-08 
 1.386303E-08 
 1.386302E-08 
 1.386304E-08 
 1.386304E-08 
 1.800000E+00 
-1.945592E-06 
 1.040928E-08 
 1.040940E-08 
 1.040924E-08 
 1.800000E+00 
 9.891798E-07 
 5.783824E-09 
 5.783825E-09 
 5.783837E-09 
 5.783607E-09 
 5.783545E-09 
 5.783852E-09 
 1.800000E+00 
 8.402523E-08 
 8.401362E-08 
 1.800000E+00 
 4.089061E-06 
-3.820015E-08 
-3.820021E-08 
-3.820025E-08 
-3.820015E-08 
-3.820017E-08 
-3.820029E-08 
-3.819977E-08 
-3.819975E-08 
 1.800000E+00 
 2.996111E-07 
 1.800000E+00 
 1.554817E-06 
 1.596777E-06 
 1.596779E-06 
 1.596779E-06 
 1.596779E-06 
 1.596779E-06 
 1.596779E-06 
 1.596779E-06 
 1.596779E-06 
 1.596781E-06 
 1.800005E+00 
 1.759873E-08 
 1.800000E+00 
 1.285515E-08 
 1.005640E-08 
 1.005640E-08 
 1.005643E-08 
 1.005636E-08 
 1.005648E-08 
 1.005621E-08 
 1.005573E-08 
 1.005544E-08 
 1.005522E-08 
 1.799999E+00 
 4.987252E-09 
 1.800000E+00 
 1.900453E-07 
 3.995801E-09 
 3.995947E-09 
 3.995881E-09 
 3.993848E-09 
 3.996307E-09 
 4.000297E-09 
 3.995948E-09 
 3.995959E-09 
 3.995989E-09 
 1.800002E+00 
-1.633970E-06 
 1.512245E-08 
 1.512243E-08 
 1.512281E-08 
 1.800000E+00 
-9.521652E-08 
 1.124569E-08 
 1.124546E-08 
 1.124536E-08 
 1.124545E-08 
 1.124547E-08 
 1.800000E+00 
 1.231059E-05 
 1.250175E-05 
 1.250175E-05 
 1.250175E-05 
 1.250175E-05 
 1.250174E-05 
 1.250175E-05 
 1.800000E+00 
-7.395624E-07 
 5.892655E-09 
 5.893201E-09 
 5.890921E-09 
 5.892190E-09 
 1.800000E+00 
-1.204784E-07 
 1.104021E-08 
 1.103950E-08 
 1.103948E-08 
 1.103953E-08 
 1.103871E-08 
 1.103948E-08 
 1.103904E-08 
 1.800000E+00 
 7.260356E-06 
 7.142890E-06 
 7.142892E-06 
 7.142892E-06 
 7.142892E-06 
 1.800000E+00 
 9.779003E-07 
 4.314671E-07 
 4.314671E-07 
 4.314671E-07 
 4.314671E-07 
 4.314671E-07 
 4.314671E-07 
 4.314671E-07 
 1.800000E+00 
-1.175157E-06 
-1.150791E-06 
-1.150791E-06 
-1.150793E-06 
-1.150791E-06 
 1.800000E+00 
-2.663177E-07 
 1.705632E-08 
 1.705668E-08 
 1.705692E-08 
 1.705678E-08 
 1.705679E-08 
 1.705678E-08 
 1.705625E-08 
 1.705660E-08 
 1.800000E+00 
 1.160302E-06 
 6.547589E-07 
 6.547565E-07 
 6.547571E-07 
 6.547570E-07 
 6.547571E-07 
 1.800000E+00 
 4.719320E-06 
-2.800558E-07 
-2.800554E-07 
-2.800555E-07 
-2.800555E-07 
-2.800555E-07 
-2.800452E-07 
-2.800555E-07 
 1.800000E+00 
 9.590777E-08 
-1.782918E-08 
-1.785933E-08 
-1.782904E-08 
-1.782918E-08 
-1.783158E-08 
 1.800001E+00 
-3.728408E-07 
 8.558562E-09 
 8.558657E-09 
 8.558651E-09 
 8.558609E-09 
 8.558624E-09 
 8.557413E-09 
 8.557805E-09 
 8.558746E-09 
 1.800000E+00 
 7.522743E-07 
 6.628336E-09 
 6.628175E-09 
 6.628385E-09 
 6.628370E-09 
 6.628378E-09 
 6.628455E-09 
 1.800005E+00 
-1.497745E-06 
 1.098751E-08 
 1.098761E-08 
 1.098951E-08 
 1.098735E-08 
 1.098709E-08 
 1.098712E-08 
 1.098747E-08 
 1.800000E+00 
-8.367054E-07 
-3.102272E-08 
-3.102271E-08 
-3.102281E-08 
-3.102278E-08 
-3.102258E-08 
-3.102276E-08 
-3.102301E-08 
 1.800000E+00 
 7.126384E-07 
 4.780449E-07 
 4.780447E-07 
 4.780449E-07 
 4.780449E-07 
 4.780447E-07 
 4.780449E-07 
 1.800007E+00 
-3.172545E-06 
 7.309203E-08 
 7.309115E-08 
 7.309122E-08 
 7.309174E-08 
 7.309120E-08 
 7.309135E-08 
 7.309137E-08 
 7.309132E-08 
 7.308774E-08 
 1.800000E+00 
 2.728718E-07 
 2.781719E-07 
 2.781708E-07 
 2.781709E-07 
 2.781722E-07 
 2.781693E-07 
 2.781712E-07 
 1.799998E+00 
-1.234014E-06 
 1.133065E-05 
 1.133066E-05 
 1.133066E-05 
 1.133066E-05 
 1.133066E-05 
 1.133066E-05 
 1.133066E-05 
 1.133066E-05 
 1.800000E+00 
-9.199840E-06 
 9.560888E-07 
 9.560886E-07 
 9.560887E-07 
 9.560887E-07 
 9.560880E-07 
 9.560887E-07 
 9.560885E-07 
 1.800000E+00 
 4.439212E-07 
-2.916562E-09 
-2.918372E-09 
-2.902872E-09 
-2.918377E-09 
-2.918363E-09 
-2.920483E-09 
-2.918345E-09 
-2.918354E-09 
-2.918110E-09 
 1.800000E+00 
 8.056738E-07 
 1.196407E-06 
 1.196407E-06 
 1.196408E-06 
 1.196404E-06 
 1.196405E-06 
 1.196402E-06 
 1.800000E+00 
-1.861525E-05 
 1.857730E-05 
 1.857730E-05 
 1.857730E-05 
 1.857729E-05 
 1.857730E-05 
 1.857730E-05 
 1.857730E-05 
 1.857730E-05 
 1.857730E-05 
 1.800000E+00 
 4.638686E-06 
 4.310522E-06 
 4.310522E-06 
 4.310522E-06 
 4.310522E-06 
 4.310522E-06 
 4.310522E-06 
 4.310522E-06 
 4.310522E-06 
 1.800000E+00 
-3.682361E-06 
-3.736893E-06 
-3.736893E-06 
-3.736890E-06 
-3.736893E-06 
-3.736893E-06 
-3.736893E-06 
-3.736893E-06 
 1.800000E+00 
-4.469213E-06 
 2.703567E-07 
 2.703563E-07 
 2.703569E-07 
 2.703569E-07 
 2.703569E-07 
 2.703569E-07 
 2.703569E-07 
 2.703569E-07 
 2.703569E-07 
 2.703569E-07 
 1.800000E+00 
 8.404690E-07 
 6.207436E-09 
 6.207446E-09 
 6.208759E-09 
 6.207162E-09 
 6.207248E-09 
 1.800000E+00 
-8.735961E-06 
-8.745615E-06 
-8.745611E-06 
-8.745614E-06 
-8.745614E-06 
-8.745608E-06 
-8.745615E-06 
-8.745614E-06 
-8.745615E-06 
-8.745615E-06 
-8.745615E-06 
-8.745615E-06 
 1.800000E+00 
 1.266637E-05 
 1.247557E-05 
 1.247557E-05 
 1.247558E-05 
 1.247557E-05 
 1.247557E-05 
 1.247557E-05 
 1.247557E-05 
 1.800002E+00 
-1.345249E-06 
-1.364109E-06 
-1.364109E-06 
-1.364107E-06 
-1.364109E-06 
-1.364111E-06 
-1.364109E-06 
-1.364109E-06 
-1.364107E-06 
 1.800000E+00 
 1.862618E-08 
 1.446474E-08 
 1.446474E-08 
 1.446483E-08 
 1.446497E-08 
 1.446292E-08 
 1.446292E-08 
 1.446449E-08 
 1.446474E-08 
 1.800000E+00 
-1.152931E-06 
 9.598703E-09 
 9.598682E-09 
 9.598694E-09 
 9.598685E-09 
 9.603792E-09 
 9.598634E-09 
 9.598741E-09 
 9.598186E-09 
 1.800000E+00 
-7.288413E-07 
-3.211888E-07 
-3.211605E-07 
-3.211883E-07 
-3.211885E-07 
-3.211884E-07 
-3.211883E-07 
-3.211876E-07 
-3.211883E-07 
 1.800000E+00 
 2.948000E-06 
-1.641327E-08 
-1.641329E-08 
-1.641354E-08 
-1.641330E-08 
-1.641327E-08 
-1.641336E-08 
-1.641325E-08 
-1.641281E-08 
 1.800000E+00 
 1.063768E-07 
 8.934053E-08 
 8.933961E-08 
 8.934052E-08 
 8.934233E-08 
 8.934554E-08 
 8.934052E-08 
 8.934054E-08 
 8.934064E-08 
 1.800000E+00 
 4.064048E-07 
 3.853901E-07 
 3.853894E-07 
 3.853894E-07 
 3.853896E-07 
 3.853891E-07 
 3.853891E-07 
 3.853895E-07 
 1.800000E+00 
 7.101454E-09 
-1.000429E-09 
-9.997426E-10 
-1.000510E-09 
-1.000353E-09 
-9.473640E-10 
-1.000416E-09 
-1.000468E-09 
-1.000414E-09 
 1.800000E+00 
 3.029902E-07 
-4.167991E-07 
-4.167991E-07 
-4.167992E-07 
-4.167991E-07 
-4.167992E-07 
-4.167991E-07 
-4.167992E-07 
 1.799999E+00 
-1.455650E-06 
 1.467802E-08 
 1.467815E-08 
 1.467771E-08 
 1.467848E-08 
 1.467817E-08 
 1.467805E-08 
 1.467811E-08 
 1.467524E-08 
 1.467816E-08 
 1.800000E+00 
 4.588694E-09 
 4.294936E-09 
 4.294908E-09 
 4.294850E-09 
 4.294929E-09 
 1.800000E+00 
 4.276604E-06 
-5.956645E-08 
-5.956671E-08 
-5.956702E-08 
-5.956660E-08 
-5.956669E-08 
-5.956664E-08 
-5.956633E-08 
-5.956666E-08 
-5.956669E-08 
-5.956672E-08 
-5.956905E-08 
 1.800000E+00 
 1.023010E-06 
 1.021565E-06 
 1.021423E-06 
 1.021564E-06 
 1.021566E-06 
 1.800000E+00 
-9.081893E-06 
-9.083785E-06 
-9.083785E-06 
-9.083785E-06 
-9.083785E-06 
-9.083785E-06 
-9.083785E-06 
-9.083785E-06 
-9.083788E-06 
 1.800000E+00 
 1.107113E-06 
 6.447488E-09 
 6.447194E-09 
 6.447260E-09 
 6.447289E-09 
 6.447264E-09 
 6.447264E-09 
 6.447259E-09 
 1.800004E+00 
 5.455012E-06 
 5.458307E-06 
 5.458307E-06 
 5.458307E-06 
 5.458307E-06 
 5.458307E-06 
 5.458307E-06 
 1.800000E+00 
 6.384218E-07 
 6.391946E-07 
 6.391952E-07 
 6.391946E-07 
 6.391946E-07 
 6.391486E-07 
 6.391958E-07 
 1.800003E+00 
 1.589731E-07 
 4.845692E-10 
 4.853858E-10 
 4.822885E-10 
 4.754895E-10 
 4.847885E-10 
 5.109675E-10 
 4.858929E-10 
 4.717862E-10 
 1.800000E+00 
 4.237839E-08 
 1.062735E-08 
 1.062450E-08 
 1.062345E-08 
 1.800000E+00 
-6.720861E-07 
-2.157664E-07 
-2.157692E-07 
-2.157692E-07 
-2.157692E-07 
-2.157693E-07 
-2.157654E-07 
-2.157691E-07 
-2.157698E-07 
-2.157694E-07 
-2.157693E-07 
 1.799999E+00 
 8.165854E-09 
 8.110363E-09 
 8.108285E-09 
 1.800002E+00 
 1.085557E-07 
 5.846523E-09 
 5.846546E-09 
 5.846624E-09 
 5.846496E-09 
 5.846324E-09 
 5.846194E-09 
 5.846465E-09 
 5.845893E-09 
 5.846587E-09 
 1.800000E+00 
-1.439035E-07 
-7.715391E-07 
-7.715404E-07 
-7.715405E-07 
 1.800000E+00 
-7.988564E-07 
-7.859221E-07 
-7.859223E-07 
-7.859221E-07 
-7.859221E-07 
-7.859221E-07 
-7.859224E-07 
-7.859811E-07 
 1.800000E+00 
 1.623966E-08 
 2.225655E-08 
 2.225659E-08 
 2.225651E-08 
 2.225657E-08 
 1.800000E+00 
 1.732473E-06 
 1.656215E-06 
 1.656216E-06 
 1.656216E-06 
 1.656216E-06 
 1.656216E-06 
 1.656216E-06 
 1.656215E-06 
 1.800000E+00 
 1.221173E-06 
 1.245682E-06 
 1.245679E-06 
 1.245682E-06 
 1.800000E+00 
 5.576512E-07 
 5.577904E-07 
 5.577710E-07 
 5.577852E-07 
 5.577836E-07 
 5.577861E-07 
 5.577852E-07 
 5.577843E-07 
 1.799998E+00 
 8.391662E-06 
-1.461545E-05 
-1.461545E-05 
-1.461545E-05 
 1.800004E+00 
 1.980978E-08 
 1.011889E-07 
 1.011892E-07 
 1.011913E-07 
 1.011894E-07 
 1.011891E-07 
 1.011891E-07 
 1.799998E+00 
 3.951757E-07 
 3.620690E-07 
 3.620693E-07 
 3.620694E-07 
 3.620556E-07 
 1.800000E+00 
 1.359568E-08 
 1.827299E-08 
 1.827082E-08 
 1.827078E-08 
 1.827097E-08 
 1.827084E-08 
 1.800000E+00 
-4.067047E-07 
-3.938066E-07 
-3.938062E-07 
-3.938054E-07 
-3.938060E-07 
 1.800000E+00 
-1.561211E-06 
 1.914135E-08 
 1.914218E-08 
 1.914141E-08 
 1.914153E-08 
 1.800001E+00 
 1.753414E-08 
-8.602142E-08 
-8.602299E-08 
-8.602313E-08 
-8.602311E-08 
-8.602166E-08 
 1.800000E+00 
-7.554974E-07 
 6.554835E-09 
 6.559706E-09 
 6.559308E-09 
 6.555014E-09 
 1.800000E+00 
-1.197793E-06 
 1.037931E-07 
 1.037931E-07 
 1.037933E-07 
 1.800000E+00 
 8.367056E-09 
 8.861049E-09 
 8.861897E-09 
 8.860878E-09 
 8.861051E-09 
 8.860975E-09 
 1.800000E+00 
 1.212977E-06 
 1.162294E-06 
 1.162294E-06 
 1.162294E-06 
 1.800000E+00 
-4.235986E-06 
 1.183555E-07 
 1.183558E-07 
 1.183559E-07 
 1.183557E-07 
 1.800000E+00 
 9.383819E-06 
 9.387748E-06 
 9.387748E-06 
 9.387748E-06 
 9.387748E-06 
 1.800000E+00 
-2.904919E-08 
-2.144059E-08 
-2.144069E-08 
-2.144049E-08 
-2.144056E-08 
 1.800000E+00 
-2.860598E-06 
-3.206357E-06 
-3.206355E-06 
 1.800000E+00 
 1.581103E-06 
-1.493706E-09 
-1.494322E-09 
-1.493623E-09 
-1.512953E-09 
-1.493901E-09 
 1.799999E+00 
 1.154683E-07 
 4.147913E-08 
 4.147901E-08 
 1.800000E+00 
-2.163351E-06 
 9.574755E-09 
 9.574718E-09 
 9.574765E-09 
 9.575486E-09 
 1.799998E+00 
 8.461546E-07 
 3.787484E-07 
 3.787489E-07 
 3.787470E-07 
 1.800000E+00 
-1.211765E-06 
-1.222410E-06 
-1.222411E-06 
-1.222411E-06 
-1.222412E-06 
 1.800000E+00 
-8.592638E-07 
-8.593739E-07 
 1.800004E+00 
-1.971046E-08 
-2.358200E-08 
-2.358207E-08 
-2.363122E-08 
-2.358163E-08 
-2.358131E-08 
-2.355021E-08 
 1.800000E+00 
 1.800000E+00 
-6.349316E-06 
-6.647786E-06 
-6.647786E-06 
-6.647784E-06 
-6.647783E-06 
-6.647786E-06 
-6.647786E-06 
-6.647786E-06 
 1.800000E+00 
 2.125952E-08 
 1.800000E+00 
-1.701210E-06 
-2.380349E-06 
-2.380349E-06 
-2.380349E-06 
-2.380349E-06 
-2.380349E-06 
 1.800000E+00 
-6.083239E-06 
 1.800000E+00 
-1.264424E-07 
-1.051947E-07 
-1.051981E-07 
-1.051981E-07 
-1.051981E-07 
-1.051982E-07 
 1.800000E+00 
 4.645171E-07 
 2.032395E-07 
 1.800000E+00 
 8.488228E-06 
-1.682871E-06 
-1.682869E-06 
-1.682871E-06 
-1.682870E-06 
 1.800000E+00 
-5.483579E-08 
 2.117378E-08 
 1.800000E+00 
-5.382740E-06 
-5.377126E-06 
-5.377126E-06 
-5.377126E-06 
-5.377126E-06 
 1.800008E+00 
-5.138681E-08 
 1.800004E+00 
-1.043806E-06 
-4.466530E-07 
-4.466530E-07 
-4.466530E-07 
-4.466530E-07 
-4.466528E-07 
 1.800007E+00 
-1.001478E-06 
-1.201493E-06 
 1.800000E+00 
 2.374853E-06 
 2.351879E-06 
 2.351879E-06 
 1.800000E+00 
-3.851955E-07 
 6.216046E-07 
 6.216036E-07 
 6.216039E-07 
 1.800000E+00 
 4.338632E-05 
 5.837131E-06 
 5.837131E-06 
 1.800000E+00 
-3.351458E-06 
 5.032631E-07 
 5.032631E-07 
 1.800000E+00 
-8.575809E-07 
 4.573172E-08 
 4.573167E-08 
 1.800000E+00 
-1.674847E-07 
-1.690328E-07 
-1.690327E-07 
 1.800000E+00 
-1.244882E-07 
-8.444253E-08 
-8.444192E-08 
 1.800000E+00 
-5.264062E-07 
-4.772761E-07 
-4.772761E-07 
 1.800000E+00 
-2.128909E-06 
 9.969418E-09 
 9.969422E-09 
 1.800002E+00 
-1.004127E-06 
-1.109776E-06 
-1.109777E-06 
 1.800001E+00 
 2.117257E-06 
 1.460307E-06 
 1.460307E-06 
 1.799999E+00 
 8.868216E-09 
 6.412593E-09 
 1.800000E+00 
-1.778346E-06 
 1.230744E-08 
 1.230744E-08 
 1.230790E-08 
 1.800000E+00 
 9.257684E-08 
 1.800000E+00 
-1.428764E-07 
-2.962753E-08 
-2.963561E-08 
-2.962356E-08 
-2.962816E-08 
 1.800000E+00 
-1.552909E-05 
 1.800000E+00 
-5.400800E-07 
-5.418662E-07 
-5.418661E-07 
 1.800000E+00 
 5.127384E-06 
 5.043589E-06 
 5.043589E-06 
 1.800000E+00 
 1.012918E-05 
-2.837091E-05 
-2.837091E-05 
 1.800000E+00 
-8.737938E-07 
 1.800000E+00 
 2.129422E-07 
 2.782997E-07 
 2.783106E-07 
 2.782990E-07 
 1.799998E+00 
 3.450744E-05 
 8.799506E-07 
 1.800000E+00 
 2.090350E-06 
 4.642997E-09 
 4.641596E-09 
 1.800000E+00 
 4.595908E-07 
 1.800007E+00 
-1.118949E-07 
 1.129714E-09 
 1.143141E-09 
 1.143077E-09 
 1.800000E+00 
 3.847844E-08 
 5.498777E-10 
 1.800000E+00 
 4.204286E-08 
 4.098870E-08 
 1.800000E+00 
 7.537669E-09 
 5.755953E-09 
 5.836384E-09 
 1.800000E+00 
 1.162094E-07 
 1.800000E+00 
-5.289194E-08 
 8.494747E-09 
 8.494746E-09 
 8.494792E-09 
 1.800000E+00 
 2.024641E-06 
 1.800000E+00 
 2.617294E-08 
 2.274760E-08 
 2.275003E-08 
 1.800000E+00 
 1.422676E-08 
 1.567422E-08 
 1.800000E+00 
 1.241114E-09 
 7.357890E-09 
 1.800000E+00 
-2.992330E-07 
-2.974197E-07 
 1.800000E+00 
-2.876885E-08 
-2.863637E-08 
-2.863624E-08 
 1.800000E+00 
 6.216977E-07 
 1.800000E+00 
-6.229953E-05 
-2.572039E-05 
-2.572039E-05 
 1.800000E+00 
-4.289173E-06 
-4.196999E-06 
 1.800000E+00 
-2.199785E-07 
-8.108235E-08 
 1.799996E+00 
-1.457488E-06 
-1.451290E-06 
 1.800000E+00 
-4.314231E-07 
-7.432546E-08 
 1.800001E+00 
 5.082676E-06 
 5.522971E-06 
 1.800000E+00 
-4.421503E-07 
 4.104783E-10 
 1.800000E+00 
 1.203173E-07 
 1.285641E-07 
 1.285628E-07 
 1.800000E+00 
 1.800000E+00 
-2.917622E-07 
 2.078545E-07 
 2.078553E-07 
 2.078554E-07 
 1.800006E+00 
 1.800000E+00 
 6.387783E-07 
 1.234395E-08 
 1.234878E-08 
 1.800000E+00 
 1.456531E-05 
 1.464366E-05 
 1.800000E+00 
 3.901838E-08 
 3.811798E-10 
 1.800000E+00 
-1.203189E-05 
 1.800002E+00 
-9.378571E-08 
-5.919151E-08 
-5.919191E-08 
 1.800001E+00 
 1.800008E+00 
 2.084668E-08 
 7.848220E-09 
 7.848472E-09 
 7.847638E-09 
 1.800000E+00 
 1.800000E+00 
-2.327032E-06 
 1.726216E-08 
 1.727326E-08 
 1.800000E+00 
 3.007982E-08 
 1.800002E+00 
 1.042539E-08 
 6.168887E-09 
 6.168688E-09 
 1.800000E+00 
 1.800000E+00 
-1.299048E-06 
-2.130803E-06 
-2.130802E-06 
 1.800000E+00 
 1.089482E-08 
 1.800000E+00 
 2.938757E-09 
 1.724451E-09 
 1.800000E+00 
 3.625514E-08 
-3.363876E-09 
 1.800000E+00 
 1.800000E+00 
 2.059348E-07 
 2.138066E-07 
 2.138068E-07 
 2.138037E-07 
 1.800000E+00 
 1.800000E+00 
-2.172136E-06 
 1.334759E-07 
 1.334759E-07 
 1.800008E+00 
 1.800000E+00 
 1.116296E-08 
 9.126736E-09 
 9.127060E-09 
 1.800000E+00 
 1.069100E-08 
 1.800000E+00 
 2.223032E-07 
 1.800005E+00 
-1.420749E-06 
-6.775009E-07 
-6.775025E-07 
 1.800001E+00 
 1.800000E+00 
 2.039284E-07 
 1.332920E-07 
 1.800000E+00 
 1.389014E-08 
-1.465732E-08 
 1.799999E+00 
 3.657108E-08 
 1.800000E+00 
 3.643486E-08 
 2.972276E-08 
 1.800000E+00 
-1.584516E-06 
 1.800006E+00 
 5.137460E-06 
-6.702228E-08 
 1.800000E+00 
 5.553542E-06 
 1.800000E+00 
-2.169116E-06 
-2.167941E-06 
 1.800000E+00 
-9.471233E-07 
 1.800000E+00 
 6.042364E-08 
 1.800000E+00 
 4.266869E-08 
 4.178150E-08 
 1.800006E+00 
-3.416967E-09 
 5.820040E-09 
 1.800000E+00 
 1.800000E+00 
 1.367959E-07 
 1.317924E-07 
 1.800000E+00 
-1.691809E-06 
 5.994610E-07 
 1.800000E+00 
 3.830225E-07 
 1.800000E+00 
 8.219585E-08 
 1.800000E+00 
-8.839179E-08 
 1.336917E-07 
 1.800000E+00 
 1.800000E+00 
 2.708646E-07 
 2.757576E-07 
 2.757576E-07 
 1.800004E+00 
 1.800000E+00 
-1.177698E-08 
-1.326227E-08 
 1.800000E+00 
 4.039397E-07 
 1.800000E+00 
 1.460273E-07 
-7.270596E-08 
 1.800000E+00 
 1.780097E-05 
 1.800000E+00 
 1.800000E+00 
 1.681069E-05 
 1.677539E-05 
 1.677539E-05 
 1.800000E+00 
 6.189085E-06 
 1.799999E+00 
 1.800000E+00 
-4.879300E-06 
-4.886905E-06 
-4.886904E-06 
 1.800003E+00 
 1.800003E+00 
 2.860962E-07 
 1.800000E+00 
 6.294756E-05 
 9.043553E-06 
 1.800000E+00 
 7.294075E-09 
 1.800000E+00 
-5.394935E-06 
 1.800000E+00 
-6.121370E-07 
 1.800002E+00 
-9.021947E-07 
-7.279036E-09 
 1.799999E+00 
-6.604217E-07 
 1.800000E+00 
 1.800000E+00 
-2.773476E-08 
 8.396050E-09 
 1.800007E+00 
 3.352329E-08 
 1.700093E-08 
 1.800000E+00 
 1.800000E+00 
-3.158464E-08 
 1.800000E+00 
 1.636478E-06 
 1.526410E-06 
 1.800000E+00 
 1.800000E+00 
 2.677710E-07 
 5.698907E-09 
 1.800000E+00 
-1.270240E-06 
 1.800000E+00 
-1.357657E-05 
 1.800005E+00 
-2.383909E-07 
 1.800003E+00 
-4.814472E-07 
-3.071422E-08 
 1.800000E+00 
 1.800000E+00 
 1.021061E-07 
 1.799999E+00 
 1.304381E-08 
 4.120431E-08 
 1.800000E+00 
 1.800000E+00 
-1.228395E-08 
-1.041798E-07 
 1.800000E+00 
 1.800000E+00 
-1.147914E-05 
-1.387078E-08 
 1.800000E+00 
 1.800000E+00 
 1.803442E-07 
 1.042052E-09 
 1.800000E+00 
 4.957940E-07 
 1.800001E+00 
 1.800004E+00 
-6.942670E-08 
-4.616615E-08 
 1.800000E+00 
 1.243436E-07 
 1.800000E+00 
 1.800000E+00 
 3.587523E-09 
 4.790916E-09 
 1.800000E+00 
 2.004665E-08 
 1.800000E+00 
 1.800000E+00 
-1.649237E-05 
-1.651502E-05 
 1.800000E+00 
 6.405270E-09 
 1.800000E+00 
 1.800000E+00 
-2.813363E-05 
-2.821798E-05 
 1.800000E+00 
 1.800000E+00 
 1.242970E-08 
 1.800000E+00 
-9.514673E-07 
-8.204681E-08 
 1.800000E+00 
 1.800000E+00 
 8.122305E-09 
 1.800000E+00 
 7.223573E-08 
 1.800000E+00 
-1.090911E-08 
 1.800000E+00 
-2.130795E-06 
 1.800000E+00 
-2.446037E-07 
 1.800000E+00 
-1.501289E-08 
 1.800000E+00 
 1.800000E+00 
-4.440431E-08 
 2.095154E-09 
 1.800000E+00 
 1.800000E+00 
 2.308821E-08 
 1.800000E+00 
 4.114316E-06 
 4.111173E-06 
 1.800000E+00 
 1.800000E+00 
 1.800000E+00 
 2.007427E-06 
 4.900397E-09 
 1.799999E+00 
-1.266387E-08 
 1.800001E+00 
 1.800000E+00 
 1.466521E-07 
 1.800000E+00 
-2.134043E-06 
 1.800001E+00 
-1.079013E-06 
 1.800000E+00 
-2.816219E-06 
 1.800000E+00 
 8.765133E-06 
 1.800000E+00 
 1.800000E+00 
 2.551691E-07 
 1.800000E+00 
 6.123658E-09 
 1.800000E+00 
 3.673419E-06 
 1.800000E+00 
 7.300123E-07 
 1.800000E+00 
 1.800002E+00 
-1.926695E-07 
 1.800001E+00 
-1.882650E-05 
 1.800000E+00 
-2.027507E-06 
 1.800000E+00 
 1.637751E-06 
 1.800000E+00 
 1.800000E+00 
-2.118477E-07 
 1.800000E+00 
-1.185468E-06 
 1.800000E+00 
-2.868563E-07 
 1.800004E+00 
 1.799999E+00 
 2.663146E-06 
 1.800000E+00 
-1.464663E-07 
 1.800000E+00 
 8.041206E-09 
 1.800000E+00 
 1.800000E+00 
 3.748947E-08 
 3.121933E-09 
 1.800000E+00 
 1.800000E+00 
 1.800000E+00 
-4.017215E-07 
 1.800000E+00 
 6.677238E-06 
 1.800000E+00 
 2.696841E-08 
 1.800000E+00 
 7.310834E-09 
 1.800000E+00 
 1.800000E+00 
 4.933271E-09 
 1.800000E+00 
 1.800000E+00 
-6.236552E-08 
-2.083456E-08 
 1.800000E+00 
 1.800000E+00 
 1.800000E+00 
 1.334509E-06 
 1.686055E-06 
 1.800000E+00 
 1.800000E+00 
 2.507243E-06 
 1.800000E+00 
 1.800000E+00 
 1.744223E-07 
 1.800000E+00 
 1.276762E-07 
 1.800000E+00 
 1.800000E+00 
-1.125781E-06 
-6.209383E-07 
 1.800000E+00 
 1.800000E+00 
 1.800000E+00 
-3.539598E-06 
 1.800000E+00 
 7.850315E-08 
 1.800000E+00 
 1.800000E+00 
 1.416644E-07 
 1.800000E+00 
-1.121206E-07 
 1.800000E+00 
 1.800000E+00 
-1.559899E-06 
 1.800006E+00 
 2.562937E-06 
 1.800000E+00 
 1.800000E+00 
 5.702578E-09 
 1.800000E+00 
 1.800000E+00 
 1.016819E-07 
 1.800000E+00 
 1.672928E-09 
 1.800000E+00 
 1.800000E+00 
-2.509918E-07 
 1.800000E+00 
 5.334427E-08 
 1.800002E+00 
 1.800000E+00 
 9.792516E-09 
 1.800000E+00 
 1.800000E+00 
 5.201864E-07 
 1.799999E+00 
 1.800000E+00 
 7.298799E-08 
 1.800000E+00 
-1.391015E-06 
 1.800007E+00 
 1.800000E+00 
 2.066123E-06 
 1.800003E+00 
-2.529876E-07 
 1.800000E+00 
 1.800000E+00 
 1.800006E+00 
 4.969946E-07 
 1.800000E+00 
 6.480772E-08 
 1.800000E+00 
 1.800000E+00 
 1.762581E-07 
 1.800000E+00 
-2.937379E-05 
 1.800000E+00 
 1.800000E+00 
 1.800001E+00 
 1.638554E-06 
 1.800002E+00 
 2.386723E-07 
 1.800000E+00 
 1.800000E+00 
-6.976719E-06 
 1.800006E+00 
 1.799999E+00 
 7.931251E-09 
 1.800000E+00 
 1.799998E+00 
-1.026308E-07 
 1.800000E+00 
 1.800000E+00 
 4.909707E-08 
 1.800000E+00 
 1.799998E+00 
-1.248362E-05 
 1.800000E+00 
-9.930128E-07 
 1.800000E+00 
 1.800000E+00 
 1.800000E+00 
 1.659794E-06 
 1.800001E+00 
 2.284015E-08 
 1.800000E+00 
 1.800000E+00 
 1.800000E+00 
 5.003678E-06 
 1.800000E+00 
 1.358757E-08 
 1.800000E+00 
 1.800000E+00 
 1.800001E+00 
 3.513198E-08 
 1.800000E+00 
-1.269270E-06 
 1.800000E+00 
 1.800000E+00 
 1.800000E+00 
 8.685011E-09 
 1.800000E+00 
 3.939763E-07 
 1.800000E+00 
 1.800000E+00 
 1.800000E+00 
-1.566215E-05 
 1.800000E+00 
 1.800000E+00 
 1.597168E-06 
 1.800001E+00 
 1.800000E+00 
-1.205089E-08 
 1.800000E+00 
 1.800000E+00 
-2.013997E-07 
 1.800000E+00 
 1.800000E+00 
 1.800001E+00 
-7.440365E-09 
 1.800000E+00 
 8.787136E-09 
 1.800000E+00 
 1.800000E+00 
 1.800000E+00 
 1.967502E-07 
 1.800000E+00 
 1.800000E+00 
 4.734560E-09 
 1.800000E+00 
 1.800000E+00 
-2.298303E-07 
 1.800000E+00 
 1.800000E+00 
 1.800000E+00 
 9.396757E-08 
 1.799998E+00 
 3.199015E-06 
 1.800000E+00 
 1.800000E+00 
 1.800000E+00 
 1.800000E+00 
-4.610528E-07 
 1.800000E+00 
 8.746883E-08 
 1.800000E+00 
 1.800000E+00 
 1.800000E+00 
 1.800001E+00 
-6.017496E-06 
-5.915657E-06 
 1.800000E+00 
 1.800000E+00 
 1.800000E+00 
 1.800000E+00 
 1.800000E+00 
-3.257744E-08 
 1.800000E+00 
 2.350178E-08 
 1.800000E+00 
 1.800000E+00 
 1.799999E+00 
-1.662464E-07 
 1.800000E+00 
 1.800000E+00 
-1.563148E-06 
 1.800000E+00 
 1.800000E+00 
 1.800000E+00 
 1.321118E-06 
 1.800000E+00 
 1.800000E+00 
 1.800000E+00 
 5.172166E-09 
 1.799999E+00 
-1.003678E-05 
 1.800000E+00 
 1.800000E+00 
 1.800000E+00 
 1.800000E+00 
 1.800000E+00 
 4.086623E-08 
 3.212303E-09 
 1.800000E+00 
 1.800000E+00 
 1.800000E+00 
 1.800000E+00 
 1.799999E+00 
-8.203045E-07 
 1.800000E+00 
 1.800000E+00 
 1.962992E-06 
 1.800000E+00 
 1.800000E+00 
 2.929078E-08 
 1.800000E+00 
 1.800000E+00 
 1.800000E+00 
 1.800000E+00 
-7.173662E-09 
 1.800000E+00 
 1.800007E+00 
-1.158726E-09 
 1.800000E+00 
 1.800000E+00 
 1.800000E+00 
 1.800000E+00 
 1.042353E-06 
 1.800000E+00 
 7.367284E-07 
 1.800000E+00 
 1.800000E+00 
 1.800000E+00 
 1.800000E+00 
 1.800000E+00 
 1.981397E-08 
 1.800000E+00 
-1.833314E-07 
 1.800000E+00 
 1.800000E+00 
 1.800000E+00 
 1.800000E+00 
 1.800000E+00 
 8.254172E-10 
 1.799999E+00 
 1.800000E+00 
-9.051385E-06 
 1.800000E+00 
 1.800000E+00 
 1.800000E+00 
 5.312734E-07 
 1.800000E+00 
 1.800000E+00 
 1.800000E+00 
 1.800000E+00 
-1.611986E-06 
 1.800000E+00 
 1.800000E+00 
 8.126451E-09 
 1.800000E+00 
 1.800000E+00 
 1.800000E+00 
 1.800000E+00 
-1.198423E-05 
 1.800000E+00 
 1.800000E+00 
 1.800002E+00 
 1.036252E-08 
 1.800000E+00 
 1.800000E+00 
 1.800000E+00 
 1.800000E+00 
 5.889554E-08 
 1.799996E+00 
 1.800000E+00 
-7.329287E-09 
 1.800000E+00 
 1.800000E+00 
 1.800000E+00 
 1.800000E+00 
 1.800000E+00 
 1.974915E-05 
 1.800000E+00 
 1.799997E+00 
 1.612049E-08 
 1.800000E+00 
 1.800000E+00 
 1.800000E+00 
 1.800000E+00 
 1.800000E+00 
 2.606733E-07 
 1.800000E+00 
 1.800007E+00 
-2.455421E-08 
 1.800000E+00 
 1.800000E+00 
 1.800000E+00 
 1.800000E+00 
 1.800000E+00 
 9.692080E-07 
 1.800000E+00 
 1.800000E+00 
 1.800007E+00 
 1.276867E-07 
 1.799999E+00 
 1.800000E+00 
 1.800000E+00 
 1.800000E+00 
 6.286533E-07 
 1.800003E+00 
 1.800000E+00 
 1.800000E+00 
 2.854935E-08 
 1.800000E+00 
 1.800000E+00 
 1.800000E+00 
 1.800000E+00 
 1.799999E+00 
 4.076590E-08 
 1.800000E+00 
 1.800000E+00 
 1.800000E+00 
 1.250149E-08 
 1.800000E+00 
 1.800000E+00 
 1.800000E+00 
 1.800000E+00 
-5.661593E-08 
 1.800000E+00 
 1.800000E+00 
 1.800000E+00 
 1.800000E+00 
 1.800000E+00 
 1.214923E-06 
 1.800000E+00 
 1.800000E+00 
 1.800000E+00 
-2.158894E-07 
 1.800000E+00 
 1.800000E+00 
 1.800000E+00 
 1.800000E+00 
 1.800000E+00 
-7.777697E-08 
 1.800000E+00 
 1.800000E+00 
 1.800000E+00 
 1.800000E+00 
-2.660520E-07 
 1.800000E+00 
 1.800000E+00 
 1.799999E+00 
 1.800007E+00 
-5.525260E-06 
 1.800000E+00 
 1.800000E+00 
 1.800000E+00 
 1.800000E+00 
 1.800000E+00 
 1.393749E-07 
 1.799998E+00 
 1.800000E+00 
 1.800001E+00 
 1.800000E+00 
-3.874991E-09 
 1.800000E+00 
 1.800000E+00 
 1.800000E+00 
 1.800000E+00 
 5.877441E-10 
 1.800000E+00 
 1.800000E+00 
 1.800000E+00 
 1.800000E+00 
 1.800000E+00 
 1.800007E+00 
 2.045155E-07 
 1.800000E+00 
 1.800000E+00 
 1.800000E+00 
-3.695366E-07 
 1.800000E+00 
 1.800000E+00 
 1.800000E+00 
 1.800000E+00 
 1.800000E+00 
 1.800000E+00 
 1.800007E+00 
 1.228219E-05 
 1.800007E+00 
 1.800000E+00 
 4.243910E-08 
 1.800000E+00 
 1.800000E+00 
 1.800000E+00 
 1.800000E+00 
 1.800000E+00 
 1.800000E+00 
 1.800000E+00 
 1.799998E+00 
-1.647426E-05 
 1.800000E+00 
 1.800000E+00 
 1.065045E-08 
 1.799998E+00 
 1.799998E+00 
 1.799998E+00 
 1.799998E+00 
 1.799998E+00 
 1.799998E+00 
 1.799998E+00 
 1.800000E+00 
 1.491275E-06 
 1.799998E+00 
 1.800000E+00 
 1.800001E+00 
 1.800000E+00 
 9.745139E-09 
 1.800000E+00 
 1.800000E+00 
 1.800000E+00 
 1.800000E+00 
 1.800000E+00 
 1.695755E-08 
 1.800000E+00 
 1.800000E+00 
 1.800000E+00 
 1.800000E+00 
 1.800000E+00 
 1.800000E+00 
 1.196590E-08 
 1.800000E+00 
 1.800000E+00 
 1.800000E+00 
 1.800000E+00 
 1.800000E+00 
 5.931436E-06 
 1.800000E+00 
 1.800000E+00 
 1.800000E+00 
 1.800000E+00 
 1.800000E+00 
 1.800000E+00 
 1.661207E-08 
 1.800000E+00 
 1.800000E+00 
 1.800000E+00 
 1.800000E+00 
 1.800000E+00 
 1.800000E+00 
-2.733520E-07 
 1.800000E+00 
 1.800000E+00 
 1.800000E+00 
 1.800000E+00 
 1.800000E+00 
 1.800000E+00 
 3.330659E-07 
 1.800000E+00 
 1.800000E+00 
 1.800000E+00 
 1.800000E+00 
 1.800000E+00 
 1.511489E-06 
 1.800000E+00 
 1.800000E+00 
 1.800000E+00 
 1.800000E+00 
 1.800000E+00 
 1.800000E+00 
 1.800000E+00 
 1.800000E+00 
-9.359797E-08 
 1.800000E+00 
 1.800000E+00 
 1.800000E+00 
 1.800000E+00 
 5.830745E-07 
 1.800000E+00 
 1.800000E+00 
 1.800000E+00 
 1.800000E+00 
 1.800000E+00 
 1.800000E+00 
 1.800000E+00 
 1.800000E+00 
 1.048384E-07 
 1.800000E+00 
 1.800000E+00 
 1.800000E+00 
 1.800000E+00 
 1.800000E+00 
 1.800000E+00 
 5.853189E-09 
 1.800000E+00 
 1.800000E+00 
 1.800000E+00 
 1.800000E+00 
 1.800000E+00 
 1.800000E+00 
 1.800000E+00 
-1.068761E-08 
 1.800000E+00 
 1.800000E+00 
 1.800000E+00 
 1.800000E+00 
 1.800000E+00 
 1.800000E+00 
 1.256407E-06 
 1.800000E+00 
 1.800000E+00 
 1.800000E+00 
 1.800000E+00 
 1.800000E+00 
 1.800000E+00 
 1.800000E+00 
-1.003071E-06 
 1.800003E+00 
 1.800003E+00 
 1.800003E+00 
 1.800003E+00 
 1.800003E+00 
 1.800003E+00 
 1.800003E+00 
 1.800000E+00 
 4.147305E-09 
 1.800000E+00 
 1.800000E+00 
 1.800000E+00 
 1.800000E+00 
 1.800000E+00 
 1.800000E+00 
 2.661923E-08 
 1.800001E+00 
 1.800001E+00 
 1.800001E+00 
 1.800001E+00 
 1.800001E+00 
 1.800001E+00 
 1.800001E+00 
 1.800000E+00 
 1.800000E+00 
 3.269635E-07 
 1.800000E+00 
 1.800000E+00 
 1.800000E+00 
 1.800000E+00 
 1.800000E+00 
 1.712298E-08 
 1.800002E+00 
 1.800002E+00 
 1.800002E+00 
 1.800002E+00 
 1.800002E+00 
 1.800002E+00 
 1.800002E+00 
 1.800002E+00 
 1.800002E+00 
 1.800000E+00 
 9.112165E-10 
 1.800000E+00 
 1.800000E+00 
 1.800000E+00 
 1.800000E+00 
 1.800000E+00 
 1.800000E+00 
-6.510699E-07 
 1.800000E+00 
 1.800000E+00 
 1.800000E+00 
 1.800000E+00 
 1.800000E+00 
 1.800000E+00 
 1.800000E+00 
 1.800000E+00 
 1.800001E+00 
-7.400875E-06 
 1.800000E+00 
 1.800000E+00 
 1.800000E+00 
 1.800000E+00 
 1.800000E+00 
 1.800000E+00 
 1.800000E+00 
 1.800000E+00 
-1.746523E-06 
 1.800000E+00 
 1.800000E+00 
 1.800000E+00 
 1.800000E+00 
 1.800000E+00 
 1.800000E+00 
 1.800000E+00 
 1.800006E+00 
-1.958342E-06 
 1.800001E+00 
 1.800000E+00 
 1.800000E+00 
 1.800000E+00 
 1.800000E+00 
 1.800000E+00 
 1.800000E+00 
 1.800007E+00 
 8.003425E-09 
 1.800000E+00 
 1.800000E+00 
 1.800000E+00 
 1.800000E+00 
 1.800000E+00 
 1.800000E+00 
 1.800000E+00 
 1.800000E+00 
 1.439121E-08 
 1.800007E+00 
 1.800007E+00 
 1.800007E+00 
 1.800007E+00 
 1.800007E+00 
 1.800007E+00 
 1.800007E+00 
 1.800007E+00 
 1.800007E+00 
 1.800000E+00 
-6.176133E-07 
 1.800000E+00 
 1.800000E+00 
 1.800000E+00 
 1.800000E+00 
 1.800000E+00 
 1.800000E+00 
 1.800000E+00 
-3.338474E-07 
 1.800000E+00 
 1.800000E+00 
 1.800000E+00 
 1.800000E+00 
 1.800000E+00 
 1.800000E+00 
 1.800000E+00 
 1.800000E+00 
 1.800000E+00 
 1.800000E+00 
-2.038723E-05 
 1.800000E+00 
 1.800000E+00 
 1.800000E+00 
 1.800000E+00 
 1.800000E+00 
 1.800000E+00 
 1.800000E+00 
 1.800000E+00 
 1.759005E-08 
 1.800007E+00 
 1.800007E+00 
 1.800007E+00 
 1.800007E+00 
 1.800007E+00 
 1.800007E+00 
 1.800007E+00 
 1.800007E+00 
 1.800007E+00 
 1.799999E+00 
 3.740815E-09 
 1.800000E+00 
 1.800000E+00 
 1.800000E+00 
 1.800000E+00 
 1.800000E+00 
 1.800000E+00 
 1.800000E+00 
 1.799999E+00 
 8.766759E-10 
 1.800000E+00 
 1.800000E+00 
 1.800000E+00 
 1.800000E+00 
 1.800000E+00 
 1.800000E+00 
 1.800000E+00 
 1.800000E+00 
 1.800000E+00 
-2.843406E-06 
 1.800000E+00 
 1.800000E+00 
 1.800000E+00 
 1.800000E+00 
 1.800000E+00 
 1.800000E+00 
 1.800000E+00 
 1.800000E+00 
 1.800000E+00 
 1.800000E+00 
 2.371180E-07 
 1.800000E+00 
 1.800000E+00 
 1.800000E+00 
 1.800000E+00 
 1.800000E+00 
 1.800000E+00 
 1.800000E+00 
 1.800000E+00 
 2.194788E-08 
 1.800000E+00 
 1.800000E+00 
 1.800000E+00 
 1.800000E+00 
 1.800000E+00 
 1.800000E+00 
 1.800000E+00 
 1.800000E+00 
 1.800000E+00 
 1.800000E+00 
 7.137531E-07 
 1.800000E+00 
 1.800000E+00 
 1.800000E+00 
 1.800000E+00 
 1.800000E+00 
 1.800000E+00 
 1.800000E+00 
 1.800000E+00 
-1.677999E-08 
 1.799999E+00 
 1.799999E+00 
 1.799999E+00 
 1.799999E+00 
 1.799999E+00 
 1.799999E+00 
 1.799999E+00 
 1.799999E+00 
 1.800000E+00 
 1.800006E+00 
 2.775121E-07 
 1.800000E+00 
 1.800000E+00 
 1.800000E+00 
 1.800000E+00 
 1.800000E+00 
 1.800000E+00 
 1.800002E+00 
 1.800000E+00 
 7.639217E-09 
 1.800000E+00 
 1.800000E+00 
 1.800000E+00 
 1.800000E+00 
 1.800000E+00 
 1.800000E+00 
 1.800000E+00 
 1.800000E+00 
 1.800000E+00 
 1.800000E+00 
 2.548723E-06 
 1.800000E+00 
 1.800000E+00 
 1.800000E+00 
 1.800000E+00 
 1.800000E+00 
 1.800000E+00 
 1.800000E+00 
 1.800000E+00 
-1.407310E-06 
 1.799999E+00 
 1.800000E+00 
 1.800000E+00 
 1.800000E+00 
 1.800000E+00 
 1.800000E+00 
 1.800000E+00 
 1.800000E+00 
 1.800000E+00 
-8.633472E-06 
 1.800000E+00 
 1.800000E+00 
 1.800000E+00 
 1.800000E+00 
 1.800000E+00 
 1.800000E+00 
 1.800000E+00 
 1.800000E+00 
 1.800000E+00 
-1.347852E-08 
 1.800000E+00 
 1.800000E+00 
 1.800000E+00 
 1.800000E+00 
 1.800000E+00 
 1.800000E+00 
 1.800000E+00 
 1.800000E+00 
 1.800001E+00 
-3.879951E-07 
 1.800000E+00 
 1.800000E+00 
 1.800000E+00 
 1.800000E+00 
 1.800000E+00 
 1.800000E+00 
 1.800000E+00 
-6.367414E-06 
 1.799999E+00 
 1.799999E+00 
 1.799999E+00 
 1.799999E+00 
 1.799999E+00 
 1.799999E+00 
 1.799999E+00 
 1.799999E+00 
 1.799999E+00 
 1.799999E+00 
 1.800000E+00 
 3.369467E-07 
 1.800000E+00 
 1.800000E+00 
 1.800000E+00 
 1.800000E+00 
 1.800000E+00 
-2.385015E-08 
 1.800001E+00 
 1.800001E+00 
 1.800001E+00 
 1.800001E+00 
 1.800001E+00 
 1.800001E+00 
 1.800001E+00 
 1.800001E+00 
 1.800001E+00 
 1.800001E+00 
 1.800000E+00 
-1.377272E-08 
 1.800000E+00 
 1.800000E+00 
 1.800000E+00 
 1.800000E+00 
 1.800000E+00 
 1.800000E+00 
 8.745200E-09 
 1.800000E+00 
 1.800000E+00 
 1.800000E+00 
 1.800000E+00 
 1.800000E+00 
 1.800000E+00 
 1.800000E+00 
 1.800000E+00 
 1.800000E+00 
 1.800001E+00 
 1.087008E-07 
 1.800000E+00 
 1.800000E+00 
 1.800000E+00 
 1.800005E+00 
 1.800000E+00 
-1.515283E-07 
 1.800000E+00 
 1.800000E+00 
 1.800000E+00 
 1.800000E+00 
 1.800000E+00 
 1.800000E+00 
 1.800000E+00 
 1.800000E+00 
 1.800000E+00 
 1.800000E+00 
-1.058760E-05 
 1.800000E+00 
 1.800000E+00 
 1.800000E+00 
 1.800000E+00 
 1.800000E+00 
 1.800000E+00 
 3.417596E-06 
 1.800007E+00 
 1.800007E+00 
 1.800007E+00 
 1.800007E+00 
 1.800007E+00 
 1.800007E+00 
 1.800000E+00 
 1.800000E+00 
 9.243477E-09 
 1.800000E+00 
 1.800000E+00 
 1.800000E+00 
 1.800000E+00 
 1.800000E+00 
 1.800000E+00 
 1.800000E+00 
 1.117759E-08 
 1.800000E+00 
 1.800000E+00 
 1.800000E+00 
 1.800000E+00 
 1.800000E+00 
 1.799998E+00 
 1.830679E-08 
 1.800000E+00 
 1.800000E+00 
 1.800000E+00 
 1.800000E+00 
 1.800000E+00 
 1.800000E+00 
 1.800000E+00 
 1.800000E+00 
 1.800000E+00 
-1.016259E-08 
 1.800000E+00 
 1.800000E+00 
 1.800000E+00 
 1.800000E+00 
 1.800000E+00 
 2.470211E-08 
 1.800000E+00 
 1.800000E+00 
 1.800000E+00 
 1.800000E+00 
 1.800000E+00 
 1.800000E+00 
 1.800000E+00 
-2.525933E-07 
 1.800000E+00 
 1.800000E+00 
 1.800000E+00 
 1.800000E+00 
 1.800000E+00 
 1.800000E+00 
 1.800000E+00 
 8.533595E-07 
 1.800000E+00 
 1.800000E+00 
 1.800000E+00 
 1.800000E+00 
 1.800000E+00 
 1.800000E+00 
-2.369325E-08 
 1.800001E+00 
 1.800001E+00 
 1.800001E+00 
 1.800001E+00 
 1.800000E+00 
 1.800000E+00 
-2.507818E-08 
 1.800000E+00 
 1.800000E+00 
 1.800000E+00 
 1.800000E+00 
 1.800000E+00 
 1.800000E+00 
 1.800000E+00 
-2.303369E-06 
 1.799998E+00 
 1.800000E+00 
 1.800000E+00 
 1.800000E+00 
-8.905817E-07 
 1.800000E+00 
 1.800000E+00 
 1.800000E+00 
 1.800000E+00 
 1.800000E+00 
 1.800000E+00 
 1.800000E+00 
 1.800000E+00 
-2.043081E-07 
 1.800000E+00 
 1.800000E+00 
 1.800000E+00 
 1.800000E+00 
 1.800000E+00 
 6.330723E-09 
 1.799999E+00 
 1.799999E+00 
 1.799999E+00 
 1.799999E+00 
 1.800000E+00 
 6.383951E-06 
 1.800000E+00 
 1.800000E+00 
 1.800000E+00 
 1.800000E+00 
 1.800000E+00 
 1.800000E+00 
 1.800000E+00 
 4.139291E-06 
 1.800000E+00 
 1.799999E+00 
 1.800001E+00 
 1.800000E+00 
-1.635238E-07 
 1.800000E+00 
 1.800000E+00 
 1.800000E+00 
 1.800000E+00 
 1.800000E+00 
 1.800000E+00 
 2.454164E-08 
 1.800007E+00 
 1.800007E+00 
 1.800007E+00 
 1.800000E+00 
 1.800000E+00 
 7.572455E-09 
 1.800000E+00 
 1.800000E+00 
 1.800000E+00 
 1.800000E+00 
 1.800000E+00 
-8.897480E-08 
 1.800000E+00 
 1.800000E+00 
 1.800000E+00 
 1.800000E+00 
 1.800000E+00 
 1.800000E+00 
 6.143985E-07 
 1.800000E+00 
 1.800000E+00 
 1.800000E+00 
 1.693258E-07 
 1.800000E+00 
 1.800000E+00 
 1.800000E+00 
 1.800000E+00 
 1.800000E+00 
 1.800000E+00 
 1.800000E+00 
-2.843813E-06 
 1.800001E+00 
 1.799999E+00 
 1.800000E+00 
-4.225554E-08 
 1.800000E+00 
 1.800000E+00 
 1.800000E+00 
 1.800000E+00 
 1.800000E+00 
 1.800000E+00 
 5.185600E-07 
 1.800000E+00 
 1.800000E+00 
 1.800000E+00 
 1.800000E+00 
-6.457500E-07 
 1.800000E+00 
 1.800000E+00 
 1.800000E+00 
 1.800000E+00 
-5.210097E-07 
 1.800000E+00 
 1.800000E+00 
 1.800000E+00 
 1.800000E+00 
 1.800000E+00 
 1.800000E+00 
 1.905023E-07 
 1.800000E+00 
 1.800000E+00 
 1.304522E-07 
 1.800000E+00 
 1.800000E+00 
 1.800000E+00 
 1.800000E+00 
 1.800000E+00 
 1.800000E+00 
 1.800000E+00 
-7.935380E-09 
 1.800000E+00 
 1.482535E-08 
 1.800000E+00 
 1.800000E+00 
 1.800000E+00 
 1.800000E+00 
 1.800000E+00 
 1.800000E+00 
 1.800000E+00 
 1.800000E+00 
-3.105891E-07 
-3.974787E-07 
 1.800000E+00 
 1.800000E+00 
 1.800000E+00 
 1.800000E+00 
 1.800000E+00 
 1.800000E+00 
 1.800000E+00 
 1.800000E+00 
 3.645623E-06 
 1.800008E+00 
 5.030733E-07 
 1.800000E+00 
 1.800000E+00 
 1.800000E+00 
 1.800000E+00 
 1.800000E+00 
 1.800000E+00 
-1.190792E-05 
 1.800000E+00 
 1.800000E+00 
 4.093591E-07 
 1.800000E+00 
 1.800000E+00 
 1.800000E+00 
 1.800000E+00 
 1.800000E+00 
-1.312967E-07 
 1.800000E+00 
 1.800000E+00 
 1.800000E+00 
 4.198620E-08 
 1.800000E+00 
 1.800000E+00 
 1.800000E+00 
 1.800000E+00 
 2.283978E-08 
 1.800000E+00 
 1.800000E+00 
 1.800000E+00 
 1.800000E+00 
 1.195469E-07 
 1.800000E+00 
 1.799999E+00 
 1.800000E+00 
-1.508130E-08 
 1.800000E+00 
 1.800000E+00 
 1.800000E+00 
 1.800000E+00 
 6.698158E-07 
 1.800000E+00 
 1.800000E+00 
 8.214825E-09 
 1.800000E+00 
 1.800000E+00 
 1.800000E+00 
 1.800000E+00 
 1.800000E+00 
 2.392316E-08 
 1.800000E+00 
 1.800000E+00 
 1.800000E+00 
-3.573966E-08 
 1.800000E+00 
 1.800000E+00 
 1.800000E+00 
-1.736350E-07 
 1.800000E+00 
 1.800000E+00 
 1.800000E+00 
 1.800000E+00 
 5.809312E-09 
 1.800000E+00 
 1.799999E+00 
-2.365291E-06 
 1.800000E+00 
 1.800000E+00 
 1.800000E+00 
 1.800000E+00 
 6.809889E-09 
 1.800000E+00 
 1.800000E+00 
 1.800000E+00 
 1.522841E-07 
 1.799999E+00 
 1.799999E+00 
 1.800000E+00 
 8.316651E-09 
 1.800000E+00 
 1.800000E+00 
 1.800000E+00 
 1.800000E+00 
-1.212165E-05 
 1.800000E+00 
-4.718063E-08 
 1.800000E+00 
 1.800000E+00 
 1.800000E+00 
 1.800000E+00 
 1.800000E+00 
 6.838520E-06 
 1.799999E+00 
 1.800000E+00 
 7.214146E-09 
 1.800007E+00 
 1.800000E+00 
 1.800007E+00 
 2.643243E-06 
 1.800000E+00 
 1.800000E+00 
 1.800000E+00 
-3.308830E-08 
 1.800000E+00 
 1.800001E+00 
-6.481417E-08 
 1.800000E+00 
 1.800000E+00 
 1.800000E+00 
 1.800003E+00 
 4.711177E-09 
 1.800000E+00 
 1.800000E+00 
 3.509649E-08 
 1.800005E+00 
 1.800005E+00 
 1.800000E+00 
 7.561742E-08 
 1.800000E+00 
 1.800000E+00 
 1.800000E+00 
-1.006448E-06 
 1.800000E+00 
 1.799999E+00 
 8.105203E-09 
 1.800000E+00 
 1.800000E+00 
 1.800000E+00 
 6.380630E-10 
 1.800000E+00 
 1.800000E+00 
 1.800008E+00 
-3.290587E-08 
 1.800000E+00 
 1.800000E+00 
 1.186457E-07 
 1.800000E+00 
 1.800000E+00 
 1.800000E+00 
-2.212600E-09 
 1.800000E+00 
 1.800000E+00 
-1.764669E-05 
 1.800000E+00 
 1.800000E+00 
 1.799999E+00 
-1.866328E-06 
 1.800000E+00 
 1.800000E+00 
-6.802512E-06 
 1.800000E+00 
 1.800000E+00 
 1.800000E+00 
-1.952281E-08 
 1.800000E+00 
 1.800000E+00 
 4.248613E-06 
 1.800000E+00 
 1.800000E+00 
 4.505604E-08 
 1.800000E+00 
 1.800000E+00 
 1.800000E+00 
 7.500473E-09 
 1.800000E+00 
 1.800000E+00 
 8.610258E-07 
 1.800000E+00 
 1.800000E+00 
 1.800000E+00 
-2.428974E-05 
 1.800007E+00 
-3.380557E-08 
 1.800005E+00 
 1.800005E+00 
 1.800005E+00 
 1.800005E+00 
 3.902647E-08 
-3.192186E-08 
 1.800000E+00 
 1.800000E+00 
 1.800000E+00 
 1.800000E+00 
 5.242908E-08 
 1.800000E+00 
 1.800000E+00 
-2.435698E-05 
 1.800000E+00 
 1.800000E+00 
-5.681953E-06 
 1.799998E+00 
 1.800000E+00 
 3.200984E-09 
 1.800000E+00 
 1.800000E+00 
 6.650145E-09 
 1.800000E+00 
 1.800001E+00 
 1.068393E-08 
 1.800000E+00 
 1.800000E+00 
 1.800000E+00 
-3.767184E-09 
-3.170415E-09 
 1.799999E+00 
 1.799999E+00 
 1.799999E+00 
 1.799999E+00 
 1.800000E+00 
-2.646884E-07 
-1.632653E-07 
 1.800000E+00 
 1.799999E+00 
-2.166871E-07 
 1.800000E+00 
 1.800000E+00 
 1.800000E+00 
 1.810421E-05 
 1.800000E+00 
 6.143435E-08 
 1.800000E+00 
 1.800000E+00 
 1.800000E+00 
 4.766518E-05 
 1.800000E+00 
 2.933536E-08 
 1.800000E+00 
 1.800000E+00 
 2.388501E-06 
 1.800000E+00 
 1.800000E+00 
 1.800000E+00 
 2.123867E-05 
-1.017230E-07 
 1.800000E+00 
 1.800000E+00 
 1.800000E+00 
 1.800006E+00 
-1.920405E-06 
 1.797586E-08 
 1.800000E+00 
 1.800000E+00 
 1.800000E+00 
 1.038814E-08 
 1.800001E+00 
 1.444123E-09 
 1.800000E+00 
 1.799999E+00 
 1.800000E+00 
 2.052092E-08 
 9.928352E-09 
 1.800004E+00 
 1.800004E+00 
 1.800000E+00 
-6.369917E-08 
 1.800000E+00 
 1.800000E+00 
 2.777566E-09 
 1.800000E+00 
 3.486853E-07 
 1.800007E+00 
 1.800000E+00 
-9.741421E-10 
 1.800000E+00 
 1.799999E+00 
-5.324573E-09 
 1.800004E+00 
 3.864103E-09 
 1.799999E+00 
 1.800000E+00 
-9.214360E-07 
 1.800001E+00 
 1.800000E+00 
 6.588366E-09 
 1.800000E+00 
 1.800000E+00 
-1.427360E-05 
 1.807824E-05 
 1.800000E+00 
 1.800000E+00 
 1.800000E+00 
 7.585196E-09 
 1.800000E+00 
 1.800000E+00 
 6.732969E-09 
-1.439612E-08 
 1.800000E+00 
 1.800000E+00 
 1.800000E+00 
 6.800760E-08 
 1.800000E+00 
 2.104764E-07 
 1.800000E+00 
 1.800000E+00 
 4.479181E-07 
 1.800002E+00 
 1.734892E-07 
 1.800000E+00 
 1.800000E+00 
 1.013979E-05 
 1.800000E+00 
 7.901757E-07 
 1.799999E+00 
 1.800000E+00 
-2.739602E-07 
 1.800000E+00 
-3.700326E-07 
 1.800000E+00 
 1.800000E+00 
-2.205947E-06 
 1.800000E+00 
 6.610818E-07 
 1.800000E+00 
 1.800000E+00 
-1.982047E-05 
 1.800000E+00 
 1.357379E-08 
 1.800000E+00 
 6.427012E-08 
 1.800000E+00 
 1.800000E+00 
 1.799999E+00 
-3.873962E-07 
-4.954109E-07 
 1.800000E+00 
 1.800000E+00 
 1.355399E-08 
 1.800000E+00 
 5.566354E-09 
 1.800007E+00 
 1.800000E+00 
 2.154450E-08 
 1.800000E+00 
 1.978630E-07 
 1.800000E+00 
 9.374576E-07 
 1.800000E+00 
 1.799999E+00 
-4.220171E-08 
 1.800004E+00 
 2.881889E-09 
 1.800000E+00 
 1.799999E+00 
 3.249961E-08 
 1.800000E+00 
-6.906179E-07 
 1.800000E+00 
 1.612216E-08 
 1.800000E+00 
 8.116858E-10 
 1.800000E+00 
 1.800000E+00 
 3.944709E-09 
 1.800000E+00 
 1.767676E-07 
 1.800000E+00 
 1.800000E+00 
 2.613484E-07 
-4.593848E-08 
 1.800000E+00 
 1.799999E+00 
 5.952304E-09 
 1.800000E+00 
 7.242660E-09 
 1.800008E+00 
 1.800000E+00 
-3.533161E-06 
-3.559600E-06 
 1.800006E+00 
 1.800006E+00 
-1.214338E-07 
 1.800000E+00 
 1.800000E+00 
 8.500393E-07 
-2.396543E-06 
 1.800000E+00 
 3.058373E-08 
 1.800000E+00 
 1.800000E+00 
 2.454430E-08 
 1.800000E+00 
 2.215157E-05 
 1.800000E+00 
-6.037979E-08 
 1.800000E+00 
 1.800000E+00 
 3.293943E-07 
 6.690866E-09 
 1.800007E+00 
 1.800000E+00 
-1.235919E-07 
-1.225002E-07 
 1.800000E+00 
 1.800000E+00 
 1.800007E+00 
 5.715908E-07 
 5.717205E-07 
 5.717207E-07 
 1.800000E+00 
 1.800000E+00 
 1.800000E+00 
 1.464251E-06 
 1.800000E+00 
-3.828471E-07 
-3.322016E-07 
 1.800006E+00 
 1.800000E+00 
-1.677293E-07 
 1.800000E+00 
-1.745641E-09 
-2.709054E-10 
 1.800000E+00 
 1.800000E+00 
 1.800000E+00 
 5.013925E-09 
 5.002215E-09 
 5.002638E-09 
 1.800000E+00 
 1.800000E+00 
 1.800000E+00 
-2.962956E-08 
-2.835354E-08 
 1.800000E+00 
-7.830653E-07 
 1.799999E+00 
 7.055966E-09 
 1.800000E+00 
 1.800000E+00 
-2.305050E-07 
-2.295209E-07 
 1.800000E+00 
 1.021034E-06 
 1.800000E+00 
 1.800001E+00 
-1.431961E-06 
-1.429841E-06 
 1.800000E+00 
 1.800000E+00 
-9.621199E-08 
-5.847669E-08 
 1.800000E+00 
 2.025707E-06 
 1.800000E+00 
 1.800000E+00 
-5.049584E-07 
-5.437511E-07 
 1.800000E+00 
-7.518391E-07 
 1.800000E+00 
 1.799999E+00 
-1.347048E-08 
-1.318511E-08 
 1.799998E+00 
 3.359463E-08 
 1.800000E+00 
 9.383777E-09 
 1.800000E+00 
-1.207391E-06 
 1.800000E+00 
 1.817413E-09 
 1.800000E+00 
 1.008334E-08 
 1.800005E+00 
-1.563788E-06 
 1.800000E+00 
 1.232411E-08 
 1.800000E+00 
-5.529710E-08 
 3.556982E-09 
 1.800000E+00 
 1.800005E+00 
-1.266533E-08 
 1.277613E-08 
 1.800000E+00 
 1.800000E+00 
-1.879189E-07 
-3.180776E-08 
 1.800000E+00 
-1.264784E-07 
 1.800001E+00 
 2.934756E-06 
 1.800000E+00 
-8.881910E-08 
 1.800000E+00 
-5.073492E-09 
 6.251958E-09 
 1.800000E+00 
 1.800000E+00 
 2.864508E-06 
-2.361640E-08 
 1.800000E+00 
-1.825483E-07 
 1.800000E+00 
 1.618038E-08 
 1.800000E+00 
 2.264839E-06 
 1.800000E+00 
-1.682166E-07 
 6.308709E-09 
 1.800000E+00 
 1.800006E+00 
 1.429724E-06 
 1.431380E-06 
 1.800000E+00 
 9.337059E-07 
-1.031920E-08 
 1.800000E+00 
 1.800000E+00 
 8.463372E-09 
 1.800000E+00 
 8.600423E-06 
 8.476665E-06 
 1.800007E+00 
-4.121004E-06 
 9.319862E-08 
 1.800000E+00 
 1.800000E+00 
-2.734432E-06 
-2.734405E-06 
 1.800000E+00 
 1.800001E+00 
-1.173577E-07 
 1.056248E-06 
 1.056248E-06 
 1.800003E+00 
 1.800000E+00 
 3.098062E-06 
 2.894574E-06 
 1.800000E+00 
-1.219893E-05 
-1.217850E-05 
 1.800000E+00 
 1.800000E+00 
-1.020758E-07 
-1.016716E-07 
 1.800000E+00 
-1.007198E-06 
 1.800000E+00 
-2.413608E-05 
 2.135932E-08 
 1.800000E+00 
 7.629279E-07 
 1.800000E+00 
 7.222951E-06 
 1.800000E+00 
 5.736197E-08 
 5.021671E-08 
 1.800000E+00 
-1.692767E-05 
 1.800000E+00 
 7.752441E-05 
 1.739904E-05 
 1.800000E+00 
 3.745671E-08 
 1.800000E+00 
-7.445921E-09 
 1.800000E+00 
-1.535401E-06 
 8.776692E-09 
 1.800007E+00 
 6.212914E-06 
-1.243377E-05 
 1.800000E+00 
 1.800001E+00 
 3.227672E-07 
 6.560100E-09 
 6.516230E-09 
 1.800000E+00 
 1.316819E-08 
 1.800000E+00 
 5.361869E-08 
 1.800000E+00 
-3.322612E-07 
-1.613870E-08 
 1.799999E+00 
 6.229744E-09 
 1.800000E+00 
-2.658421E-06 
-2.595286E-06 
 1.799998E+00 
-8.040245E-08 
-2.725000E-09 
 1.800000E+00 
 1.367185E-06 
 1.800000E+00 
 7.551671E-09 
 1.800001E+00 
 1.466026E-09 
 5.713676E-09 
 5.712490E-09 
 1.800000E+00 
 1.800000E+00 
 3.816840E-06 
 3.426707E-06 
 3.426707E-06 
 1.800000E+00 
 4.859771E-09 
 1.799999E+00 
-2.232305E-06 
-2.455528E-06 
 1.800006E+00 
 4.937166E-07 
 1.800000E+00 
 2.048137E-06 
 1.647878E-06 
 1.800000E+00 
-5.684096E-08 
-5.556431E-08 
 1.800000E+00 
-8.803369E-07 
 1.800000E+00 
 9.065865E-08 
 8.761931E-08 
 8.761941E-08 
 1.799999E+00 
 1.800000E+00 
 2.192023E-06 
 1.598376E-06 
 1.598375E-06 
 1.800000E+00 
 9.681576E-08 
 1.800002E+00 
 4.543310E-07 
-2.041945E-09 
-2.041925E-09 
 1.800000E+00 
 1.800000E+00 
-3.882276E-08 
 6.409254E-09 
 6.409184E-09 
 1.800000E+00 
 5.553425E-08 
 2.176092E-08 
 1.800006E+00 
 8.315978E-08 
 1.800000E+00 
-5.221085E-07 
 1.395464E-08 
 1.395564E-08 
 1.800000E+00 
 1.799998E+00 
-2.456328E-05 
-2.473660E-05 
-2.473660E-05 
-2.473660E-05 
 1.800000E+00 
 6.120442E-06 
 1.800001E+00 
-2.707440E-06 
 1.800001E+00 
 2.008671E-06 
 5.931447E-09 
 5.931431E-09 
 5.934130E-09 
 1.800000E+00 
 1.800000E+00 
-1.367571E-09 
-6.566823E-09 
-6.566784E-09 
 1.800000E+00 
 3.455237E-09 
 3.462836E-09 
 1.800005E+00 
 7.497919E-09 
 1.800000E+00 
 1.818471E-06 
 1.798724E-06 
 1.798724E-06 
 1.800000E+00 
-2.824383E-06 
 2.006200E-08 
 1.800000E+00 
-2.528507E-05 
-2.520869E-05 
 1.800000E+00 
 5.142973E-08 
 3.363375E-08 
 1.799999E+00 
-3.222414E-07 
-3.219180E-07 
 1.800000E+00 
 7.949795E-06 
 1.401809E-05 
 1.800000E+00 
 8.787155E-08 
 8.834513E-09 
 8.835216E-09 
 1.800000E+00 
-1.586739E-05 
 1.800003E+00 
-4.675490E-08 
-3.798913E-07 
-3.798912E-07 
 1.799999E+00 
-5.417798E-08 
-6.749149E-08 
 1.800000E+00 
-1.219154E-07 
 1.634259E-07 
 1.800000E+00 
-8.320557E-07 
-3.144575E-07 
-3.144574E-07 
 1.800001E+00 
-2.862223E-07 
 1.800000E+00 
 4.462242E-06 
 4.367668E-06 
 4.367667E-06 
 4.367667E-06 
 1.800000E+00 
 6.437027E-08 
 1.800000E+00 
 1.073703E-05 
-3.002744E-05 
-3.002744E-05 
 1.800001E+00 
-1.126321E-07 
 9.015630E-09 
 1.800000E+00 
-6.584695E-08 
-8.674445E-10 
-8.669798E-10 
 1.800000E+00 
-8.717259E-07 
-8.681257E-07 
 1.800000E+00 
-5.458189E-06 
-4.967050E-06 
-4.967051E-06 
 1.800001E+00 
 4.289876E-06 
 1.800000E+00 
-3.864080E-08 
-2.342675E-08 
-2.341248E-08 
-2.341748E-08 
-2.341743E-08 
 1.800000E+00 
 1.800004E+00 
 5.342539E-08 
 4.555994E-07 
 4.555993E-07 
 4.555994E-07 
 1.800000E+00 
 1.325658E-06 
 6.365811E-09 
 6.365125E-09 
 1.800000E+00 
-6.316155E-07 
 1.800000E+00 
-8.160749E-07 
 2.454475E-08 
 2.454474E-08 
 2.454449E-08 
 1.800000E+00 
 6.372616E-08 
 4.327270E-07 
 4.327270E-07 
 1.800008E+00 
 3.997381E-07 
 1.800000E+00 
 3.939572E-06 
-4.219436E-08 
-4.219447E-08 
-4.219533E-08 
-4.219437E-08 
 1.800000E+00 
 1.575639E-08 
 1.800000E+00 
-2.724096E-06 
 2.555562E-08 
 2.555562E-08 
 2.555520E-08 
 1.800000E+00 
-3.970645E-08 
-3.795360E-08 
 1.800000E+00 
-7.095764E-09 
-6.649817E-09 
-6.651900E-09 
-6.650019E-09 
 1.800000E+00 
 2.663431E-06 
 2.662868E-06 
 1.800000E+00 
-3.928929E-07 
-3.962982E-07 
-3.962980E-07 
 1.800000E+00 
-1.240317E-05 
-1.230734E-05 
-1.230734E-05 
-1.230734E-05 
 1.800000E+00 
-1.669494E-08 
 1.800000E+00 
 3.137567E-07 
 1.089339E-09 
 1.088306E-09 
 1.093400E-09 
 1.089410E-09 
 1.100419E-09 
 1.800000E+00 
 1.800000E+00 
 8.277129E-07 
-8.743251E-08 
-8.742926E-08 
-8.742942E-08 
-8.742919E-08 
-8.742920E-08 
 1.800000E+00 
 1.125862E-06 
 1.135115E-06 
 1.800000E+00 
-6.574482E-08 
-6.862685E-08 
-6.862691E-08 
 1.800004E+00 
 6.056289E-06 
-5.756340E-07 
-5.756341E-07 
-5.756343E-07 
 1.800000E+00 
-1.280314E-07 
-2.331784E-08 
-2.331780E-08 
 1.800000E+00 
 4.359918E-07 
 4.970616E-09 
 4.970622E-09 
 1.800000E+00 
-4.152681E-07 
-4.186730E-07 
-4.186742E-07 
-4.186704E-07 
 1.800000E+00 
-2.515176E-06 
-2.332982E-06 
-2.332981E-06 
-2.332981E-06 
 1.800000E+00 
-2.309629E-07 
-2.310221E-07 
 1.800000E+00 
 2.994557E-06 
-6.335597E-08 
-6.335726E-08 
-6.335728E-08 
-6.335727E-08 
 1.800000E+00 
-1.590140E-08 
 3.233724E-10 
 3.234012E-10 
 3.224038E-10 
 1.800000E+00 
-3.243809E-07 
-3.930293E-07 
 1.800000E+00 
 1.160121E-07 
 1.213125E-07 
 1.213167E-07 
 1.213130E-07 
 1.213132E-07 
 1.213150E-07 
 1.800000E+00 
 5.377320E-07 
 1.800000E+00 
 1.185187E-09 
 1.820051E-09 
 1.819913E-09 
 1.820067E-09 
 1.820090E-09 
 1.820120E-09 
 1.819920E-09 
 1.800000E+00 
 7.685236E-09 
 7.649120E-09 
 1.800000E+00 
-2.301217E-06 
 2.490369E-08 
 2.490360E-08 
 2.490370E-08 
 2.490364E-08 
 1.800000E+00 
-6.849190E-06 
-6.844161E-06 
-6.844163E-06 
 1.800000E+00 
 1.552000E-08 
 9.358264E-10 
 9.341931E-10 
 9.226425E-10 
 9.342296E-10 
 1.800000E+00 
 3.010374E-07 
 2.545477E-07 
 2.545474E-07 
 2.545477E-07 
 1.800000E+00 
-1.516351E-07 
 6.133173E-09 
 6.137562E-09 
 6.133160E-09 
 6.133191E-09 
 1.800000E+00 
 5.028772E-07 
 1.174384E-06 
 1.174380E-06 
 1.800007E+00 
 3.474107E-07 
 3.585679E-09 
 3.587157E-09 
 3.583791E-09 
 3.583841E-09 
 3.583838E-09 
 1.800000E+00 
 3.480618E-07 
 3.398334E-07 
 3.398337E-07 
 1.799998E+00 
 4.929120E-08 
 1.704190E-08 
 1.704112E-08 
 1.704111E-08 
 1.704120E-08 
 1.704111E-08 
 1.800000E+00 
 7.875456E-08 
 5.814304E-08 
 5.814313E-08 
 5.814296E-08 
 1.800000E+00 
 5.309314E-08 
 2.807673E-08 
 2.807671E-08 
 2.807637E-08 
 2.807667E-08 
 1.799998E+00 
 1.382061E-05 
-2.954611E-05 
-2.954613E-05 
-2.954613E-05 
 1.800000E+00 
-1.516465E-05 
-1.516499E-05 
-1.516499E-05 
-1.516499E-05 
-1.516499E-05 
-1.516499E-05 
-1.516499E-05 
 1.800000E+00 
 3.823549E-08 
-1.132379E-09 
 1.800000E+00 
 1.478793E-06 
 6.317129E-09 
 6.317239E-09 
 6.318442E-09 
 6.317119E-09 
 6.317110E-09 
 6.316985E-09 
 6.317130E-09 
 1.800000E+00 
 2.497219E-07 
-1.609224E-08 
-1.609168E-08 
-1.609194E-08 
 1.800000E+00 
 4.078914E-07 
 4.079217E-07 
 4.079218E-07 
 4.079219E-07 
 4.079218E-07 
 1.800000E+00 
-7.121676E-06 
 1.602649E-06 
 1.602649E-06 
 1.602648E-06 
 1.602649E-06 
 1.602652E-06 
 1.602649E-06 
 1.800000E+00 
 1.430386E-06 
 1.684138E-10 
 1.685705E-10 
 1.800000E+00 
-1.217558E-06 
 1.087668E-08 
 1.087649E-08 
 1.087692E-08 
 1.087678E-08 
 1.087669E-08 
 1.087668E-08 
 1.087649E-08 
 1.800000E+00 
-9.799615E-08 
-6.672117E-08 
-6.672454E-08 
-6.672078E-08 
-6.672104E-08 
 1.800000E+00 
 1.232391E-06 
 2.431595E-09 
 2.432018E-09 
 2.432716E-09 
 2.431933E-09 
 2.431896E-09 
 1.800007E+00 
-1.661322E-07 
-1.656035E-07 
-1.656075E-07 
-1.656034E-07 
-1.656034E-07 
 1.800000E+00 
 2.868979E-07 
 2.813982E-07 
 2.814002E-07 
 2.813996E-07 
 2.813997E-07 
 2.813995E-07 
 2.813999E-07 
 2.814016E-07 
 1.799999E+00 
 8.682385E-08 
 6.534984E-09 
 6.534974E-09 
 6.534312E-09 
 1.799999E+00 
 1.142872E-07 
 1.559780E-08 
 1.558458E-08 
 1.558458E-08 
 1.558586E-08 
 1.558458E-08 
 1.558744E-08 
 1.558458E-08 
 1.558390E-08 
 1.800004E+00 
 5.475047E-09 
 6.194541E-09 
 6.194551E-09 
 1.800000E+00 
 1.253973E-06 
 1.349449E-06 
 1.349449E-06 
 1.349453E-06 
 1.349448E-06 
 1.349448E-06 
 1.349448E-06 
 1.349448E-06 
 1.349450E-06 
 1.349447E-06 
 1.349448E-06 
 1.800000E+00 
 2.452706E-09 
 2.589386E-09 
 1.800000E+00 
 5.139026E-08 
-1.049474E-08 
-1.049476E-08 
-1.049285E-08 
-1.049473E-08 
-1.049469E-08 
-1.049488E-08 
-1.049474E-08 
-1.049505E-08 
-1.049476E-08 
-1.049472E-08 
-1.049504E-08 
 1.800000E+00 
 2.851325E-07 
 2.832148E-07 
 1.799999E+00 
 2.226517E-06 
 1.431258E-06 
 1.431258E-06 
 1.431258E-06 
 1.431257E-06 
 1.431268E-06 
 1.431259E-06 
 1.431258E-06 
 1.431258E-06 
 1.431258E-06 
 1.431260E-06 
 1.431258E-06 
 1.799999E+00 
 1.365551E-07 
 1.264179E-07 
 1.264180E-07 
 1.800007E+00 
-2.692914E-06 
 3.503495E-06 
 3.503473E-06 
 3.503494E-06 
 3.503494E-06 
 3.503494E-06 
 3.503494E-06 
 3.503489E-06 
 3.503493E-06 
 3.503492E-06 
 3.503493E-06 
 1.800008E+00 
 4.241072E-07 
 4.274622E-07 
 4.274622E-07 
 4.274622E-07 
 4.274622E-07 
 1.800000E+00 
 1.577499E-06 
 9.579340E-06 
 9.579341E-06 
 9.579341E-06 
 9.579340E-06 
 9.579341E-06 
 9.579339E-06 
 9.579340E-06 
 9.579339E-06 
 9.579341E-06 
 1.800000E+00 
 2.126140E-06 
-1.955928E-05 
-1.955928E-05 
-1.955928E-05 
-1.955928E-05 
-1.955928E-05 
 1.799998E+00 
-6.906536E-08 
 4.773303E-08 
 4.773310E-08 
 4.773279E-08 
 4.773345E-08 
 4.773306E-08 
 4.773502E-08 
 4.773305E-08 
 4.773310E-08 
 1.800000E+00 
-9.016015E-08 
 7.405590E-09 
 7.414058E-09 
 7.406556E-09 
 7.414018E-09 
 7.417237E-09 
 7.413606E-09 
 7.414184E-09 
 1.800000E+00 
 2.623444E-07 
 2.884703E-07 
 2.884707E-07 
 2.884821E-07 
 2.884704E-07 
 2.884704E-07 
 2.884699E-07 
 2.884704E-07 
 2.884704E-07 
 1.800000E+00 
 2.256020E-08 
 2.360118E-08 
 2.360142E-08 
 2.360146E-08 
 2.360112E-08 
 2.359969E-08 
 1.800000E+00 
 5.280182E-08 
-1.112661E-08 
-1.112673E-08 
-1.112691E-08 
-1.112674E-08 
-1.112674E-08 
-1.112665E-08 
-1.112672E-08 
-1.112675E-08 
-1.112673E-08 
-1.112676E-08 
-1.112707E-08 
 1.800000E+00 
-8.428373E-08 
-5.079951E-08 
-5.079868E-08 
-5.079908E-08 
-5.079865E-08 
 1.800001E+00 
-1.767022E-05 
 1.638626E-05 
 1.638626E-05 
 1.638626E-05 
 1.638628E-05 
 1.638626E-05 
 1.638627E-05 
 1.638626E-05 
 1.638627E-05 
 1.638626E-05 
 1.638628E-05 
 1.638626E-05 
 1.800000E+00 
-1.339754E-06 
-1.342784E-06 
-1.342785E-06 
-1.342784E-06 
-1.342784E-06 
-1.342784E-06 
-1.342784E-06 
 1.800000E+00 
-3.701886E-10 
 2.940258E-09 
 2.940814E-09 
 2.942468E-09 
 2.940699E-09 
 2.940700E-09 
 2.943067E-09 
 2.940198E-09 
 2.940905E-09 
 2.940692E-09 
 1.799999E+00 
-9.491536E-08 
-6.361037E-10 
-6.351781E-10 
-6.361168E-10 
-6.361993E-10 
-6.360983E-10 
-6.366095E-10 
 1.799999E+00 
-2.237274E-07 
-2.409140E-07 
-2.409125E-07 
-2.409113E-07 
-2.409127E-07 
-2.409124E-07 
-2.409124E-07 
-2.409124E-07 
-2.409123E-07 
-2.409122E-07 
-2.409124E-07 
-2.409121E-07 
 1.800000E+00 
-7.145302E-08 
 2.853044E-08 
 2.853086E-08 
 2.852995E-08 
 2.853015E-08 
 1.800000E+00 
-1.344425E-08 
-5.741478E-09 
-5.741317E-09 
-5.741607E-09 
-5.741622E-09 
-5.741613E-09 
-5.743202E-09 
-5.741612E-09 
-5.741607E-09 
-5.741603E-09 
-5.740487E-09 
-5.741609E-09 
-5.740697E-09 
-5.741613E-09 
 1.800000E+00 
 2.310677E-07 
 4.037786E-08 
 4.037766E-08 
 4.037764E-08 
 1.800000E+00 
 5.226502E-08 
 4.613164E-08 
 4.613165E-08 
 4.613169E-08 
 4.613156E-08 
 4.613064E-08 
 4.613121E-08 
 4.613164E-08 
 4.613154E-08 
 4.612904E-08 
 4.613165E-08 
 4.613162E-08 
 4.613165E-08 
 4.613163E-08 
 1.800000E+00 
-2.792317E-08 
-2.896912E-08 
-2.896896E-08 
-2.896892E-08 
 1.800000E+00 
 9.582622E-07 
 6.518120E-09 
 6.517379E-09 
 6.520592E-09 
 6.518149E-09 
 6.518902E-09 
 6.598822E-09 
 6.518092E-09 
 6.524492E-09 
 6.518256E-09 
 6.497781E-09 
 6.516885E-09 
 6.518039E-09 
 6.517633E-09 
 1.799999E+00 
 7.307440E-08 
 7.321695E-08 
 7.321316E-08 
 7.321695E-08 
 7.321694E-08 
 1.800000E+00 
 4.297947E-08 
 2.752129E-08 
 2.752128E-08 
 2.752130E-08 
 2.752130E-08 
 2.752139E-08 
 2.752127E-08 
 2.752122E-08 
 2.752129E-08 
 2.752064E-08 
 2.752132E-08 
 2.752079E-08 
 1.800000E+00 
 5.848764E-07 
 4.866511E-08 
 4.866924E-08 
 4.866447E-08 
 4.866446E-08 
 4.866408E-08 
 1.800000E+00 
-3.632639E-06 
 1.436902E-05 
 1.436902E-05 
 1.436902E-05 
 1.436902E-05 
 1.436902E-05 
 1.436902E-05 
 1.436902E-05 
 1.436902E-05 
 1.436902E-05 
 1.436902E-05 
 1.800000E+00 
 1.464041E-06 
 1.694441E-06 
 1.694439E-06 
 1.694441E-06 
 1.694441E-06 
 1.694441E-06 
 1.694441E-06 
 1.800000E+00 
-4.165684E-06 
-4.621126E-06 
-4.621126E-06 
-4.621126E-06 
-4.621126E-06 
-4.621126E-06 
-4.621126E-06 
-4.621126E-06 
-4.621126E-06 
-4.621126E-06 
 1.799998E+00 
-1.140106E-07 
 5.347646E-08 
 5.347609E-08 
 5.347605E-08 
 5.347602E-08 
 5.347586E-08 
 5.347613E-08 
 1.800000E+00 
 1.963347E-07 
 1.728080E-07 
 1.728080E-07 
 1.728081E-07 
 1.728079E-07 
 1.728081E-07 
 1.728081E-07 
 1.728080E-07 
 1.728080E-07 
 1.800000E+00 
-3.337842E-07 
 1.126989E-08 
 1.126922E-08 
 1.126990E-08 
 1.126992E-08 
 1.127099E-08 
 1.126988E-08 
 1.126993E-08 
 1.800000E+00 
-6.729274E-08 
 1.075851E-07 
 1.075852E-07 
 1.075851E-07 
 1.075766E-07 
 1.075851E-07 
 1.075834E-07 
 1.075851E-07 
 1.800002E+00 
 8.653129E-07 
-5.455851E-08 
-5.455871E-08 
-5.455647E-08 
-5.455850E-08 
-5.455848E-08 
-5.455899E-08 
 1.800000E+00 
 1.847828E-07 
 1.834464E-07 
 1.834459E-07 
 1.834454E-07 
 1.834471E-07 
 1.834469E-07 
 1.834462E-07 
 1.834464E-07 
 1.834469E-07 
 1.834464E-07 
 1.800000E+00 
-3.275985E-08 
-3.239204E-08 
-3.239135E-08 
-3.239126E-08 
 1.800003E+00 
 1.065297E-07 
 5.052994E-08 
 5.053021E-08 
 5.053022E-08 
 5.053024E-08 
 5.053022E-08 
 5.053020E-08 
 5.053021E-08 
 5.052988E-08 
 5.052895E-08 
 5.053049E-08 
 1.800000E+00 
 1.499311E-06 
 6.664123E-09 
 6.664020E-09 
 6.663491E-09 
 6.664136E-09 
 1.800000E+00 
 6.728539E-07 
 6.266249E-07 
 6.266253E-07 
 6.266249E-07 
 6.266250E-07 
 6.266250E-07 
 6.266257E-07 
 6.266249E-07 
 6.266250E-07 
 1.800000E+00 
 8.062357E-07 
-2.039021E-05 
-2.039021E-05 
-2.039021E-05 
-2.039021E-05 
 1.800000E+00 
 2.066873E-07 
-8.854391E-08 
-8.854411E-08 
-8.854397E-08 
-8.854391E-08 
-8.854275E-08 
-8.852770E-08 
-8.854382E-08 
-8.854497E-08 
 1.800000E+00 
 8.013016E-09 
 7.530011E-09 
 7.529486E-09 
 7.529456E-09 
 7.525042E-09 
 1.800000E+00 
 7.161921E-06 
 7.166459E-06 
 7.166456E-06 
 7.166459E-06 
 7.166459E-06 
 7.166459E-06 
 7.166459E-06 
 7.166459E-06 
 1.800000E+00 
-1.890358E-07 
-2.003840E-07 
-2.003840E-07 
-2.003840E-07 
-2.003840E-07 
 1.800007E+00 
 3.755552E-08 
 2.896686E-08 
 2.897384E-08 
 2.896689E-08 
 2.896687E-08 
 2.896689E-08 
 2.896749E-08 
 2.896696E-08 
 1.800000E+00 
-2.924443E-07 
 4.140578E-08 
 4.140539E-08 
 4.140572E-08 
 1.800007E+00 
 7.325099E-06 
-5.059913E-07 
-5.059911E-07 
-5.059920E-07 
-5.059878E-07 
-5.059873E-07 
-5.059911E-07 
-5.059911E-07 
-5.059912E-07 
 1.800000E+00 
-4.031861E-08 
-3.855485E-08 
-3.855479E-08 
 1.800000E+00 
 2.257989E-09 
 6.676172E-09 
 6.680551E-09 
 6.680936E-09 
 6.682280E-09 
 6.680352E-09 
 6.680412E-09 
 6.680256E-09 
 6.680384E-09 
 1.800006E+00 
 2.279950E-06 
 1.696649E-06 
 1.800000E+00 
 8.048537E-09 
 5.297778E-09 
 5.297770E-09 
 5.297747E-09 
 5.298964E-09 
 5.298399E-09 
 5.297712E-09 
 5.297780E-09 
 5.297758E-09 
 5.297443E-09 
 1.800000E+00 
 2.614725E-08 
 1.799999E+00 
-1.978455E-06 
 1.551462E-08 
 1.551451E-08 
 1.551500E-08 
 1.551108E-08 
 1.551434E-08 
 1.551432E-08 
 1.551480E-08 
 1.551601E-08 
 1.800000E+00 
-1.136491E-06 
 1.398180E-08 
 1.398911E-08 
 1.398183E-08 
 1.800000E+00 
-3.272322E-05 
-2.521423E-08 
-2.521318E-08 
-2.521358E-08 
-2.521272E-08 
 1.800000E+00 
 1.496196E-07 
 1.108913E-08 
 1.108914E-08 
 1.108914E-08 
 1.108950E-08 
 1.108914E-08 
 1.800000E+00 
-7.148587E-08 
-7.234692E-08 
-7.235583E-08 
-7.234696E-08 
 1.800000E+00 
 6.577311E-06 
 6.502530E-06 
 6.502530E-06 
 6.502530E-06 
 6.502530E-06 
 1.800000E+00 
 9.234417E-06 
 9.352813E-09 
 9.352339E-09 
 9.352862E-09 
 9.348932E-09 
 9.352896E-09 
 1.800000E+00 
 7.780860E-09 
 6.414011E-09 
 6.414041E-09 
 1.800000E+00 
 2.428661E-07 
 1.336915E-08 
 1.336951E-08 
 1.336933E-08 
 1.336917E-08 
 1.335808E-08 
 1.337182E-08 
 1.800000E+00 
 8.442211E-07 
 1.800002E+00 
 1.600660E-07 
 1.573815E-08 
 1.573827E-08 
 1.573823E-08 
 1.569223E-08 
 1.573859E-08 
 1.573816E-08 
 1.573815E-08 
 1.573809E-08 
 1.800000E+00 
-1.016923E-07 
 1.800000E+00 
-2.903540E-06 
-2.900175E-06 
-2.900175E-06 
-2.900175E-06 
-2.900175E-06 
-2.900175E-06 
 1.800004E+00 
 7.591180E-08 
 8.435913E-08 
 8.434034E-08 
 8.434033E-08 
 1.800000E+00 
 1.155700E-05 
 1.162887E-05 
 1.162887E-05 
 1.162887E-05 
 1.800000E+00 
-4.183778E-09 
 6.621548E-09 
 6.621467E-09 
 6.621543E-09 
 1.800007E+00 
 1.578169E-08 
 8.749000E-09 
 8.748102E-09 
 8.747755E-09 
 8.748123E-09 
 1.800000E+00 
-1.129741E-08 
-1.715737E-08 
-1.715736E-08 
 1.800000E+00 
 2.784475E-06 
-5.117011E-09 
-5.115472E-09 
-5.116336E-09 
-5.117157E-09 
 1.800000E+00 
 9.054928E-08 
 3.792559E-09 
 1.800007E+00 
 4.467087E-06 
-1.950094E-06 
-1.950094E-06 
-1.950094E-06 
-1.950094E-06 
-1.950093E-06 
 1.800000E+00 
-1.019237E-07 
 1.499429E-08 
 1.800000E+00 
 3.293147E-04 
 7.805838E-07 
 7.805876E-07 
 7.805860E-07 
 7.805864E-07 
 1.800000E+00 
 6.869684E-09 
 5.683219E-09 
 5.682872E-09 
 5.683229E-09 
 1.800000E+00 
-2.058880E-06 
-2.070220E-06 
 1.800000E+00 
 7.419204E-06 
 7.418958E-06 
 7.418958E-06 
 7.418958E-06 
 7.418959E-06 
 1.800000E+00 
 7.526684E-08 
 7.382550E-08 
 1.800001E+00 
-1.335355E-07 
-1.084699E-07 
-1.084685E-07 
-1.084684E-07 
-1.084681E-07 
 1.800000E+00 
 1.086929E-08 
 6.345249E-09 
 6.346750E-09 
 1.800000E+00 
 5.462400E-08 
 3.277964E-08 
 3.277966E-08 
 1.800000E+00 
-8.328957E-07 
-2.330699E-07 
-2.330694E-07 
 1.800007E+00 
 3.531400E-07 
 3.476476E-07 
 3.476463E-07 
 3.476532E-07 
 1.800000E+00 
-1.830554E-08 
-1.123653E-08 
-1.124994E-08 
 1.800000E+00 
-1.615491E-06 
 1.035564E-08 
 1.035367E-08 
 1.800000E+00 
-3.431851E-09 
 3.391736E-09 
 3.391903E-09 
 3.391737E-09 
 1.800000E+00 
 1.618408E-08 
 1.800000E+00 
 1.452316E-07 
-3.215519E-07 
-3.215515E-07 
-3.215523E-07 
-3.215504E-07 
-3.215527E-07 
 1.800000E+00 
 1.800000E+00 
 1.348942E-07 
 4.204795E-09 
 4.206065E-09 
 4.206044E-09 
 4.210922E-09 
 1.800000E+00 
-1.260279E-08 
 5.585554E-09 
 5.585528E-09 
 1.800000E+00 
 1.804948E-07 
 1.804859E-07 
 1.800000E+00 
 2.608844E-07 
 8.505332E-09 
 8.505331E-09 
 1.800000E+00 
 1.275356E-04 
-1.426808E-06 
-1.426808E-06 
 1.800000E+00 
 1.921658E-06 
 2.203184E-06 
 2.203176E-06 
 1.800000E+00 
-1.569982E-05 
 3.767523E-06 
 1.800007E+00 
-4.508729E-05 
 1.840646E-08 
 1.840653E-08 
 1.840698E-08 
 1.800000E+00 
 1.249916E-06 
 1.800002E+00 
 2.261532E-06 
-6.622365E-08 
-6.622353E-08 
-6.622360E-08 
-6.622403E-08 
 1.799999E+00 
 1.800000E+00 
 1.211762E-06 
 1.212847E-06 
 1.212851E-06 
 1.212847E-06 
 1.212849E-06 
 1.800000E+00 
 6.701172E-08 
 1.800000E+00 
 5.376010E-09 
 4.045678E-09 
 4.045004E-09 
 1.800000E+00 
-2.936810E-07 
-2.941308E-07 
-2.941310E-07 
 1.800000E+00 
 3.058871E-07 
 3.094342E-07 
 1.800000E+00 
 8.182669E-07 
 8.019925E-07 
 1.800000E+00 
 1.726965E-06 
 5.922082E-09 
 5.922228E-09 
 1.800000E+00 
 4.623809E-07 
 3.021634E-07 
 3.021632E-07 
 1.800000E+00 
 6.196583E-09 
 1.799999E+00 
 5.285214E-06 
-8.231335E-06 
-8.231335E-06 
-8.231332E-06 
 1.800000E+00 
 1.651218E-08 
 1.800000E+00 
-8.349136E-07 
-3.866685E-07 
-3.866653E-07 
 1.800000E+00 
 6.871873E-09 
 8.571065E-09 
 1.800003E+00 
 1.766543E-08 
-7.808760E-08 
 1.800000E+00 
-3.541654E-06 
-3.546005E-06 
-3.546005E-06 
 1.800000E+00 
 3.814661E-09 
 4.188755E-09 
 1.800000E+00 
-1.129392E-07 
 1.800003E+00 
 1.593770E-06 
 4.338709E-09 
 4.338710E-09 
 4.338707E-09 
 1.800000E+00 
 9.583899E-06 
 1.800000E+00 
-1.844691E-05 
-1.854339E-05 
-1.854339E-05 
 1.800000E+00 
 8.474248E-07 
 1.800000E+00 
 1.334940E-06 
 6.503505E-09 
 6.504346E-09 
 1.799998E+00 
 1.906429E-07 
 1.896629E-07 
 1.800000E+00 
 8.446024E-08 
 1.800000E+00 
-4.446822E-06 
-4.772057E-06 
-4.772062E-06 
 1.800000E+00 
-6.998797E-08 
 1.268722E-08 
 1.799999E+00 
 2.306045E-08 
 2.176470E-08 
 1.800000E+00 
 2.373761E-06 
 1.800000E+00 
 2.597471E-07 
 2.576434E-07 
 2.576435E-07 
 1.800001E+00 
-2.382216E-08 
 6.511473E-09 
 1.800000E+00 
 3.160562E-07 
 3.182680E-07 
 1.800000E+00 
 6.971536E-09 
 1.800000E+00 
 2.350202E-07 
 2.203881E-07 
 2.203885E-07 
 1.800000E+00 
 1.800000E+00 
 1.125625E-06 
 8.572427E-07 
 8.572415E-07 
 8.572370E-07 
 1.800000E+00 
-6.608801E-08 
 1.800000E+00 
-1.509712E-08 
 1.800000E+00 
-5.207808E-08 
 5.470892E-09 
 5.471393E-09 
 1.800000E+00 
-2.391557E-05 
-1.274519E-09 
 1.800000E+00 
 1.800000E+00 
-7.048225E-09 
-2.378207E-09 
-2.372660E-09 
-2.372647E-09 
 1.800000E+00 
 1.800000E+00 
-4.418600E-07 
 6.732892E-09 
 1.800000E+00 
-9.951239E-07 
 8.610470E-09 
 8.607451E-09 
 1.800000E+00 
 1.800000E+00 
-4.899788E-08 
 2.254156E-09 
 2.253408E-09 
 1.800007E+00 
-9.676928E-07 
 1.799999E+00 
-2.952971E-08 
 1.800000E+00 
 9.696474E-08 
 9.453459E-08 
 9.454482E-08 
 1.800000E+00 
 7.768261E-09 
 1.800000E+00 
 5.262320E-08 
 1.739456E-08 
 1.800001E+00 
 1.115361E-05 
 1.800003E+00 
-9.826340E-07 
 1.236014E-08 
 1.800002E+00 
-1.257439E-07 
 1.800000E+00 
 3.020529E-06 
 3.784462E-06 
 1.800000E+00 
 1.288205E-05 
 1.291923E-05 
 1.799999E+00 
-3.866761E-08 
 1.800000E+00 
 2.403645E-06 
 1.800000E+00 
 2.401746E-06 
 2.400944E-06 
 2.400944E-06 
 1.800000E+00 
 1.800000E+00 
 7.024946E-07 
 5.089572E-07 
 1.800000E+00 
-3.001975E-09 
-3.700832E-09 
 1.800000E+00 
 5.105000E-08 
 1.800006E+00 
 9.451006E-09 
 1.800003E+00 
-1.832358E-06 
 1.533144E-08 
 1.533138E-08 
 1.800000E+00 
 1.800000E+00 
 1.091333E-08 
 9.616001E-09 
 1.800001E+00 
-3.950242E-06 
 1.800000E+00 
-2.376499E-07 
 1.800000E+00 
-4.957454E-05 
 1.425100E-07 
 1.425100E-07 
 1.800000E+00 
 1.800001E+00 
 1.107773E-06 
 2.841782E-09 
 1.800007E+00 
 8.122233E-09 
 1.800007E+00 
 4.681281E-07 
 1.800000E+00 
 3.496788E-06 
 3.539298E-06 
 1.800000E+00 
 1.055304E-06 
 2.063909E-08 
 1.800000E+00 
 1.800000E+00 
 5.828852E-07 
 5.405620E-07 
 1.800002E+00 
 4.329877E-08 
 1.800000E+00 
-1.317159E-06 
-1.314807E-06 
 1.800000E+00 
 1.800000E+00 
 2.209766E-06 
-6.622424E-08 
 1.800000E+00 
-1.548928E-08 
-1.542037E-08 
 1.800000E+00 
 1.800000E+00 
 2.668200E-07 
 2.906390E-07 
 1.799999E+00 
 1.319150E-06 
 1.800000E+00 
-1.196637E-08 
 1.800000E+00 
-2.704073E-09 
-7.234018E-09 
 1.800000E+00 
 1.800000E+00 
 2.652463E-07 
-8.444083E-08 
 1.800000E+00 
-5.917019E-07 
-5.334963E-07 
 1.800000E+00 
 1.800000E+00 
 4.460102E-08 
 1.800000E+00 
 2.379211E-08 
 1.021337E-08 
 1.800000E+00 
-1.368275E-07 
 1.800005E+00 
 2.438424E-06 
 1.800003E+00 
 2.003530E-05 
 1.800000E+00 
 5.014143E-06 
 1.800000E+00 
-1.664665E-06 
 8.641405E-09 
 1.800000E+00 
 1.800000E+00 
-4.658534E-06 
 3.515694E-07 
 1.800000E+00 
 2.507047E-06 
 1.800001E+00 
-2.386257E-07 
 1.800000E+00 
-1.109527E-07 
 1.800000E+00 
 1.074634E-06 
 1.800000E+00 
 5.489016E-06 
 1.800000E+00 
-3.885324E-07 
 6.641232E-09 
 1.800000E+00 
 1.800000E+00 
 3.075991E-07 
 1.800000E+00 
-2.145871E-06 
-1.236439E-06 
 1.800001E+00 
 8.477805E-09 
 1.800000E+00 
 1.800005E+00 
-5.360935E-07 
 9.566015E-08 
 1.800000E+00 
 1.800000E+00 
 5.667065E-06 
 5.619653E-06 
 1.800000E+00 
-2.491816E-07 
 1.800000E+00 
 1.649657E-09 
 1.800000E+00 
 1.800000E+00 
 1.016936E-06 
 1.019706E-06 
 1.800000E+00 
 6.460788E-06 
 1.800000E+00 
 2.531957E-06 
 1.800000E+00 
 1.800000E+00 
-1.119428E-06 
-6.682118E-07 
 1.800000E+00 
 6.132236E-09 
 1.800000E+00 
 1.800000E+00 
 5.075887E-08 
 3.290795E-08 
 1.800000E+00 
-1.290548E-09 
 1.799999E+00 
 1.800000E+00 
 4.099506E-06 
 4.097779E-06 
 1.800000E+00 
 1.800000E+00 
 6.156136E-08 
 1.800000E+00 
-7.191323E-07 
-6.871587E-08 
 1.799999E+00 
 1.800000E+00 
 6.512320E-09 
 1.799999E+00 
-1.570338E-06 
 1.800000E+00 
 1.738151E-08 
 1.800000E+00 
-7.801280E-10 
 1.800000E+00 
 1.800000E+00 
 1.693099E-05 
 9.980963E-09 
 1.800000E+00 
 1.800000E+00 
-4.013250E-07 
-3.494488E-07 
 1.800000E+00 
 1.800000E+00 
 2.626911E-08 
 1.800000E+00 
-6.609497E-10 
 1.800000E+00 
-3.829051E-06 
 1.800000E+00 
-1.293899E-06 
 1.800000E+00 
 1.800000E+00 
-5.647044E-09 
 1.757307E-08 
 1.800000E+00 
 1.800000E+00 
-3.203492E-07 
 1.800000E+00 
 2.791490E-08 
 1.800000E+00 
 1.800000E+00 
-6.352598E-07 
 5.665314E-09 
 1.800000E+00 
 1.800000E+00 
-3.252392E-07 
-2.617590E-08 
 1.800000E+00 
 1.800000E+00 
 1.800000E+00 
 2.027169E-07 
 2.828825E-08 
 1.800000E+00 
 1.800000E+00 
 8.872427E-08 
 1.800000E+00 
-3.956777E-08 
 1.800000E+00 
 5.588724E-09 
 1.800000E+00 
-5.358834E-07 
 1.800000E+00 
 1.800000E+00 
 1.164678E-06 
 1.800000E+00 
 9.156509E-09 
 1.800000E+00 
 1.800000E+00 
-1.055696E-06 
 6.053830E-09 
 1.800000E+00 
 1.800000E+00 
 1.800004E+00 
-7.627925E-07 
-5.603086E-07 
 1.800000E+00 
 7.488416E-09 
 1.800000E+00 
 1.800000E+00 
 1.800000E+00 
-4.244567E-07 
 2.186254E-08 
 1.799999E+00 
 1.800000E+00 
 2.488633E-09 
 1.800000E+00 
-2.651671E-08 
 1.800000E+00 
 1.800000E+00 
 3.700577E-08 
 1.800000E+00 
 1.041281E-08 
 1.800000E+00 
 8.237461E-09 
 1.800000E+00 
 1.800000E+00 
 2.298935E-09 
 1.799999E+00 
 1.800000E+00 
-1.147052E-07 
 1.549829E-07 
 1.800000E+00 
 1.800000E+00 
 1.800000E+00 
-8.954086E-07 
 1.800001E+00 
 1.122312E-07 
 1.800000E+00 
 9.192504E-09 
 1.800000E+00 
 1.800000E+00 
 1.155667E-06 
 1.800002E+00 
-3.636909E-08 
 1.800000E+00 
 1.800000E+00 
 6.192386E-08 
 1.800000E+00 
 7.496169E-09 
 1.800007E+00 
 1.800000E+00 
 6.195127E-09 
 1.800000E+00 
-6.203391E-08 
 1.799999E+00 
 1.800000E+00 
 1.799999E+00 
-1.157599E-06 
 9.573604E-09 
 1.800000E+00 
 1.800000E+00 
-5.439828E-09 
 1.800000E+00 
 1.800000E+00 
 2.577675E-07 
 1.800000E+00 
 1.800000E+00 
-1.985465E-07 
-2.544572E-07 
 1.800000E+00 
 1.800000E+00 
 1.800000E+00 
-1.726627E-06 
 1.799999E+00 
 1.800000E+00 
-5.737253E-09 
 1.799999E+00 
 2.353332E-05 
 1.800000E+00 
-1.383667E-08 
 1.800000E+00 
 1.800000E+00 
 1.800000E+00 
 6.050031E-09 
 1.800000E+00 
-2.581208E-07 
 1.800000E+00 
 1.800000E+00 
 5.858394E-09 
 1.799999E+00 
 1.799999E+00 
 1.305356E-07 
 1.800000E+00 
-2.802365E-06 
 1.800000E+00 
 1.800000E+00 
 1.800000E+00 
-4.195267E-08 
-3.435916E-08 
 1.800000E+00 
 1.800000E+00 
 1.800000E+00 
 1.800000E+00 
 1.073577E-05 
 1.076842E-05 
 1.800006E+00 
 1.800007E+00 
 1.800000E+00 
 1.172340E-07 
 1.800000E+00 
 2.998771E-07 
 1.799999E+00 
 1.800000E+00 
 1.800000E+00 
 7.416343E-06 
-6.188588E-07 
 1.800001E+00 
 1.800000E+00 
 1.800000E+00 
 1.800000E+00 
 1.222706E-07 
 1.800000E+00 
-6.034920E-08 
 1.800000E+00 
 1.800000E+00 
-2.320296E-07 
 1.800000E+00 
 1.800000E+00 
 2.240032E-08 
 1.800000E+00 
 3.602530E-08 
 1.800000E+00 
 1.800000E+00 
 1.800000E+00 
 1.800000E+00 
 3.235242E-08 
 3.233092E-08 
 1.800000E+00 
 1.800000E+00 
 1.800000E+00 
 1.800001E+00 
 1.527916E-07 
 3.126230E-07 
 1.800000E+00 
 1.800000E+00 
 1.800000E+00 
 1.799999E+00 
-1.644044E-07 
 1.800000E+00 
 1.104379E-07 
 1.800000E+00 
 1.800000E+00 
 4.676371E-07 
 1.800000E+00 
 1.800000E+00 
 1.800000E+00 
-1.853293E-05 
 1.799999E+00 
 1.800000E+00 
 2.772356E-07 
 1.800000E+00 
 5.029898E-07 
 1.800000E+00 
 1.800000E+00 
 1.800000E+00 
 1.800000E+00 
 6.679126E-06 
 1.800000E+00 
 7.110123E-09 
 1.800000E+00 
 1.800000E+00 
 1.800000E+00 
-1.291266E-06 
 1.800000E+00 
 8.145321E-09 
 1.800000E+00 
 1.800000E+00 
 1.800000E+00 
 1.800000E+00 
 6.013757E-09 
 1.799999E+00 
 1.258355E-08 
 1.800000E+00 
 1.800000E+00 
 1.800000E+00 
 2.278787E-06 
 1.800000E+00 
 1.800000E+00 
 1.800000E+00 
 1.163729E-06 
 1.800007E+00 
 1.507434E-08 
 1.800000E+00 
 1.800000E+00 
 1.800000E+00 
-1.159600E-06 
 1.799999E+00 
 1.799999E+00 
 1.800000E+00 
 9.270931E-07 
 1.800000E+00 
 1.800000E+00 
 7.825787E-06 
 1.800000E+00 
 1.800000E+00 
 1.800000E+00 
 2.991336E-08 
 1.800001E+00 
-1.938254E-06 
 1.800000E+00 
 1.800000E+00 
 1.800000E+00 
 1.800000E+00 
 1.800000E+00 
 1.549880E-06 
-1.188817E-05 
 1.800000E+00 
 1.800000E+00 
 1.800000E+00 
 1.800000E+00 
 1.800000E+00 
 1.455699E-06 
 1.800000E+00 
 5.199554E-07 
 1.800000E+00 
 1.800000E+00 
 1.800000E+00 
 1.800000E+00 
 7.132400E-09 
 1.800000E+00 
-1.181555E-06 
 1.799999E+00 
 1.799999E+00 
 1.799999E+00 
 1.799999E+00 
 1.799999E+00 
-3.900707E-10 
-6.276363E-10 
 1.800000E+00 
 1.800000E+00 
 1.800000E+00 
 1.800000E+00 
 1.800000E+00 
 1.800000E+00 
-1.011178E-05 
 1.047461E-05 
 1.800000E+00 
 1.800000E+00 
 1.800000E+00 
 1.800000E+00 
 1.800000E+00 
 4.058099E-08 
 1.800000E+00 
 1.800000E+00 
-1.365756E-06 
 1.800000E+00 
 1.800000E+00 
 1.800000E+00 
-4.620785E-07 
 1.800000E+00 
 1.800000E+00 
 1.800000E+00 
 4.881838E-06 
 1.800000E+00 
 1.800000E+00 
 1.800000E+00 
 6.070047E-09 
 1.800000E+00 
 1.800000E+00 
 1.800000E+00 
 1.800000E+00 
-3.829151E-06 
 1.800000E+00 
 2.069421E-08 
 1.800000E+00 
 1.800000E+00 
 1.800000E+00 
 1.800000E+00 
 1.800000E+00 
 1.800007E+00 
-8.390703E-07 
 8.499708E-09 
 1.800000E+00 
 1.800000E+00 
 1.800000E+00 
 1.800000E+00 
 1.800000E+00 
 1.800000E+00 
 7.686573E-08 
 1.800000E+00 
 1.800000E+00 
 1.799999E+00 
 8.968996E-07 
 1.800000E+00 
 1.800000E+00 
-5.597002E-07 
 1.800007E+00 
 1.800007E+00 
 1.800007E+00 
 1.800005E+00 
 5.717173E-09 
 1.800000E+00 
 1.800000E+00 
 1.800000E+00 
 1.800000E+00 
-8.012143E-09 
 1.800000E+00 
 1.800006E+00 
 1.800000E+00 
 8.678002E-09 
 1.800000E+00 
 1.800000E+00 
 1.800000E+00 
 2.930996E-09 
 1.800000E+00 
 1.800000E+00 
 1.800000E+00 
 1.800000E+00 
 1.800000E+00 
 1.326546E-05 
 1.800001E+00 
 1.800000E+00 
-3.347885E-06 
 1.800007E+00 
 1.800007E+00 
 1.800007E+00 
 1.800007E+00 
 1.800000E+00 
 1.509977E-09 
 1.800000E+00 
 1.800000E+00 
 1.800000E+00 
-1.596631E-07 
 1.800000E+00 
 1.800000E+00 
 1.800000E+00 
 1.800000E+00 
 1.000109E-05 
 1.800000E+00 
 1.800000E+00 
 1.800000E+00 
 1.800000E+00 
-1.481301E-05 
 1.800000E+00 
 1.800000E+00 
 1.800000E+00 
 1.800000E+00 
-2.755827E-07 
 1.800000E+00 
 1.800000E+00 
 1.800000E+00 
 1.800000E+00 
-2.067544E-05 
 1.800000E+00 
 1.800000E+00 
 1.800000E+00 
 1.800000E+00 
 2.386685E-07 
 1.800000E+00 
 1.800000E+00 
 1.800000E+00 
 1.800000E+00 
 1.495421E-05 
 1.800007E+00 
 1.800007E+00 
 1.800007E+00 
 1.800007E+00 
 1.800000E+00 
-2.780422E-07 
 1.800000E+00 
 1.800006E+00 
 1.800000E+00 
 1.833526E-07 
 1.800000E+00 
 1.800000E+00 
 1.800000E+00 
 1.800000E+00 
 1.800000E+00 
 1.800000E+00 
 2.684674E-06 
 1.800006E+00 
 1.800000E+00 
 6.860452E-10 
 1.800000E+00 
 1.800000E+00 
 1.800000E+00 
 1.800000E+00 
 1.800000E+00 
 1.800000E+00 
 1.800000E+00 
-2.003545E-06 
 1.800000E+00 
 1.800000E+00 
 1.799998E+00 
 1.273297E-08 
 1.800000E+00 
 1.800000E+00 
 1.800000E+00 
 1.800000E+00 
 1.800000E+00 
 1.800000E+00 
-1.622394E-06 
 1.800000E+00 
 1.800000E+00 
 1.800000E+00 
 8.795684E-06 
 1.800000E+00 
 1.800000E+00 
 1.800000E+00 
 1.800000E+00 
 1.800000E+00 
 1.800000E+00 
 4.065596E-08 
 1.800000E+00 
 1.800000E+00 
 1.800000E+00 
 1.800000E+00 
 1.800002E+00 
 1.135515E-07 
 1.800000E+00 
 1.800000E+00 
 1.800000E+00 
 1.800000E+00 
 1.800002E+00 
 1.257460E-08 
 1.800000E+00 
 1.800000E+00 
 1.800000E+00 
 1.800000E+00 
 2.820475E-06 
 1.800000E+00 
 1.800000E+00 
 1.800000E+00 
 1.800000E+00 
 1.800000E+00 
 1.800000E+00 
 1.800000E+00 
 1.021167E-08 
 1.800000E+00 
 1.800000E+00 
 1.800000E+00 
 1.869520E-08 
 1.800000E+00 
 1.800000E+00 
 1.800000E+00 
 1.800000E+00 
 1.800000E+00 
 1.800000E+00 
 1.800000E+00 
 1.800000E+00 
 2.078096E-07 
 1.800000E+00 
 1.800000E+00 
 1.800000E+00 
 5.428000E-10 
 1.799999E+00 
 1.800000E+00 
 1.800000E+00 
 1.800000E+00 
 1.800000E+00 
 1.800000E+00 
 1.800000E+00 
 1.800000E+00 
 2.287123E-08 
 1.800001E+00 
 1.800001E+00 
 1.800000E+00 
 1.800000E+00 
-3.608938E-06 
 1.800000E+00 
 1.800000E+00 
 1.800000E+00 
 1.800000E+00 
 1.800000E+00 
 1.800000E+00 
 1.800000E+00 
 3.833494E-07 
 1.800000E+00 
 1.800000E+00 
 1.800000E+00 
 1.800000E+00 
 1.800000E+00 
 1.581872E-08 
 1.800000E+00 
 1.800000E+00 
 1.800000E+00 
 1.800000E+00 
 1.800000E+00 
 1.800000E+00 
 1.800000E+00 
-1.392001E-06 
 1.800000E+00 
 1.800000E+00 
 1.800000E+00 
 1.800000E+00 
 1.800000E+00 
 2.597303E-07 
 1.800000E+00 
 1.800000E+00 
 1.800000E+00 
 1.800000E+00 
 1.800000E+00 
 1.800000E+00 
 1.800000E+00 
-1.399345E-07 
 1.800000E+00 
 1.800000E+00 
 1.800000E+00 
 1.800000E+00 
 1.800000E+00 
 1.800000E+00 
 1.800000E+00 
 3.946528E-06 
 1.800000E+00 
 1.800000E+00 
 1.800000E+00 
 1.800000E+00 
 1.800000E+00 
-3.805317E-07 
 1.800000E+00 
 1.800000E+00 
 1.800000E+00 
 1.800000E+00 
 1.800000E+00 
 1.800000E+00 
 1.800000E+00 
 1.800000E+00 
 1.800000E+00 
-2.911865E-05 
 1.800000E+00 
 1.800000E+00 
 1.800000E+00 
 1.800000E+00 
 1.800000E+00 
-2.105395E-07 
 1.800000E+00 
 1.800000E+00 
 1.800000E+00 
 1.800000E+00 
 1.800000E+00 
 1.800000E+00 
 1.800000E+00 
 1.800000E+00 
 1.290809E-09 
 1.800001E+00 
 1.800001E+00 
 1.800001E+00 
 1.800001E+00 
 1.800000E+00 
 1.800000E+00 
 6.392852E-08 
 1.800000E+00 
 1.800000E+00 
 1.800000E+00 
 1.800000E+00 
 1.800000E+00 
 1.800000E+00 
 1.800000E+00 
 1.800000E+00 
 1.800000E+00 
 5.567011E-07 
 1.800000E+00 
 1.800000E+00 
 1.800000E+00 
 1.800000E+00 
 1.800000E+00 
 5.554975E-08 
 1.800000E+00 
 1.800000E+00 
 1.800000E+00 
 1.800000E+00 
 1.800000E+00 
 1.800000E+00 
 1.800000E+00 
 1.800000E+00 
 1.800000E+00 
 1.800000E+00 
 9.941186E-07 
 1.800000E+00 
 1.800000E+00 
 1.800000E+00 
 1.800000E+00 
 1.800000E+00 
 1.800000E+00 
 9.918778E-09 
 1.800000E+00 
 1.800000E+00 
 1.800000E+00 
 1.800000E+00 
 1.800000E+00 
 1.800000E+00 
 1.800000E+00 
 1.800000E+00 
 1.800000E+00 
 5.601418E-09 
 1.800000E+00 
 1.800000E+00 
 1.800000E+00 
 1.800000E+00 
 1.800000E+00 
 1.800000E+00 
 1.800000E+00 
 1.800000E+00 
 1.131232E-07 
 1.800003E+00 
 1.800003E+00 
 1.800003E+00 
 1.800003E+00 
 1.800003E+00 
 1.800000E+00 
 1.800000E+00 
-3.263618E-07 
 1.800000E+00 
 1.800000E+00 
 1.800000E+00 
 1.800000E+00 
 1.800000E+00 
 1.800000E+00 
 1.800000E+00 
 1.800000E+00 
 1.800000E+00 
 2.262736E-07 
 1.800000E+00 
 1.800000E+00 
 1.800000E+00 
 1.800000E+00 
 1.800000E+00 
 1.800000E+00 
 1.800000E+00 
 1.799999E+00 
 5.034852E-08 
 1.800000E+00 
 1.800000E+00 
 1.800000E+00 
 1.800000E+00 
 1.800000E+00 
 1.800000E+00 
 1.800000E+00 
 1.800000E+00 
 1.800000E+00 
-2.695884E-08 
 1.800000E+00 
 1.800000E+00 
 1.800000E+00 
 1.800000E+00 
 1.800000E+00 
 1.800000E+00 
 1.800000E+00 
 1.800000E+00 
-2.124063E-07 
 1.800000E+00 
 1.800000E+00 
 1.800000E+00 
 1.800000E+00 
 1.800000E+00 
 1.800000E+00 
 1.800000E+00 
 1.800000E+00 
 1.800000E+00 
 3.182531E-08 
 1.800000E+00 
 1.800000E+00 
 1.800000E+00 
 1.800000E+00 
 1.800000E+00 
 1.800000E+00 
 1.800000E+00 
 1.799998E+00 
 1.800000E+00 
 7.470164E-09 
 1.800000E+00 
 1.800000E+00 
 1.800000E+00 
 1.800000E+00 
 1.800000E+00 
 1.800000E+00 
 1.800000E+00 
 1.800000E+00 
-4.430564E-08 
 1.800000E+00 
 1.800000E+00 
 1.800000E+00 
 1.800000E+00 
 1.800000E+00 
 1.800000E+00 
 1.800000E+00 
 1.800000E+00 
 1.800000E+00 
 1.800000E+00 
 4.140320E-06 
 1.800000E+00 
 1.800000E+00 
 1.800000E+00 
 1.800000E+00 
 1.800000E+00 
 1.800000E+00 
 1.800000E+00 
 1.800000E+00 
-1.574926E-08 
 1.800000E+00 
 1.800000E+00 
 1.800000E+00 
 1.800000E+00 
 1.800000E+00 
 1.800000E+00 
 1.800000E+00 
 1.800000E+00 
 1.800000E+00 
 1.800000E+00 
-1.217215E-06 
 1.800000E+00 
 1.800000E+00 
 1.800000E+00 
 1.800000E+00 
 1.800000E+00 
 1.800000E+00 
 1.800000E+00 
 1.799998E+00 
 1.800000E+00 
 9.569703E-08 
 1.800000E+00 
 1.800000E+00 
 1.800000E+00 
 1.800000E+00 
 1.800000E+00 
 1.800000E+00 
 1.800001E+00 
 1.800000E+00 
-1.609592E-07 
 1.800000E+00 
 1.800000E+00 
 1.800000E+00 
 1.800000E+00 
 1.800000E+00 
 1.800000E+00 
 1.800000E+00 
 1.800000E+00 
 1.800000E+00 
 1.799999E+00 
 2.808826E-09 
 1.800000E+00 
 1.800000E+00 
 1.800000E+00 
 1.800000E+00 
 1.800000E+00 
 1.800000E+00 
 1.800000E+00 
 1.799999E+00 
 1.800002E+00 
 7.045143E-06 
 1.800005E+00 
 1.800004E+00 
 1.800004E+00 
 1.800004E+00 
 1.800004E+00 
 1.800004E+00 
 1.800004E+00 
 1.800000E+00 
 1.800000E+00 
 2.088921E-06 
 1.800001E+00 
 1.800000E+00 
 1.800000E+00 
 1.800000E+00 
 1.800000E+00 
 1.800000E+00 
 1.800000E+00 
 1.800000E+00 
 2.145239E-07 
 1.800007E+00 
 1.800007E+00 
 1.800007E+00 
 1.800007E+00 
 1.800007E+00 
 1.800007E+00 
 1.800007E+00 
 1.800007E+00 
 1.800007E+00 
 1.799999E+00 
 1.800007E+00 
-3.607976E-07 
 1.800000E+00 
 1.800000E+00 
 1.800000E+00 
 1.799999E+00 
 1.800000E+00 
 1.800000E+00 
-5.657383E-07 
 1.800005E+00 
 1.800005E+00 
 1.800005E+00 
 1.800005E+00 
 1.800005E+00 
 1.800005E+00 
 1.800005E+00 
 1.800005E+00 
 1.800005E+00 
 1.800005E+00 
 1.800005E+00 
 1.800000E+00 
 6.438002E-07 
 1.800000E+00 
 1.800000E+00 
 1.800000E+00 
 1.800000E+00 
 1.800000E+00 
 1.800000E+00 
-1.755495E-06 
 1.800000E+00 
 1.800000E+00 
 1.800000E+00 
 1.800000E+00 
 1.800000E+00 
 1.800000E+00 
 1.800000E+00 
 1.800000E+00 
 1.800000E+00 
 1.800000E+00 
-5.244002E-08 
 1.800000E+00 
 1.800000E+00 
 1.800000E+00 
 1.800000E+00 
 1.800000E+00 
 1.800000E+00 
 1.800000E+00 
 1.800000E+00 
-1.333831E-08 
 1.800000E+00 
 1.800000E+00 
 1.800000E+00 
 1.800000E+00 
 1.800000E+00 
 1.800000E+00 
 1.800000E+00 
 1.800000E+00 
 1.800000E+00 
 5.790035E-08 
 1.800000E+00 
 1.800000E+00 
 1.800000E+00 
 1.800000E+00 
 1.800000E+00 
 1.800000E+00 
 1.800000E+00 
 5.323151E-08 
 1.800000E+00 
 1.800000E+00 
 1.800000E+00 
 1.800000E+00 
 1.800000E+00 
 1.800000E+00 
 1.800000E+00 
 1.800000E+00 
 1.800000E+00 
 1.971269E-07 
 1.800000E+00 
 1.800000E+00 
 1.800000E+00 
 1.800000E+00 
 1.800000E+00 
 1.800000E+00 
 1.800000E+00 
 1.772668E-08 
 1.800000E+00 
 1.800000E+00 
 1.800000E+00 
 1.800000E+00 
 1.800000E+00 
 1.800000E+00 
 1.800000E+00 
 1.800000E+00 
 1.800007E+00 
-1.058627E-08 
 1.800000E+00 
 1.800000E+00 
 1.800000E+00 
 1.800000E+00 
 1.800000E+00 
 1.800000E+00 
-5.660599E-07 
 1.799999E+00 
 1.799999E+00 
 1.799999E+00 
 1.799999E+00 
 1.799999E+00 
 1.799999E+00 
 1.799999E+00 
 1.799999E+00 
 1.800000E+00 
 1.800000E+00 
 1.027101E-08 
 1.800000E+00 
 1.799996E+00 
 1.800000E+00 
 1.800000E+00 
 4.833890E-08 
 1.799999E+00 
 1.799999E+00 
 1.799999E+00 
 1.799999E+00 
 1.799999E+00 
 1.799999E+00 
 1.799999E+00 
 1.799999E+00 
 1.799999E+00 
 1.799999E+00 
 1.800000E+00 
 1.205483E-06 
 1.800000E+00 
 1.800000E+00 
 1.800000E+00 
-1.634380E-08 
 1.799999E+00 
 1.799999E+00 
 1.799999E+00 
 1.799999E+00 
 1.799999E+00 
 1.799999E+00 
 1.799999E+00 
 1.799999E+00 
 1.799999E+00 
 1.799999E+00 
 1.800000E+00 
 3.003692E-07 
 1.800000E+00 
 1.800000E+00 
 1.800000E+00 
 1.800001E+00 
 1.079674E-08 
 1.800000E+00 
 1.800000E+00 
 1.800000E+00 
 1.800000E+00 
 1.800000E+00 
 1.800000E+00 
 1.800000E+00 
 1.800000E+00 
 7.684768E-09 
 1.800000E+00 
 1.800000E+00 
 1.800000E+00 
 1.800000E+00 
 1.800000E+00 
 1.800000E+00 
 1.262333E-05 
 1.800000E+00 
 1.800000E+00 
 1.800000E+00 
 1.800000E+00 
 1.800000E+00 
 1.800000E+00 
 1.800000E+00 
-8.453412E-07 
 1.800006E+00 
 1.800007E+00 
 1.800007E+00 
 1.800000E+00 
 1.800000E+00 
 1.157261E-09 
 1.800000E+00 
 1.800000E+00 
 1.800000E+00 
 1.800000E+00 
 1.800000E+00 
 1.800000E+00 
 1.800000E+00 
 1.800000E+00 
-9.324185E-08 
 1.800000E+00 
 1.800000E+00 
 1.800000E+00 
 1.800000E+00 
 3.376127E-07 
 1.800000E+00 
 1.800000E+00 
 1.800000E+00 
 1.800000E+00 
 1.800000E+00 
 1.800000E+00 
 1.800000E+00 
 1.800000E+00 
 1.664486E-07 
 1.800000E+00 
 1.800000E+00 
 1.800000E+00 
 1.800000E+00 
 9.784939E-08 
 1.799999E+00 
 1.800000E+00 
 1.800000E+00 
 1.800000E+00 
 1.800000E+00 
 1.800000E+00 
 1.800000E+00 
-1.040406E-07 
 1.800000E+00 
 1.800000E+00 
 1.800000E+00 
 1.800000E+00 
 1.800001E+00 
 3.579891E-09 
 1.800000E+00 
 1.800000E+00 
 1.800000E+00 
 1.800000E+00 
 1.799999E+00 
 3.574091E-08 
 1.799997E+00 
 1.799997E+00 
 1.799997E+00 
 1.799997E+00 
 1.799997E+00 
 1.800000E+00 
 1.800001E+00 
-9.963522E-07 
 1.800000E+00 
 1.800000E+00 
 1.800000E+00 
 1.238231E-07 
 1.800000E+00 
 1.800000E+00 
 1.800000E+00 
 1.800000E+00 
 1.800000E+00 
 1.800000E+00 
 1.800000E+00 
 6.890178E-06 
 1.800000E+00 
 1.800000E+00 
 1.800002E+00 
 1.800000E+00 
-4.215086E-08 
 1.800000E+00 
 1.800000E+00 
 1.800000E+00 
 1.800000E+00 
 1.800005E+00 
-4.017973E-09 
 1.799999E+00 
 1.799999E+00 
 1.799999E+00 
 1.799999E+00 
 1.799999E+00 
 1.799999E+00 
 1.075894E-05 
 1.800000E+00 
 1.800000E+00 
 1.799999E+00 
-1.187395E-06 
 1.800000E+00 
 1.800000E+00 
 1.800000E+00 
 1.800000E+00 
 1.800000E+00 
 1.800000E+00 
 1.800000E+00 
-2.722536E-07 
 1.800000E+00 
 1.800000E+00 
 1.677268E-08 
 1.800000E+00 
 1.800000E+00 
 1.800000E+00 
 1.800000E+00 
 1.800000E+00 
 1.800000E+00 
 1.800001E+00 
 9.109851E-09 
 1.800000E+00 
 1.800000E+00 
-6.455652E-06 
 1.800000E+00 
 1.800000E+00 
 1.800000E+00 
 1.800000E+00 
 1.800000E+00 
 1.800000E+00 
 1.800000E+00 
 7.693412E-08 
 1.800000E+00 
 1.800000E+00 
 3.483975E-06 
 1.800000E+00 
 1.800000E+00 
 1.800000E+00 
 1.800000E+00 
 1.800000E+00 
 1.800000E+00 
-1.085660E-06 
 1.800003E+00 
 1.800003E+00 
 1.800000E+00 
 1.800000E+00 
 1.392234E-07 
 1.800000E+00 
 1.800000E+00 
 1.800000E+00 
 8.090288E-06 
 1.800000E+00 
 1.800000E+00 
 1.800000E+00 
 1.800000E+00 
 1.800000E+00 
-4.237114E-08 
 1.800003E+00 
 1.800003E+00 
 1.800000E+00 
-2.844817E-06 
 1.800000E+00 
 1.800000E+00 
 1.800000E+00 
 1.800000E+00 
 1.800000E+00 
-4.028261E-07 
 1.800000E+00 
 1.800000E+00 
 1.800000E+00 
 1.800000E+00 
 4.456869E-08 
 1.800000E+00 
 1.800000E+00 
 1.800000E+00 
 1.077349E-05 
 1.800000E+00 
 1.800000E+00 
 1.800000E+00 
 1.800000E+00 
 1.163491E-05 
 1.800000E+00 
 1.800000E+00 
 1.800000E+00 
 1.800000E+00 
 9.962136E-07 
 1.800007E+00 
 1.800000E+00 
 1.800000E+00 
-1.049681E-07 
 1.800000E+00 
 1.800000E+00 
 1.800000E+00 
 1.800000E+00 
-4.539069E-07 
 1.800000E+00 
 1.800000E+00 
 1.800000E+00 
 6.406974E-09 
 1.800000E+00 
 1.800000E+00 
 1.800000E+00 
 1.800000E+00 
 1.800000E+00 
 3.098188E-06 
 1.800000E+00 
-9.348474E-07 
 1.800000E+00 
 1.800000E+00 
 1.800000E+00 
 1.800000E+00 
 1.800000E+00 
 1.800001E+00 
 1.363564E-06 
 1.800000E+00 
 3.561440E-08 
 1.800000E+00 
 1.800000E+00 
 1.800000E+00 
 1.800000E+00 
 1.800000E+00 
 7.975583E-08 
 1.800000E+00 
 1.800000E+00 
 1.415564E-08 
 1.800000E+00 
 1.800000E+00 
 1.800000E+00 
 1.800000E+00 
 1.800007E+00 
-1.489926E-08 
 1.072214E-08 
 1.800000E+00 
 1.800000E+00 
 1.800000E+00 
 1.800000E+00 
 1.800000E+00 
 1.800000E+00 
 1.800000E+00 
 2.376323E-07 
 2.341927E-07 
 1.800000E+00 
 1.800000E+00 
 1.800000E+00 
 1.800000E+00 
 1.800000E+00 
 9.933403E-09 
 1.800000E+00 
 1.800000E+00 
 5.430969E-07 
 1.800000E+00 
 1.800000E+00 
 1.800000E+00 
 1.117995E-07 
 1.800000E+00 
 1.800000E+00 
 1.800003E+00 
 9.111483E-08 
 1.800000E+00 
 1.800000E+00 
 1.800000E+00 
 3.461893E-08 
 1.800000E+00 
 1.800000E+00 
 1.800000E+00 
-6.214323E-06 
 1.800000E+00 
 1.800000E+00 
 1.800000E+00 
 2.528968E-07 
 1.800000E+00 
 1.799999E+00 
-2.276431E-07 
 1.800000E+00 
 1.800000E+00 
 1.800000E+00 
-3.317642E-08 
 1.800000E+00 
 1.800000E+00 
 1.800001E+00 
 7.658570E-09 
 1.800000E+00 
 1.800000E+00 
 1.800000E+00 
 2.261005E-07 
 1.800000E+00 
-1.326154E-05 
 1.800000E+00 
 1.800000E+00 
 1.800000E+00 
 1.800000E+00 
 1.800000E+00 
-1.388694E-07 
 1.800000E+00 
-2.214211E-06 
 1.800000E+00 
 1.800000E+00 
 1.800000E+00 
-6.341259E-08 
 1.800000E+00 
 1.800000E+00 
-1.601078E-08 
 1.800006E+00 
 1.800006E+00 
 1.799998E+00 
 1.800000E+00 
-1.532302E-07 
 1.800000E+00 
 2.569440E-06 
 1.800000E+00 
 1.800000E+00 
 1.800000E+00 
 1.115482E-05 
 1.800000E+00 
 1.800000E+00 
-8.053920E-08 
 1.800003E+00 
 1.800003E+00 
 1.800000E+00 
-3.466294E-07 
 1.799998E+00 
 1.800000E+00 
-1.470035E-07 
 1.800000E+00 
 1.800000E+00 
 1.800000E+00 
 6.161290E-07 
 1.800000E+00 
-1.217295E-08 
 1.800007E+00 
 1.800007E+00 
 1.800007E+00 
 1.800000E+00 
 1.109186E-08 
 1.800003E+00 
-1.266602E-08 
 1.800000E+00 
 1.800000E+00 
 1.800001E+00 
 6.786706E-07 
 1.800000E+00 
 9.110131E-08 
 1.800000E+00 
 1.800000E+00 
 1.800000E+00 
 1.800000E+00 
 1.543998E-07 
 1.800001E+00 
 5.199642E-06 
 1.800000E+00 
 1.800001E+00 
-1.386831E-07 
 1.800000E+00 
 1.800000E+00 
 1.800000E+00 
-2.396522E-06 
 1.800000E+00 
 1.567918E-05 
 1.800000E+00 
 1.800000E+00 
 1.800000E+00 
-1.862940E-09 
 1.800000E+00 
 1.800000E+00 
 1.737722E-08 
 1.800000E+00 
 1.800000E+00 
 7.048290E-09 
 1.800000E+00 
 1.799999E+00 
 2.949509E-06 
 1.800000E+00 
 1.800000E+00 
 8.574539E-10 
 1.800000E+00 
 1.800000E+00 
-1.549028E-07 
 1.800000E+00 
 1.800005E+00 
 2.648546E-09 
 1.800000E+00 
 1.800000E+00 
 9.745204E-07 
 1.800000E+00 
 1.770397E-08 
 1.800000E+00 
 1.800000E+00 
 1.800000E+00 
 1.241671E-08 
 1.800000E+00 
 1.800000E+00 
 2.035132E-05 
 1.800001E+00 
 1.800000E+00 
 1.280595E-06 
 1.800002E+00 
 3.145596E-05 
 1.800000E+00 
 1.800000E+00 
 1.424477E-07 
 1.800000E+00 
 1.800000E+00 
 1.800000E+00 
 6.303480E-08 
 2.651162E-10 
 1.800000E+00 
 1.800000E+00 
 1.800000E+00 
 1.281047E-08 
 1.800000E+00 
 1.800000E+00 
 1.250921E-08 
 1.799999E+00 
 1.020982E-07 
 1.800000E+00 
 1.800000E+00 
-3.369148E-06 
 1.800000E+00 
 1.800000E+00 
-3.767665E-07 
 1.800000E+00 
 1.800000E+00 
-8.101833E-07 
 1.800000E+00 
-9.359944E-08 
 1.800000E+00 
 1.800000E+00 
-2.766548E-08 
 1.800000E+00 
 1.800000E+00 
-8.183146E-09 
 1.800000E+00 
-8.915243E-08 
 1.800000E+00 
 1.799998E+00 
-9.214002E-08 
 1.800004E+00 
 1.800000E+00 
 5.859672E-07 
 1.800000E+00 
 5.219858E-06 
 1.800000E+00 
 1.800007E+00 
 5.161599E-06 
 1.800000E+00 
 1.800000E+00 
 3.348266E-08 
 1.800000E+00 
 8.482410E-09 
 1.800000E+00 
 1.800000E+00 
 2.360801E-07 
 1.800000E+00 
-1.151137E-06 
 1.800000E+00 
 1.800000E+00 
 3.587541E-08 
 1.800000E+00 
 2.659064E-07 
 1.800000E+00 
 1.800000E+00 
 2.940441E-08 
 1.800000E+00 
 1.800000E+00 
 4.812481E-06 
 1.702624E-05 
 1.800000E+00 
 1.800000E+00 
 1.800000E+00 
 2.014309E-06 
 1.800000E+00 
 1.749021E-06 
 1.800000E+00 
-1.939739E-05 
 1.800000E+00 
 1.800000E+00 
 3.646108E-08 
 1.800000E+00 
 1.800003E+00 
 8.815227E-07 
 8.845923E-09 
 1.800000E+00 
 1.800000E+00 
 1.800000E+00 
 7.962061E-09 
 6.488267E-09 
 1.800000E+00 
 1.800000E+00 
 3.280413E-09 
 1.800000E+00 
 1.800000E+00 
 6.191037E-08 
 6.297673E-08 
 1.799999E+00 
 1.799999E+00 
 1.800000E+00 
-6.984972E-06 
 1.739648E-05 
 1.800000E+00 
 1.800000E+00 
 8.565947E-09 
 1.800000E+00 
 1.800000E+00 
-1.142218E-06 
-1.612865E-07 
 1.800000E+00 
 1.800000E+00 
 7.975199E-07 
 1.800000E+00 
-1.134280E-07 
 1.800000E+00 
 1.800000E+00 
 9.562981E-08 
 1.799999E+00 
-6.363554E-08 
 1.800000E+00 
 1.135114E-08 
 1.800000E+00 
 1.652850E-06 
 1.800000E+00 
 1.800000E+00 
 1.769837E-05 
 1.800000E+00 
 6.598332E-07 
 1.800005E+00 
 7.171013E-09 
 1.800000E+00 
 1.800000E+00 
 1.073470E-06 
 1.107615E-06 
 1.800000E+00 
 1.800000E+00 
 1.800000E+00 
 1.492628E-05 
-1.297772E-05 
 1.799999E+00 
-3.862650E-07 
 1.800000E+00 
 1.800000E+00 
 3.935653E-07 
 3.490667E-07 
 1.800000E+00 
 1.800000E+00 
 3.494258E-07 
 1.800005E+00 
 1.800001E+00 
 2.763667E-06 
 1.653402E-06 
 1.800000E+00 
 1.033246E-06 
 1.800002E+00 
 1.800000E+00 
-1.479974E-07 
 1.800000E+00 
-3.193500E-06 
 1.800000E+00 
 2.845858E-05 
 1.800000E+00 
 7.529669E-08 
 1.800000E+00 
 9.849410E-07 
 1.799998E+00 
 1.748534E-08 
 1.800000E+00 
 1.800000E+00 
-2.422166E-06 
 1.841477E-08 
 1.799999E+00 
 1.800004E+00 
 2.511017E-06 
 1.800000E+00 
-1.495153E-08 
-3.593327E-09 
 1.800000E+00 
 1.800000E+00 
 1.800003E+00 
-6.197678E-08 
-6.197031E-08 
-6.197130E-08 
 1.800000E+00 
 1.800000E+00 
 1.800007E+00 
 1.998806E-06 
 2.001798E-06 
 1.800000E+00 
-1.903149E-06 
 1.800000E+00 
-1.708101E-08 
 1.800000E+00 
-4.894302E-06 
 1.800000E+00 
 1.800000E+00 
-3.816040E-08 
-2.830962E-08 
 1.800000E+00 
 1.426279E-10 
 1.800000E+00 
 1.992380E-09 
 1.800007E+00 
 1.800000E+00 
 2.832809E-06 
 2.831313E-06 
 1.799999E+00 
 1.262793E-06 
 1.800000E+00 
 1.800005E+00 
 6.506882E-06 
 1.421914E-05 
 1.800000E+00 
 1.915867E-08 
 1.800000E+00 
 5.742022E-09 
 1.800000E+00 
-8.935251E-06 
 1.800000E+00 
 1.800000E+00 
-3.326523E-07 
 1.564473E-08 
 1.564389E-08 
 1.800000E+00 
 1.800000E+00 
-3.938868E-09 
 1.800000E+00 
 4.636465E-07 
 1.800000E+00 
-5.421664E-08 
 1.800000E+00 
-1.779005E-07 
 2.537704E-08 
 1.800000E+00 
 1.800000E+00 
-9.340244E-07 
 8.996579E-09 
 1.800000E+00 
 1.800000E+00 
 4.658882E-07 
 3.935335E-07 
 1.800000E+00 
 3.073652E-06 
 1.800000E+00 
 1.801478E-06 
 1.783437E-06 
 1.800000E+00 
 1.800000E+00 
 5.108917E-09 
 1.800000E+00 
-2.399242E-06 
 1.726154E-05 
 1.800000E+00 
 1.800000E+00 
 1.205417E-07 
 1.684692E-09 
 1.800000E+00 
 1.403078E-07 
 4.297255E-09 
 1.800000E+00 
 1.800000E+00 
-1.397166E-06 
 1.800000E+00 
-1.171123E-06 
 8.423119E-09 
 1.800006E+00 
-2.423545E-08 
 1.800000E+00 
 3.401746E-06 
 1.800000E+00 
 3.206428E-08 
 1.800000E+00 
 1.641295E-06 
 1.643078E-06 
 1.800001E+00 
 5.204554E-08 
 1.800000E+00 
-1.242209E-05 
 1.800000E+00 
 8.505164E-09 
 1.800000E+00 
-7.430072E-06 
 3.418221E-07 
 1.800000E+00 
-1.170609E-07 
 1.800000E+00 
 4.056330E-07 
 1.800000E+00 
 3.992437E-08 
 7.927262E-08 
 1.800000E+00 
 1.800000E+00 
-2.655833E-09 
-2.639710E-09 
-2.643959E-09 
 1.800000E+00 
 1.800000E+00 
 8.060782E-07 
 2.291201E-07 
 1.800000E+00 
-2.708614E-08 
 1.800000E+00 
-5.084102E-07 
-4.631271E-07 
 1.800000E+00 
 1.757160E-09 
 1.800000E+00 
-8.086654E-08 
 1.799999E+00 
 7.622437E-09 
 7.446265E-09 
 1.800000E+00 
-1.688750E-06 
 1.800000E+00 
 6.910073E-06 
 6.853929E-06 
 1.800000E+00 
 1.800000E+00 
 7.516784E-08 
 6.901006E-08 
 6.900989E-08 
 1.800000E+00 
 2.777757E-06 
 1.800000E+00 
 6.991341E-08 
 1.800000E+00 
 5.195169E-06 
 5.640248E-06 
 1.800000E+00 
 2.485779E-06 
 1.799999E+00 
-1.284489E-06 
-9.435209E-07 
 1.800000E+00 
-9.600585E-07 
 1.800000E+00 
-1.138215E-05 
-1.135390E-05 
 1.800000E+00 
 1.140536E-08 
 1.800002E+00 
 7.422988E-07 
 6.058310E-07 
 1.800000E+00 
 4.167233E-09 
 4.342582E-09 
 1.800001E+00 
 1.800000E+00 
-2.943112E-07 
-5.297308E-07 
-5.297282E-07 
 1.800000E+00 
 3.776942E-06 
 1.800000E+00 
 3.890942E-07 
 3.896634E-07 
 1.800000E+00 
-1.147662E-06 
 1.800000E+00 
 9.510947E-06 
 9.510239E-06 
 1.800000E+00 
 1.861369E-08 
 1.425117E-08 
 1.800000E+00 
 1.657612E-07 
 1.800000E+00 
 4.893248E-08 
-2.246246E-08 
 1.800000E+00 
 1.287634E-07 
 1.800007E+00 
-6.210077E-07 
-1.158074E-09 
-1.156307E-09 
 1.800000E+00 
 1.800000E+00 
-2.335366E-06 
 2.467931E-08 
 2.467932E-08 
 1.800000E+00 
 8.495647E-09 
 8.321237E-09 
 1.800000E+00 
-1.238923E-06 
 1.800000E+00 
 1.095651E-06 
 1.055266E-06 
 1.800000E+00 
 3.266082E-07 
 3.273736E-07 
 1.800000E+00 
-9.898682E-08 
 1.800000E+00 
 1.275040E-06 
 6.580005E-09 
 6.579951E-09 
 1.800007E+00 
 1.800003E+00 
 1.802668E-07 
 1.783890E-07 
 1.783890E-07 
 1.783889E-07 
 1.800000E+00 
-3.021162E-06 
 1.800000E+00 
-3.989830E-08 
 1.800000E+00 
 1.873226E-06 
 1.585163E-06 
 1.585163E-06 
 1.800000E+00 
-2.020252E-07 
-2.135402E-07 
 1.800000E+00 
-1.369490E-06 
 1.800000E+00 
-4.198250E-07 
-4.142290E-07 
-4.142300E-07 
 1.800000E+00 
 3.317071E-06 
 1.800000E+00 
 5.926655E-06 
 5.884177E-06 
 5.884176E-06 
 1.800000E+00 
-5.342044E-07 
 1.799998E+00 
-3.735257E-08 
-3.651882E-08 
-3.651954E-08 
 1.800000E+00 
 4.256320E-06 
 1.800000E+00 
-1.054433E-06 
 9.039401E-09 
 9.040312E-09 
 1.800000E+00 
 4.675115E-08 
 3.447836E-08 
 1.800000E+00 
 3.160839E-09 
 1.800000E+00 
-3.255041E-05 
 4.069999E-09 
 4.069351E-09 
 4.069128E-09 
 1.800000E+00 
 1.800000E+00 
 1.944464E-06 
-5.898944E-09 
-5.898712E-09 
-5.899290E-09 
 1.800000E+00 
-5.441734E-08 
 1.800000E+00 
-6.053107E-06 
-6.103985E-06 
-6.103985E-06 
 1.800000E+00 
-3.031599E-06 
-3.043709E-06 
 1.800000E+00 
-2.037368E-06 
-1.959329E-06 
 1.800000E+00 
-5.979331E-06 
-5.877403E-06 
 1.800000E+00 
-9.987605E-09 
 1.036710E-08 
 1.036802E-08 
 1.800000E+00 
-1.287425E-06 
-1.288526E-06 
 1.800000E+00 
-1.103067E-06 
-1.086427E-06 
-1.086427E-06 
 1.800000E+00 
 5.780161E-09 
 1.800001E+00 
 1.346455E-09 
 2.697408E-09 
 2.698582E-09 
 2.699173E-09 
 1.800000E+00 
 2.373741E-08 
 1.800000E+00 
 3.655591E-06 
-7.171846E-09 
-7.196169E-09 
-7.171474E-09 
 1.800000E+00 
 1.800000E+00 
 1.149173E-07 
 5.525648E-08 
 5.525650E-08 
 5.525650E-08 
 5.525661E-08 
 1.800000E+00 
-1.573932E-06 
 9.267268E-09 
 1.800000E+00 
-3.166861E-07 
-1.552339E-07 
 1.800000E+00 
 1.200022E-08 
 9.101129E-09 
 9.101337E-09 
 1.800000E+00 
 1.256330E-07 
 6.532407E-09 
 1.800001E+00 
-5.021836E-07 
 5.348706E-09 
 5.348613E-09 
 5.348686E-09 
 1.800000E+00 
-5.183527E-08 
 1.800000E+00 
 4.894215E-06 
-1.539821E-07 
-1.539821E-07 
-1.539821E-07 
 1.800000E+00 
 8.661107E-08 
 1.610332E-08 
 1.800000E+00 
 7.728755E-06 
-2.720920E-07 
-2.720920E-07 
 1.800000E+00 
 2.317470E-05 
 2.315261E-05 
 2.315261E-05 
 1.800000E+00 
 7.492675E-06 
 7.492855E-06 
 7.492855E-06 
 1.800000E+00 
 3.273742E-07 
 7.942485E-07 
 7.942508E-07 
 1.800000E+00 
 3.737886E-08 
 2.717227E-08 
 1.800000E+00 
-1.135273E-06 
-1.380664E-06 
-1.380664E-06 
-1.380664E-06 
 1.800000E+00 
 4.672197E-07 
 5.651707E-07 
 5.651705E-07 
 1.800000E+00 
-5.969234E-09 
-5.193049E-09 
 1.800007E+00 
-3.538137E-07 
 4.864727E-09 
 4.864023E-09 
 4.863971E-09 
 1.800000E+00 
-2.323574E-08 
-1.004649E-08 
-1.004667E-08 
 1.800000E+00 
-2.177411E-06 
 1.061878E-08 
 1.061437E-08 
 1.800000E+00 
-4.379144E-08 
-4.617343E-08 
-4.617375E-08 
 1.800007E+00 
-2.574877E-07 
-4.214087E-08 
-4.214109E-08 
-4.213963E-08 
 1.800000E+00 
-1.047485E-08 
 9.441022E-09 
 9.440997E-09 
 1.800000E+00 
 1.183134E-06 
 4.219313E-09 
 4.218792E-09 
 1.800000E+00 
-1.510799E-07 
-2.797699E-09 
-2.797090E-09 
-2.797485E-09 
 1.800000E+00 
 6.127989E-08 
 4.976841E-09 
 4.977012E-09 
 1.800000E+00 
 4.362279E-09 
 5.009616E-09 
 5.010378E-09 
 1.800000E+00 
 1.769940E-06 
 1.616652E-06 
 1.616656E-06 
 1.616652E-06 
 1.616652E-06 
 1.800000E+00 
-1.212861E-06 
-1.212848E-06 
 1.800000E+00 
 4.880969E-08 
 4.867718E-08 
 4.867405E-08 
 4.867405E-08 
 4.867393E-08 
 1.800000E+00 
-8.005943E-10 
 2.249703E-10 
 2.249216E-10 
 1.800000E+00 
 4.280421E-06 
-1.738337E-07 
-1.738331E-07 
-1.738330E-07 
 1.800000E+00 
-6.735080E-07 
-1.821013E-08 
-1.820999E-08 
 1.800000E+00 
 2.761918E-08 
 5.657223E-08 
 5.657226E-08 
 5.657224E-08 
 5.657279E-08 
 1.800000E+00 
 4.785702E-08 
 3.646968E-08 
 3.646972E-08 
 3.646957E-08 
 1.800000E+00 
 4.585412E-08 
 4.041497E-08 
 4.041656E-08 
 1.800000E+00 
 7.201682E-08 
 7.444679E-09 
 7.444264E-09 
 7.444377E-09 
 7.445729E-09 
 1.800000E+00 
-1.418249E-06 
-1.354102E-06 
-1.354107E-06 
 1.800000E+00 
 1.119608E-06 
 5.452275E-09 
 5.452293E-09 
 5.452292E-09 
 5.452663E-09 
 5.452276E-09 
 1.800000E+00 
 4.710301E-07 
-2.952410E-08 
 1.800000E+00 
-1.659020E-06 
 9.170607E-09 
 9.170596E-09 
 9.170578E-09 
 9.170623E-09 
 9.170621E-09 
 9.170621E-09 
 1.800000E+00 
 3.078846E-07 
 3.081187E-07 
 1.800008E+00 
 1.310100E-09 
 5.589584E-09 
 5.588001E-09 
 5.590877E-09 
 5.589033E-09 
 5.589589E-09 
 1.800000E+00 
 2.805614E-05 
 1.959822E-08 
 1.959818E-08 
 1.959820E-08 
 1.799998E+00 
-1.678270E-08 
 1.810402E-08 
 1.810258E-08 
 1.810400E-08 
 1.810402E-08 
 1.800000E+00 
 2.395555E-06 
 2.317649E-06 
 2.317649E-06 
 2.317649E-06 
 2.317649E-06 
 1.800000E+00 
-6.039064E-07 
-9.700954E-09 
-9.701348E-09 
-9.700982E-09 
 1.800000E+00 
-4.472840E-06 
-4.071373E-06 
-4.071371E-06 
-4.071375E-06 
-4.071371E-06 
 1.800000E+00 
 3.222876E-07 
 1.639728E-08 
 1.639741E-08 
 1.639582E-08 
 1.639723E-08 
 1.639796E-08 
 1.800000E+00 
 1.185714E-07 
 1.387258E-08 
 1.387302E-08 
 1.387307E-08 
 1.800000E+00 
-2.970949E-06 
 4.157728E-08 
 4.157698E-08 
 4.157711E-08 
 4.157736E-08 
 4.157672E-08 
 1.800000E+00 
 2.354175E-08 
 2.269198E-08 
 2.268862E-08 
 2.269202E-08 
 1.800000E+00 
 1.035779E-05 
-2.185206E-06 
-2.185206E-06 
-2.185206E-06 
-2.185206E-06 
-2.185206E-06 
-2.185206E-06 
 1.800000E+00 
 4.489403E-08 
 9.771173E-09 
 9.770646E-09 
 9.770395E-09 
 9.770924E-09 
 1.800005E+00 
 1.910280E-05 
 8.897987E-09 
 8.898062E-09 
 8.898056E-09 
 8.898506E-09 
 1.800000E+00 
 4.812766E-08 
-3.695160E-08 
-3.695175E-08 
-3.695157E-08 
-3.695186E-08 
-3.695159E-08 
-3.695160E-08 
 1.800000E+00 
 2.383805E-07 
 1.973410E-07 
 1.973421E-07 
 1.973417E-07 
 1.800000E+00 
 1.822091E-05 
 1.806952E-05 
 1.806952E-05 
 1.806952E-05 
 1.806952E-05 
 1.806952E-05 
 1.806952E-05 
 1.806952E-05 
 1.800000E+00 
 1.330003E-06 
 6.193759E-09 
 6.193783E-09 
 6.193889E-09 
 6.193775E-09 
 1.800000E+00 
 6.195060E-09 
-5.294015E-10 
-5.294048E-10 
-5.294389E-10 
-5.294992E-10 
-5.296873E-10 
 1.800000E+00 
 7.827545E-09 
 6.119752E-09 
 6.119914E-09 
 6.119914E-09 
 6.119736E-09 
 6.119901E-09 
 6.119889E-09 
 1.800000E+00 
-8.071321E-06 
 5.195796E-06 
 5.195795E-06 
 5.195797E-06 
 5.195797E-06 
 5.195798E-06 
 1.800000E+00 
-1.680198E-08 
 1.119024E-08 
 1.119059E-08 
 1.119135E-08 
 1.119032E-08 
 1.119024E-08 
 1.119219E-08 
 1.800007E+00 
 9.008966E-08 
 9.022212E-08 
 9.022242E-08 
 9.022250E-08 
 9.022202E-08 
 9.022209E-08 
 1.800000E+00 
-1.422829E-07 
-1.278692E-07 
-1.278692E-07 
-1.278692E-07 
-1.278691E-07 
-1.278692E-07 
-1.278692E-07 
-1.278692E-07 
 1.800000E+00 
-4.611005E-07 
-4.625072E-07 
-4.625072E-07 
-4.625117E-07 
-4.625078E-07 
 1.800000E+00 
-1.616372E-05 
-2.326723E-05 
-2.326723E-05 
-2.326723E-05 
-2.326722E-05 
-2.326723E-05 
-2.326722E-05 
-2.326723E-05 
-2.326722E-05 
-2.326727E-05 
 1.799996E+00 
 1.317907E-07 
 4.293991E-09 
 4.294372E-09 
 4.293940E-09 
 1.799999E+00 
-3.296241E-06 
 5.642728E-08 
 5.642311E-08 
 5.643310E-08 
 5.642350E-08 
 5.642177E-08 
 5.637621E-08 
 5.642321E-08 
 5.642341E-08 
 5.642301E-08 
 5.642341E-08 
 1.800000E+00 
-5.239816E-09 
-1.482029E-09 
-1.478542E-09 
-1.478637E-09 
 1.800000E+00 
 2.578600E-06 
 4.562722E-09 
 4.563189E-09 
 4.562733E-09 
 4.562659E-09 
 4.562580E-09 
 4.561994E-09 
 4.603791E-09 
 4.563526E-09 
 4.562809E-09 
 4.563060E-09 
 1.800000E+00 
-7.173266E-06 
-7.170638E-06 
-7.170639E-06 
-7.170638E-06 
-7.170638E-06 
 1.800000E+00 
-3.025728E-06 
-2.635832E-06 
-2.635832E-06 
-2.635832E-06 
-2.635832E-06 
-2.635832E-06 
-2.635832E-06 
-2.635831E-06 
-2.635832E-06 
-2.635832E-06 
-2.635832E-06 
 1.800000E+00 
 8.186291E-09 
 8.728071E-09 
 8.728071E-09 
 8.728064E-09 
 8.728162E-09 
 1.800000E+00 
 1.567736E-06 
 6.568117E-09 
 6.568095E-09 
 6.568108E-09 
 6.613956E-09 
 6.568117E-09 
 6.570488E-09 
 6.568268E-09 
 6.567571E-09 
 6.568114E-09 
 6.569282E-09 
 1.800000E+00 
-6.469071E-07 
-8.944315E-07 
-8.944315E-07 
-8.944282E-07 
-8.944315E-07 
-8.944324E-07 
 1.800000E+00 
-1.234870E-06 
-1.268043E-06 
-1.268044E-06 
-1.268046E-06 
-1.268047E-06 
-1.268047E-06 
-1.268047E-06 
-1.268047E-06 
-1.268047E-06 
-1.268047E-06 
 1.800000E+00 
-8.773678E-06 
 1.534464E-06 
 1.534464E-06 
 1.534464E-06 
 1.534410E-06 
 1.534464E-06 
 1.534464E-06 
 1.534464E-06 
 1.799999E+00 
 3.610983E-06 
-1.013473E-07 
-1.013475E-07 
-1.013479E-07 
-1.013471E-07 
-1.013472E-07 
-1.013476E-07 
-1.013477E-07 
-1.013476E-07 
 1.800001E+00 
 3.352270E-06 
 3.142722E-06 
 3.142722E-06 
 3.142722E-06 
 3.142722E-06 
 3.142722E-06 
 3.142722E-06 
 3.142722E-06 
 3.142722E-06 
 1.800000E+00 
 1.426415E-08 
 1.080923E-08 
 1.081224E-08 
 1.080961E-08 
 1.081085E-08 
 1.081191E-08 
 1.081192E-08 
 1.081208E-08 
 1.800000E+00 
 1.445849E-06 
 7.590800E-07 
 7.590793E-07 
 7.590793E-07 
 7.590788E-07 
 7.590792E-07 
 7.590793E-07 
 7.590719E-07 
 7.590792E-07 
 7.590785E-07 
 1.800000E+00 
-5.016928E-06 
 2.337952E-07 
 2.337956E-07 
 2.337956E-07 
 2.337955E-07 
 2.337956E-07 
 2.337955E-07 
 2.337956E-07 
 2.337957E-07 
 1.800000E+00 
-1.648381E-07 
-1.504545E-07 
-1.504548E-07 
-1.504550E-07 
-1.504374E-07 
-1.504547E-07 
-1.504550E-07 
-1.504546E-07 
 1.800000E+00 
-1.966350E-07 
-2.502335E-07 
-2.502335E-07 
-2.502331E-07 
-2.502335E-07 
-2.502337E-07 
-2.502334E-07 
-2.502353E-07 
-2.502334E-07 
-2.502334E-07 
 1.799996E+00 
-1.411512E-05 
-1.399186E-05 
-1.399186E-05 
-1.399184E-05 
-1.399185E-05 
-1.399185E-05 
-1.399185E-05 
-1.399185E-05 
-1.399185E-05 
 1.800000E+00 
 1.303414E-04 
 6.601750E-07 
 6.601750E-07 
 6.601759E-07 
 6.601751E-07 
 6.601750E-07 
 6.601751E-07 
 6.601751E-07 
 1.800000E+00 
-1.253030E-06 
-1.454533E-06 
-1.454532E-06 
-1.454543E-06 
-1.454533E-06 
-1.454532E-06 
-1.454532E-06 
-1.454532E-06 
-1.454532E-06 
-1.454532E-06 
-1.454532E-06 
 1.800000E+00 
 5.742564E-06 
 5.764413E-06 
 5.764406E-06 
 5.764405E-06 
 5.764406E-06 
 5.764392E-06 
 5.764405E-06 
 1.800000E+00 
-8.220068E-07 
-2.452038E-07 
-2.452036E-07 
-2.452038E-07 
-2.451929E-07 
-2.452036E-07 
-2.451967E-07 
-2.452038E-07 
-2.452038E-07 
-2.452034E-07 
-2.452038E-07 
 1.800000E+00 
 4.932577E-06 
 4.932334E-06 
 4.932334E-06 
 4.932334E-06 
 4.932334E-06 
 4.932333E-06 
 4.931996E-06 
 1.800000E+00 
 3.341087E-06 
 3.177694E-06 
 3.177694E-06 
 3.177694E-06 
 3.177692E-06 
 3.177695E-06 
 3.177694E-06 
 3.177694E-06 
 3.177695E-06 
 3.177694E-06 
 1.800000E+00 
 1.465263E-06 
 6.191781E-09 
 6.196084E-09 
 6.197409E-09 
 6.197444E-09 
 6.195920E-09 
 6.197412E-09 
 6.197598E-09 
 1.800000E+00 
 3.389090E-08 
 3.410611E-08 
 3.410407E-08 
 3.410618E-08 
 3.410602E-08 
 3.410603E-08 
 3.410601E-08 
 3.410602E-08 
 3.410601E-08 
 3.410516E-08 
 1.800007E+00 
 1.930812E-06 
-1.952993E-05 
-1.952993E-05 
-1.952993E-05 
-1.952993E-05 
-1.952993E-05 
-1.952993E-05 
 1.800006E+00 
 8.398684E-07 
 7.477338E-07 
 7.477335E-07 
 7.477335E-07 
 7.477334E-07 
 7.477341E-07 
 7.477334E-07 
 7.477335E-07 
 7.477334E-07 
 7.477342E-07 
 1.800000E+00 
 4.651813E-06 
-4.308189E-07 
-4.308188E-07 
-4.308183E-07 
-4.308174E-07 
-4.308190E-07 
-4.308193E-07 
 1.800000E+00 
-3.793232E-07 
 5.771927E-09 
 5.772699E-09 
 5.749279E-09 
 5.761649E-09 
 5.771971E-09 
 5.765786E-09 
 5.772029E-09 
 5.771979E-09 
 1.800000E+00 
-2.051816E-10 
 5.777113E-09 
 5.777250E-09 
 5.777190E-09 
 5.777263E-09 
 5.777181E-09 
 5.776905E-09 
 1.800000E+00 
 2.821881E-06 
 6.217147E-10 
 6.451396E-10 
 6.450763E-10 
 6.451711E-10 
 6.451225E-10 
 6.454116E-10 
 6.453937E-10 
 6.449802E-10 
 6.451308E-10 
 1.800000E+00 
-8.347742E-06 
-8.391850E-06 
-8.391850E-06 
-8.391850E-06 
-8.391850E-06 
 1.800000E+00 
 1.560457E-07 
 1.554642E-07 
 1.554630E-07 
 1.554661E-07 
 1.554714E-07 
 1.554633E-07 
 1.554632E-07 
 1.554633E-07 
 1.554633E-07 
 1.554633E-07 
 1.800000E+00 
-1.833070E-08 
-3.740214E-10 
-3.781521E-10 
-3.781455E-10 
-3.781838E-10 
-3.779607E-10 
 1.800000E+00 
 7.577013E-08 
 7.610722E-08 
 7.610719E-08 
 7.610724E-08 
 7.610722E-08 
 7.610751E-08 
 7.610723E-08 
 7.610718E-08 
 7.610723E-08 
 1.800000E+00 
-3.329595E-07 
-3.253743E-07 
-3.253742E-07 
-3.253749E-07 
-3.253736E-07 
 1.800000E+00 
-2.407462E-06 
-2.471563E-06 
-2.471563E-06 
-2.471564E-06 
-2.471563E-06 
-2.471563E-06 
-2.471563E-06 
-2.471563E-06 
-2.471563E-06 
 1.800000E+00 
 8.161159E-08 
-8.177022E-09 
-8.177015E-09 
-8.171827E-09 
-8.176731E-09 
-8.176961E-09 
 1.800000E+00 
-1.903664E-06 
 1.593788E-08 
 1.593814E-08 
 1.591097E-08 
 1.593794E-08 
 1.593794E-08 
 1.593599E-08 
 1.800000E+00 
 1.215264E-06 
 1.215097E-06 
 1.215094E-06 
 1.215097E-06 
 1.215097E-06 
 1.215097E-06 
 1.800000E+00 
-1.383131E-06 
 7.438271E-08 
 7.438275E-08 
 7.438272E-08 
 7.438262E-08 
 7.438271E-08 
 7.438272E-08 
 7.438285E-08 
 1.800000E+00 
 7.051579E-06 
 7.075171E-06 
 7.075171E-06 
 7.075170E-06 
 7.075171E-06 
 1.800000E+00 
 2.412164E-07 
-9.886238E-08 
-9.885971E-08 
-9.885951E-08 
-9.885933E-08 
-9.885952E-08 
-9.885956E-08 
 1.800000E+00 
-2.495570E-05 
-3.350115E-08 
-3.350114E-08 
-3.350122E-08 
-3.350048E-08 
-3.350113E-08 
 1.800000E+00 
-4.645153E-07 
-8.043119E-07 
-8.043131E-07 
-8.043151E-07 
-8.043132E-07 
-8.043147E-07 
 1.800000E+00 
-1.100314E-06 
-8.920225E-07 
-8.920225E-07 
-8.920226E-07 
-8.920226E-07 
-8.920225E-07 
 1.800000E+00 
-3.071409E-08 
-1.285591E-07 
-1.285593E-07 
-1.285636E-07 
-1.285591E-07 
-1.285592E-07 
 1.800000E+00 
 4.165672E-08 
-4.606789E-08 
-4.606788E-08 
-4.606803E-08 
-4.606799E-08 
 1.800000E+00 
-6.519484E-07 
-6.556784E-07 
-6.556635E-07 
-6.556785E-07 
-6.556785E-07 
-6.556791E-07 
 1.800000E+00 
 1.477361E-07 
 1.340379E-07 
 1.340405E-07 
 1.340403E-07 
 1.340410E-07 
 1.340403E-07 
 1.800000E+00 
 3.195544E-07 
 3.142703E-07 
 3.142697E-07 
 3.142697E-07 
 1.800000E+00 
-1.420930E-07 
-1.186677E-07 
-1.186678E-07 
-1.187211E-07 
-1.186677E-07 
-1.186677E-07 
-1.186611E-07 
 1.800000E+00 
 2.796588E-08 
 1.162138E-09 
 1.162244E-09 
 1.800000E+00 
 4.659939E-06 
 4.663990E-06 
 4.663991E-06 
 4.663990E-06 
 4.663990E-06 
 4.663990E-06 
 4.663991E-06 
 1.800000E+00 
 3.950143E-07 
 3.098428E-09 
 3.098352E-09 
 3.098433E-09 
 1.800000E+00 
 1.065385E-08 
 8.469306E-09 
 8.469294E-09 
 8.469329E-09 
 8.469303E-09 
 1.800000E+00 
 4.589033E-08 
-4.161630E-09 
-4.161614E-09 
-4.162421E-09 
-4.161611E-09 
 1.800000E+00 
-3.563388E-07 
-2.442467E-07 
-2.442464E-07 
-2.442466E-07 
-2.442463E-07 
 1.800001E+00 
-2.196046E-06 
 1.389017E-08 
 1.388812E-08 
 1.388824E-08 
 1.800000E+00 
 4.177829E-07 
 4.185318E-07 
 4.185318E-07 
 4.185318E-07 
 4.185315E-07 
 1.800000E+00 
-1.530667E-06 
 2.154115E-08 
 2.154218E-08 
 2.153928E-08 
 1.800000E+00 
 1.853365E-07 
 1.947593E-07 
 1.947603E-07 
 1.947607E-07 
 1.947601E-07 
 1.800000E+00 
-5.095215E-07 
-5.096651E-07 
-5.096643E-07 
-5.096638E-07 
 1.800000E+00 
 1.587658E-05 
 1.587705E-05 
 1.587705E-05 
 1.587705E-05 
 1.800000E+00 
 7.450952E-09 
 5.936753E-09 
 5.945266E-09 
 5.939386E-09 
 5.936617E-09 
 1.800000E+00 
-9.308468E-08 
-9.287534E-08 
 1.800000E+00 
 1.492661E-06 
 5.457019E-09 
 5.457423E-09 
 5.468626E-09 
 5.457144E-09 
 5.457098E-09 
 5.456961E-09 
 1.800000E+00 
 1.474836E-09 
 4.411024E-09 
 1.800000E+00 
 1.605741E-06 
-3.644307E-07 
-3.644310E-07 
-3.644309E-07 
-3.644431E-07 
 1.800007E+00 
-2.012308E-07 
 9.081676E-08 
 1.800000E+00 
 5.590734E-07 
 3.006409E-07 
 3.006409E-07 
 3.006423E-07 
 3.006419E-07 
 3.006407E-07 
 1.800000E+00 
-1.992188E-05 
-1.988494E-05 
-1.988494E-05 
 1.799997E+00 
 1.142968E-07 
 1.115198E-07 
 1.115197E-07 
 1.800005E+00 
-2.069306E-07 
-4.110291E-07 
-4.110290E-07 
-4.110291E-07 
-4.110290E-07 
 1.799999E+00 
 1.129814E-07 
 1.129994E-07 
 1.800000E+00 
 6.017961E-07 
 6.023669E-07 
 6.023679E-07 
 6.023668E-07 
 6.023669E-07 
 1.799998E+00 
 1.051261E-07 
 1.387193E-07 
 1.800000E+00 
 1.388309E-06 
 1.896499E-09 
 1.899959E-09 
 1.896664E-09 
 1.900734E-09 
 1.800000E+00 
 1.311578E-08 
 1.800000E+00 
 1.319938E-05 
-2.353187E-05 
-2.353187E-05 
-2.353187E-05 
-2.353187E-05 
-2.353187E-05 
 1.800000E+00 
 1.079860E-06 
 1.079845E-06 
 1.800000E+00 
 8.744644E-09 
 8.204643E-09 
 8.205287E-09 
 1.800000E+00 
 2.796152E-08 
 3.100900E-08 
 3.100923E-08 
 3.100914E-08 
 1.800000E+00 
 8.376243E-07 
 8.384913E-07 
 8.384915E-07 
 1.800000E+00 
 1.432328E-08 
 8.820939E-09 
 1.800007E+00 
 7.728769E-07 
-2.409215E-05 
-2.409215E-05 
-2.409215E-05 
-2.409215E-05 
 1.800000E+00 
 7.275191E-09 
 1.800000E+00 
-5.423066E-07 
 1.848982E-06 
 1.848982E-06 
 1.848982E-06 
 1.848982E-06 
 1.800007E+00 
 1.800000E+00 
-5.476750E-07 
-1.060824E-06 
-1.060821E-06 
-1.060826E-06 
-1.060825E-06 
-1.060821E-06 
 1.800000E+00 
 4.291527E-08 
 6.713038E-08 
 1.800000E+00 
-9.413938E-08 
 6.736824E-10 
 1.800000E+00 
-6.321275E-07 
-2.616373E-07 
-2.616372E-07 
-2.616372E-07 
 1.800000E+00 
-2.893516E-08 
 1.800000E+00 
 1.537237E-07 
 1.225791E-07 
 1.225790E-07 
 1.225793E-07 
 1.225791E-07 
 1.800000E+00 
-5.293445E-06 
 1.800000E+00 
-9.459076E-07 
 6.064441E-09 
 6.064655E-09 
 6.064836E-09 
 1.800000E+00 
 6.739615E-09 
 1.800000E+00 
-1.328433E-06 
 1.303582E-08 
 1.303579E-08 
 1.304176E-08 
 1.800000E+00 
-3.421131E-06 
-2.911663E-06 
 1.800000E+00 
-5.464084E-08 
-4.549322E-08 
-4.549230E-08 
 1.800000E+00 
 5.399108E-07 
 1.207142E-08 
 1.800000E+00 
 1.914539E-08 
 2.522688E-08 
 2.522688E-08 
 1.800000E+00 
-2.866709E-05 
-2.866658E-05 
 1.800000E+00 
-7.501908E-08 
 6.351817E-09 
 6.351910E-09 
 1.800000E+00 
 2.955199E-09 
 1.800000E+00 
 2.233454E-07 
 5.259794E-09 
 5.259822E-09 
 5.259457E-09 
 1.799999E+00 
 1.582903E-07 
 1.405371E-07 
 1.800000E+00 
-1.034356E-05 
 1.149878E-06 
 1.800001E+00 
-7.297895E-07 
 6.384672E-09 
 6.384728E-09 
 1.800001E+00 
 1.263791E-08 
 1.800004E+00 
-1.841000E-06 
 1.435880E-08 
 1.436262E-08 
 1.436780E-08 
 1.800000E+00 
 1.800000E+00 
 2.419141E-08 
 1.446014E-08 
 1.445984E-08 
 1.446003E-08 
 1.800000E+00 
-1.179672E-07 
 1.693893E-08 
 1.800000E+00 
 5.811344E-07 
-2.467756E-09 
 1.800000E+00 
-5.072499E-08 
-4.198731E-08 
 1.800000E+00 
-1.455033E-06 
 8.464892E-09 
 1.800000E+00 
 1.406140E-09 
-5.182543E-09 
-5.180506E-09 
 1.800000E+00 
 1.800000E+00 
 2.256247E-05 
 2.255779E-05 
 2.255778E-05 
 2.255779E-05 
 2.255779E-05 
 1.800000E+00 
 1.800000E+00 
 1.556188E-07 
 1.495919E-07 
 1.495922E-07 
 1.800000E+00 
-6.291798E-06 
 1.800000E+00 
-3.500085E-07 
 6.289646E-09 
 6.289778E-09 
 1.800000E+00 
-2.788840E-08 
 1.800000E+00 
 1.551576E-06 
 6.579289E-09 
 6.579421E-09 
 1.800000E+00 
-2.547981E-06 
 1.800000E+00 
-1.020840E-07 
 8.410273E-09 
 8.410232E-09 
 1.800000E+00 
 1.086673E-06 
 1.800001E+00 
-1.256094E-07 
 1.038994E-10 
 1.800000E+00 
-2.894174E-06 
-2.090876E-06 
-2.090870E-06 
 1.800000E+00 
 1.800000E+00 
-1.578346E-05 
-1.588294E-05 
-1.588294E-05 
 1.800000E+00 
 2.187661E-08 
 9.234566E-09 
 1.800000E+00 
-8.559418E-07 
 1.800000E+00 
 1.043870E-06 
 6.180891E-09 
 1.800000E+00 
-7.804495E-07 
-6.498502E-07 
 1.800000E+00 
 5.252138E-08 
-2.313620E-08 
 1.800000E+00 
-2.918314E-06 
-3.041958E-06 
 1.800000E+00 
-1.772079E-08 
 1.800000E+00 
 8.959176E-09 
 1.084785E-08 
 1.800000E+00 
 1.872573E-07 
 1.800000E+00 
 7.309434E-07 
 7.317135E-07 
 7.317131E-07 
 1.800000E+00 
 9.980196E-09 
 1.800000E+00 
 3.939609E-06 
 1.800000E+00 
 2.245551E-06 
-1.315107E-09 
-1.315190E-09 
 1.800002E+00 
-1.024382E-07 
 1.800000E+00 
-7.483001E-07 
 1.800000E+00 
 2.946003E-06 
-6.619590E-08 
-6.619579E-08 
 1.800001E+00 
 1.800000E+00 
-1.512522E-05 
-4.789595E-09 
-4.789626E-09 
 1.800000E+00 
-3.300930E-08 
 1.800000E+00 
 8.231582E-09 
 1.800000E+00 
-5.481273E-07 
 1.871788E-08 
 1.800000E+00 
 1.389114E-08 
 9.522398E-09 
 1.800000E+00 
 1.404388E-08 
 1.800000E+00 
 5.656590E-07 
 1.799999E+00 
 8.179067E-09 
 7.437216E-09 
 7.436590E-09 
 1.800000E+00 
 1.800000E+00 
 7.967037E-09 
 4.063009E-09 
 1.800007E+00 
-6.832013E-09 
 1.016160E-08 
 1.800000E+00 
 6.253101E-08 
 1.800000E+00 
 2.250743E-08 
 1.800000E+00 
-1.751384E-07 
 1.842999E-09 
 1.800000E+00 
 5.252013E-08 
 1.800000E+00 
-2.239002E-06 
 1.157307E-08 
 1.800000E+00 
 8.315289E-07 
 1.800001E+00 
 6.819691E-08 
 1.800000E+00 
 1.178638E-06 
 1.195231E-06 
 1.800000E+00 
 4.618914E-08 
 1.800000E+00 
 9.307976E-09 
 1.331508E-08 
 1.800000E+00 
 2.410506E-07 
 1.800000E+00 
 3.786751E-06 
 1.800000E+00 
 6.204973E-09 
 5.435375E-09 
 1.800000E+00 
 1.800000E+00 
 5.336594E-08 
 4.388788E-08 
 4.388793E-08 
 1.800000E+00 
 1.800000E+00 
 2.402929E-07 
 7.311419E-09 
 1.800000E+00 
-2.052422E-08 
 1.800000E+00 
-5.235792E-07 
 1.800000E+00 
-1.895989E-05 
-1.895986E-05 
 1.800000E+00 
 1.800000E+00 
 1.326747E-05 
-5.251633E-08 
-5.251637E-08 
 1.800000E+00 
 1.800000E+00 
-3.727761E-08 
 1.058419E-08 
 1.800000E+00 
 1.800000E+00 
 1.500830E-05 
-2.831889E-05 
 1.800000E+00 
 1.122308E-08 
 4.612677E-09 
 1.800000E+00 
 1.800000E+00 
 3.720215E-07 
 1.800000E+00 
-9.605737E-08 
-1.051999E-07 
 1.800000E+00 
 9.181044E-09 
 1.800000E+00 
 1.033214E-06 
 1.800000E+00 
-1.111382E-06 
 1.478675E-08 
 1.800000E+00 
 1.800000E+00 
-9.082553E-06 
 1.800000E+00 
 2.288782E-06 
 2.581898E-06 
 1.800000E+00 
 5.442189E-06 
 1.799999E+00 
 6.484497E-07 
 1.800000E+00 
 2.101967E-06 
 1.800000E+00 
-2.266050E-05 
 1.800000E+00 
 1.803886E-06 
 1.800000E+00 
-2.474010E-05 
 1.771881E-05 
 1.800000E+00 
 1.800000E+00 
-1.079368E-06 
 1.800000E+00 
 1.159183E-08 
 1.113675E-08 
 1.800000E+00 
-2.631187E-06 
 1.800000E+00 
 1.800000E+00 
 2.001603E-06 
 1.272800E-05 
 1.800000E+00 
-2.646419E-08 
 1.800000E+00 
 1.800000E+00 
 4.584646E-09 
 6.488743E-09 
 1.800000E+00 
-6.132868E-07 
 1.800000E+00 
 2.889503E-06 
 1.800000E+00 
 9.318215E-09 
 1.800000E+00 
 1.057280E-06 
 1.800000E+00 
 5.378296E-06 
 1.800000E+00 
 1.800007E+00 
-1.207701E-05 
-1.251524E-05 
 1.799996E+00 
 1.168158E-06 
 1.800000E+00 
 5.695055E-07 
 1.800000E+00 
 2.127493E-06 
 1.800000E+00 
 1.664850E-08 
 1.800000E+00 
 1.800000E+00 
 4.962391E-07 
 7.657051E-07 
 1.800000E+00 
 4.070219E-06 
 1.800000E+00 
 1.800000E+00 
 1.804175E-07 
 1.792675E-07 
 1.800000E+00 
 1.800000E+00 
-2.545211E-08 
 1.800000E+00 
 1.439167E-06 
 6.462583E-09 
 1.800000E+00 
 1.800000E+00 
 2.713218E-08 
 1.800000E+00 
 1.457496E-07 
 1.800000E+00 
-9.003205E-06 
 1.799998E+00 
 1.800000E+00 
 7.291759E-07 
-3.847468E-09 
 1.800000E+00 
 2.164630E-05 
 1.800000E+00 
 1.800000E+00 
 6.097067E-08 
 1.800000E+00 
 1.690981E-06 
 1.104188E-08 
 1.800000E+00 
 1.800000E+00 
 1.800000E+00 
 5.691562E-10 
-1.349340E-09 
 1.800000E+00 
-1.181580E-07 
 1.800000E+00 
 1.800003E+00 
 1.617244E-06 
 1.800000E+00 
 1.130125E-06 
 1.800000E+00 
 2.205764E-06 
 1.800006E+00 
-1.787183E-08 
 1.800000E+00 
 6.714431E-09 
 1.800000E+00 
 1.799999E+00 
 1.480941E-08 
 1.800006E+00 
 4.324468E-08 
 1.800000E+00 
-4.618683E-08 
 1.800000E+00 
 1.800001E+00 
-3.719122E-06 
 1.525146E-07 
 1.800000E+00 
 1.800000E+00 
 8.121741E-08 
 1.800003E+00 
 1.800000E+00 
 1.852446E-07 
 1.500025E-07 
 1.800000E+00 
 1.800000E+00 
 1.305562E-06 
 1.800000E+00 
 6.760287E-08 
 1.800000E+00 
 6.878106E-09 
 1.800000E+00 
 1.800000E+00 
-9.762737E-07 
 1.800001E+00 
 6.255735E-07 
 1.800000E+00 
 1.800000E+00 
-4.930919E-07 
 1.800000E+00 
 1.034593E-06 
 1.800000E+00 
 2.301781E-09 
 1.800000E+00 
 1.531077E-07 
 1.800000E+00 
 1.800000E+00 
 9.644624E-09 
 1.800000E+00 
 1.800000E+00 
 7.805107E-07 
 8.232767E-07 
 1.800000E+00 
 1.800000E+00 
 1.800000E+00 
-1.505614E-06 
 8.455100E-09 
 1.800000E+00 
 1.800001E+00 
 2.390421E-08 
 1.800000E+00 
 1.800000E+00 
-1.719249E-07 
 1.800000E+00 
-1.934706E-05 
 1.800001E+00 
 3.998926E-08 
 1.800000E+00 
 1.800000E+00 
-3.362831E-08 
 1.800007E+00 
 1.800000E+00 
-5.155577E-08 
-3.012942E-08 
 1.800000E+00 
 1.800000E+00 
 1.800007E+00 
 2.792740E-07 
 1.800000E+00 
 2.380385E-06 
 1.800000E+00 
 4.356190E-09 
 1.800000E+00 
 1.800000E+00 
 1.800000E+00 
 1.269242E-07 
-5.220784E-08 
 1.800000E+00 
 1.800000E+00 
 1.076973E-08 
 1.800000E+00 
 1.799999E+00 
 1.031897E-07 
 1.800000E+00 
 1.800000E+00 
-1.607407E-06 
-2.763296E-08 
 1.800007E+00 
 1.800007E+00 
 1.800007E+00 
 1.836390E-05 
 1.800000E+00 
 1.800000E+00 
-2.455977E-08 
-2.553761E-08 
 1.799999E+00 
 1.799999E+00 
 1.799999E+00 
-7.749161E-09 
 1.800000E+00 
 1.800000E+00 
-4.657762E-08 
-4.345427E-08 
 1.800000E+00 
 1.800000E+00 
 1.800000E+00 
 1.800001E+00 
-1.818764E-06 
 9.829373E-09 
 1.800000E+00 
 1.800000E+00 
 5.716354E-07 
 1.800000E+00 
 1.800000E+00 
 1.443730E-07 
 1.800000E+00 
 1.800000E+00 
 1.012273E-07 
 1.800000E+00 
 2.843726E-06 
 1.800000E+00 
 1.800000E+00 
 1.800000E+00 
 3.891603E-09 
 1.800000E+00 
-5.551817E-06 
 1.800000E+00 
 1.800000E+00 
-2.737732E-05 
-2.735824E-05 
