#format table ## [Custom WaveView] saved 10:26:34 Tue Oct  6 2026
v(qout) 
 1.800000E+00 
 1.800000E+00 
 1.800000E+00 
-4.172437E-08 
-4.123153E-08 
-4.122780E-08 
 1.800000E+00 
 1.800000E+00 
 1.062154E-08 
 1.799998E+00 
 1.800000E+00 
 3.643018E-08 
 3.670665E-08 
 1.800000E+00 
 9.870424E-08 
 1.800000E+00 
 1.800007E+00 
-2.948567E-07 
-3.049952E-07 
 1.799999E+00 
 1.800000E+00 
-5.168138E-06 
 6.185657E-08 
 1.800000E+00 
 1.800000E+00 
 8.905771E-06 
 8.795600E-06 
 1.800000E+00 
 1.800000E+00 
-5.444149E-08 
 1.800000E+00 
-1.234543E-06 
 1.800000E+00 
-1.690922E-06 
 1.800004E+00 
-2.253438E-07 
-2.299907E-07 
 1.800006E+00 
 1.800006E+00 
 1.800003E+00 
 1.639819E-05 
 1.639732E-05 
 1.800000E+00 
 1.131796E-05 
 1.800006E+00 
 7.647398E-09 
 1.800000E+00 
 1.800000E+00 
 1.356735E-07 
 1.552599E-09 
 1.800007E+00 
 1.800000E+00 
 1.630695E-08 
 1.800000E+00 
-3.926930E-07 
 1.800001E+00 
-1.415659E-07 
-1.273111E-07 
 1.800000E+00 
 1.800000E+00 
 1.800000E+00 
-1.907764E-06 
 9.672958E-09 
 1.800000E+00 
 1.800000E+00 
-6.531100E-06 
 8.571817E-09 
 1.800000E+00 
 1.800006E+00 
-9.787281E-08 
 1.800000E+00 
 2.282043E-07 
 2.282079E-07 
 1.800000E+00 
 1.800000E+00 
 1.800000E+00 
-7.667266E-09 
 1.281918E-08 
 1.800000E+00 
 1.800000E+00 
 1.354173E-07 
 1.800007E+00 
 1.384584E-06 
 1.749633E-06 
 1.800000E+00 
 1.800000E+00 
 1.799998E+00 
-3.714451E-07 
-1.963118E-07 
 1.800000E+00 
 1.800007E+00 
-4.421085E-07 
-4.321305E-07 
 1.800000E+00 
 1.800000E+00 
 3.853215E-08 
 1.800000E+00 
 1.800000E+00 
 3.011769E-05 
 5.380726E-06 
 1.800000E+00 
 1.800006E+00 
-8.897727E-07 
 3.269930E-09 
 1.800000E+00 
 1.800000E+00 
 1.800002E+00 
-7.584688E-08 
 1.026763E-07 
 1.800000E+00 
 1.800002E+00 
-1.800873E-06 
 1.800000E+00 
 3.658228E-07 
 1.800000E+00 
 2.073900E-09 
 1.800000E+00 
 1.800000E+00 
 9.597881E-07 
 1.225967E-05 
 1.800000E+00 
 1.800000E+00 
 1.800000E+00 
-5.690731E-09 
 1.160253E-08 
 1.800000E+00 
 1.800000E+00 
-1.602901E-05 
 6.540807E-09 
 1.800000E+00 
 1.800000E+00 
 1.800001E+00 
 6.116261E-06 
 1.799999E+00 
-1.336145E-07 
-1.036881E-07 
 1.800000E+00 
 1.800000E+00 
 1.800000E+00 
 1.062681E-06 
 1.800000E+00 
 1.481616E-07 
 1.737824E-08 
 1.800000E+00 
 1.800000E+00 
 1.800004E+00 
-2.953629E-07 
 1.800000E+00 
-1.234677E-08 
 1.800000E+00 
 5.019474E-08 
 1.800000E+00 
-3.819617E-06 
 1.800001E+00 
 1.800000E+00 
 1.043625E-05 
 1.799999E+00 
 1.800003E+00 
 1.261891E-05 
 1.253491E-05 
 1.800000E+00 
 1.800000E+00 
 3.443649E-10 
 1.800000E+00 
 1.800000E+00 
 2.699971E-07 
 1.800000E+00 
-2.623525E-05 
 1.800000E+00 
 4.339019E-07 
 1.799999E+00 
 1.799999E+00 
 5.324365E-07 
 1.800000E+00 
 2.639363E-08 
 1.800000E+00 
 1.800000E+00 
-5.561681E-07 
 1.800000E+00 
-2.426058E-07 
 1.800000E+00 
 1.800000E+00 
 5.735173E-08 
 1.800000E+00 
 2.437521E-06 
 1.799999E+00 
 1.800000E+00 
-1.459477E-07 
 1.800000E+00 
 1.319570E-06 
 1.800000E+00 
 1.742832E-09 
 1.800000E+00 
 1.800000E+00 
 1.800000E+00 
-1.534076E-05 
-1.534019E-05 
 1.800000E+00 
 1.800000E+00 
-9.468285E-08 
 1.800000E+00 
 1.800000E+00 
-5.044051E-08 
 1.800000E+00 
-4.569946E-08 
 1.800006E+00 
 1.800000E+00 
 7.573280E-07 
 1.800000E+00 
 1.800000E+00 
 7.592319E-06 
 1.140759E-05 
 1.800000E+00 
 1.800000E+00 
 1.800000E+00 
-2.648588E-09 
 1.800000E+00 
-6.236431E-07 
 1.799999E+00 
 1.800000E+00 
 1.155797E-09 
 1.800000E+00 
 2.558835E-07 
 1.800000E+00 
 1.800000E+00 
 3.520129E-06 
 1.800001E+00 
 1.800000E+00 
 1.480441E-06 
 1.800000E+00 
-4.334564E-09 
 1.800000E+00 
 1.800000E+00 
 1.612005E-06 
 1.800000E+00 
 3.213748E-06 
 1.800000E+00 
 1.800000E+00 
 1.800007E+00 
 3.128597E-07 
 3.467399E-07 
 1.800000E+00 
 1.800000E+00 
 1.800000E+00 
-3.344696E-07 
 1.800001E+00 
-1.372060E-05 
 1.800000E+00 
 1.800000E+00 
 1.622014E-06 
 1.800000E+00 
 1.800000E+00 
-4.136409E-07 
 1.800001E+00 
-1.312387E-07 
 1.800000E+00 
 1.800000E+00 
-2.209033E-08 
 1.800000E+00 
 1.800000E+00 
 1.413500E-07 
 1.800000E+00 
-1.219212E-07 
 1.799999E+00 
 1.799999E+00 
 1.800007E+00 
 5.910848E-07 
 1.800000E+00 
 1.069182E-05 
 1.800000E+00 
 1.800000E+00 
-9.981687E-07 
 1.800006E+00 
-3.913204E-08 
 1.799999E+00 
 1.800000E+00 
 1.800000E+00 
 4.990354E-10 
 1.800000E+00 
 1.430481E-08 
 1.800000E+00 
 1.800000E+00 
 1.800000E+00 
-1.424450E-07 
 1.193716E-08 
 1.800000E+00 
 1.800000E+00 
 1.800000E+00 
 1.800000E+00 
-2.611049E-07 
-4.154166E-07 
 1.800000E+00 
 1.800000E+00 
 1.800000E+00 
-1.681686E-06 
 1.800002E+00 
 1.243979E-07 
 1.800000E+00 
 1.800000E+00 
 1.800000E+00 
-1.175342E-08 
 1.800000E+00 
-1.360698E-07 
 1.799999E+00 
 1.800000E+00 
-3.423623E-06 
 1.800000E+00 
 1.800000E+00 
-4.279899E-07 
 1.800000E+00 
 1.800000E+00 
 1.800000E+00 
-3.578274E-07 
-3.455238E-07 
 1.800007E+00 
 1.800007E+00 
 1.800007E+00 
 1.800000E+00 
 7.044354E-09 
 6.410278E-09 
 1.800000E+00 
 1.800000E+00 
 1.800000E+00 
 1.800000E+00 
 1.719956E-08 
 1.800000E+00 
-2.892254E-06 
 1.800000E+00 
 1.800000E+00 
-5.636607E-09 
 1.800000E+00 
 1.799999E+00 
 1.017157E-05 
 1.799998E+00 
 1.800000E+00 
 3.919612E-07 
 1.800000E+00 
 1.800000E+00 
 1.800000E+00 
 1.135373E-06 
 1.135418E-06 
 1.800000E+00 
 1.800000E+00 
 1.800000E+00 
 1.800000E+00 
 3.745418E-06 
 1.800006E+00 
 1.800000E+00 
-1.638909E-06 
 1.800000E+00 
-7.695776E-06 
 1.800000E+00 
 1.800000E+00 
 1.800000E+00 
 1.800000E+00 
-5.535874E-09 
-1.305083E-08 
 1.800000E+00 
 1.800000E+00 
 1.800000E+00 
 1.800000E+00 
 3.290523E-06 
 3.290935E-06 
 1.800000E+00 
 1.800000E+00 
 1.800000E+00 
 1.800000E+00 
 1.800000E+00 
 9.179776E-09 
 8.621061E-09 
 1.800000E+00 
 1.800000E+00 
 1.800001E+00 
-6.483988E-08 
 1.800000E+00 
 1.800000E+00 
 1.800000E+00 
-1.998946E-05 
 1.800000E+00 
 5.207209E-06 
 1.800000E+00 
 1.800000E+00 
 1.800000E+00 
-2.800613E-07 
 1.800006E+00 
 1.800000E+00 
 1.830224E-08 
 1.800000E+00 
 1.800000E+00 
-9.295126E-08 
 1.800000E+00 
 1.800000E+00 
 1.800000E+00 
-6.839533E-06 
 1.800000E+00 
 1.800000E+00 
-1.299939E-08 
 1.800000E+00 
 1.800000E+00 
 1.800000E+00 
 3.554496E-09 
 1.800000E+00 
 1.800000E+00 
-1.256675E-10 
 1.800000E+00 
 1.800001E+00 
 5.116292E-06 
 1.800006E+00 
 1.800000E+00 
 1.800001E+00 
 5.438844E-09 
 1.800000E+00 
 1.800000E+00 
-1.604629E-06 
 1.800002E+00 
 1.800000E+00 
-2.767737E-09 
 1.800000E+00 
 1.800000E+00 
 1.800000E+00 
 1.799998E+00 
 1.910644E-07 
 1.800000E+00 
-1.632623E-08 
 1.799999E+00 
 1.800000E+00 
 1.800000E+00 
 5.523383E-06 
 1.800000E+00 
 1.800000E+00 
 1.800000E+00 
 9.526613E-09 
 1.800000E+00 
 1.800000E+00 
 8.870615E-09 
 1.800003E+00 
 1.800003E+00 
 1.800002E+00 
 1.918913E-08 
 1.800000E+00 
 1.800000E+00 
-1.386031E-07 
 1.800002E+00 
 1.800002E+00 
 1.800002E+00 
 1.800000E+00 
-1.791057E-08 
 1.800000E+00 
 1.483316E-07 
 1.800000E+00 
 1.800000E+00 
 1.800000E+00 
 1.800000E+00 
 2.175127E-08 
 1.800000E+00 
 5.852041E-08 
 1.800001E+00 
 1.800001E+00 
 1.800001E+00 
 1.800000E+00 
 9.651352E-06 
 1.800001E+00 
 1.800001E+00 
 1.799999E+00 
-3.209941E-10 
 1.799998E+00 
 1.800000E+00 
-6.026568E-07 
 1.800000E+00 
 1.800000E+00 
 1.800000E+00 
 9.057352E-06 
 1.800000E+00 
 1.800005E+00 
 1.800000E+00 
-1.673627E-05 
 1.800000E+00 
 1.800000E+00 
 3.550523E-08 
 1.800000E+00 
 1.800000E+00 
 1.800000E+00 
 1.800000E+00 
 8.984002E-08 
 1.800000E+00 
 1.800000E+00 
-1.084178E-05 
 1.800000E+00 
 1.800000E+00 
 1.800000E+00 
 1.800000E+00 
 1.023545E-05 
 1.800000E+00 
 4.851913E-08 
 1.800000E+00 
 1.800000E+00 
 1.800000E+00 
 1.800000E+00 
 1.800000E+00 
 6.210254E-09 
 1.800000E+00 
 1.800000E+00 
-4.324524E-06 
 1.800000E+00 
 1.800000E+00 
 1.800000E+00 
 1.426936E-07 
 1.800000E+00 
 1.800000E+00 
 1.800000E+00 
-3.055319E-08 
 1.800000E+00 
 1.800000E+00 
 1.800000E+00 
 1.800000E+00 
 1.529626E-08 
 1.800000E+00 
 4.510284E-09 
 1.800000E+00 
 1.800000E+00 
 1.800000E+00 
 1.800000E+00 
 1.800000E+00 
 1.800001E+00 
-4.548706E-07 
-4.608031E-07 
 1.800000E+00 
 1.800000E+00 
 1.800000E+00 
 1.800000E+00 
 1.800000E+00 
 1.800000E+00 
 3.529884E-07 
 1.799999E+00 
 7.336019E-08 
 1.800000E+00 
 1.800000E+00 
 1.800000E+00 
 1.800000E+00 
 1.800000E+00 
-2.308903E-07 
 1.800000E+00 
 1.800000E+00 
 5.634305E-06 
 1.800000E+00 
 1.800000E+00 
 1.800000E+00 
 1.800000E+00 
 4.660609E-06 
 1.800000E+00 
 1.800000E+00 
 1.800000E+00 
 4.705800E-07 
 1.800000E+00 
 1.800000E+00 
 1.800000E+00 
 1.800000E+00 
 4.103054E-06 
 1.800000E+00 
 1.800000E+00 
 4.877349E-07 
 1.800001E+00 
 1.800001E+00 
 1.800001E+00 
 1.800001E+00 
 1.800000E+00 
 4.192484E-08 
 1.800000E+00 
 1.800000E+00 
-4.769830E-08 
 1.800000E+00 
 1.800000E+00 
 1.800000E+00 
 1.800000E+00 
 1.799999E+00 
 4.654253E-08 
 1.800000E+00 
 1.800000E+00 
-3.408596E-07 
 1.800000E+00 
 1.800000E+00 
 1.800000E+00 
 1.800000E+00 
 1.800000E+00 
-9.414699E-08 
 1.800000E+00 
 1.800000E+00 
 1.800000E+00 
-1.469677E-07 
 1.800000E+00 
 1.800000E+00 
 1.800000E+00 
 1.800000E+00 
-2.168906E-07 
 1.800000E+00 
 1.799998E+00 
 1.800000E+00 
-4.811463E-07 
 1.800000E+00 
 1.800000E+00 
 1.800000E+00 
 1.800007E+00 
-8.966652E-08 
 1.800000E+00 
 1.800000E+00 
 1.800000E+00 
 1.800000E+00 
 1.885423E-09 
 1.800000E+00 
 1.800000E+00 
 1.800007E+00 
 9.314757E-07 
 1.800000E+00 
 1.800000E+00 
 1.800000E+00 
 1.800000E+00 
 1.800000E+00 
 7.323395E-09 
 1.800000E+00 
 1.800000E+00 
 1.800000E+00 
 8.026775E-08 
 1.800000E+00 
 1.800000E+00 
 1.800000E+00 
 1.800000E+00 
 1.800000E+00 
 1.401750E-06 
 1.800000E+00 
 1.800000E+00 
 2.513195E-08 
 1.800000E+00 
 1.800000E+00 
 1.800000E+00 
 1.800000E+00 
 1.800000E+00 
 1.800000E+00 
-9.727523E-09 
 1.800000E+00 
 1.800000E+00 
 1.800000E+00 
-9.266837E-07 
 1.800000E+00 
 1.800000E+00 
 1.800000E+00 
 1.800000E+00 
 1.800000E+00 
 7.089802E-09 
 1.800000E+00 
 1.800000E+00 
 1.800000E+00 
 1.529374E-06 
 1.800000E+00 
 1.800000E+00 
 1.800000E+00 
 1.800000E+00 
 1.800000E+00 
 1.800000E+00 
 2.056749E-07 
 1.800000E+00 
 5.416318E-09 
 1.800000E+00 
 1.800000E+00 
 1.800000E+00 
 1.800000E+00 
 1.800000E+00 
 1.800000E+00 
 1.800000E+00 
 1.800000E+00 
-3.820014E-09 
 1.800002E+00 
 1.800000E+00 
 2.733780E-07 
 1.800000E+00 
 1.800000E+00 
 1.800000E+00 
 1.800000E+00 
 1.800000E+00 
 1.800000E+00 
-1.677616E-07 
 1.800000E+00 
 1.800000E+00 
 1.800000E+00 
 1.223426E-08 
 1.800000E+00 
 1.800000E+00 
 1.800000E+00 
 1.800000E+00 
 1.800000E+00 
 7.501322E-09 
 1.800000E+00 
 1.800000E+00 
 1.800000E+00 
 1.800000E+00 
 1.800000E+00 
 4.742517E-08 
 1.800001E+00 
 1.800001E+00 
 1.800001E+00 
 1.800000E+00 
 1.308637E-06 
 1.800000E+00 
 1.800000E+00 
 1.800000E+00 
 1.800000E+00 
 1.800000E+00 
 6.709535E-07 
 1.799998E+00 
 1.799998E+00 
 1.799998E+00 
 1.799998E+00 
 1.800000E+00 
-2.357705E-07 
 1.800000E+00 
 1.800000E+00 
 1.800000E+00 
 1.800000E+00 
 1.800000E+00 
 2.479441E-08 
 1.800000E+00 
 1.800000E+00 
 1.800000E+00 
 1.800000E+00 
-2.154294E-07 
 1.799999E+00 
 1.799999E+00 
 1.799999E+00 
 1.799999E+00 
 1.800000E+00 
 1.952927E-07 
 1.800000E+00 
 1.800000E+00 
 1.800000E+00 
 1.800000E+00 
 1.800000E+00 
 1.800000E+00 
-7.616509E-07 
 1.800000E+00 
 1.800000E+00 
 1.800000E+00 
 1.800002E+00 
-1.924941E-08 
 1.800000E+00 
 1.800000E+00 
 1.800000E+00 
 1.800000E+00 
 1.800000E+00 
 1.800000E+00 
-5.236185E-06 
 1.800000E+00 
 1.800000E+00 
 1.800000E+00 
 1.800000E+00 
 5.884064E-07 
 1.800000E+00 
 1.800000E+00 
 1.800000E+00 
 1.800000E+00 
 1.800000E+00 
 1.800000E+00 
-4.883448E-06 
 1.799998E+00 
 1.799998E+00 
 1.799998E+00 
 1.799998E+00 
 1.800000E+00 
 1.800000E+00 
-2.216401E-06 
 1.800000E+00 
 1.800000E+00 
 1.800007E+00 
 1.800000E+00 
 3.895912E-08 
 1.800000E+00 
 1.800000E+00 
 1.800000E+00 
 1.800000E+00 
 1.800000E+00 
 1.800000E+00 
 1.800000E+00 
 2.077560E-08 
 1.800000E+00 
 1.800000E+00 
 1.800000E+00 
 3.055671E-09 
 1.800000E+00 
 1.800000E+00 
 1.800000E+00 
 1.800000E+00 
 1.800000E+00 
 1.800000E+00 
 1.800000E+00 
 1.800000E+00 
 1.800000E+00 
-2.355716E-06 
 1.800000E+00 
 1.800000E+00 
 1.800000E+00 
 1.445306E-05 
 1.800000E+00 
 1.800000E+00 
 1.800000E+00 
 1.800000E+00 
 1.800000E+00 
 1.800000E+00 
 1.800000E+00 
 1.800000E+00 
-1.553859E-07 
 1.799999E+00 
 1.800000E+00 
 1.800000E+00 
-3.607103E-08 
 1.800007E+00 
 1.800007E+00 
 1.800007E+00 
 1.800007E+00 
 1.800007E+00 
 1.800007E+00 
 1.800007E+00 
 1.800007E+00 
 1.800000E+00 
-2.507657E-06 
 1.800000E+00 
 1.800000E+00 
 1.800000E+00 
 1.800000E+00 
 6.498242E-09 
 1.800000E+00 
 1.800000E+00 
 1.800000E+00 
 1.800000E+00 
 1.800000E+00 
 1.800000E+00 
 1.799997E+00 
 3.010838E-06 
 1.800000E+00 
 1.800000E+00 
 1.800000E+00 
 1.800000E+00 
 1.800000E+00 
 1.800000E+00 
 1.672759E-05 
 1.800004E+00 
 1.800004E+00 
 1.800004E+00 
 1.800004E+00 
 1.800004E+00 
 1.800001E+00 
 3.402008E-09 
 1.800001E+00 
 1.800001E+00 
 1.800001E+00 
 1.800001E+00 
 1.800001E+00 
 1.800001E+00 
 1.800000E+00 
 8.477397E-10 
 1.800000E+00 
 1.800000E+00 
 1.800000E+00 
 1.800000E+00 
 1.800000E+00 
 1.800007E+00 
 5.959833E-08 
 1.800000E+00 
 1.800000E+00 
 1.800000E+00 
 1.800000E+00 
 1.800000E+00 
 1.800000E+00 
 1.800000E+00 
 1.541176E-06 
 1.799998E+00 
 1.799998E+00 
 1.799998E+00 
 1.800000E+00 
 1.800000E+00 
 1.800002E+00 
 7.782878E-06 
 1.800000E+00 
 1.800000E+00 
 1.800000E+00 
 1.800000E+00 
 1.800000E+00 
 1.800000E+00 
 1.800000E+00 
 1.656265E-06 
 1.800001E+00 
 1.800001E+00 
 1.800001E+00 
 1.800001E+00 
 1.800001E+00 
 1.800001E+00 
 1.800006E+00 
-3.831363E-08 
 1.800000E+00 
 1.800000E+00 
 1.800000E+00 
 1.800000E+00 
 1.800000E+00 
 1.800000E+00 
 1.800000E+00 
 1.322353E-08 
 1.800000E+00 
 1.800000E+00 
 1.800000E+00 
 1.800000E+00 
 1.800000E+00 
 1.800000E+00 
 1.112269E-07 
 1.800000E+00 
 1.800000E+00 
 1.800000E+00 
 1.800000E+00 
 1.800000E+00 
 1.800000E+00 
 1.800000E+00 
 1.800000E+00 
 1.800000E+00 
-1.497352E-07 
 1.800000E+00 
 1.800000E+00 
 1.800000E+00 
 1.800000E+00 
 1.799999E+00 
 1.800000E+00 
-3.840259E-07 
 1.800000E+00 
 1.800000E+00 
 1.800000E+00 
 1.800000E+00 
 1.800000E+00 
 1.800000E+00 
 1.800000E+00 
-6.029190E-07 
 1.800000E+00 
 1.800000E+00 
 1.800000E+00 
 1.800000E+00 
 1.800000E+00 
 1.800000E+00 
 1.800000E+00 
 1.800000E+00 
 1.800001E+00 
 8.330824E-07 
 1.799999E+00 
 1.799999E+00 
 1.799999E+00 
 1.800000E+00 
 1.799997E+00 
 2.868226E-06 
 1.800003E+00 
 1.800003E+00 
 1.800003E+00 
 1.800003E+00 
 1.800003E+00 
 1.800003E+00 
 1.800003E+00 
 1.800003E+00 
 1.800003E+00 
 1.800000E+00 
 1.800000E+00 
 1.271653E-05 
 1.800000E+00 
 1.800000E+00 
 1.800000E+00 
 1.800000E+00 
 8.146817E-09 
 1.800000E+00 
 1.800000E+00 
 1.800000E+00 
 1.800000E+00 
 1.800000E+00 
 1.800000E+00 
 1.800000E+00 
 1.800000E+00 
 1.800000E+00 
 1.800000E+00 
 1.800000E+00 
 1.986350E-08 
 1.799999E+00 
 1.800000E+00 
 1.800000E+00 
 1.800000E+00 
 1.800000E+00 
 1.800000E+00 
-6.332968E-07 
 1.800001E+00 
 1.800001E+00 
 1.800001E+00 
 1.800001E+00 
 1.800001E+00 
 1.800001E+00 
 1.800001E+00 
 1.800001E+00 
 1.800000E+00 
-5.260580E-07 
 1.800000E+00 
 1.800000E+00 
 1.800000E+00 
 1.800000E+00 
 1.800000E+00 
 1.800000E+00 
 1.800002E+00 
 1.063043E-08 
 1.800000E+00 
 1.800000E+00 
 1.800000E+00 
 1.800000E+00 
 1.800000E+00 
 1.800000E+00 
 1.800000E+00 
 1.800000E+00 
 1.800000E+00 
 1.800000E+00 
-2.073055E-07 
 1.800000E+00 
 1.800000E+00 
 1.800000E+00 
 1.800000E+00 
 1.800000E+00 
 1.800000E+00 
-1.263329E-07 
 1.800000E+00 
 1.800000E+00 
 1.800000E+00 
 1.800000E+00 
 1.800000E+00 
 1.800000E+00 
 1.800000E+00 
 1.800000E+00 
 1.800000E+00 
 1.800000E+00 
 1.800000E+00 
 9.063273E-09 
 1.800000E+00 
 1.800000E+00 
 1.800000E+00 
 1.800000E+00 
 1.800000E+00 
 1.800000E+00 
-1.280080E-05 
 1.800000E+00 
 1.800000E+00 
 1.800000E+00 
 1.800000E+00 
 1.800000E+00 
 1.800000E+00 
 1.800000E+00 
 1.800000E+00 
 1.800000E+00 
 1.800000E+00 
 1.336284E-07 
 1.800000E+00 
 1.800000E+00 
 1.800000E+00 
 1.800000E+00 
 1.800000E+00 
 1.800000E+00 
 1.800000E+00 
 1.800000E+00 
-1.076474E-07 
 1.799999E+00 
 1.799999E+00 
 1.799999E+00 
 1.799999E+00 
 1.799999E+00 
 1.799999E+00 
 1.799999E+00 
 1.799999E+00 
 1.800000E+00 
-6.265280E-07 
 1.800000E+00 
 1.800000E+00 
 1.800000E+00 
 1.800000E+00 
 1.800000E+00 
 1.800000E+00 
 1.800000E+00 
 1.800000E+00 
 1.800000E+00 
 1.951658E-06 
 1.799999E+00 
 1.799999E+00 
 1.799999E+00 
 1.799999E+00 
 1.799999E+00 
 1.799999E+00 
 1.800000E+00 
 1.800000E+00 
-8.705949E-08 
 1.799997E+00 
 1.800000E+00 
 1.800000E+00 
 1.800000E+00 
 1.800000E+00 
 1.800000E+00 
 1.800000E+00 
 1.800000E+00 
 1.800000E+00 
 1.800002E+00 
 1.089790E-05 
 1.800000E+00 
 1.800000E+00 
 1.800000E+00 
 1.800000E+00 
 1.800000E+00 
 1.800000E+00 
 1.799999E+00 
 8.039832E-08 
 1.800000E+00 
 1.800000E+00 
 1.800000E+00 
 1.800000E+00 
 1.800000E+00 
 1.800000E+00 
 1.800000E+00 
 1.800000E+00 
 1.800000E+00 
 1.800000E+00 
 1.800000E+00 
 1.800000E+00 
 2.891927E-08 
 1.800000E+00 
 1.800000E+00 
 1.800000E+00 
 1.800002E+00 
 1.800000E+00 
 7.003654E-09 
 1.799999E+00 
 1.800000E+00 
 1.800000E+00 
 1.800000E+00 
 1.800000E+00 
 1.800000E+00 
 1.800000E+00 
 1.800000E+00 
 1.800000E+00 
 1.800000E+00 
 1.800000E+00 
 1.800000E+00 
 1.800007E+00 
 6.834217E-06 
 1.800000E+00 
 1.800000E+00 
 1.800000E+00 
 1.800000E+00 
 1.800000E+00 
 1.800000E+00 
 1.090130E-07 
 1.800000E+00 
 1.800000E+00 
 1.800000E+00 
 1.800000E+00 
 1.800000E+00 
 1.800000E+00 
 1.800000E+00 
 1.800000E+00 
 1.800000E+00 
 1.800000E+00 
 1.800000E+00 
 1.800000E+00 
 2.749339E-06 
 1.800000E+00 
 1.800000E+00 
 1.800000E+00 
 1.800000E+00 
 1.800000E+00 
 1.800000E+00 
 6.836059E-06 
 1.800000E+00 
 1.800000E+00 
 1.800000E+00 
 1.800000E+00 
 1.800000E+00 
 1.800000E+00 
 1.800000E+00 
 1.800000E+00 
 1.800000E+00 
 1.800000E+00 
 1.800000E+00 
 1.800000E+00 
 7.147182E-08 
 1.800000E+00 
 1.800000E+00 
 1.800000E+00 
 1.800000E+00 
 1.800000E+00 
 1.800000E+00 
 1.171526E-08 
 1.800000E+00 
 1.800000E+00 
 1.800000E+00 
 1.800000E+00 
 1.800000E+00 
 1.800000E+00 
 1.800000E+00 
 1.800000E+00 
 1.800000E+00 
 1.800000E+00 
 1.800000E+00 
 1.800000E+00 
-2.293630E-08 
 1.800000E+00 
 1.800000E+00 
 1.800000E+00 
 1.800000E+00 
 1.800000E+00 
 1.800000E+00 
 1.800000E+00 
 2.206560E-07 
 1.800000E+00 
 1.800000E+00 
 1.800000E+00 
 1.800000E+00 
 1.800000E+00 
 1.800000E+00 
 1.800000E+00 
 1.800000E+00 
 1.800000E+00 
 1.800000E+00 
 3.325765E-10 
 1.800000E+00 
 1.800000E+00 
 1.800000E+00 
 1.800000E+00 
 1.800000E+00 
 1.800000E+00 
 1.800000E+00 
 1.800000E+00 
 1.800000E+00 
 1.223084E-06 
 1.800001E+00 
 1.800001E+00 
 1.800001E+00 
 1.800001E+00 
 1.800001E+00 
 1.800001E+00 
 1.800001E+00 
 1.799999E+00 
-6.238480E-07 
 1.800000E+00 
 1.800000E+00 
 1.800000E+00 
 1.800000E+00 
 1.800000E+00 
 1.800000E+00 
 1.800000E+00 
 1.800000E+00 
 1.800000E+00 
 1.799999E+00 
-2.397429E-09 
 1.800000E+00 
 1.800000E+00 
 1.800000E+00 
 1.800000E+00 
 1.800000E+00 
 1.800000E+00 
 1.800000E+00 
 1.800000E+00 
 5.898344E-06 
 1.800000E+00 
 1.800000E+00 
 1.800000E+00 
 1.800000E+00 
 1.800000E+00 
 1.800000E+00 
 1.800000E+00 
 1.800000E+00 
 1.800000E+00 
-1.536729E-08 
 1.800000E+00 
 1.800000E+00 
 1.800000E+00 
 1.800000E+00 
 1.800000E+00 
 1.800000E+00 
 1.800000E+00 
 1.800000E+00 
 1.800000E+00 
-7.005134E-08 
 1.800002E+00 
 1.800002E+00 
 1.800002E+00 
 1.800002E+00 
 1.800002E+00 
 1.800002E+00 
 1.800002E+00 
 1.800000E+00 
 1.800000E+00 
-2.941672E-07 
 1.800000E+00 
 1.800000E+00 
 1.800000E+00 
 1.800000E+00 
 1.800000E+00 
 1.800000E+00 
 1.800000E+00 
-1.780891E-08 
 1.800000E+00 
 1.800000E+00 
 1.800000E+00 
 1.800000E+00 
 1.800000E+00 
 1.800000E+00 
 1.800000E+00 
 1.800000E+00 
 1.800000E+00 
 1.800002E+00 
-7.336919E-09 
 1.800000E+00 
 1.800000E+00 
 1.800000E+00 
 1.800000E+00 
 1.800000E+00 
 1.800000E+00 
 1.800000E+00 
 1.800000E+00 
 4.085689E-06 
 1.800000E+00 
 1.800000E+00 
 1.800000E+00 
 1.800000E+00 
 1.800000E+00 
 1.800000E+00 
 1.800000E+00 
 1.800000E+00 
-3.998878E-07 
 1.800000E+00 
 1.800000E+00 
 1.800000E+00 
 1.800000E+00 
 1.800000E+00 
 1.800000E+00 
 1.800000E+00 
 1.800000E+00 
 1.800000E+00 
 1.749691E-06 
 1.800000E+00 
 1.800000E+00 
 1.800000E+00 
 1.800000E+00 
 1.800000E+00 
 1.800007E+00 
 1.800000E+00 
-1.414985E-07 
 1.800001E+00 
 1.800001E+00 
 1.800001E+00 
 1.800001E+00 
 1.800001E+00 
 1.800001E+00 
 1.800001E+00 
 1.800001E+00 
 1.800000E+00 
 6.721184E-06 
 1.800000E+00 
 1.800000E+00 
 1.800000E+00 
 1.800000E+00 
 1.800000E+00 
 1.800000E+00 
 1.800000E+00 
 1.949151E-05 
 1.800000E+00 
 1.800000E+00 
 1.800000E+00 
 1.800000E+00 
 1.800000E+00 
 1.800000E+00 
 1.800000E+00 
 1.800000E+00 
 1.800000E+00 
 2.762924E-07 
 1.800000E+00 
 1.800000E+00 
 1.800000E+00 
 1.800000E+00 
 1.800000E+00 
 1.800007E+00 
 1.800004E+00 
-8.487371E-08 
 1.800000E+00 
 1.800000E+00 
 1.800000E+00 
 1.800000E+00 
 1.800000E+00 
 1.800000E+00 
 1.800001E+00 
 1.975793E-06 
 1.800000E+00 
 1.800000E+00 
 1.800000E+00 
 1.800000E+00 
 1.800000E+00 
 1.800000E+00 
 1.800000E+00 
 1.800000E+00 
 1.800000E+00 
-8.885028E-09 
 1.800004E+00 
 1.800004E+00 
 1.800004E+00 
 1.800004E+00 
 1.800004E+00 
 1.800000E+00 
 1.800000E+00 
 1.272592E-06 
 1.800000E+00 
 1.800000E+00 
 1.800000E+00 
 1.800000E+00 
 1.800000E+00 
 1.800000E+00 
 1.800000E+00 
-2.133939E-05 
 1.800000E+00 
 1.800000E+00 
 1.800000E+00 
 1.800000E+00 
 1.800000E+00 
 1.800000E+00 
 1.800000E+00 
 2.997625E-06 
 1.800003E+00 
 1.800003E+00 
 1.800003E+00 
 1.800003E+00 
 1.800003E+00 
 1.800003E+00 
 1.800003E+00 
 1.800002E+00 
-1.082289E-05 
 1.800000E+00 
 1.800000E+00 
 1.800000E+00 
 1.800000E+00 
 1.800000E+00 
 1.800000E+00 
 4.868722E-08 
 1.800003E+00 
 1.800003E+00 
 1.800003E+00 
 1.800003E+00 
 1.800003E+00 
 1.800003E+00 
 1.800003E+00 
 1.800000E+00 
 1.076987E-06 
 1.799999E+00 
 1.800000E+00 
 1.800000E+00 
 1.800000E+00 
 1.800000E+00 
 1.800000E+00 
 1.800000E+00 
 2.868874E-06 
 1.800000E+00 
 1.800000E+00 
 1.800000E+00 
 1.800000E+00 
 1.800000E+00 
-1.151263E-08 
 1.800000E+00 
 1.800000E+00 
 1.800000E+00 
 1.800000E+00 
 1.800000E+00 
 1.800000E+00 
 1.800000E+00 
 1.800000E+00 
 1.800000E+00 
 2.630034E-08 
 1.800000E+00 
 1.800000E+00 
 1.800000E+00 
 1.800003E+00 
 1.799999E+00 
 1.144031E-07 
 1.800000E+00 
 1.800000E+00 
 1.800000E+00 
 1.800000E+00 
 1.800000E+00 
 1.800000E+00 
 1.800000E+00 
 3.028699E-07 
 1.800000E+00 
 1.800000E+00 
 1.800000E+00 
 1.800000E+00 
 1.800000E+00 
 1.800000E+00 
 1.800000E+00 
-2.639938E-07 
 1.800000E+00 
 1.800000E+00 
 1.800000E+00 
 1.800000E+00 
 1.800000E+00 
 2.695592E-07 
 1.799999E+00 
 1.799999E+00 
 1.799999E+00 
 1.799999E+00 
 1.799999E+00 
 1.799999E+00 
 1.800000E+00 
 1.117176E-08 
 1.800000E+00 
 1.800000E+00 
 1.800000E+00 
 1.800000E+00 
 1.800000E+00 
 1.800000E+00 
-3.674425E-06 
 1.800000E+00 
 1.800000E+00 
 1.800000E+00 
 1.800000E+00 
 1.800000E+00 
 1.800001E+00 
 6.997368E-09 
 1.800000E+00 
 1.800000E+00 
 1.800000E+00 
 1.800000E+00 
 1.800000E+00 
 1.799999E+00 
 2.111878E-06 
 1.800000E+00 
 1.800000E+00 
 1.800000E+00 
 1.800000E+00 
 1.800000E+00 
 1.800002E+00 
 7.486395E-09 
 1.800000E+00 
 1.800000E+00 
 1.800000E+00 
 1.800000E+00 
 1.800000E+00 
 1.800000E+00 
-1.468609E-07 
 1.800000E+00 
 1.800000E+00 
 1.800000E+00 
 1.800000E+00 
 1.800000E+00 
 4.362711E-07 
 1.800000E+00 
 1.800000E+00 
 1.800000E+00 
 1.800000E+00 
 1.800000E+00 
 1.800000E+00 
 1.800000E+00 
 6.432971E-06 
 1.800000E+00 
 1.800000E+00 
 1.800007E+00 
 1.800000E+00 
 6.513100E-06 
 1.800000E+00 
 1.800000E+00 
 1.800000E+00 
 1.800000E+00 
 1.800000E+00 
 1.800000E+00 
 1.800000E+00 
 1.699847E-06 
 1.800000E+00 
 1.800000E+00 
 1.800000E+00 
 5.687886E-08 
 1.800000E+00 
 1.800000E+00 
 1.800000E+00 
 1.800000E+00 
 1.800000E+00 
 1.800000E+00 
 1.800000E+00 
 1.800000E+00 
-1.160735E-07 
 1.800000E+00 
 1.800000E+00 
 1.800000E+00 
 1.800000E+00 
-7.098612E-07 
 1.800000E+00 
 1.800000E+00 
 1.800000E+00 
 1.800000E+00 
 1.800000E+00 
 1.800000E+00 
-2.073629E-07 
 1.800000E+00 
 1.800000E+00 
 1.800002E+00 
 1.800000E+00 
-3.193883E-07 
 1.800000E+00 
 1.800000E+00 
 1.800000E+00 
 1.800000E+00 
 1.800000E+00 
 1.799999E+00 
 2.116652E-07 
 1.800000E+00 
 1.800000E+00 
 1.800000E+00 
 1.800000E+00 
-5.680304E-06 
 1.800000E+00 
 1.800000E+00 
 1.800000E+00 
 1.800000E+00 
 1.800000E+00 
 1.800000E+00 
 9.085715E-09 
 1.800000E+00 
 1.800000E+00 
 1.800000E+00 
 1.800001E+00 
-1.455743E-08 
 1.800007E+00 
 1.800007E+00 
 1.800007E+00 
 1.800007E+00 
 1.800007E+00 
 1.800000E+00 
 4.368244E-09 
 1.800000E+00 
 1.800000E+00 
 1.800000E+00 
 1.800000E+00 
 1.117051E-06 
 1.800008E+00 
 1.800008E+00 
 1.800008E+00 
 1.800000E+00 
 1.294195E-08 
 1.800001E+00 
 1.800000E+00 
 1.800000E+00 
 1.800000E+00 
 1.800000E+00 
 1.800000E+00 
 1.631034E-08 
 1.800000E+00 
 1.800000E+00 
 1.800000E+00 
 1.800004E+00 
-2.038833E-06 
 1.800000E+00 
 1.800000E+00 
 1.800000E+00 
 1.800001E+00 
-6.062687E-08 
 1.800000E+00 
 1.800000E+00 
 1.800000E+00 
 1.800000E+00 
 1.800000E+00 
 1.800000E+00 
 1.065997E-06 
 1.800000E+00 
 1.800000E+00 
-1.157353E-07 
 1.800000E+00 
 1.800000E+00 
 1.800000E+00 
 1.800000E+00 
 1.800000E+00 
 1.800000E+00 
 1.800000E+00 
 6.756797E-07 
 1.800000E+00 
 1.800000E+00 
 1.800000E+00 
 2.475945E-06 
 1.800000E+00 
 1.800000E+00 
 1.800000E+00 
 1.800000E+00 
 1.542125E-07 
 1.800000E+00 
 1.800000E+00 
 1.800000E+00 
 1.800000E+00 
 1.800000E+00 
 1.507974E-08 
 1.799999E+00 
 1.800000E+00 
 1.800000E+00 
-1.820340E-05 
 1.800000E+00 
 1.800000E+00 
 1.800000E+00 
 1.800000E+00 
 1.800000E+00 
 1.800000E+00 
 4.457939E-07 
 1.800000E+00 
 1.800000E+00 
-2.139191E-06 
 1.800000E+00 
 1.800000E+00 
 1.800000E+00 
 1.800000E+00 
 1.800000E+00 
 1.799999E+00 
-3.334611E-06 
 1.800003E+00 
 1.800000E+00 
-8.000631E-09 
 1.800000E+00 
 1.800000E+00 
 1.800000E+00 
 1.800000E+00 
 1.800000E+00 
 1.800000E+00 
-7.887285E-09 
 1.800000E+00 
 2.041101E-07 
 1.800000E+00 
 1.800000E+00 
 1.800000E+00 
 1.800000E+00 
 1.800000E+00 
 1.800000E+00 
 1.800000E+00 
 8.323489E-07 
 1.800000E+00 
 1.800000E+00 
 9.006914E-09 
 1.800000E+00 
 1.800000E+00 
 1.800000E+00 
 1.800000E+00 
 1.800000E+00 
-7.598087E-09 
 1.800000E+00 
 1.800000E+00 
-3.712718E-07 
 1.800000E+00 
 1.800000E+00 
 1.800000E+00 
 1.800000E+00 
 1.800000E+00 
 1.800000E+00 
 1.153657E-07 
 1.800000E+00 
 3.397368E-08 
 1.800000E+00 
 1.800000E+00 
 1.800000E+00 
 1.800000E+00 
 1.800000E+00 
 1.800000E+00 
-1.228190E-08 
 1.800000E+00 
 1.800007E+00 
 4.350460E-08 
 1.800000E+00 
 1.800000E+00 
 1.800000E+00 
 1.800000E+00 
 1.800000E+00 
 9.315181E-06 
 1.800004E+00 
 7.024094E-09 
 1.800000E+00 
 1.800000E+00 
 1.800000E+00 
 1.800000E+00 
 1.800000E+00 
 1.800000E+00 
-8.408419E-06 
 1.799999E+00 
 1.800000E+00 
 1.800000E+00 
-6.951391E-08 
 1.800000E+00 
 1.800004E+00 
-7.077127E-08 
 1.800000E+00 
 1.800000E+00 
 1.800000E+00 
 1.800000E+00 
 1.800000E+00 
-8.129600E-08 
 1.800000E+00 
 1.800000E+00 
 1.800000E+00 
 4.164869E-07 
 1.800000E+00 
 1.800000E+00 
-2.781021E-06 
 1.800003E+00 
 1.800003E+00 
 1.800003E+00 
 1.800003E+00 
 1.800000E+00 
 5.746361E-09 
 1.800000E+00 
 1.800000E+00 
 1.551665E-08 
 1.800000E+00 
 1.800000E+00 
 1.800000E+00 
 1.800000E+00 
 2.805687E-06 
 1.800000E+00 
 1.800000E+00 
 1.800000E+00 
 1.454503E-07 
 1.800007E+00 
 1.800000E+00 
 1.800000E+00 
 2.897493E-05 
 1.800000E+00 
 1.800000E+00 
 1.800000E+00 
 2.693397E-06 
 1.800000E+00 
 1.800000E+00 
 1.800000E+00 
 1.800000E+00 
 8.738859E-08 
 1.800000E+00 
 1.156933E-08 
 1.800000E+00 
 1.800000E+00 
 1.800000E+00 
 1.800000E+00 
 1.800000E+00 
 5.295551E-09 
 1.800000E+00 
 1.800000E+00 
 1.800000E+00 
 3.089041E-05 
 1.800000E+00 
 1.800000E+00 
-3.382393E-08 
 1.800000E+00 
 1.800000E+00 
 1.800002E+00 
 3.796575E-07 
 1.800002E+00 
 1.800002E+00 
 1.800002E+00 
 1.800000E+00 
-2.188645E-05 
 1.800000E+00 
 2.381783E-06 
 1.800000E+00 
 1.800000E+00 
 1.800000E+00 
 1.800000E+00 
 1.800000E+00 
 2.953750E-06 
 1.800000E+00 
 1.800000E+00 
 8.229793E-07 
 1.800003E+00 
 1.800000E+00 
 4.846645E-09 
 1.800000E+00 
 1.800000E+00 
 1.800000E+00 
 1.800001E+00 
-1.206651E-05 
 1.800000E+00 
 1.800000E+00 
 3.425216E-07 
 1.800000E+00 
 1.800000E+00 
 1.800000E+00 
 1.800000E+00 
-4.089607E-07 
 1.800000E+00 
 8.582382E-09 
 1.800000E+00 
 1.800000E+00 
 1.800000E+00 
 1.800000E+00 
-1.251192E-05 
 1.800000E+00 
 1.800008E+00 
 1.149880E-07 
 1.800000E+00 
 1.800000E+00 
 1.800000E+00 
-2.247304E-08 
 1.800000E+00 
 1.800000E+00 
 1.800000E+00 
-5.395824E-07 
 1.800000E+00 
 1.800000E+00 
 8.057859E-07 
 1.800003E+00 
 1.800000E+00 
 1.800000E+00 
 2.341487E-07 
 1.800000E+00 
 1.800007E+00 
-3.739133E-06 
 1.800000E+00 
 1.800000E+00 
 1.800000E+00 
-1.645828E-06 
 1.799999E+00 
 1.800000E+00 
 1.800007E+00 
-5.810720E-07 
 1.800000E+00 
 7.353418E-09 
 1.800000E+00 
 1.800000E+00 
 1.800000E+00 
 1.800000E+00 
 1.179126E-08 
 1.800000E+00 
 1.800000E+00 
 5.913937E-07 
 1.800000E+00 
 1.800000E+00 
 1.800000E+00 
-2.055748E-06 
 1.800000E+00 
 1.800000E+00 
-1.742596E-08 
 1.800000E+00 
 1.800000E+00 
 4.775796E-08 
 1.800000E+00 
 1.800000E+00 
 1.800000E+00 
 1.955642E-08 
 1.800000E+00 
 1.800000E+00 
 1.105003E-06 
 1.800000E+00 
 1.800000E+00 
 1.800000E+00 
 5.155219E-08 
 1.800001E+00 
-2.151491E-07 
 1.800000E+00 
 1.800000E+00 
 1.800000E+00 
 1.800000E+00 
-1.554182E-06 
 1.800007E+00 
-1.368307E-07 
 1.800000E+00 
 1.800000E+00 
 1.800000E+00 
-9.336704E-09 
 1.800000E+00 
 1.800000E+00 
 1.800001E+00 
 1.076568E-06 
 2.867824E-08 
 1.800000E+00 
 1.800000E+00 
 1.800000E+00 
 1.800000E+00 
 1.800001E+00 
 5.345065E-08 
 5.342609E-08 
 1.800000E+00 
 1.800000E+00 
 1.800000E+00 
 1.800000E+00 
 3.075327E-09 
 1.800000E+00 
-1.083227E-07 
 1.800000E+00 
 1.800000E+00 
 1.799996E+00 
 2.330727E-07 
 1.800000E+00 
 8.717803E-07 
 1.800004E+00 
 1.800004E+00 
 1.800004E+00 
 1.800000E+00 
 2.922844E-08 
 2.851389E-08 
 1.800000E+00 
 1.800000E+00 
 1.800000E+00 
 1.800000E+00 
 9.040488E-07 
 1.800000E+00 
 1.476660E-07 
 1.800000E+00 
 1.800000E+00 
 2.049778E-08 
 1.800000E+00 
 1.800000E+00 
 1.800000E+00 
 3.671875E-08 
 1.800000E+00 
-1.118434E-05 
 1.800000E+00 
 1.800000E+00 
 1.799999E+00 
 3.305745E-08 
 1.800000E+00 
 1.800000E+00 
-4.136774E-06 
 1.800000E+00 
 3.256138E-07 
 1.800000E+00 
 1.800000E+00 
 1.799999E+00 
 9.376705E-09 
 1.800000E+00 
 1.800000E+00 
 6.840668E-06 
 1.800000E+00 
 1.800000E+00 
-3.889980E-06 
 1.800000E+00 
 9.639994E-09 
 1.800000E+00 
 1.800000E+00 
 1.800000E+00 
-1.251069E-08 
 1.800000E+00 
 1.800000E+00 
 4.130655E-05 
 1.799999E+00 
-9.101956E-07 
 1.800000E+00 
 1.800000E+00 
 1.800000E+00 
 5.214770E-08 
 1.800000E+00 
 2.602456E-08 
 1.800000E+00 
 1.800000E+00 
 1.800000E+00 
-1.044817E-06 
-8.417163E-07 
 1.800001E+00 
 1.800001E+00 
 1.800001E+00 
 1.800000E+00 
-4.278641E-06 
 1.800000E+00 
 8.408083E-09 
 1.800000E+00 
 1.496172E-06 
 1.800000E+00 
 1.800000E+00 
 1.800000E+00 
-8.115149E-09 
 1.800001E+00 
 1.800005E+00 
 9.662205E-08 
 1.800000E+00 
 5.854488E-09 
 1.800000E+00 
 1.800000E+00 
 1.576744E-08 
 1.800005E+00 
 1.800000E+00 
 1.060609E-07 
 1.800000E+00 
 1.800000E+00 
-1.390136E-08 
 1.800000E+00 
 4.679864E-09 
 1.800000E+00 
 1.800000E+00 
 1.800000E+00 
-2.472827E-06 
-2.486845E-06 
 1.800000E+00 
 1.800000E+00 
 1.800000E+00 
 1.800000E+00 
 1.290223E-05 
 1.785013E-05 
 1.800004E+00 
 1.800000E+00 
 4.372928E-07 
 1.800000E+00 
 1.800000E+00 
 1.794868E-09 
 1.800000E+00 
 1.800003E+00 
 1.472978E-06 
 1.800000E+00 
-5.229952E-06 
 1.800000E+00 
 1.800000E+00 
-5.229189E-09 
 1.800000E+00 
 1.800000E+00 
 4.099879E-07 
 1.800000E+00 
 2.424894E-08 
 1.800000E+00 
 1.800000E+00 
-3.041508E-08 
 1.800000E+00 
 1.800000E+00 
 2.673068E-07 
 1.800000E+00 
 4.024213E-06 
 1.800007E+00 
 1.800000E+00 
 5.442310E-07 
 1.800000E+00 
 1.800002E+00 
 7.436484E-06 
 1.800000E+00 
 5.514483E-06 
 1.800000E+00 
 1.800006E+00 
 3.713571E-09 
 1.800000E+00 
-2.377697E-06 
 1.799999E+00 
 1.800000E+00 
-2.281785E-07 
 1.800000E+00 
-8.836851E-07 
 1.800000E+00 
 1.800000E+00 
 1.800000E+00 
 2.098773E-07 
 2.095100E-07 
 1.800001E+00 
 1.800000E+00 
 7.885996E-09 
 1.800000E+00 
 1.800000E+00 
-1.054359E-07 
 1.800000E+00 
 7.176325E-09 
 1.799999E+00 
 1.800000E+00 
 8.070505E-09 
 1.800007E+00 
-1.179650E-08 
 1.800000E+00 
 1.800002E+00 
 1.154175E-05 
 1.800000E+00 
-4.169651E-07 
 1.800000E+00 
 1.800000E+00 
 6.341610E-07 
 1.800000E+00 
 1.800000E+00 
 3.882037E-07 
 6.427741E-09 
 1.800000E+00 
 1.800000E+00 
 5.742768E-06 
 1.799999E+00 
 1.800000E+00 
 3.245603E-08 
 1.800000E+00 
 1.393309E-06 
 1.800000E+00 
 1.800000E+00 
 6.985828E-08 
 6.339971E-08 
 1.800000E+00 
 1.800000E+00 
 1.800000E+00 
-7.259478E-08 
 1.800000E+00 
 3.263145E-08 
 1.800000E+00 
 8.950803E-09 
 1.799999E+00 
 1.800000E+00 
 3.507714E-07 
 1.800000E+00 
 1.028074E-07 
 1.800000E+00 
-1.976160E-05 
 1.800000E+00 
 1.800000E+00 
-7.462574E-06 
 1.799998E+00 
-2.750065E-09 
 1.800000E+00 
 1.800000E+00 
 1.254022E-05 
 1.800000E+00 
 1.622917E-07 
 1.800000E+00 
 2.881233E-08 
 1.800000E+00 
 1.800000E+00 
-9.169601E-08 
 8.463757E-08 
 1.800000E+00 
 1.800000E+00 
 1.800000E+00 
 1.706430E-06 
 1.371783E-06 
 1.800000E+00 
 1.800000E+00 
 1.800001E+00 
-3.311289E-06 
-2.923689E-06 
 1.800000E+00 
 2.699058E-06 
 1.800002E+00 
 1.800000E+00 
 7.076331E-07 
 1.800000E+00 
-6.517559E-08 
 1.800003E+00 
 1.800000E+00 
 4.444016E-07 
 1.481268E-07 
 1.800000E+00 
 1.800000E+00 
 1.800000E+00 
 3.058041E-06 
-7.228577E-09 
 1.800000E+00 
 6.743853E-09 
 1.799999E+00 
 1.800000E+00 
 1.104435E-08 
 1.800000E+00 
 2.379826E-07 
 1.800000E+00 
 1.800000E+00 
-5.095883E-08 
-5.526016E-08 
 1.800001E+00 
 1.800000E+00 
-2.590609E-08 
 1.800000E+00 
 1.912388E-06 
 1.800000E+00 
 1.566166E-08 
 1.800000E+00 
 1.800003E+00 
 2.042658E-05 
-2.479294E-05 
 1.799998E+00 
 1.800000E+00 
 5.256524E-08 
 1.800000E+00 
 4.625366E-06 
 1.800001E+00 
 8.538124E-09 
 1.800000E+00 
 1.800000E+00 
 1.400205E-07 
 1.682669E-09 
 1.800000E+00 
 1.800000E+00 
-7.713003E-06 
 1.800007E+00 
-4.765227E-08 
 1.800000E+00 
-3.906471E-07 
 1.800007E+00 
 1.800000E+00 
-2.942700E-07 
-3.882753E-08 
 1.800000E+00 
 1.800000E+00 
-9.957396E-05 
-2.525990E-05 
 1.800000E+00 
 1.800000E+00 
-8.632013E-07 
 1.800000E+00 
-2.603750E-07 
 1.800000E+00 
-6.699712E-07 
 1.800006E+00 
 1.800000E+00 
 1.691966E-07 
 3.101682E-08 
 1.800000E+00 
-1.664284E-07 
 1.800000E+00 
 1.800000E+00 
 3.978336E-07 
 1.800000E+00 
-2.881286E-08 
 3.604921E-09 
 1.800000E+00 
 1.800000E+00 
 1.800002E+00 
 3.535371E-07 
 5.214576E-09 
 5.189323E-09 
 1.800000E+00 
 1.800000E+00 
 1.800000E+00 
-1.021024E-06 
 9.141756E-09 
 1.800000E+00 
 3.809581E-06 
 1.800000E+00 
-9.870136E-07 
 1.800000E+00 
 1.800000E+00 
-1.012268E-06 
-1.129701E-06 
 1.800000E+00 
 1.800000E+00 
 2.456276E-07 
 3.657883E-08 
 1.800000E+00 
 1.800000E+00 
 7.043074E-06 
 1.800000E+00 
-8.544388E-09 
-1.183470E-07 
 1.800000E+00 
 1.800000E+00 
 8.145330E-07 
 1.800000E+00 
 2.828382E-07 
-7.001837E-09 
 1.800000E+00 
 1.800007E+00 
 6.471841E-08 
 1.800000E+00 
-1.388257E-06 
-1.388412E-06 
 1.800000E+00 
 1.800000E+00 
 2.095741E-07 
 1.800000E+00 
 3.332354E-06 
 1.800000E+00 
-3.756790E-07 
 7.438612E-09 
 1.800006E+00 
 1.799999E+00 
 3.449403E-07 
 1.800000E+00 
-1.432748E-07 
 1.800000E+00 
-8.809060E-08 
-4.319954E-09 
 1.800000E+00 
 1.800000E+00 
 1.196918E-05 
 9.218529E-06 
 1.800000E+00 
 1.800000E+00 
 4.815849E-07 
 3.286111E-07 
 1.800000E+00 
 1.800000E+00 
 2.831915E-07 
 6.111963E-07 
 1.800000E+00 
 1.800000E+00 
 8.841322E-08 
 6.741240E-08 
 1.800000E+00 
 7.962449E-09 
 1.800004E+00 
 1.392280E-07 
 1.800000E+00 
-3.835532E-09 
 1.800000E+00 
 9.785340E-09 
 1.800000E+00 
 4.404052E-06 
 1.800000E+00 
-1.086418E-06 
-1.151001E-06 
 1.800000E+00 
 1.800000E+00 
 1.728448E-08 
 1.800000E+00 
-2.268913E-05 
-2.252363E-05 
 1.800000E+00 
 1.800000E+00 
-8.281719E-07 
 5.882232E-09 
 1.800000E+00 
-3.265665E-08 
 1.800000E+00 
 5.731789E-06 
 1.800000E+00 
 3.549867E-07 
 8.916049E-09 
 1.800000E+00 
 1.800000E+00 
 1.152088E-08 
 1.800000E+00 
-3.262114E-08 
-1.036102E-08 
 1.800000E+00 
-1.586198E-06 
 1.800000E+00 
 9.895431E-07 
 1.800000E+00 
-1.679695E-05 
 1.800000E+00 
 1.464762E-07 
 1.800000E+00 
-7.003580E-07 
-1.543460E-07 
 1.800000E+00 
 1.800000E+00 
 1.752098E-07 
 1.858388E-07 
 1.800000E+00 
-1.620094E-05 
 1.800000E+00 
-5.056549E-08 
 1.800007E+00 
-1.547607E-06 
 8.633029E-09 
 1.800000E+00 
 1.800000E+00 
-2.925705E-05 
-2.935153E-05 
 1.800000E+00 
 1.039170E-08 
 1.024331E-08 
 1.800000E+00 
 1.800000E+00 
-7.397836E-06 
 1.800000E+00 
-5.469665E-06 
-5.369173E-06 
 1.800000E+00 
 2.053129E-06 
 1.799997E+00 
-1.054129E-08 
-6.401524E-08 
 1.800000E+00 
 1.800000E+00 
 4.032988E-07 
 3.880508E-07 
 1.800000E+00 
 1.816006E-05 
 1.800000E+00 
 4.690381E-08 
 1.799999E+00 
-6.089367E-07 
-6.105781E-07 
 1.799999E+00 
-1.302186E-07 
 1.800000E+00 
-2.508333E-05 
 1.800000E+00 
-9.942095E-07 
-3.515153E-07 
 1.799999E+00 
-9.568976E-06 
 1.800000E+00 
 7.908515E-08 
 1.800000E+00 
-1.501247E-06 
-1.501242E-06 
 1.800000E+00 
 1.800000E+00 
-1.562945E-06 
-1.785970E-06 
-1.785970E-06 
 1.800007E+00 
 1.800000E+00 
 6.188853E-08 
 7.441365E-09 
 1.800000E+00 
 5.232589E-09 
 1.800000E+00 
 2.820985E-07 
 6.135376E-07 
 1.799999E+00 
 8.777123E-09 
 1.800000E+00 
-3.357978E-08 
 1.800000E+00 
 3.353803E-07 
 3.215946E-10 
 1.800004E+00 
 7.479787E-09 
 1.800000E+00 
-1.115449E-06 
-1.114859E-06 
 1.800000E+00 
 1.800000E+00 
 1.248734E-06 
-1.852802E-07 
-1.852802E-07 
 1.799997E+00 
 1.609146E-06 
 1.800000E+00 
 1.453645E-08 
 1.800003E+00 
 3.090106E-07 
 9.805433E-08 
 1.800000E+00 
 1.799998E+00 
 2.889359E-06 
-8.652709E-08 
-8.652732E-08 
 1.800000E+00 
-2.815492E-06 
 1.800000E+00 
 1.704519E-05 
-2.804849E-06 
 1.800000E+00 
 3.156044E-09 
 1.800000E+00 
 7.781788E-07 
 1.800000E+00 
 1.181059E-08 
 1.183243E-08 
 1.800001E+00 
-3.413554E-06 
 2.388518E-08 
 1.800000E+00 
 1.800000E+00 
-2.130111E-08 
 1.081905E-08 
 1.081905E-08 
 1.799998E+00 
-2.868824E-09 
 1.800000E+00 
-6.114252E-06 
 1.800000E+00 
 1.118713E-08 
 1.088636E-08 
 1.088581E-08 
 1.800000E+00 
 1.800002E+00 
-3.475393E-08 
-2.994403E-08 
 1.800000E+00 
-2.271384E-05 
-2.282556E-05 
 1.800000E+00 
-2.019097E-07 
 1.800000E+00 
-3.044284E-07 
-3.040419E-07 
 1.800000E+00 
 2.399721E-08 
 2.515402E-08 
 1.799999E+00 
-2.424911E-07 
 1.800000E+00 
 3.728479E-08 
 1.975710E-09 
 1.800000E+00 
 2.977291E-07 
 1.800000E+00 
 9.178824E-07 
 1.269446E-06 
 1.800000E+00 
-2.818143E-09 
 2.732525E-09 
 1.800002E+00 
 1.800001E+00 
-2.413639E-06 
-2.444704E-06 
-2.444705E-06 
-2.444705E-06 
 1.800000E+00 
 1.800000E+00 
 1.442909E-07 
-1.745054E-09 
-1.744857E-09 
 1.800000E+00 
 1.800000E+00 
 1.255053E-07 
-1.205328E-07 
-1.205081E-07 
 1.800000E+00 
-8.661405E-06 
-8.582613E-06 
 1.800001E+00 
 1.002235E-08 
 1.800000E+00 
 2.989930E-08 
 1.800000E+00 
 6.524688E-06 
-7.141555E-07 
-7.141555E-07 
 1.800000E+00 
 8.780121E-08 
 5.264389E-10 
 1.800000E+00 
 1.800000E+00 
 1.848590E-08 
-1.085793E-08 
-1.085916E-08 
-1.085929E-08 
 1.800000E+00 
 1.800000E+00 
-1.852804E-06 
 1.062264E-07 
 1.062266E-07 
 1.800001E+00 
 1.800000E+00 
 5.677321E-06 
 5.714843E-06 
 5.714842E-06 
 5.714840E-06 
 1.800000E+00 
 1.800000E+00 
 9.768090E-08 
 1.185053E-08 
 1.185148E-08 
 1.185329E-08 
 1.800001E+00 
 1.800000E+00 
-8.183901E-09 
-4.992947E-09 
 1.800000E+00 
 1.024944E-06 
 9.833427E-07 
 9.833424E-07 
 1.800000E+00 
-7.753198E-06 
 1.800000E+00 
 1.244236E-08 
 1.454757E-08 
 1.800000E+00 
-7.720428E-07 
-7.717125E-07 
 1.800000E+00 
-1.625444E-07 
-1.284335E-07 
 1.800000E+00 
-3.091101E-05 
 1.375876E-05 
 1.800000E+00 
-2.400692E-05 
 1.800000E+00 
 5.630272E-07 
 5.626016E-07 
 5.625986E-07 
 1.800000E+00 
-1.079029E-07 
 8.804360E-09 
 1.799999E+00 
 5.122275E-06 
 5.149784E-06 
 1.800000E+00 
-2.066314E-09 
 1.800000E+00 
-8.888358E-06 
-9.387505E-06 
-9.387481E-06 
 1.800000E+00 
 1.355066E-06 
 1.744708E-06 
 1.800000E+00 
-1.598707E-09 
-1.624553E-09 
 1.800000E+00 
 3.084363E-08 
 1.799998E+00 
-7.591069E-10 
-5.765416E-10 
-5.764393E-10 
-5.755384E-10 
 1.800000E+00 
 1.800000E+00 
 4.996620E-08 
 4.857774E-08 
 4.857774E-08 
 4.857772E-08 
 1.800000E+00 
 1.800000E+00 
 3.912219E-06 
-8.932849E-06 
-8.932849E-06 
-8.932848E-06 
 1.800000E+00 
 1.262208E-06 
 1.161087E-06 
 1.800001E+00 
 2.439757E-08 
 1.800000E+00 
 1.724436E-06 
 1.685107E-06 
 1.685106E-06 
 1.800000E+00 
-2.078174E-06 
 1.297089E-08 
 1.800008E+00 
 1.579884E-05 
 1.574094E-05 
 1.800000E+00 
-2.417106E-08 
-2.434903E-08 
-2.434918E-08 
 1.800000E+00 
 4.207619E-06 
 1.800007E+00 
 8.078623E-07 
 2.176830E-07 
 2.176849E-07 
 1.800000E+00 
 3.735279E-07 
 3.327665E-07 
 1.800000E+00 
 2.056519E-08 
 2.175307E-08 
 1.800000E+00 
-1.845626E-05 
-1.853335E-05 
-1.853334E-05 
 1.800000E+00 
-3.084945E-08 
-2.766364E-08 
 1.800000E+00 
 2.488743E-06 
 1.616278E-06 
 1.616276E-06 
 1.799997E+00 
-4.443218E-06 
 1.800002E+00 
-1.079938E-06 
-1.737248E-06 
-1.737248E-06 
 1.800000E+00 
-3.693267E-06 
-3.720491E-06 
-3.720492E-06 
 1.800000E+00 
 1.280292E-06 
 1.800000E+00 
 7.711417E-07 
 7.818292E-07 
 7.818292E-07 
 7.818292E-07 
 1.800003E+00 
 2.282079E-06 
 1.800000E+00 
 1.516545E-07 
 1.517985E-07 
 1.517985E-07 
 1.517985E-07 
 1.800008E+00 
 1.611674E-08 
 1.800000E+00 
-1.644128E-06 
-1.705252E-06 
-1.705252E-06 
 1.800000E+00 
 2.920604E-08 
 1.666277E-08 
 1.666277E-08 
 1.800007E+00 
-1.533989E-05 
-5.126834E-07 
 1.799998E+00 
 7.814830E-07 
 6.617923E-07 
 6.617923E-07 
 1.800000E+00 
 1.265291E-05 
-3.410570E-06 
 1.800000E+00 
 1.194593E-09 
 1.203060E-09 
 1.204224E-09 
 1.800000E+00 
-8.743514E-07 
-5.355862E-07 
-5.355861E-07 
 1.800000E+00 
 9.500034E-07 
 1.800000E+00 
-2.195330E-06 
 2.511099E-07 
 2.511098E-07 
 2.511099E-07 
 2.511084E-07 
 1.800000E+00 
 7.266408E-08 
 1.800000E+00 
-1.274697E-09 
 8.583629E-09 
 8.583236E-09 
 1.800000E+00 
-2.493939E-07 
-7.903618E-08 
-7.903621E-08 
 1.800000E+00 
-3.452872E-08 
 6.494184E-09 
 6.493870E-09 
 1.800000E+00 
 3.404102E-07 
 6.617957E-09 
 1.800019E+00 
 8.438039E-08 
 7.445356E-09 
 7.444969E-09 
 7.346640E-09 
 1.800000E+00 
-2.235134E-08 
 1.799996E+00 
-2.687945E-06 
 1.785698E-08 
 1.785712E-08 
 1.785708E-08 
 1.785830E-08 
 1.800000E+00 
 1.800000E+00 
 7.766035E-07 
 7.783419E-07 
 7.783422E-07 
 7.783419E-07 
 7.783421E-07 
 7.783422E-07 
 1.800000E+00 
 7.947182E-09 
 1.800000E+00 
-1.249110E-08 
 8.087909E-09 
 8.088444E-09 
 8.087908E-09 
 1.800000E+00 
-1.589003E-06 
 6.440418E-09 
 1.800000E+00 
-2.727108E-05 
-2.735050E-05 
-2.735051E-05 
-2.735051E-05 
 1.800000E+00 
-2.023349E-05 
 1.628331E-05 
 1.800000E+00 
-5.161196E-07 
 9.738072E-09 
 9.738052E-09 
 9.738121E-09 
 1.800000E+00 
-7.758063E-07 
-9.132217E-07 
-9.132216E-07 
 1.800000E+00 
 7.012290E-07 
 7.035164E-07 
 1.800000E+00 
 3.745821E-09 
 2.132051E-09 
 2.132042E-09 
 2.088110E-09 
 1.800003E+00 
-1.258879E-05 
 2.104922E-05 
 2.104922E-05 
 1.800000E+00 
 2.229880E-06 
-5.985497E-09 
-5.985473E-09 
-5.985565E-09 
 1.800000E+00 
 1.668141E-07 
 1.668141E-07 
 1.800000E+00 
-3.688658E-06 
-3.695523E-06 
-3.695478E-06 
-3.695477E-06 
 1.800000E+00 
-1.023673E-05 
-1.026953E-05 
-1.026953E-05 
 1.800000E+00 
 1.043818E-08 
 1.429301E-08 
 1.429300E-08 
 1.800000E+00 
 3.899399E-07 
 3.912146E-07 
 3.912148E-07 
 3.912148E-07 
 1.800000E+00 
-5.115577E-08 
-2.446585E-07 
-2.446569E-07 
 1.800000E+00 
-5.141176E-07 
-4.950360E-07 
-4.950352E-07 
-4.950329E-07 
 1.800007E+00 
 6.698747E-07 
 6.699764E-07 
 1.800000E+00 
 1.318459E-05 
 1.315046E-05 
 1.315046E-05 
 1.315046E-05 
 1.315046E-05 
 1.800000E+00 
 4.797045E-08 
 4.764523E-08 
 4.764525E-08 
 1.800000E+00 
-3.715015E-06 
-3.620241E-06 
-3.620248E-06 
-3.620247E-06 
 1.799998E+00 
-1.162073E-06 
 1.486375E-08 
 1.800000E+00 
-1.716410E-07 
-8.281956E-08 
-8.281924E-08 
-8.281959E-08 
-8.281960E-08 
-8.281994E-08 
 1.800000E+00 
-4.181606E-08 
 1.800000E+00 
-6.014011E-06 
-6.015540E-06 
-6.015539E-06 
-6.015540E-06 
-6.015540E-06 
-6.015540E-06 
 1.800000E+00 
-4.195445E-06 
-4.165734E-06 
-4.165730E-06 
 1.800006E+00 
-1.425298E-08 
-1.964987E-09 
-1.964273E-09 
-1.964987E-09 
 1.800006E+00 
 4.401978E-06 
 4.404745E-06 
 4.404745E-06 
 1.800000E+00 
 2.543836E-06 
-1.378145E-06 
-1.378146E-06 
-1.378146E-06 
-1.378146E-06 
 1.800000E+00 
 1.178270E-05 
 1.182117E-05 
 1.182117E-05 
 1.800000E+00 
-1.685258E-06 
 1.111767E-08 
 1.111770E-08 
 1.111823E-08 
 1.112041E-08 
 1.800000E+00 
 7.829877E-08 
-5.022907E-09 
 1.800000E+00 
 1.938961E-08 
-8.650299E-08 
-8.650295E-08 
-8.650045E-08 
-8.650244E-08 
-8.650297E-08 
-8.650317E-08 
 1.800000E+00 
-4.333039E-09 
 1.800000E+00 
 1.862985E-07 
 4.659413E-08 
 4.659419E-08 
 4.659471E-08 
 4.659416E-08 
 4.660748E-08 
 4.659413E-08 
 1.800000E+00 
-8.079646E-10 
 1.799999E+00 
 5.665667E-06 
 5.455786E-06 
 5.455780E-06 
 5.455792E-06 
 5.455786E-06 
 5.455786E-06 
 5.455786E-06 
 5.455771E-06 
 1.800000E+00 
 3.521145E-08 
 1.800004E+00 
 1.575337E-06 
 5.451063E-09 
 5.450703E-09 
 5.451532E-09 
 5.450649E-09 
 5.450463E-09 
 5.450645E-09 
 1.799999E+00 
-1.154922E-07 
 1.800007E+00 
 1.729664E-06 
 1.728259E-06 
 1.728259E-06 
 1.728259E-06 
 1.728258E-06 
 1.728258E-06 
 1.728259E-06 
 1.728259E-06 
 1.800001E+00 
-1.121476E-06 
 8.697711E-09 
 8.694878E-09 
 1.800000E+00 
-5.602343E-07 
 1.112029E-08 
 1.112029E-08 
 1.112025E-08 
 1.800000E+00 
 5.432694E-08 
 8.995523E-09 
 8.995522E-09 
 8.995513E-09 
 8.995748E-09 
 8.995739E-09 
 1.800000E+00 
 1.175537E-08 
 1.403351E-08 
 1.403913E-08 
 1.800000E+00 
-2.622346E-08 
 8.930662E-09 
 8.928079E-09 
 8.930638E-09 
 8.930674E-09 
 8.930563E-09 
 1.800000E+00 
-2.443931E-07 
 8.571733E-09 
 8.572494E-09 
 8.572004E-09 
 8.570785E-09 
 1.800000E+00 
 2.533086E-08 
 1.885812E-08 
 1.885804E-08 
 1.800000E+00 
-5.527624E-08 
-6.370093E-08 
-6.370097E-08 
-6.370101E-08 
-6.370098E-08 
-6.370024E-08 
-6.370096E-08 
 1.800007E+00 
 2.846717E-06 
-1.030499E-10 
-1.030330E-10 
-1.030460E-10 
 1.800002E+00 
 9.650652E-09 
 9.265059E-09 
 9.265017E-09 
 9.265063E-09 
 9.265074E-09 
 1.800000E+00 
-2.565501E-07 
 9.753868E-09 
 9.753827E-09 
 9.755104E-09 
 9.753905E-09 
 9.754283E-09 
 1.799997E+00 
-5.539386E-07 
-4.029680E-07 
-4.029686E-07 
 1.800000E+00 
 9.059102E-09 
 6.320377E-09 
 6.342835E-09 
 6.320453E-09 
 6.320440E-09 
 6.320392E-09 
 6.320401E-09 
 6.320455E-09 
 1.800000E+00 
-3.399794E-07 
-3.613686E-07 
-3.613683E-07 
 1.800000E+00 
-2.650526E-06 
-2.690251E-06 
-2.690250E-06 
-2.690251E-06 
-2.690251E-06 
-2.690250E-06 
-2.690251E-06 
 1.800000E+00 
 7.864118E-09 
 9.963707E-09 
 9.963648E-09 
 9.963576E-09 
 9.963492E-09 
 1.800000E+00 
-5.604048E-07 
 3.923511E-09 
 3.923586E-09 
 3.921450E-09 
 3.923687E-09 
 1.799999E+00 
-1.401053E-06 
 4.858741E-07 
 4.858744E-07 
 4.858740E-07 
 4.858741E-07 
 4.858743E-07 
 1.800000E+00 
-1.081617E-07 
-1.139413E-07 
-1.139413E-07 
-1.139645E-07 
-1.139417E-07 
 1.800008E+00 
 7.387635E-06 
-3.667705E-07 
-3.667705E-07 
-3.667706E-07 
-3.667705E-07 
-3.667705E-07 
-3.667707E-07 
 1.800000E+00 
-1.300777E-06 
 9.128895E-09 
 9.128891E-09 
 9.128891E-09 
 9.129022E-09 
 1.800000E+00 
-6.750861E-07 
-4.429986E-07 
-4.429994E-07 
-4.429985E-07 
-4.429999E-07 
-4.429991E-07 
 1.800000E+00 
-4.427108E-08 
 2.876781E-08 
 2.876796E-08 
 2.876783E-08 
 2.876781E-08 
 2.876784E-08 
 2.876875E-08 
 1.800000E+00 
-2.388484E-08 
 1.111446E-09 
 1.112347E-09 
 1.112484E-09 
 1.800000E+00 
 9.534796E-06 
 9.559721E-06 
 9.559721E-06 
 9.559721E-06 
 9.559747E-06 
 9.559721E-06 
 9.559721E-06 
 9.559721E-06 
 1.800000E+00 
 1.183449E-05 
 1.177885E-05 
 1.177885E-05 
 1.177885E-05 
 1.177885E-05 
 1.177885E-05 
 1.800000E+00 
 9.547312E-08 
-7.820633E-09 
-7.821001E-09 
-7.820585E-09 
-7.820712E-09 
-7.820837E-09 
 1.800000E+00 
 2.068511E-06 
 1.742302E-06 
 1.742302E-06 
 1.742302E-06 
 1.742302E-06 
 1.742302E-06 
 1.800004E+00 
-1.902830E-06 
-2.696966E-06 
-2.696970E-06 
-2.696969E-06 
-2.696969E-06 
-2.696969E-06 
-2.696969E-06 
 1.800000E+00 
-1.254014E-06 
-1.122554E-06 
-1.122549E-06 
-1.122549E-06 
-1.122549E-06 
-1.122549E-06 
-1.122549E-06 
 1.800000E+00 
-2.821010E-06 
 2.741273E-08 
 2.741273E-08 
 2.741273E-08 
 2.741273E-08 
 2.741280E-08 
 1.800000E+00 
 1.193336E-06 
 1.286478E-06 
 1.286478E-06 
 1.286476E-06 
 1.286478E-06 
 1.286478E-06 
 1.286478E-06 
 1.286483E-06 
 1.800000E+00 
 4.581377E-08 
-2.367998E-09 
-2.367979E-09 
-2.371149E-09 
-2.367649E-09 
 1.800000E+00 
 3.957425E-07 
 4.009023E-07 
 4.009029E-07 
 4.009023E-07 
 4.009023E-07 
 4.009027E-07 
 4.009022E-07 
 4.009014E-07 
 4.009014E-07 
 1.800000E+00 
-6.460220E-08 
-1.235773E-09 
-1.237623E-09 
-1.250231E-09 
-1.237571E-09 
 1.800000E+00 
 1.166646E-06 
 6.630131E-09 
 6.629972E-09 
 6.629817E-09 
 6.630066E-09 
 6.630214E-09 
 6.633182E-09 
 6.630096E-09 
 6.630052E-09 
 6.630044E-09 
 1.800000E+00 
 5.765824E-06 
 5.583594E-06 
 5.583595E-06 
 5.583595E-06 
 1.800000E+00 
 2.081086E-08 
 2.221542E-08 
 2.221430E-08 
 2.221431E-08 
 2.221434E-08 
 2.221424E-08 
 2.221439E-08 
 2.221428E-08 
 2.221427E-08 
 2.221395E-08 
 1.800000E+00 
-1.850132E-07 
-1.466419E-07 
-1.466419E-07 
-1.466399E-07 
-1.466419E-07 
-1.466419E-07 
 1.800000E+00 
 4.377430E-07 
 6.355028E-07 
 6.355027E-07 
 6.355027E-07 
 6.355030E-07 
 6.355033E-07 
 6.355057E-07 
 6.355028E-07 
 6.355030E-07 
 1.800000E+00 
 1.626543E-06 
 1.570866E-06 
 1.570866E-06 
 1.570866E-06 
 1.570866E-06 
 1.570866E-06 
 1.800000E+00 
 9.748269E-07 
 5.485006E-09 
 5.485248E-09 
 5.489828E-09 
 5.484995E-09 
 5.485004E-09 
 5.484834E-09 
 5.485007E-09 
 5.484909E-09 
 5.484782E-09 
 1.800000E+00 
-3.686012E-07 
-3.026614E-07 
-3.026614E-07 
-3.026614E-07 
-3.026616E-07 
 1.800000E+00 
 7.454424E-07 
 4.596429E-07 
 4.596487E-07 
 4.596418E-07 
 4.596417E-07 
 4.596423E-07 
 4.596412E-07 
 4.596417E-07 
 4.596415E-07 
 4.596417E-07 
 4.596411E-07 
 1.800000E+00 
 9.377297E-07 
 1.718122E-06 
 1.718122E-06 
 1.718122E-06 
 1.718122E-06 
 1.718122E-06 
 1.800002E+00 
 6.525179E-07 
 1.063929E-08 
 1.063959E-08 
 1.063959E-08 
 1.064431E-08 
 1.063903E-08 
 1.063958E-08 
 1.063959E-08 
 1.063774E-08 
 1.800000E+00 
 7.259133E-06 
-1.662074E-07 
-1.662074E-07 
-1.662080E-07 
-1.662074E-07 
-1.662074E-07 
-1.662072E-07 
-1.662070E-07 
 1.800007E+00 
 5.610530E-07 
 1.048182E-08 
 1.048091E-08 
 1.048177E-08 
 1.048163E-08 
 1.048173E-08 
 1.048186E-08 
 1.048163E-08 
 1.048164E-08 
 1.800000E+00 
 7.574390E-06 
 7.465180E-06 
 7.465180E-06 
 7.465180E-06 
 7.465180E-06 
 7.465180E-06 
 7.465180E-06 
 1.800000E+00 
 5.105015E-06 
 5.298845E-06 
 5.298847E-06 
 5.298845E-06 
 5.298847E-06 
 5.298845E-06 
 5.298846E-06 
 5.298845E-06 
 5.298845E-06 
 5.298845E-06 
 1.800000E+00 
-1.608250E-05 
 1.378643E-05 
 1.378643E-05 
 1.378643E-05 
 1.378643E-05 
 1.378643E-05 
 1.378643E-05 
 1.378643E-05 
 1.800000E+00 
-1.059126E-06 
-9.606906E-08 
-9.606904E-08 
-9.607343E-08 
-9.606911E-08 
-9.606906E-08 
-9.606874E-08 
-9.606883E-08 
-9.606906E-08 
 1.800000E+00 
-1.337900E-05 
-1.333707E-05 
-1.333707E-05 
-1.333707E-05 
-1.333707E-05 
-1.333707E-05 
-1.333707E-05 
-1.333707E-05 
 1.800000E+00 
-2.893577E-06 
-2.953927E-06 
-2.953928E-06 
-2.953927E-06 
-2.953927E-06 
-2.953927E-06 
-2.953928E-06 
-2.953927E-06 
-2.953927E-06 
 1.800000E+00 
 3.407100E-07 
 1.746836E-07 
 1.746812E-07 
 1.746822E-07 
 1.746837E-07 
 1.746831E-07 
 1.746831E-07 
 1.746831E-07 
 1.746831E-07 
 1.746831E-07 
 1.800000E+00 
 5.442908E-09 
 5.471363E-09 
 5.472033E-09 
 5.474826E-09 
 5.471861E-09 
 5.471779E-09 
 5.471776E-09 
 1.800000E+00 
 1.356016E-05 
 1.357511E-05 
 1.357511E-05 
 1.357511E-05 
 1.357511E-05 
 1.357511E-05 
 1.357512E-05 
 1.357511E-05 
 1.357511E-05 
 1.357511E-05 
 1.357511E-05 
 1.800000E+00 
 1.626296E-06 
-9.145027E-09 
-9.144952E-09 
-9.145969E-09 
-9.145031E-09 
-9.145046E-09 
-9.145341E-09 
 1.800000E+00 
-9.064533E-06 
 1.704337E-06 
 1.704341E-06 
 1.704337E-06 
 1.704337E-06 
 1.704336E-06 
 1.704337E-06 
 1.704337E-06 
 1.704337E-06 
 1.704337E-06 
 1.704336E-06 
 1.800000E+00 
 2.698872E-08 
 5.049240E-08 
 5.049241E-08 
 5.049272E-08 
 5.049240E-08 
 5.049150E-08 
 5.049241E-08 
 1.800000E+00 
-8.686692E-07 
 3.201983E-07 
 3.201989E-07 
 3.201989E-07 
 3.201987E-07 
 3.201982E-07 
 3.201989E-07 
 3.201989E-07 
 3.201989E-07 
 3.201985E-07 
 3.201989E-07 
 1.800000E+00 
 5.177045E-06 
 5.090057E-06 
 5.090057E-06 
 5.090057E-06 
 5.090049E-06 
 5.090057E-06 
 5.090057E-06 
 1.800000E+00 
-5.303143E-07 
-5.058305E-07 
-5.058924E-07 
-5.058304E-07 
-5.058305E-07 
-5.058305E-07 
-5.058305E-07 
-5.058305E-07 
-5.058306E-07 
-5.058306E-07 
-5.058305E-07 
 1.800000E+00 
-1.447017E-06 
-1.446873E-06 
-1.446873E-06 
-1.446873E-06 
-1.446873E-06 
-1.446873E-06 
-1.446873E-06 
-1.446871E-06 
 1.800000E+00 
-3.537844E-07 
-3.525496E-07 
-3.525517E-07 
-3.525499E-07 
-3.525501E-07 
-3.525494E-07 
-3.525497E-07 
-3.525496E-07 
-3.525474E-07 
-3.525495E-07 
 1.800000E+00 
-6.690306E-06 
-6.648846E-06 
-6.648846E-06 
-6.648845E-06 
-6.648845E-06 
-6.648846E-06 
-6.648847E-06 
-6.648846E-06 
 1.800000E+00 
 6.623789E-09 
 5.926562E-09 
 5.926290E-09 
 5.926623E-09 
 5.932009E-09 
 5.926274E-09 
 5.926553E-09 
 5.926613E-09 
 5.926569E-09 
 5.919836E-09 
 1.800000E+00 
-7.082359E-06 
-7.178410E-06 
-7.178410E-06 
-7.178410E-06 
-7.178410E-06 
-7.178410E-06 
-7.178410E-06 
-7.178410E-06 
 1.800000E+00 
 2.573475E-09 
 4.414525E-09 
 4.401404E-09 
 4.414489E-09 
 4.414504E-09 
 4.414486E-09 
 4.414478E-09 
 4.414339E-09 
 4.414480E-09 
 4.502031E-09 
 1.800000E+00 
 4.265638E-06 
-2.574068E-08 
-2.574156E-08 
-2.574067E-08 
-2.574068E-08 
-2.574010E-08 
-2.574067E-08 
-2.575240E-08 
 1.800000E+00 
 1.690944E-07 
 1.258384E-08 
 1.258382E-08 
 1.258384E-08 
 1.258384E-08 
 1.258418E-08 
 1.258383E-08 
 1.258322E-08 
 1.258384E-08 
 1.255626E-08 
 1.800000E+00 
 1.080606E-08 
 9.864308E-09 
 9.866737E-09 
 9.874003E-09 
 9.865387E-09 
 9.865501E-09 
 9.866780E-09 
 1.800000E+00 
 2.245918E-06 
 1.456113E-06 
 1.456113E-06 
 1.456114E-06 
 1.456113E-06 
 1.456113E-06 
 1.456113E-06 
 1.456113E-06 
 1.456113E-06 
 1.456113E-06 
 1.800000E+00 
 1.717562E-07 
-5.816812E-08 
-5.816795E-08 
-5.816797E-08 
-5.816810E-08 
-5.816716E-08 
-5.817227E-08 
-5.816796E-08 
-5.816784E-08 
 1.800000E+00 
 7.794579E-09 
 7.433648E-09 
 7.430640E-09 
 7.433512E-09 
 7.434101E-09 
 7.432886E-09 
 7.433666E-09 
 1.800000E+00 
 3.131034E-06 
 3.131320E-06 
 3.131327E-06 
 3.131320E-06 
 3.131320E-06 
 3.131320E-06 
 3.131319E-06 
 3.131320E-06 
 3.131320E-06 
 3.131321E-06 
 1.800000E+00 
 2.763973E-09 
 3.840824E-09 
 3.844965E-09 
 3.840857E-09 
 3.824713E-09 
 3.840843E-09 
 3.840837E-09 
 3.840887E-09 
 1.800000E+00 
 1.269122E-06 
 8.424968E-07 
 8.424962E-07 
 8.424968E-07 
 8.424968E-07 
 8.424968E-07 
 8.424967E-07 
 8.424968E-07 
 1.800000E+00 
 1.012610E-06 
 5.890760E-09 
 5.890774E-09 
 5.890754E-09 
 5.890732E-09 
 5.889710E-09 
 5.890729E-09 
 5.890767E-09 
 5.890970E-09 
 1.800000E+00 
-2.264411E-05 
-2.264528E-05 
-2.264528E-05 
-2.264528E-05 
-2.264528E-05 
-2.264528E-05 
-2.264528E-05 
 1.800000E+00 
 1.694313E-06 
 4.599011E-09 
 4.598876E-09 
 4.598884E-09 
 4.598866E-09 
 4.573639E-09 
 4.598890E-09 
 4.598875E-09 
 4.599173E-09 
 1.800000E+00 
 1.310187E-07 
 5.569305E-09 
 5.569207E-09 
 5.569315E-09 
 5.569150E-09 
 5.569297E-09 
 5.568844E-09 
 1.800007E+00 
 5.646721E-07 
 1.008360E-08 
 1.008360E-08 
 1.008272E-08 
 1.008357E-08 
 1.008333E-08 
 1.008316E-08 
 1.008369E-08 
 1.008360E-08 
 1.008236E-08 
 1.800000E+00 
-3.021058E-05 
-3.016787E-05 
-3.016787E-05 
-3.016787E-05 
 1.800000E+00 
 2.962256E-07 
-1.222264E-07 
-1.222266E-07 
-1.222255E-07 
-1.222237E-07 
-1.222268E-07 
-1.222237E-07 
-1.222303E-07 
-1.222267E-07 
-1.222266E-07 
-1.221949E-07 
-1.222267E-07 
 1.800000E+00 
-4.852362E-06 
-4.851004E-06 
-4.851006E-06 
-4.851005E-06 
-4.851006E-06 
 1.800000E+00 
 3.856355E-08 
 9.829552E-10 
 9.837421E-10 
 9.821172E-10 
 9.825460E-10 
 9.825730E-10 
 9.825874E-10 
 9.825647E-10 
 1.800000E+00 
 2.379529E-06 
 2.634378E-06 
 2.634378E-06 
 2.634378E-06 
 2.634378E-06 
 2.634378E-06 
 2.634378E-06 
 2.634378E-06 
 1.800000E+00 
 2.176644E-10 
 5.418790E-09 
 5.419527E-09 
 5.419519E-09 
 5.419638E-09 
 5.422540E-09 
 1.800000E+00 
 6.153490E-07 
 2.493092E-08 
 2.493048E-08 
 2.493048E-08 
 2.493048E-08 
 2.493044E-08 
 2.493053E-08 
 2.493486E-08 
 2.493015E-08 
 1.800000E+00 
 2.688822E-08 
 2.692187E-08 
 2.692265E-08 
 2.692192E-08 
 2.692192E-08 
 1.800000E+00 
-2.442366E-06 
-2.678540E-06 
-2.678540E-06 
-2.678540E-06 
-2.678539E-06 
-2.678538E-06 
-2.678540E-06 
-2.678540E-06 
-2.678542E-06 
 1.800000E+00 
-2.495180E-08 
 6.597067E-09 
 6.610403E-09 
 6.597068E-09 
 6.596989E-09 
 1.800000E+00 
-5.248740E-07 
 9.524059E-09 
 9.524114E-09 
 9.524087E-09 
 9.523593E-09 
 9.524084E-09 
 9.524107E-09 
 9.524319E-09 
 1.800000E+00 
 8.731511E-07 
 6.775574E-09 
 6.779821E-09 
 6.779163E-09 
 6.779104E-09 
 6.779098E-09 
 6.779308E-09 
 1.800000E+00 
 2.155057E-07 
-6.102467E-08 
-6.102353E-08 
-6.102475E-08 
-6.102475E-08 
 1.800000E+00 
-1.978816E-05 
-1.993173E-05 
-1.993173E-05 
-1.993173E-05 
-1.993173E-05 
-1.993182E-05 
-1.993173E-05 
-1.993173E-05 
 1.800000E+00 
 3.141981E-08 
-4.965419E-07 
-4.965418E-07 
-4.965417E-07 
-4.965419E-07 
-4.965419E-07 
 1.800000E+00 
 5.677744E-06 
-1.278465E-07 
-1.278461E-07 
-1.278461E-07 
-1.278460E-07 
-1.278458E-07 
 1.800000E+00 
-2.521519E-06 
 4.681448E-08 
 4.681553E-08 
 4.681485E-08 
 4.681436E-08 
 4.681415E-08 
 4.681449E-08 
 1.800000E+00 
-1.086062E-06 
 1.227876E-08 
 1.227748E-08 
 1.227749E-08 
 1.227750E-08 
 1.227746E-08 
 1.800000E+00 
-9.624541E-08 
-1.308967E-07 
-1.308970E-07 
-1.308958E-07 
-1.308969E-07 
 1.800000E+00 
 3.177722E-08 
 1.872120E-08 
 1.872128E-08 
 1.872187E-08 
 1.872128E-08 
 1.872129E-08 
 1.872117E-08 
 1.872240E-08 
 1.800000E+00 
-6.727681E-08 
 3.006179E-10 
 3.018720E-10 
 1.800001E+00 
 2.862540E-09 
 2.807896E-09 
 2.807473E-09 
 2.807888E-09 
 2.809716E-09 
 2.808158E-09 
 2.807895E-09 
 2.807910E-09 
 2.807150E-09 
 1.800000E+00 
 7.379258E-09 
 7.511076E-09 
 7.511132E-09 
 1.800000E+00 
 1.260820E-07 
 7.447990E-09 
 7.444015E-09 
 7.444001E-09 
 7.444010E-09 
 7.444189E-09 
 7.444043E-09 
 7.444281E-09 
 1.800000E+00 
 3.761846E-06 
-7.628563E-08 
-7.628649E-08 
-7.628608E-08 
 1.800000E+00 
-5.923088E-06 
 4.533776E-07 
 4.534228E-07 
 4.534173E-07 
 4.534171E-07 
 4.534173E-07 
 1.799999E+00 
-2.253938E-08 
 8.556692E-09 
 8.556693E-09 
 8.556708E-09 
 8.556736E-09 
 8.556737E-09 
 1.800000E+00 
 1.251317E-05 
 1.245781E-05 
 1.245790E-05 
 1.245781E-05 
 1.800000E+00 
 8.582895E-07 
 8.428235E-07 
 8.428239E-07 
 8.428239E-07 
 8.428240E-07 
 8.428189E-07 
 8.428242E-07 
 1.800000E+00 
 1.075681E-07 
 6.706911E-09 
 6.707006E-09 
 6.707020E-09 
 1.800000E+00 
-4.586049E-09 
 5.466108E-09 
 5.465881E-09 
 5.466089E-09 
 5.466103E-09 
 5.466098E-09 
 1.800000E+00 
 4.753181E-06 
-1.216197E-05 
-1.216197E-05 
-1.216197E-05 
 1.800000E+00 
 9.692922E-06 
-1.766986E-05 
-1.766986E-05 
-1.766986E-05 
-1.766986E-05 
-1.766986E-05 
 1.800000E+00 
 1.718902E-05 
 1.710823E-05 
 1.710823E-05 
 1.710823E-05 
 1.800000E+00 
-2.487672E-06 
-2.493002E-06 
-2.493002E-06 
-2.493002E-06 
-2.493002E-06 
-2.493002E-06 
 1.800000E+00 
 1.510441E-06 
 1.517715E-06 
 1.517714E-06 
 1.517714E-06 
 1.800000E+00 
-8.153940E-06 
-8.151362E-06 
-8.151360E-06 
-8.151360E-06 
-8.151360E-06 
-8.151360E-06 
 1.800002E+00 
 8.894542E-09 
 7.761948E-09 
 7.761879E-09 
 1.800000E+00 
 1.084002E-05 
 1.084829E-05 
 1.084828E-05 
 1.084828E-05 
 1.084829E-05 
 1.084829E-05 
 1.800000E+00 
 1.749477E-08 
 1.756049E-08 
 1.756096E-08 
 1.756124E-08 
 1.800000E+00 
 6.256452E-08 
 6.680533E-09 
 6.683337E-09 
 6.680540E-09 
 1.800000E+00 
 3.260955E-07 
 3.234101E-07 
 3.234105E-07 
 3.234101E-07 
 3.234102E-07 
 3.234096E-07 
 1.800000E+00 
 3.094782E-07 
 8.703659E-07 
 8.703645E-07 
 1.800000E+00 
 3.422431E-06 
-1.186684E-08 
-1.186736E-08 
-1.186681E-08 
-1.186681E-08 
 1.800000E+00 
 1.090765E-06 
-3.763340E-08 
-3.763333E-08 
-3.763302E-08 
 1.800000E+00 
 5.290869E-08 
 6.325895E-08 
 6.325900E-08 
 6.325899E-08 
 6.325876E-08 
 1.800001E+00 
 9.607720E-07 
 6.685442E-09 
 6.685364E-09 
 6.685322E-09 
 1.800000E+00 
-6.194531E-08 
 1.660413E-08 
 1.660557E-08 
 1.660356E-08 
 1.800000E+00 
 3.092950E-09 
 4.968041E-09 
 4.967343E-09 
 4.968025E-09 
 1.800001E+00 
 2.991208E-06 
-1.421784E-09 
-1.421768E-09 
-1.421389E-09 
 1.800000E+00 
 1.816333E-08 
 1.081871E-08 
 1.081880E-08 
 1.081879E-08 
 1.800000E+00 
-5.867429E-06 
-5.839622E-06 
-5.839621E-06 
-5.839621E-06 
-5.839622E-06 
 1.800000E+00 
-2.114847E-08 
 1.144740E-08 
 1.800000E+00 
 4.480799E-06 
 4.786800E-06 
 4.786800E-06 
 4.786800E-06 
 4.786799E-06 
 4.786800E-06 
 1.800000E+00 
 7.884549E-07 
 1.178086E-06 
 1.178084E-06 
 1.799996E+00 
-5.649830E-07 
-5.671158E-07 
-5.671158E-07 
-5.671147E-07 
 1.800000E+00 
 8.370147E-09 
 1.101079E-08 
 1.102065E-08 
 1.800000E+00 
-1.797122E-05 
-1.795181E-05 
-1.795181E-05 
-1.795181E-05 
-1.795182E-05 
 1.800000E+00 
 1.096033E-07 
 8.321231E-08 
 1.800000E+00 
 1.528229E-08 
 1.295840E-08 
 1.295821E-08 
 1.295776E-08 
 1.295444E-08 
 1.295842E-08 
 1.800000E+00 
-4.962283E-09 
 1.800000E+00 
 2.015343E-06 
 1.952946E-06 
 1.952946E-06 
 1.952946E-06 
 1.952945E-06 
 1.952946E-06 
 1.800000E+00 
-5.420154E-07 
 5.798911E-08 
 1.800000E+00 
 7.553644E-07 
 7.675759E-07 
 7.675793E-07 
 7.675880E-07 
 1.800002E+00 
 1.262423E-08 
-1.339059E-07 
-1.339066E-07 
-1.339068E-07 
 1.800000E+00 
-6.815906E-10 
 7.837115E-09 
 1.800000E+00 
-2.306052E-07 
 9.977870E-09 
 9.978172E-09 
 9.978164E-09 
 9.978197E-09 
 1.800000E+00 
-8.808757E-07 
 6.321123E-08 
 6.321124E-08 
 1.800000E+00 
 6.993568E-07 
-6.273774E-08 
-6.273772E-08 
 1.800000E+00 
 8.075011E-08 
 1.490944E-08 
 1.491023E-08 
 1.800000E+00 
 4.094250E-06 
-7.280186E-08 
-7.280604E-08 
-7.280154E-08 
 1.800000E+00 
 2.828439E-09 
 3.701928E-09 
 3.701726E-09 
 1.800000E+00 
-1.196460E-08 
-1.160971E-08 
-1.161053E-08 
 1.799998E+00 
 5.734901E-05 
 1.248200E-05 
 1.248200E-05 
 1.800007E+00 
-1.766357E-06 
-1.571073E-05 
-1.571073E-05 
-1.571074E-05 
 1.800000E+00 
 8.446982E-07 
 8.414589E-07 
 1.800000E+00 
-2.026220E-06 
-2.027486E-06 
-2.027486E-06 
-2.027485E-06 
-2.027486E-06 
 1.799998E+00 
 1.800000E+00 
 1.934895E-06 
-5.072917E-10 
-5.084197E-10 
-5.081968E-10 
-5.084457E-10 
-5.086276E-10 
 1.800000E+00 
-1.323842E-06 
 2.762726E-07 
 1.800000E+00 
 1.730333E-06 
 2.951652E-09 
 2.951560E-09 
 1.800000E+00 
 1.811572E-08 
 1.762185E-08 
 1.762128E-08 
 1.800000E+00 
-5.881847E-08 
-1.001881E-07 
 1.799999E+00 
 2.687722E-09 
 5.333124E-09 
 5.333260E-09 
 5.333525E-09 
 1.799998E+00 
-6.662456E-07 
 6.822439E-09 
 6.811761E-09 
 1.800000E+00 
-3.321414E-08 
-9.799338E-09 
 1.800000E+00 
 2.094164E-08 
 2.051159E-08 
 2.051150E-08 
 2.051162E-08 
 1.799996E+00 
 5.214217E-09 
 6.531610E-09 
 1.800000E+00 
-5.673102E-06 
-1.203073E-05 
-1.203073E-05 
 1.800000E+00 
-1.647777E-06 
 8.743943E-09 
 1.800000E+00 
-9.124940E-08 
-9.100313E-08 
-9.100285E-08 
-9.101735E-08 
 1.800000E+00 
-3.426380E-07 
-3.526763E-07 
 1.800007E+00 
 4.758777E-06 
 4.886260E-06 
 4.886260E-06 
 1.800000E+00 
-1.142211E-05 
-1.140573E-05 
 1.800002E+00 
 3.456923E-07 
 5.881196E-07 
 5.881197E-07 
 5.881197E-07 
 1.799998E+00 
 1.700427E-05 
 1.800000E+00 
 1.355406E-05 
 1.354767E-05 
 1.354767E-05 
 1.354767E-05 
 1.800000E+00 
-9.096999E-08 
 8.327666E-10 
 1.800000E+00 
-7.232575E-06 
 3.081006E-07 
 3.081004E-07 
 1.800007E+00 
-3.857667E-08 
-1.448807E-08 
 1.800000E+00 
-1.380799E-07 
-1.367149E-07 
 1.800000E+00 
 5.362417E-06 
 5.422748E-06 
 5.422749E-06 
 5.422780E-06 
 1.799999E+00 
 5.799000E-09 
 1.800000E+00 
 1.674793E-07 
 4.943712E-08 
 4.943712E-08 
 4.943630E-08 
 1.800000E+00 
 8.035771E-09 
 1.800000E+00 
 6.977774E-08 
 7.723829E-08 
 7.723251E-08 
 1.800000E+00 
-2.633585E-06 
 1.767538E-08 
 1.766846E-08 
 1.800000E+00 
-3.068590E-09 
 1.799998E+00 
 2.080211E-06 
 5.238192E-09 
 5.238362E-09 
 5.239375E-09 
 1.800000E+00 
-7.543207E-09 
 1.800000E+00 
-6.818226E-06 
 7.755070E-06 
 7.755070E-06 
 7.755070E-06 
 1.800000E+00 
 1.800000E+00 
 4.111999E-07 
 4.172776E-07 
 4.172777E-07 
 4.172776E-07 
 1.800000E+00 
 2.009873E-08 
 6.168148E-09 
 1.800000E+00 
 6.077545E-05 
-2.250816E-05 
 1.800000E+00 
 2.566905E-09 
 2.008293E-09 
 2.008259E-09 
 1.800007E+00 
 1.428813E-07 
 1.800000E+00 
 7.629938E-06 
 7.630104E-06 
 7.630105E-06 
 1.800000E+00 
-3.403772E-06 
 2.644888E-08 
 2.644686E-08 
 1.800000E+00 
 1.800000E+00 
 8.158700E-07 
 5.171882E-08 
 5.170331E-08 
 5.170323E-08 
 1.800000E+00 
-6.142251E-07 
-2.033483E-08 
 1.800000E+00 
-5.340599E-08 
-4.671915E-08 
 1.800000E+00 
-1.011770E-07 
 1.800000E+00 
-1.308762E-07 
 7.427988E-09 
 7.417930E-09 
 7.428001E-09 
 1.800000E+00 
-1.633412E-06 
 1.800000E+00 
 5.633874E-09 
 6.389258E-09 
 1.800000E+00 
-5.662544E-06 
 1.610352E-07 
 1.800004E+00 
-1.266640E-06 
-1.069187E-08 
-1.069297E-08 
 1.800000E+00 
-1.881247E-06 
 1.800000E+00 
-4.745604E-07 
-4.912620E-07 
-4.912652E-07 
 1.800000E+00 
 4.369146E-08 
 1.799999E+00 
-8.481776E-07 
-9.655431E-07 
-9.655421E-07 
 1.800000E+00 
-1.712788E-05 
 1.800000E+00 
-6.220277E-07 
-7.635217E-07 
-7.635225E-07 
 1.800000E+00 
 4.960885E-06 
 1.799999E+00 
 7.764059E-08 
 9.291570E-08 
 9.291543E-08 
 1.800000E+00 
-2.417164E-09 
 1.800000E+00 
-3.874261E-06 
-3.875730E-06 
 1.800000E+00 
 6.754517E-07 
 1.172079E-08 
 1.165870E-08 
 1.799998E+00 
 1.800000E+00 
 6.213374E-08 
 5.128856E-09 
 5.279919E-09 
 5.128464E-09 
 1.800000E+00 
 1.800000E+00 
-9.883205E-07 
 1.105588E-08 
 1.108316E-08 
 1.105599E-08 
 1.800000E+00 
 1.800000E+00 
 1.372532E-08 
 1.431165E-08 
 1.800000E+00 
 1.902325E-06 
 1.311237E-06 
 1.311239E-06 
 1.800000E+00 
 3.303914E-08 
 1.800000E+00 
-1.461532E-05 
-1.450863E-05 
 1.800000E+00 
 7.524004E-09 
 7.598358E-09 
 1.800000E+00 
 3.602316E-07 
 1.800000E+00 
-3.232016E-06 
-3.528908E-06 
-3.528908E-06 
 1.800000E+00 
 1.800004E+00 
-2.133269E-06 
 1.246524E-06 
 1.246523E-06 
 1.246534E-06 
 1.800000E+00 
 1.800000E+00 
 3.186152E-07 
 3.040903E-07 
 3.040891E-07 
 1.800007E+00 
 1.800000E+00 
-5.352019E-06 
-5.433320E-06 
-5.433320E-06 
-5.433333E-06 
 1.800000E+00 
 1.800000E+00 
 3.795739E-06 
-1.669317E-08 
 1.800000E+00 
-6.366931E-07 
-1.187414E-07 
 1.800000E+00 
 3.359007E-08 
 6.383128E-09 
 1.800000E+00 
-2.327815E-08 
 1.800000E+00 
 8.407116E-08 
 7.443837E-08 
 1.800000E+00 
-3.888587E-07 
 1.800006E+00 
 5.050048E-09 
 4.805301E-09 
 4.802503E-09 
 1.800000E+00 
 1.800000E+00 
 1.556892E-07 
-7.887535E-08 
-7.887579E-08 
 1.800000E+00 
 6.022436E-07 
 1.800006E+00 
 4.448844E-09 
 1.800000E+00 
-2.356945E-08 
-2.334469E-08 
-2.334587E-08 
 1.800000E+00 
 1.800000E+00 
 5.340654E-09 
 5.424183E-09 
 5.415390E-09 
 1.800000E+00 
-8.125499E-08 
 1.800000E+00 
-3.123000E-07 
-4.691402E-07 
 1.800000E+00 
 1.799999E+00 
 1.551406E-06 
 1.552881E-06 
 1.552884E-06 
 1.799999E+00 
-3.754398E-07 
-5.492068E-07 
 1.800000E+00 
 1.800000E+00 
-5.008280E-07 
 6.263779E-09 
 1.800000E+00 
-6.053934E-06 
-6.042242E-06 
 1.800000E+00 
 7.220281E-08 
 1.800000E+00 
 6.447025E-06 
-1.382335E-05 
 1.800000E+00 
 5.109665E-08 
 1.800000E+00 
-1.717115E-07 
 2.285076E-08 
 1.799998E+00 
-2.973564E-07 
 1.799999E+00 
-1.248431E-06 
 1.799998E+00 
-2.167489E-06 
-1.817061E-06 
-1.817061E-06 
 1.800000E+00 
 1.800000E+00 
 3.000653E-06 
 3.001001E-06 
 1.800000E+00 
-1.083191E-05 
 1.799999E+00 
 1.427446E-06 
 1.810531E-06 
 1.800000E+00 
-1.303340E-05 
 1.800000E+00 
 8.820877E-06 
 8.932344E-06 
 1.800007E+00 
 1.629508E-06 
 1.800000E+00 
 1.447105E-07 
 1.799999E+00 
-1.712970E-07 
-1.715077E-07 
 1.800000E+00 
 1.673819E-07 
 1.800000E+00 
 8.185621E-08 
 6.577995E-09 
 1.800000E+00 
 1.800006E+00 
 8.776191E-07 
 2.371150E-09 
 2.370725E-09 
 1.800000E+00 
 1.800000E+00 
-1.152126E-06 
 8.253602E-08 
 1.799999E+00 
 5.852108E-07 
 4.829222E-07 
 1.800000E+00 
 1.800000E+00 
-2.164927E-07 
-1.819667E-07 
 1.800000E+00 
-2.487162E-06 
 1.800000E+00 
-1.584858E-07 
 3.728965E-08 
 1.800000E+00 
 6.465405E-09 
 1.800000E+00 
-1.772573E-06 
 1.800000E+00 
 1.696546E-08 
 1.800000E+00 
-6.296602E-06 
-6.308182E-06 
 1.800000E+00 
 8.806793E-09 
 1.800000E+00 
-2.168954E-08 
 1.800000E+00 
-1.085219E-06 
 9.274127E-09 
 1.800000E+00 
 1.800003E+00 
-1.139408E-06 
-1.139844E-06 
-1.139844E-06 
 1.800000E+00 
 1.800000E+00 
 8.399447E-09 
 1.800001E+00 
-5.315679E-07 
 5.084653E-09 
 1.800000E+00 
-2.259643E-09 
 1.800000E+00 
-6.304539E-07 
 1.800000E+00 
-3.714021E-08 
 5.789956E-09 
 1.800000E+00 
 1.800000E+00 
 9.263009E-07 
 6.094730E-09 
 1.800000E+00 
 9.816811E-07 
 9.837816E-07 
 1.800006E+00 
 1.800006E+00 
 7.264376E-07 
 1.800000E+00 
 5.093180E-08 
 4.548778E-08 
 1.800000E+00 
 1.800000E+00 
 1.451305E-06 
 6.643195E-09 
 6.642258E-09 
 1.800000E+00 
 1.800000E+00 
 3.602828E-09 
 1.800000E+00 
 2.681074E-08 
 1.800000E+00 
 1.227474E-05 
-2.503476E-05 
 1.800000E+00 
 3.148678E-08 
 1.800000E+00 
 2.105044E-08 
 1.800000E+00 
 1.800004E+00 
 1.708836E-07 
-6.672462E-09 
-6.673522E-09 
 1.800000E+00 
 1.800002E+00 
-4.186556E-06 
-4.124989E-06 
 1.800000E+00 
 1.800000E+00 
 1.261951E-08 
 1.253649E-08 
 1.799999E+00 
 1.800000E+00 
 1.061628E-08 
 1.088273E-08 
 1.800000E+00 
-4.775648E-10 
 1.800000E+00 
 1.455453E-07 
 1.800000E+00 
 9.903845E-08 
 1.800000E+00 
 4.266150E-07 
 1.800000E+00 
 1.323210E-08 
 1.323242E-08 
 1.800000E+00 
 1.800000E+00 
 5.765102E-07 
 1.800000E+00 
 4.318029E-08 
 9.563504E-08 
 1.799996E+00 
 1.800000E+00 
-9.220303E-07 
-1.549298E-07 
 1.800000E+00 
 1.800000E+00 
-1.657757E-07 
-1.670070E-07 
 1.800000E+00 
 6.270687E-08 
 1.800000E+00 
 1.800000E+00 
 1.031504E-06 
 6.250121E-09 
 1.800001E+00 
 1.592411E-06 
 1.800000E+00 
 7.437886E-09 
 1.800000E+00 
 1.800000E+00 
-7.360286E-07 
 5.796561E-09 
 1.800000E+00 
 4.148749E-07 
 1.800000E+00 
 9.059402E-08 
 1.800000E+00 
 1.342843E-06 
 1.800000E+00 
 2.132364E-08 
 1.800000E+00 
 1.800000E+00 
 3.774625E-06 
-1.038458E-08 
 1.800000E+00 
 9.857683E-09 
 1.800006E+00 
 7.494114E-09 
 1.800000E+00 
 1.800000E+00 
 7.540370E-07 
 7.537643E-07 
 1.800000E+00 
 1.048510E-05 
 1.800000E+00 
 1.800000E+00 
 1.013300E-06 
 1.455941E-06 
 1.800000E+00 
 1.800000E+00 
-3.708231E-07 
 1.115838E-08 
 1.800000E+00 
 1.800000E+00 
 1.864592E-07 
 8.234887E-08 
 1.800007E+00 
 1.800000E+00 
 1.640286E-07 
 1.800000E+00 
 2.316003E-07 
 1.800000E+00 
 1.558058E-08 
 1.800000E+00 
-4.777057E-07 
 1.800000E+00 
 1.297642E-08 
 1.800000E+00 
 3.659330E-08 
 1.800000E+00 
-9.895255E-08 
 1.799998E+00 
 1.800000E+00 
 4.866049E-06 
 4.997235E-06 
 1.800000E+00 
 1.800000E+00 
-5.596922E-08 
-2.818405E-08 
 1.800000E+00 
 1.800000E+00 
 1.498383E-08 
 1.800000E+00 
 5.431591E-07 
 1.800000E+00 
-8.051593E-08 
 1.800000E+00 
 1.800000E+00 
 1.377215E-07 
-1.314220E-09 
 1.800000E+00 
 6.018658E-07 
 1.800000E+00 
 1.800000E+00 
 1.217613E-08 
 1.800000E+00 
 6.622577E-07 
 1.800000E+00 
 3.256157E-07 
 1.800000E+00 
 1.812662E-08 
 1.800000E+00 
-1.214023E-05 
 1.799999E+00 
 1.800000E+00 
-6.238242E-06 
 1.800000E+00 
-8.452870E-07 
 6.582868E-09 
 1.800000E+00 
 1.800000E+00 
 1.800000E+00 
-1.164522E-08 
 4.886965E-09 
 1.800000E+00 
 1.800000E+00 
-1.839256E-06 
 9.247841E-09 
 1.800000E+00 
 1.800000E+00 
-8.971557E-08 
 1.800000E+00 
 3.102657E-10 
 1.800000E+00 
 1.800000E+00 
 4.516832E-09 
 4.517353E-09 
 1.800007E+00 
 1.800007E+00 
 1.800001E+00 
-4.058462E-06 
 1.319765E-05 
 1.800000E+00 
-6.668625E-08 
 1.800000E+00 
 1.799999E+00 
-4.606669E-08 
 1.800000E+00 
 5.790534E-06 
 1.800000E+00 
 6.593794E-07 
 1.800000E+00 
 5.601807E-06 
 1.800000E+00 
 1.800000E+00 
-6.684918E-08 
 1.800000E+00 
-8.232993E-06 
 1.800006E+00 
 1.800000E+00 
-1.045087E-08 
-4.474799E-09 
 1.800000E+00 
 1.800000E+00 
 1.800000E+00 
-1.255066E-05 
-2.283748E-05 
 1.800000E+00 
 7.357337E-09 
 1.800000E+00 
 1.800000E+00 
 1.800000E+00 
 6.092648E-07 
 6.557851E-07 
 1.800003E+00 
 1.800000E+00 
-2.837926E-07 
-1.124298E-08 
 1.800000E+00 
 1.800000E+00 
 1.800000E+00 
 7.005056E-06 
 1.800000E+00 
 2.609075E-09 
 1.800001E+00 
 4.903191E-09 
 1.800000E+00 
 1.800000E+00 
-5.810958E-06 
-5.469139E-06 
 1.800000E+00 
 1.800000E+00 
 1.800000E+00 
 1.201799E-07 
 1.800000E+00 
-4.562978E-06 
 1.799998E+00 
-1.528710E-07 
 1.800000E+00 
-8.987535E-08 
 1.800000E+00 
 1.800000E+00 
 1.800000E+00 
 5.243570E-07 
 2.571574E-08 
 1.800000E+00 
 1.800001E+00 
 3.006958E-07 
 1.800000E+00 
 1.401677E-08 
 1.800000E+00 
 1.799998E+00 
 4.660164E-08 
 1.800000E+00 
 1.789272E-08 
 1.800000E+00 
 1.800000E+00 
 1.999391E-07 
 1.800000E+00 
 3.745435E-08 
 1.800001E+00 
 1.800000E+00 
 1.709506E-07 
 1.799999E+00 
-1.775700E-08 
 1.800000E+00 
 1.800000E+00 
-8.876825E-06 
 1.800000E+00 
 1.378712E-08 
 1.800000E+00 
 1.800000E+00 
 1.609978E-08 
 1.800000E+00 
-2.547932E-06 
 1.800000E+00 
 1.800000E+00 
-3.117488E-10 
 1.800000E+00 
 2.997792E-08 
 1.800000E+00 
 1.800000E+00 
 8.060254E-06 
 1.800000E+00 
 1.800000E+00 
-9.452132E-08 
 1.800000E+00 
 1.089640E-05 
 1.800000E+00 
 1.800000E+00 
 4.903606E-06 
-5.702619E-08 
 1.800000E+00 
 1.800000E+00 
 1.800000E+00 
 1.800000E+00 
-4.476429E-08 
-4.636995E-08 
 1.800000E+00 
 1.800002E+00 
 1.392481E-07 
 1.800000E+00 
 1.800000E+00 
 2.485062E-07 
 1.800000E+00 
-1.966055E-08 
 1.800001E+00 
 1.800000E+00 
-1.398925E-05 
 1.800000E+00 
 1.800007E+00 
-1.739335E-08 
 1.800000E+00 
 5.017752E-07 
 1.800000E+00 
 1.800000E+00 
 7.445235E-09 
 1.800000E+00 
 1.800000E+00 
 2.550321E-06 
 1.800000E+00 
 1.960808E-08 
 1.800001E+00 
 1.800000E+00 
 1.800000E+00 
 1.674653E-06 
 1.485718E-06 
 1.800000E+00 
 1.800000E+00 
 1.800000E+00 
-3.253562E-08 
 1.800000E+00 
 5.174423E-08 
 1.800007E+00 
 1.800001E+00 
-8.596451E-06 
 1.800000E+00 
 1.800000E+00 
 3.206529E-07 
 1.800000E+00 
 1.037102E-08 
 1.800000E+00 
 1.800000E+00 
 1.800001E+00 
-7.040222E-07 
 1.800001E+00 
 5.369307E-07 
 1.800000E+00 
 1.800000E+00 
 1.013842E-05 
 1.800000E+00 
 8.618256E-09 
 1.800000E+00 
 1.800000E+00 
 1.800000E+00 
 3.374992E-08 
 1.800000E+00 
 6.991971E-07 
 1.800014E+00 
 1.800000E+00 
 1.799999E+00 
 3.889234E-08 
 3.780260E-08 
 1.800000E+00 
 1.800000E+00 
 1.800000E+00 
 1.800002E+00 
-1.040900E-06 
 5.946424E-09 
 1.800000E+00 
 1.800000E+00 
 1.800000E+00 
 7.825830E-10 
 1.800000E+00 
 1.800000E+00 
 1.812028E-07 
 1.800000E+00 
 9.766822E-10 
 1.800000E+00 
 1.800000E+00 
 1.800000E+00 
 5.173137E-06 
 1.800000E+00 
 5.174615E-09 
 1.800007E+00 
 1.800008E+00 
 1.800000E+00 
 5.488890E-07 
 1.800000E+00 
 3.009411E-09 
 1.800000E+00 
 1.800000E+00 
 4.427236E-09 
 1.800000E+00 
 1.800000E+00 
 1.800000E+00 
-5.173255E-06 
 1.800000E+00 
 1.375322E-06 
 1.800000E+00 
 1.800000E+00 
-7.955611E-08 
 1.800000E+00 
 1.800000E+00 
 1.800000E+00 
 4.264363E-07 
 1.800000E+00 
 7.919195E-07 
 1.800000E+00 
 1.800000E+00 
 1.800000E+00 
 7.077518E-09 
 1.800000E+00 
-3.652175E-08 
 1.800004E+00 
 1.800004E+00 
 1.800000E+00 
-8.509086E-09 
 1.800000E+00 
 1.800000E+00 
 7.054800E-07 
 1.800007E+00 
 1.161803E-06 
 1.800000E+00 
 1.800000E+00 
 1.800000E+00 
 1.800007E+00 
-2.196997E-05 
 1.800000E+00 
-2.046023E-06 
 1.799998E+00 
 1.800000E+00 
 3.501189E-07 
 1.800000E+00 
 1.800000E+00 
 1.799999E+00 
 3.771367E-06 
 1.800000E+00 
 7.273700E-06 
 1.800000E+00 
 1.800000E+00 
 1.800000E+00 
-5.817124E-08 
 1.800000E+00 
 1.800000E+00 
 1.800000E+00 
 4.027092E-06 
-1.551475E-05 
 1.800000E+00 
 1.800000E+00 
 1.800000E+00 
 1.800000E+00 
 1.800002E+00 
 6.590023E-07 
 7.425092E-09 
 1.800000E+00 
 1.800000E+00 
 1.800000E+00 
 1.800000E+00 
-1.352454E-07 
 1.800000E+00 
 1.526715E-08 
 1.800000E+00 
 1.800000E+00 
 1.800000E+00 
 1.631663E-07 
 1.800000E+00 
 1.800000E+00 
 1.103956E-07 
 1.799999E+00 
 1.800000E+00 
 1.800000E+00 
 5.515883E-06 
 1.800002E+00 
 1.785105E-06 
 1.800000E+00 
 1.800000E+00 
 1.800000E+00 
 1.800000E+00 
-7.523554E-08 
 1.800000E+00 
 1.324801E-08 
 1.800000E+00 
 1.800000E+00 
 1.800000E+00 
 1.800000E+00 
-2.063014E-09 
 1.800000E+00 
 1.191035E-05 
 1.800000E+00 
 1.800000E+00 
 1.800000E+00 
 1.800000E+00 
 2.732431E-06 
 1.654181E-06 
 1.800000E+00 
 1.800000E+00 
 1.800000E+00 
 1.800000E+00 
 1.800000E+00 
 3.368693E-07 
 1.800000E+00 
 1.800000E+00 
 2.285521E-08 
 1.800000E+00 
 1.653965E-08 
 1.800007E+00 
 1.800006E+00 
 1.800006E+00 
 1.800006E+00 
 1.800002E+00 
 2.951744E-06 
 3.237992E-06 
 1.800000E+00 
 1.800000E+00 
 1.800000E+00 
 1.800000E+00 
 1.800000E+00 
 6.824942E-07 
 1.800000E+00 
 8.361188E-06 
 1.800000E+00 
 1.800000E+00 
 1.800000E+00 
 1.800000E+00 
 3.314323E-07 
 1.800006E+00 
-1.886881E-08 
 1.800000E+00 
 1.800000E+00 
 1.800000E+00 
 1.800000E+00 
-3.131827E-06 
 1.800000E+00 
 1.800006E+00 
 3.096362E-09 
 1.800000E+00 
 1.800000E+00 
 1.800001E+00 
-1.268092E-05 
 1.800000E+00 
 1.800000E+00 
 1.800000E+00 
-4.008652E-08 
 1.800000E+00 
 1.800000E+00 
 1.800002E+00 
-1.444836E-07 
 1.800007E+00 
 1.800000E+00 
 3.427334E-06 
 1.800000E+00 
 1.800000E+00 
 1.800000E+00 
 2.107369E-08 
 1.800000E+00 
 1.800000E+00 
 1.800004E+00 
-8.170707E-08 
 1.800000E+00 
 1.800000E+00 
 1.800000E+00 
 7.259379E-09 
 1.800000E+00 
 1.800000E+00 
 1.800000E+00 
 2.899817E-07 
 1.800000E+00 
 1.800000E+00 
 1.800000E+00 
 5.551335E-09 
 1.800000E+00 
 1.800000E+00 
 1.800000E+00 
-3.079911E-08 
 1.800000E+00 
 1.800000E+00 
 7.404698E-09 
 1.800000E+00 
 1.800000E+00 
 1.800000E+00 
 1.800000E+00 
 1.800000E+00 
 9.050655E-10 
 4.373141E-10 
 1.800000E+00 
 1.800000E+00 
 1.800000E+00 
 1.800000E+00 
 1.800000E+00 
 1.800000E+00 
 9.139288E-09 
 1.800007E+00 
 1.800000E+00 
 7.892606E-07 
 1.800000E+00 
 1.800000E+00 
 1.800000E+00 
-4.949117E-06 
 1.800000E+00 
 1.800000E+00 
 1.800000E+00 
 1.800000E+00 
-1.344558E-05 
 1.800000E+00 
 1.800000E+00 
 8.823147E-08 
 1.800000E+00 
 1.800000E+00 
 1.800000E+00 
 1.800000E+00 
 8.633207E-09 
 1.800001E+00 
 1.800000E+00 
-1.271037E-05 
 1.800000E+00 
 1.800000E+00 
 1.800000E+00 
 1.800000E+00 
 1.800000E+00 
-7.092764E-06 
 1.800000E+00 
 1.800000E+00 
 4.886738E-08 
 1.800000E+00 
 1.800000E+00 
 1.800000E+00 
 1.800000E+00 
 1.800000E+00 
-7.012452E-08 
 1.800000E+00 
 2.701357E-08 
 1.800000E+00 
 1.800000E+00 
 1.800000E+00 
 1.800000E+00 
 1.800000E+00 
 1.800000E+00 
 7.066382E-09 
 7.102950E-09 
 1.800000E+00 
 1.800000E+00 
 1.800000E+00 
 1.800000E+00 
 1.800000E+00 
 1.800000E+00 
 1.800000E+00 
-2.535220E-07 
 1.800000E+00 
 1.800000E+00 
 1.102277E-07 
 1.800000E+00 
 1.800000E+00 
 1.800002E+00 
 1.800000E+00 
 3.658544E-07 
 1.800000E+00 
 1.800000E+00 
 1.800000E+00 
 4.884047E-08 
 1.800007E+00 
 1.800007E+00 
 1.800000E+00 
 1.800000E+00 
-1.084549E-08 
 1.800000E+00 
 1.799999E+00 
 1.800000E+00 
-8.757345E-06 
 1.799999E+00 
 1.799999E+00 
 1.799999E+00 
 1.799999E+00 
 1.800000E+00 
 3.418393E-08 
 1.800000E+00 
 1.800000E+00 
-2.351969E-08 
 1.800000E+00 
 1.800000E+00 
 1.800000E+00 
 1.800000E+00 
 1.800000E+00 
 1.800000E+00 
 1.022911E-07 
 1.800000E+00 
-7.577531E-08 
 1.800000E+00 
 1.800000E+00 
 1.800000E+00 
 1.800000E+00 
 1.800000E+00 
 1.800000E+00 
 1.800000E+00 
 4.414775E-07 
 1.800000E+00 
-9.130009E-06 
 1.800000E+00 
 1.800000E+00 
 1.800000E+00 
 1.800000E+00 
 1.800000E+00 
 1.800000E+00 
 8.718158E-07 
 1.800007E+00 
 1.800000E+00 
 1.800000E+00 
 4.594303E-06 
 1.800000E+00 
 1.800000E+00 
 1.800000E+00 
 1.800000E+00 
 1.800000E+00 
-1.124728E-08 
 1.800000E+00 
 1.800000E+00 
 3.434313E-07 
 1.800000E+00 
 1.800000E+00 
 1.800000E+00 
 1.800000E+00 
 1.800000E+00 
 1.800000E+00 
 1.800000E+00 
 2.799229E-07 
 1.800000E+00 
-5.146366E-07 
 1.800000E+00 
 1.800000E+00 
 1.800000E+00 
 1.800000E+00 
 1.800000E+00 
 1.800000E+00 
 1.800000E+00 
-3.362874E-08 
 1.800000E+00 
 1.800000E+00 
 1.800000E+00 
 5.727248E-09 
 1.800000E+00 
 1.800000E+00 
 1.800000E+00 
 1.800000E+00 
 1.800001E+00 
 5.809707E-09 
 1.800000E+00 
 1.800000E+00 
 1.800000E+00 
-1.230794E-05 
 1.800000E+00 
 1.800000E+00 
 1.800000E+00 
 1.800000E+00 
 1.800000E+00 
 1.800001E+00 
-1.286546E-09 
 1.799999E+00 
 1.800000E+00 
 1.800000E+00 
 1.800000E+00 
 1.139783E-05 
 1.800000E+00 
 1.800000E+00 
 1.800000E+00 
 1.800000E+00 
 7.211750E-06 
 1.800000E+00 
 1.800000E+00 
 1.800000E+00 
 1.800000E+00 
 1.800000E+00 
 6.354026E-07 
 1.800005E+00 
 1.800005E+00 
 1.800005E+00 
 1.800000E+00 
 1.800000E+00 
 2.071393E-08 
 1.800000E+00 
 1.800000E+00 
 1.800000E+00 
 1.800000E+00 
-4.620043E-07 
 1.799999E+00 
 1.800000E+00 
 1.800000E+00 
 1.800000E+00 
 1.800006E+00 
-8.679112E-07 
 1.800000E+00 
 1.800000E+00 
 1.800000E+00 
 1.800000E+00 
 1.800007E+00 
 3.538235E-07 
 1.800007E+00 
 1.800007E+00 
 1.800007E+00 
 1.800000E+00 
 1.799998E+00 
-1.414640E-05 
 1.800000E+00 
 1.800000E+00 
 1.800000E+00 
 1.800000E+00 
 2.293279E-07 
 1.800000E+00 
 1.800000E+00 
 1.800000E+00 
 1.800000E+00 
 1.800000E+00 
 1.800001E+00 
 5.148429E-07 
 1.800000E+00 
 1.800000E+00 
 1.800000E+00 
 1.800000E+00 
 1.800000E+00 
 2.913957E-07 
 1.800000E+00 
 1.800000E+00 
 1.800000E+00 
 1.800000E+00 
 1.800000E+00 
 6.050367E-06 
 1.800000E+00 
 1.800000E+00 
 1.800000E+00 
 1.800000E+00 
 1.800000E+00 
 8.241775E-08 
 1.800004E+00 
 1.800004E+00 
 1.800004E+00 
 1.800004E+00 
 1.800000E+00 
 1.800000E+00 
-2.320218E-07 
 1.800000E+00 
 1.800000E+00 
 1.800000E+00 
 1.800000E+00 
-1.292547E-07 
 1.799999E+00 
 1.799999E+00 
 1.799999E+00 
 1.799999E+00 
 1.799999E+00 
 1.799999E+00 
 1.800000E+00 
 1.272191E-05 
 1.800000E+00 
 1.800000E+00 
 1.800000E+00 
 1.800000E+00 
-1.144256E-05 
 1.800000E+00 
 1.800000E+00 
 1.800000E+00 
 1.800000E+00 
 1.800000E+00 
 1.800000E+00 
 1.800000E+00 
 8.833621E-09 
 1.800000E+00 
 1.800000E+00 
 1.800000E+00 
 1.800000E+00 
 1.800000E+00 
 1.404746E-07 
 1.799999E+00 
 1.799999E+00 
 1.799999E+00 
 1.799999E+00 
 1.800000E+00 
-2.017346E-08 
 1.800007E+00 
 1.800007E+00 
 1.800007E+00 
 1.800007E+00 
 1.800007E+00 
 1.800007E+00 
 1.800000E+00 
 5.791805E-08 
 1.800000E+00 
 1.800000E+00 
 1.800000E+00 
 1.800000E+00 
 1.800009E+00 
 1.799999E+00 
 3.720192E-06 
 1.800000E+00 
 1.800000E+00 
 1.800000E+00 
 1.800000E+00 
 1.800000E+00 
-1.112744E-06 
 1.800000E+00 
 1.800000E+00 
 1.800000E+00 
 1.800000E+00 
 1.800000E+00 
 1.800000E+00 
-2.351221E-08 
 1.800000E+00 
 1.800000E+00 
 1.800000E+00 
 1.800000E+00 
 1.800000E+00 
 1.800000E+00 
 1.800000E+00 
-2.852387E-07 
 1.800001E+00 
 1.800001E+00 
 1.800001E+00 
 1.800001E+00 
 1.800001E+00 
 1.800000E+00 
-1.536949E-05 
 1.799997E+00 
 1.799997E+00 
 1.799997E+00 
 1.799997E+00 
 1.800000E+00 
 1.800000E+00 
 2.224889E-06 
 1.800000E+00 
 1.800000E+00 
 1.800000E+00 
 1.800000E+00 
 1.800000E+00 
 1.800000E+00 
 1.800000E+00 
-5.894893E-06 
 1.800000E+00 
 1.800000E+00 
 1.800000E+00 
 1.800000E+00 
 1.800000E+00 
 9.525271E-09 
 1.799999E+00 
 1.799999E+00 
 1.799999E+00 
 1.799999E+00 
 1.799999E+00 
 1.799999E+00 
 1.799999E+00 
 1.799999E+00 
 1.800000E+00 
 1.977867E-08 
 1.800000E+00 
 1.800000E+00 
 1.800001E+00 
 1.800000E+00 
 8.226714E-08 
 1.800000E+00 
 1.800000E+00 
 1.800000E+00 
 1.800000E+00 
 1.800000E+00 
 1.800000E+00 
 1.800000E+00 
 1.800000E+00 
 1.800000E+00 
 5.465080E-10 
 1.800001E+00 
 1.800001E+00 
 1.800001E+00 
 1.800001E+00 
 1.800000E+00 
 1.800000E+00 
-8.309540E-09 
 1.800000E+00 
 1.800000E+00 
 1.800000E+00 
 1.800000E+00 
 1.800000E+00 
 1.800000E+00 
 1.800000E+00 
 6.912227E-07 
 1.800000E+00 
 1.800000E+00 
 1.800000E+00 
 1.800000E+00 
 1.800000E+00 
 1.800000E+00 
 1.800000E+00 
 3.561145E-08 
 1.800000E+00 
 1.800000E+00 
 1.800000E+00 
 1.800000E+00 
 1.800000E+00 
 1.800000E+00 
 1.800000E+00 
 5.561508E-06 
 1.800001E+00 
 1.800000E+00 
 1.800000E+00 
 1.800000E+00 
 1.800000E+00 
 1.800000E+00 
 1.800000E+00 
 1.800000E+00 
-2.108348E-07 
 1.800000E+00 
 1.800000E+00 
 1.800000E+00 
 1.800000E+00 
 1.800000E+00 
 1.800000E+00 
 1.450142E-07 
 1.800000E+00 
 1.800000E+00 
 1.800000E+00 
 1.800000E+00 
 1.800000E+00 
 1.800000E+00 
 1.800000E+00 
 1.800000E+00 
 1.800000E+00 
 7.328484E-09 
 1.800000E+00 
 1.800000E+00 
 1.800000E+00 
 1.800000E+00 
 1.800000E+00 
 1.800000E+00 
 1.800000E+00 
 3.768219E-07 
 1.800000E+00 
 1.800000E+00 
 1.800000E+00 
 1.800000E+00 
 1.800000E+00 
 1.800000E+00 
 1.800001E+00 
 1.431313E-05 
 1.800002E+00 
 1.800002E+00 
 1.800002E+00 
 1.800002E+00 
 1.800002E+00 
 1.800002E+00 
 1.800002E+00 
 1.800002E+00 
 1.800000E+00 
 1.791531E-05 
 1.800000E+00 
 1.800000E+00 
 1.800000E+00 
 1.800000E+00 
 1.800000E+00 
 1.800000E+00 
 1.800002E+00 
 2.636053E-08 
 1.800000E+00 
 1.800000E+00 
 1.800000E+00 
 1.800000E+00 
 1.800000E+00 
 1.800000E+00 
 1.800000E+00 
 1.800000E+00 
 7.349188E-09 
 1.800000E+00 
 1.800000E+00 
 1.800000E+00 
 1.800000E+00 
 1.800000E+00 
 1.800000E+00 
 1.800000E+00 
 1.800001E+00 
-5.702719E-06 
 1.800000E+00 
 1.800000E+00 
 1.800000E+00 
 1.800000E+00 
 1.800000E+00 
 1.800000E+00 
 1.800000E+00 
 1.800000E+00 
 1.799999E+00 
 2.518226E-07 
 1.800000E+00 
 1.800000E+00 
 1.800000E+00 
 1.800000E+00 
 1.800000E+00 
 1.800000E+00 
 1.800000E+00 
 1.170131E-07 
 1.800000E+00 
 1.800000E+00 
 1.800000E+00 
 1.800000E+00 
 1.800000E+00 
 1.800000E+00 
 1.800000E+00 
 1.800000E+00 
 1.800000E+00 
 4.196766E-09 
 1.800000E+00 
 1.800000E+00 
 1.800000E+00 
 1.800000E+00 
 1.800000E+00 
 1.800000E+00 
 1.800000E+00 
 1.799999E+00 
 1.800000E+00 
-1.274194E-06 
 1.800000E+00 
 1.800000E+00 
 1.800000E+00 
 1.800000E+00 
 1.799998E+00 
 1.800000E+00 
 1.800000E+00 
 7.465377E-08 
 1.800001E+00 
 1.800001E+00 
 1.800001E+00 
 1.800001E+00 
 1.800001E+00 
 1.800001E+00 
 1.800001E+00 
 1.800001E+00 
 1.800001E+00 
 1.800000E+00 
 8.091898E-09 
 1.799998E+00 
 1.799998E+00 
 1.799998E+00 
 1.799998E+00 
 1.799998E+00 
 1.799998E+00 
 1.800000E+00 
 1.800000E+00 
-5.551405E-07 
 1.800000E+00 
 1.800000E+00 
 1.800000E+00 
 1.800000E+00 
 1.800000E+00 
 1.800000E+00 
 1.800000E+00 
 1.800000E+00 
 1.873176E-08 
 1.800000E+00 
 1.800000E+00 
 1.800000E+00 
 1.800000E+00 
 1.800000E+00 
 1.800000E+00 
 1.800000E+00 
 1.800000E+00 
 1.800000E+00 
 1.800000E+00 
 2.271908E-07 
 1.800000E+00 
 1.800000E+00 
 1.800000E+00 
 1.800000E+00 
 1.800000E+00 
 1.800000E+00 
 1.800000E+00 
 1.800000E+00 
 1.800000E+00 
 5.406425E-06 
 1.800004E+00 
 1.800004E+00 
 1.800004E+00 
 1.800004E+00 
 1.800004E+00 
 1.800000E+00 
 1.800000E+00 
-2.696206E-08 
 1.800000E+00 
 1.800000E+00 
 1.800000E+00 
 1.800000E+00 
 1.800000E+00 
 1.800000E+00 
 1.800000E+00 
 1.800000E+00 
 1.800000E+00 
 1.800000E+00 
 1.800000E+00 
 8.142416E-08 
 1.800000E+00 
 1.800000E+00 
 1.800000E+00 
 1.800000E+00 
 1.800000E+00 
 1.800000E+00 
 1.800000E+00 
 1.800000E+00 
-2.088649E-08 
 1.800000E+00 
 1.800000E+00 
 1.800000E+00 
 1.800000E+00 
 1.800000E+00 
 1.800000E+00 
 1.800000E+00 
 1.800000E+00 
 1.800007E+00 
-1.036829E-05 
 1.800000E+00 
 1.800000E+00 
 1.800000E+00 
 1.800000E+00 
 1.800000E+00 
 1.800000E+00 
 1.800000E+00 
 1.800000E+00 
 1.800000E+00 
 1.800000E+00 
 9.485124E-08 
 1.800000E+00 
 1.800000E+00 
 1.800000E+00 
 1.800000E+00 
 1.800000E+00 
 1.800000E+00 
 1.800000E+00 
-6.059312E-08 
 1.800000E+00 
 1.800000E+00 
 1.800000E+00 
 1.800000E+00 
 1.800000E+00 
 1.800000E+00 
 1.800000E+00 
 1.800000E+00 
 1.800000E+00 
 1.800000E+00 
 1.800000E+00 
 1.800005E+00 
 5.362261E-09 
 1.799999E+00 
 1.800000E+00 
 1.799999E+00 
 1.800000E+00 
 1.800000E+00 
 1.800000E+00 
 1.391807E-07 
 1.800000E+00 
 1.800000E+00 
 1.800000E+00 
 1.800000E+00 
 1.800000E+00 
 1.800000E+00 
 1.800000E+00 
 1.800000E+00 
 1.800000E+00 
 1.800000E+00 
 1.800000E+00 
 9.838448E-09 
 1.800000E+00 
 1.800000E+00 
 1.800000E+00 
 1.800000E+00 
 1.800000E+00 
 1.800000E+00 
 1.800000E+00 
 1.800000E+00 
 1.800000E+00 
 2.872730E-06 
 1.800000E+00 
 1.800000E+00 
 1.800000E+00 
 1.800000E+00 
 1.800000E+00 
 1.800000E+00 
 1.800000E+00 
 1.800000E+00 
 4.837747E-09 
 1.800003E+00 
 1.800003E+00 
 1.800003E+00 
 1.800003E+00 
 1.800003E+00 
 1.800003E+00 
 1.800003E+00 
 1.800003E+00 
 1.800003E+00 
 1.800000E+00 
-4.222595E-08 
 1.799999E+00 
 1.800000E+00 
 1.800000E+00 
 1.800000E+00 
 1.800000E+00 
 1.800000E+00 
 1.800000E+00 
 1.800000E+00 
 1.800000E+00 
-1.731639E-06 
 1.800000E+00 
 1.800000E+00 
 1.800000E+00 
 1.800000E+00 
 1.800000E+00 
 1.800000E+00 
 1.800000E+00 
 1.800000E+00 
 1.888902E-07 
 1.800000E+00 
 1.800000E+00 
 1.800000E+00 
 1.800000E+00 
 1.800000E+00 
 1.800000E+00 
 1.800000E+00 
 1.800000E+00 
 1.800000E+00 
 1.800000E+00 
 1.474975E-06 
 1.800000E+00 
 1.800000E+00 
 1.800000E+00 
 1.800000E+00 
 1.800000E+00 
 1.800000E+00 
 1.800000E+00 
 1.800000E+00 
 1.510031E-07 
 1.800003E+00 
 1.800003E+00 
 1.800003E+00 
 1.800003E+00 
 1.800003E+00 
 1.800003E+00 
 1.800003E+00 
 1.800003E+00 
 1.800001E+00 
-1.132772E-06 
 1.800000E+00 
 1.800000E+00 
 1.800000E+00 
 1.800000E+00 
 1.800000E+00 
 1.800000E+00 
 1.800000E+00 
 1.800000E+00 
 1.800000E+00 
 1.800000E+00 
-1.385582E-06 
 1.800000E+00 
 1.800000E+00 
 1.800000E+00 
 1.800000E+00 
 1.800000E+00 
 1.800000E+00 
-1.261717E-08 
 1.800007E+00 
 1.800007E+00 
 1.800007E+00 
 1.800007E+00 
 1.800007E+00 
 1.800007E+00 
 1.800007E+00 
 1.800007E+00 
 1.800007E+00 
 1.800007E+00 
 1.800007E+00 
 1.800000E+00 
 1.175794E-08 
 1.800000E+00 
 1.800000E+00 
 1.800000E+00 
 1.800000E+00 
 1.800007E+00 
-1.675760E-06 
 1.800000E+00 
 1.800000E+00 
 1.800000E+00 
 1.800000E+00 
 1.800000E+00 
 1.800000E+00 
 1.800000E+00 
 1.800000E+00 
 1.800000E+00 
 1.800000E+00 
 1.800000E+00 
 1.800000E+00 
 2.956151E-08 
 1.800000E+00 
 1.800000E+00 
 1.800000E+00 
 1.800000E+00 
 1.800000E+00 
 1.045931E-06 
 1.800000E+00 
 1.800000E+00 
 1.800000E+00 
 1.800000E+00 
 1.800000E+00 
 1.800000E+00 
 1.800000E+00 
 1.800000E+00 
 1.800000E+00 
 1.800000E+00 
 1.800000E+00 
-9.369404E-07 
 1.800000E+00 
 1.800000E+00 
 1.800000E+00 
 1.800000E+00 
 1.800000E+00 
 1.800000E+00 
 4.994078E-06 
 1.800000E+00 
 1.800000E+00 
 1.800000E+00 
 1.800000E+00 
 1.800000E+00 
 1.800000E+00 
 1.800000E+00 
 1.800000E+00 
 1.800000E+00 
 1.800000E+00 
-1.019680E-06 
 1.799999E+00 
 1.800000E+00 
 1.800000E+00 
 1.800000E+00 
 1.800000E+00 
 1.800000E+00 
 1.800000E+00 
 6.706566E-08 
 1.800000E+00 
 1.800000E+00 
 1.800000E+00 
 1.800000E+00 
 1.800000E+00 
 1.800000E+00 
 1.800000E+00 
 1.800000E+00 
 7.349516E-07 
 1.800000E+00 
 1.800000E+00 
 1.800000E+00 
 1.800000E+00 
 1.800000E+00 
 1.800000E+00 
 1.800000E+00 
 1.800000E+00 
 4.734837E-09 
 1.800000E+00 
 1.800000E+00 
 1.800000E+00 
 1.800000E+00 
 1.800000E+00 
 1.800000E+00 
 1.800000E+00 
 1.800000E+00 
-1.378922E-07 
 1.800000E+00 
 1.800000E+00 
 1.800000E+00 
 1.800000E+00 
 1.800000E+00 
 1.800000E+00 
 1.800000E+00 
-8.055423E-07 
 1.800000E+00 
 1.800000E+00 
 1.800000E+00 
 1.800000E+00 
 1.800000E+00 
 1.800000E+00 
 1.800000E+00 
 3.953993E-08 
 1.800000E+00 
 1.800000E+00 
 1.800000E+00 
 1.800000E+00 
 1.800000E+00 
 1.800000E+00 
 1.800000E+00 
 1.800000E+00 
 1.800000E+00 
-2.922108E-05 
 1.800000E+00 
 1.800000E+00 
 1.800000E+00 
 1.800000E+00 
 1.800000E+00 
 1.800000E+00 
-7.291035E-08 
 1.800000E+00 
 1.800000E+00 
 1.800000E+00 
 1.800000E+00 
 1.800000E+00 
 1.800000E+00 
 1.800000E+00 
 1.800000E+00 
 2.200329E-06 
 1.800000E+00 
 1.800000E+00 
 1.800000E+00 
 1.800000E+00 
 1.800000E+00 
 1.800000E+00 
 1.800000E+00 
 1.216762E-05 
 1.800003E+00 
 1.800003E+00 
 1.800003E+00 
 1.800003E+00 
 1.800003E+00 
 1.800000E+00 
-2.619694E-08 
 1.800000E+00 
 1.800000E+00 
 1.800000E+00 
 1.800000E+00 
 1.800000E+00 
 1.800000E+00 
 1.800000E+00 
 1.800000E+00 
 1.800000E+00 
 1.531022E-08 
 1.800000E+00 
 1.800000E+00 
 1.800000E+00 
 1.799996E+00 
 1.169974E-06 
 1.799999E+00 
 1.799998E+00 
 1.799998E+00 
 1.799998E+00 
 1.799998E+00 
 1.799998E+00 
 1.799998E+00 
 1.799998E+00 
 1.799998E+00 
 1.800000E+00 
 4.078218E-07 
 1.800000E+00 
 1.800001E+00 
 1.800000E+00 
-2.624831E-08 
 1.800000E+00 
 1.800000E+00 
 1.800000E+00 
 1.800000E+00 
 1.800000E+00 
 1.800000E+00 
 1.800000E+00 
 1.800000E+00 
 1.800000E+00 
 1.800000E+00 
-4.446794E-06 
 1.800000E+00 
 1.800000E+00 
 1.800000E+00 
 1.800000E+00 
 1.800000E+00 
 7.472128E-06 
 1.800001E+00 
 1.800001E+00 
 1.800001E+00 
 1.800001E+00 
 1.800000E+00 
 1.800000E+00 
 9.294197E-08 
 1.800000E+00 
 1.800000E+00 
 1.800000E+00 
 1.800000E+00 
 1.800000E+00 
 1.800000E+00 
 1.800000E+00 
 5.062029E-09 
 1.800000E+00 
 1.800000E+00 
 1.800000E+00 
 1.800000E+00 
 1.800000E+00 
 9.741970E-09 
 1.800000E+00 
 1.800000E+00 
 1.800000E+00 
 1.800000E+00 
 1.800000E+00 
 1.800000E+00 
 1.800000E+00 
 1.800000E+00 
 1.043927E-05 
 1.800000E+00 
 1.800000E+00 
 1.800000E+00 
 1.800000E+00 
 5.194763E-07 
 1.800000E+00 
 1.800000E+00 
 1.800000E+00 
 1.800000E+00 
 1.800000E+00 
 1.800000E+00 
 1.800000E+00 
 1.293031E-09 
 1.800000E+00 
 1.800000E+00 
 1.800000E+00 
 1.800000E+00 
 1.800000E+00 
 1.800000E+00 
 2.147693E-08 
 1.800000E+00 
 1.800000E+00 
 1.800000E+00 
 1.800000E+00 
 1.799999E+00 
 7.272366E-09 
 1.799999E+00 
 1.800000E+00 
 1.800000E+00 
 1.800000E+00 
 1.800000E+00 
 1.800000E+00 
 1.800006E+00 
-2.938951E-05 
 1.800000E+00 
 1.799999E+00 
 1.800000E+00 
 1.800000E+00 
 3.090255E-07 
 1.800000E+00 
 1.800000E+00 
 1.800000E+00 
 1.800000E+00 
 1.800000E+00 
 1.800000E+00 
 1.800000E+00 
 3.103160E-08 
 1.800000E+00 
 1.800000E+00 
 1.800000E+00 
 1.800000E+00 
-3.094838E-08 
 1.800000E+00 
 1.800000E+00 
 1.800000E+00 
 1.800000E+00 
 1.800000E+00 
 1.800000E+00 
 1.800005E+00 
 7.730243E-08 
 1.800000E+00 
 1.800000E+00 
 1.800000E+00 
 1.800000E+00 
-2.567194E-08 
 1.800001E+00 
 1.800001E+00 
 1.800001E+00 
 1.800001E+00 
 1.800001E+00 
 1.800000E+00 
-5.871618E-08 
 1.800000E+00 
 1.800000E+00 
 1.800000E+00 
 1.800000E+00 
 1.800000E+00 
-6.260294E-07 
 1.800000E+00 
 1.800000E+00 
 1.800000E+00 
 1.800000E+00 
 1.800003E+00 
 1.189941E-07 
 1.800000E+00 
 1.800000E+00 
 1.800000E+00 
 1.800000E+00 
 1.800000E+00 
 4.184309E-06 
 1.800000E+00 
 1.800000E+00 
 1.800000E+00 
 1.800000E+00 
 1.800000E+00 
-2.859184E-09 
 1.800000E+00 
 1.800000E+00 
 1.800000E+00 
 1.800000E+00 
 1.800000E+00 
 8.904843E-09 
 1.799999E+00 
 1.799999E+00 
 1.799999E+00 
 1.799999E+00 
 1.800001E+00 
 8.771816E-09 
 1.800000E+00 
 1.800000E+00 
 1.800000E+00 
 1.800000E+00 
 1.800008E+00 
 3.630501E-08 
 1.799999E+00 
 1.799999E+00 
 1.800000E+00 
 1.800007E+00 
 7.149347E-09 
 1.800000E+00 
 1.800000E+00 
 1.800000E+00 
 1.800000E+00 
 1.800000E+00 
-1.883312E-05 
 1.800000E+00 
 1.800000E+00 
 1.800000E+00 
 1.800000E+00 
 1.800000E+00 
-2.800664E-06 
 1.800000E+00 
 1.800000E+00 
 1.800000E+00 
 1.800007E+00 
 1.085329E-05 
 1.800000E+00 
 1.800000E+00 
 1.800000E+00 
 1.800000E+00 
 1.800005E+00 
 9.769832E-09 
 1.800000E+00 
 1.800000E+00 
 1.800000E+00 
 1.800000E+00 
-1.014920E-06 
 1.800000E+00 
 1.800000E+00 
 1.800000E+00 
 1.800000E+00 
 1.800000E+00 
 3.267197E-06 
 1.800000E+00 
 1.800000E+00 
 1.800000E+00 
 1.800000E+00 
-7.216407E-06 
 1.800000E+00 
 1.800000E+00 
 1.800000E+00 
 1.800000E+00 
 5.300124E-09 
 1.800000E+00 
 1.800000E+00 
 1.800000E+00 
 1.800000E+00 
 1.800000E+00 
 2.028448E-08 
 1.800000E+00 
 1.800000E+00 
 1.800000E+00 
-1.566585E-05 
 1.800000E+00 
 1.800000E+00 
 1.800000E+00 
 1.800000E+00 
 1.800000E+00 
 1.800000E+00 
 1.760800E-06 
 1.800000E+00 
 1.800000E+00 
 4.128520E-07 
 1.800000E+00 
 1.800000E+00 
 1.800000E+00 
 1.800000E+00 
 1.800000E+00 
 1.799997E+00 
 8.078619E-07 
 1.799998E+00 
 1.799999E+00 
-5.186137E-07 
 1.800000E+00 
 1.800000E+00 
 1.800000E+00 
 1.800000E+00 
 1.800000E+00 
 1.800000E+00 
-4.719220E-07 
 1.800000E+00 
 1.800007E+00 
-1.382531E-06 
 1.799997E+00 
 1.799997E+00 
 1.799997E+00 
 1.799997E+00 
 1.800000E+00 
 1.800000E+00 
-5.693915E-07 
 1.800000E+00 
-1.240026E-08 
 1.800000E+00 
 1.800000E+00 
 1.800000E+00 
 1.800000E+00 
 1.800000E+00 
 1.800000E+00 
 1.800005E+00 
-9.590440E-07 
 1.800000E+00 
-1.411591E-09 
 1.800000E+00 
 1.800000E+00 
 1.800000E+00 
 1.800000E+00 
 1.800000E+00 
 1.800000E+00 
-2.430198E-09 
 1.800003E+00 
 1.799999E+00 
 7.456258E-08 
 1.800007E+00 
 1.800007E+00 
 1.800007E+00 
 1.800007E+00 
 1.800000E+00 
-9.772654E-06 
 1.800000E+00 
 1.800000E+00 
-1.173588E-05 
 1.800000E+00 
 1.800000E+00 
 1.800000E+00 
 1.800000E+00 
 1.800000E+00 
 1.533965E-07 
 1.800008E+00 
 1.800000E+00 
 1.799998E+00 
 1.000517E-07 
 1.800000E+00 
 1.800000E+00 
 1.800000E+00 
 7.683166E-07 
 1.800000E+00 
 1.800000E+00 
 1.800000E+00 
 1.800000E+00 
 1.800001E+00 
 6.692766E-06 
 1.800000E+00 
-6.973123E-07 
 1.800000E+00 
 1.800000E+00 
 1.800000E+00 
 1.800000E+00 
 1.800000E+00 
 1.800000E+00 
 1.789818E-05 
 1.800000E+00 
 2.973382E-08 
 1.800000E+00 
 1.800000E+00 
 1.800000E+00 
 1.800000E+00 
 1.799999E+00 
-2.574964E-06 
 1.800000E+00 
 1.800000E+00 
 1.800000E+00 
-2.791950E-06 
 1.800000E+00 
 1.800000E+00 
 1.800000E+00 
 2.796683E-06 
 1.800000E+00 
 1.800000E+00 
 1.800000E+00 
-4.104691E-09 
 1.800000E+00 
 1.800000E+00 
 1.800000E+00 
 1.800000E+00 
-1.644575E-08 
 1.800000E+00 
 1.800000E+00 
 6.767226E-07 
 1.800000E+00 
 1.800000E+00 
 1.800000E+00 
 1.800000E+00 
-5.172027E-08 
 1.800000E+00 
 1.800000E+00 
 1.800001E+00 
 1.271316E-08 
 1.800000E+00 
 1.800001E+00 
 1.799999E+00 
-9.492311E-09 
 1.800000E+00 
 1.800000E+00 
 1.800000E+00 
 4.028858E-07 
 1.800000E+00 
 1.800000E+00 
 1.800000E+00 
 2.225882E-05 
 1.800000E+00 
 1.800000E+00 
 1.800000E+00 
 7.795602E-08 
 1.800000E+00 
 1.800000E+00 
 1.799999E+00 
-4.364731E-08 
 1.800000E+00 
 1.800000E+00 
 1.800000E+00 
 3.247036E-07 
 1.800000E+00 
 1.800000E+00 
 1.800000E+00 
 1.789245E-06 
 1.800000E+00 
 1.800000E+00 
 1.800000E+00 
 2.511162E-07 
 1.799998E+00 
 1.800004E+00 
 7.936671E-08 
 1.800006E+00 
 1.800006E+00 
 1.800006E+00 
 1.800000E+00 
 3.157909E-08 
 1.800000E+00 
 1.800000E+00 
 5.595828E-07 
 1.800006E+00 
 1.800006E+00 
 1.800000E+00 
 1.391054E-08 
 1.800000E+00 
 1.800000E+00 
 1.800000E+00 
-3.830010E-08 
 1.800000E+00 
 1.800000E+00 
 1.800000E+00 
-2.149781E-08 
 1.800000E+00 
 1.800000E+00 
 1.259424E-08 
 1.800000E+00 
 1.800000E+00 
 1.800000E+00 
 1.800000E+00 
-6.744154E-06 
 1.800000E+00 
 1.607741E-07 
 1.800000E+00 
 1.800000E+00 
 1.800000E+00 
 1.800000E+00 
-8.592417E-07 
 1.800000E+00 
 1.800002E+00 
-5.265829E-10 
 1.800000E+00 
 1.800000E+00 
 1.800000E+00 
 7.086140E-08 
 1.799998E+00 
 1.800000E+00 
 2.076544E-07 
 1.800000E+00 
 1.800000E+00 
 1.799999E+00 
 2.515353E-08 
 1.800000E+00 
 1.800004E+00 
 9.866377E-08 
 1.800001E+00 
 1.800001E+00 
 1.800000E+00 
 7.879463E-09 
 1.800000E+00 
 1.800000E+00 
 1.800000E+00 
-8.364928E-08 
 1.800000E+00 
 1.800000E+00 
-3.953352E-07 
 1.800000E+00 
 1.800000E+00 
-8.494259E-06 
 1.800000E+00 
 1.800000E+00 
 1.800000E+00 
 1.800000E+00 
 3.695837E-07 
 1.308176E-08 
 1.800000E+00 
 1.800000E+00 
 1.800000E+00 
 1.800000E+00 
 1.800000E+00 
 1.002325E-06 
 6.613885E-09 
 1.800000E+00 
 1.800000E+00 
 1.800000E+00 
 1.800000E+00 
 1.800000E+00 
 4.343739E-06 
 4.337650E-06 
 1.800000E+00 
 1.800000E+00 
 1.800000E+00 
 1.800000E+00 
 4.073233E-08 
 1.800000E+00 
 5.542116E-08 
 1.800000E+00 
 1.800000E+00 
 1.800000E+00 
 1.800000E+00 
 6.130403E-07 
 1.015925E-08 
 1.800000E+00 
 1.800000E+00 
 1.800000E+00 
 1.800000E+00 
-2.459091E-08 
 1.800000E+00 
 1.800001E+00 
 6.146129E-08 
 1.800000E+00 
 1.800000E+00 
-7.844686E-07 
 1.800000E+00 
 1.800000E+00 
 1.800000E+00 
-7.224004E-08 
 2.910118E-08 
 1.800000E+00 
 1.800000E+00 
 1.800000E+00 
 1.800000E+00 
 1.800000E+00 
 8.881716E-08 
 5.711984E-08 
 1.800000E+00 
 1.800000E+00 
 1.800000E+00 
 1.800000E+00 
 4.458309E-08 
 1.800000E+00 
 7.854831E-08 
 1.800000E+00 
 1.800000E+00 
-2.048966E-09 
 1.800000E+00 
 1.800000E+00 
 1.799999E+00 
 5.935372E-07 
 1.800000E+00 
 2.574035E-09 
 1.800000E+00 
 1.800000E+00 
 1.800000E+00 
-6.397378E-09 
 1.800004E+00 
 1.800000E+00 
 7.291147E-07 
 1.800000E+00 
 1.800000E+00 
 4.722324E-09 
 1.800000E+00 
 1.800000E+00 
-5.189552E-07 
 1.800000E+00 
 1.800000E+00 
 1.326426E-08 
 1.800000E+00 
 1.800000E+00 
 6.068782E-07 
 1.800000E+00 
 1.800000E+00 
 1.162332E-06 
 1.800000E+00 
 1.799999E+00 
 4.327262E-06 
 1.800000E+00 
 1.800007E+00 
 3.493216E-07 
 1.800007E+00 
 1.800000E+00 
 5.938873E-08 
 1.800004E+00 
 1.800000E+00 
-2.443332E-06 
 1.800000E+00 
-7.341455E-06 
 1.800001E+00 
 1.800000E+00 
 1.800000E+00 
 1.800000E+00 
 1.486398E-07 
-2.308689E-08 
 1.800000E+00 
 1.800000E+00 
 1.800000E+00 
 9.305366E-10 
 1.800000E+00 
 6.459801E-09 
 1.800000E+00 
 1.800000E+00 
 1.800001E+00 
 1.045273E-07 
 1.800000E+00 
 4.672240E-08 
 1.800008E+00 
 1.800000E+00 
 2.935927E-06 
 1.800000E+00 
 1.800000E+00 
 1.493143E-08 
 1.800000E+00 
 1.800000E+00 
 1.248539E-09 
 1.800000E+00 
 1.800000E+00 
-1.176383E-05 
 1.800000E+00 
-1.071774E-05 
 1.800001E+00 
 1.800001E+00 
 1.800000E+00 
-3.424484E-07 
 1.800000E+00 
-3.130264E-07 
 1.800002E+00 
 1.800000E+00 
-2.424114E-05 
 1.800000E+00 
 8.901820E-07 
 1.800000E+00 
 1.800000E+00 
 1.800000E+00 
 1.962386E-09 
 1.800000E+00 
 1.920725E-07 
 1.800000E+00 
 1.800000E+00 
-1.363053E-09 
 1.800000E+00 
 1.800000E+00 
 9.381069E-08 
 1.800000E+00 
-1.014899E-07 
 1.800000E+00 
 1.800000E+00 
 3.311418E-07 
 1.800000E+00 
 1.800000E+00 
-2.610074E-08 
 1.800000E+00 
 1.800000E+00 
 8.892378E-06 
 1.800000E+00 
-5.971501E-06 
 1.800000E+00 
 1.799999E+00 
 8.618858E-07 
 1.800006E+00 
-1.417333E-07 
 1.800000E+00 
 1.800000E+00 
-3.078631E-07 
 1.800000E+00 
 1.800000E+00 
 6.517059E-08 
 1.800000E+00 
 1.799997E+00 
-8.501619E-09 
-1.095711E-08 
 1.800000E+00 
 1.800000E+00 
 1.800000E+00 
 1.800000E+00 
-4.073181E-06 
-4.130486E-06 
 1.800000E+00 
-1.331295E-07 
 1.800000E+00 
 1.800000E+00 
 1.800000E+00 
 2.989686E-08 
 1.800000E+00 
-1.258956E-06 
 1.800000E+00 
 1.800000E+00 
 4.964027E-07 
 1.800005E+00 
 1.124071E-06 
 1.800000E+00 
 1.800000E+00 
 5.011463E-06 
 1.800000E+00 
 1.362519E-08 
 1.800000E+00 
 1.800000E+00 
-2.953054E-05 
 1.800000E+00 
 2.547417E-07 
 1.800000E+00 
 1.800000E+00 
-5.394444E-08 
 1.800000E+00 
-1.715097E-05 
 1.800000E+00 
 1.800000E+00 
-7.509513E-10 
 1.799999E+00 
 1.800000E+00 
 2.132586E-06 
 2.132909E-06 
 1.800000E+00 
 1.800000E+00 
 1.800000E+00 
-3.348816E-06 
 1.800000E+00 
-3.306929E-06 
 1.800000E+00 
 5.443349E-09 
 1.800006E+00 
 1.800000E+00 
-2.975658E-06 
 1.800000E+00 
 6.821672E-08 
 1.800000E+00 
 1.430923E-06 
 1.800000E+00 
 1.800000E+00 
 1.800000E+00 
 8.086968E-09 
 6.691138E-09 
 1.800000E+00 
 1.800000E+00 
 1.984453E-07 
 1.800000E+00 
-6.120658E-08 
 1.800000E+00 
 1.800000E+00 
-7.757932E-08 
 1.800000E+00 
 1.250466E-07 
 1.799998E+00 
 3.587143E-08 
 1.800000E+00 
 1.800000E+00 
 2.570086E-06 
 1.800000E+00 
 1.800000E+00 
 2.540060E-07 
 2.539774E-07 
 1.800000E+00 
 1.800000E+00 
-9.904401E-09 
 1.800000E+00 
 1.800000E+00 
-1.105783E-06 
 9.575325E-09 
 1.800000E+00 
 1.800000E+00 
 9.061040E-08 
 1.800002E+00 
 1.800000E+00 
-3.197205E-06 
-3.313078E-06 
 1.800000E+00 
 1.800000E+00 
 9.922532E-08 
 1.800000E+00 
 2.387121E-09 
 1.800000E+00 
 1.800000E+00 
-2.289556E-07 
 1.800000E+00 
 3.889646E-06 
 1.800000E+00 
-3.039909E-07 
 1.800000E+00 
 1.800001E+00 
-1.415420E-08 
-1.335971E-08 
 1.799998E+00 
 1.800000E+00 
 4.672589E-08 
 1.800000E+00 
 1.800000E+00 
-5.339568E-07 
 1.769903E-08 
 1.800000E+00 
 1.800000E+00 
 6.832159E-08 
 1.800000E+00 
 5.887561E-09 
 1.800000E+00 
 2.747917E-07 
 1.800000E+00 
 1.800000E+00 
 7.365533E-09 
 1.800000E+00 
 6.889061E-06 
 1.800000E+00 
 6.381989E-06 
 1.800000E+00 
-3.612576E-07 
 1.800000E+00 
 1.848011E-09 
 1.800000E+00 
 1.800007E+00 
 2.205793E-08 
 1.800000E+00 
 5.650219E-09 
 1.800000E+00 
 4.313029E-06 
 1.800000E+00 
 2.010653E-08 
 1.800000E+00 
 1.800000E+00 
-1.614514E-06 
-8.142027E-07 
 1.800000E+00 
 1.800000E+00 
-1.373674E-06 
 1.800000E+00 
 5.048855E-08 
 1.800000E+00 
 2.122396E-07 
 1.800007E+00 
 1.064597E-07 
 1.800000E+00 
 1.800000E+00 
-3.378734E-06 
-2.506650E-06 
 1.800000E+00 
 1.800000E+00 
 1.584335E-07 
 1.800000E+00 
-3.237742E-07 
 5.747210E-09 
 1.800000E+00 
 1.800000E+00 
 1.800000E+00 
-4.720402E-06 
-4.680672E-06 
 1.800000E+00 
 8.513384E-09 
 1.800005E+00 
 1.800000E+00 
-1.291243E-06 
 2.752163E-08 
 1.800000E+00 
 1.800000E+00 
 2.398994E-09 
 1.800000E+00 
 9.215350E-06 
 9.214972E-06 
 1.800000E+00 
 1.800000E+00 
-1.729100E-07 
 1.800000E+00 
 8.106377E-08 
 1.800000E+00 
 1.800008E+00 
-5.486918E-06 
-5.361060E-06 
 1.800000E+00 
 2.839464E-09 
 1.800000E+00 
 1.166427E-06 
 1.800000E+00 
 1.800000E+00 
-1.161271E-05 
-1.162903E-05 
 1.800000E+00 
-4.892718E-10 
 1.800000E+00 
 1.800000E+00 
 2.728352E-07 
 2.398591E-07 
 1.800000E+00 
 1.800000E+00 
 5.286178E-06 
 5.242312E-06 
 1.800000E+00 
 1.800001E+00 
 9.558174E-08 
 1.800000E+00 
 6.607034E-08 
 4.211622E-07 
 1.800000E+00 
 1.799999E+00 
-1.736886E-07 
 1.800000E+00 
 7.182251E-07 
 1.613323E-08 
 1.800000E+00 
 1.800000E+00 
 1.514535E-07 
 1.800000E+00 
 7.934492E-07 
 1.164189E-08 
 1.800000E+00 
 1.800001E+00 
 9.822261E-07 
 9.805157E-07 
 1.800000E+00 
 1.800000E+00 
 7.384348E-09 
 1.800000E+00 
-8.166098E-07 
-4.040305E-08 
 1.800000E+00 
 1.800000E+00 
-9.448056E-08 
 1.589677E-08 
 1.800004E+00 
 1.800000E+00 
 8.419358E-09 
 5.483831E-09 
 1.800001E+00 
-4.140755E-08 
 1.800007E+00 
 1.800000E+00 
-1.504068E-07 
 8.573735E-08 
 1.800000E+00 
 8.359153E-06 
 1.800000E+00 
-4.699151E-07 
 1.800000E+00 
 2.122953E-07 
 1.799998E+00 
-6.156414E-06 
 1.800000E+00 
 2.358663E-08 
 1.799997E+00 
 6.926946E-05 
 1.351474E-05 
 1.800004E+00 
 1.800000E+00 
 5.111163E-06 
 4.901263E-06 
 1.800000E+00 
 1.800000E+00 
-8.206532E-09 
 3.204722E-09 
 1.800000E+00 
 2.018499E-08 
 1.800000E+00 
 1.800000E+00 
 2.279108E-08 
 1.281483E-08 
 1.280510E-08 
 1.800000E+00 
 1.800000E+00 
-3.238431E-07 
 1.800001E+00 
 4.613496E-08 
 2.816031E-08 
 1.800000E+00 
 1.800000E+00 
-8.653296E-08 
 1.126755E-07 
 1.800009E+00 
 3.963515E-07 
 1.800000E+00 
-6.323361E-06 
 1.800000E+00 
-3.365116E-07 
-3.555565E-07 
 1.800000E+00 
 1.800007E+00 
-2.048493E-08 
-2.035170E-08 
 1.800000E+00 
 1.800000E+00 
 1.301500E-06 
 6.173315E-09 
 6.172841E-09 
 1.800000E+00 
 1.800000E+00 
 3.407499E-06 
 1.800000E+00 
 1.289651E-07 
 1.764868E-09 
 1.800000E+00 
 1.800000E+00 
 1.184149E-07 
 9.213620E-08 
 9.213579E-08 
 1.800000E+00 
 1.800000E+00 
 4.623404E-08 
 1.800007E+00 
 8.946826E-06 
 1.001528E-06 
 1.800000E+00 
 8.760304E-09 
 1.800001E+00 
 7.135086E-09 
 9.373505E-09 
 1.800000E+00 
 1.800000E+00 
-2.569538E-07 
-4.916882E-07 
 1.800001E+00 
-1.447407E-08 
 1.800000E+00 
 8.037046E-09 
 1.800000E+00 
-4.821541E-07 
 6.425547E-09 
 1.800000E+00 
 4.187114E-06 
 1.800000E+00 
 4.398952E-09 
 1.800000E+00 
 7.097283E-08 
 1.800006E+00 
 8.041242E-08 
 6.266791E-09 
 1.800000E+00 
-4.915005E-09 
 1.800000E+00 
 8.955881E-07 
 8.576066E-07 
 1.800000E+00 
 1.800000E+00 
-3.448956E-08 
-3.353068E-08 
-3.353084E-08 
 1.800000E+00 
 1.800000E+00 
 1.102691E-06 
 1.100324E-06 
 1.800000E+00 
 5.152217E-08 
 1.800000E+00 
 1.247177E-07 
 1.800004E+00 
 1.540026E-06 
 1.227716E-06 
 1.800000E+00 
-2.011814E-06 
 9.153626E-09 
 1.800000E+00 
 1.800000E+00 
 1.022438E-06 
 1.265656E-06 
 1.799999E+00 
 1.647082E-06 
 5.228144E-09 
 1.800000E+00 
 1.800000E+00 
 5.967335E-07 
 5.539328E-07 
 5.539327E-07 
 1.800000E+00 
 1.799997E+00 
-2.632940E-06 
 1.451379E-08 
 1.800000E+00 
 3.738497E-06 
-4.733526E-07 
 1.800000E+00 
 3.089183E-06 
 1.800000E+00 
 1.140640E-06 
 1.800007E+00 
-7.765183E-06 
-7.706033E-06 
 1.800000E+00 
 5.006819E-06 
 1.800000E+00 
 8.226543E-07 
 1.508711E-06 
 1.800000E+00 
-1.664519E-05 
 1.800000E+00 
 1.078159E-06 
 1.100389E-06 
 1.800000E+00 
 9.261566E-09 
 1.800000E+00 
 7.866856E-06 
-3.744583E-07 
 1.800007E+00 
-1.024086E-05 
 1.800000E+00 
 4.964978E-07 
 5.043269E-07 
 1.800000E+00 
 1.067261E-08 
 8.654509E-09 
 1.800000E+00 
 1.800000E+00 
-1.184225E-06 
 9.198483E-09 
 9.198482E-09 
 1.800000E+00 
 2.602992E-09 
 1.800000E+00 
 9.092910E-08 
 1.800000E+00 
 1.097786E-07 
-9.494390E-08 
 1.800000E+00 
-2.833222E-05 
 4.410791E-08 
 1.800007E+00 
-4.526959E-08 
 1.800006E+00 
 1.131264E-08 
 1.005418E-08 
 1.800000E+00 
-3.111738E-06 
-3.113557E-06 
 1.800000E+00 
-9.435609E-09 
 1.800000E+00 
-2.757200E-08 
 1.800000E+00 
 5.830232E-06 
-9.013042E-08 
-9.013042E-08 
 1.800000E+00 
-3.955899E-09 
 1.800000E+00 
 1.241379E-08 
 1.800000E+00 
 4.910926E-07 
 7.443406E-09 
 7.442327E-09 
 1.800000E+00 
 1.821362E-09 
 1.800004E+00 
 9.373266E-07 
 1.800000E+00 
 3.886032E-07 
 3.949111E-07 
 3.949127E-07 
 1.800000E+00 
-1.198162E-08 
 1.800002E+00 
-1.562913E-07 
-1.517520E-07 
 1.800000E+00 
-7.239631E-07 
 1.800000E+00 
 4.782401E-07 
 4.784824E-07 
 4.784824E-07 
 1.800000E+00 
 1.800003E+00 
-3.507912E-09 
 4.660590E-09 
 4.660540E-09 
 1.800000E+00 
 3.445455E-07 
 6.320586E-09 
 1.800000E+00 
 3.555094E-08 
 1.800000E+00 
 1.878575E-07 
 6.359073E-08 
 1.800001E+00 
-1.119637E-06 
-9.493934E-07 
 1.800000E+00 
 2.093893E-05 
-5.778744E-06 
 1.800000E+00 
 6.589973E-06 
 1.800000E+00 
 5.819909E-09 
 3.576361E-09 
 3.624686E-09 
 1.800000E+00 
 3.877760E-06 
 1.800000E+00 
-2.617867E-06 
 8.616145E-06 
 1.800000E+00 
-1.739659E-07 
 3.200314E-07 
 1.800000E+00 
 9.697884E-06 
 9.571961E-06 
 1.800002E+00 
-1.604759E-07 
 1.800007E+00 
-1.194061E-08 
 9.125119E-09 
 9.126901E-09 
 1.800000E+00 
-4.113797E-06 
-4.694374E-06 
 1.800000E+00 
 1.800000E+00 
 5.600541E-06 
-2.609041E-05 
-2.609041E-05 
-2.609040E-05 
 1.800000E+00 
-1.228439E-07 
 1.761316E-08 
 1.800000E+00 
-7.026778E-06 
 1.800000E+00 
-8.966572E-07 
-1.541807E-07 
 1.800000E+00 
 2.416415E-06 
 1.605556E-06 
 1.605555E-06 
 1.800004E+00 
 1.800000E+00 
-8.911801E-07 
-3.709613E-07 
-3.709647E-07 
-3.709647E-07 
 1.800007E+00 
-2.209483E-08 
 1.800000E+00 
-6.648270E-06 
-6.713148E-06 
-6.713148E-06 
 1.800007E+00 
 5.557329E-08 
 1.800000E+00 
-1.836713E-05 
-1.844134E-05 
-1.844134E-05 
 1.800000E+00 
-2.679494E-08 
 1.800000E+00 
 4.376730E-10 
 2.948455E-10 
 2.936493E-10 
 1.800000E+00 
 6.367182E-07 
 5.649363E-07 
 1.800000E+00 
 3.738809E-10 
-2.535321E-10 
 1.800000E+00 
 1.475841E-06 
 1.476100E-06 
 1.800004E+00 
 2.670072E-08 
-4.199787E-07 
 1.800000E+00 
 2.277028E-08 
 2.129325E-08 
 2.129320E-08 
 1.800000E+00 
 8.592834E-09 
 1.800000E+00 
 3.753920E-06 
 3.878517E-06 
 3.878471E-06 
 1.800000E+00 
-1.116015E-08 
 4.268066E-08 
 1.800006E+00 
-3.095450E-06 
-2.582025E-06 
 1.800000E+00 
 8.406981E-07 
 3.344975E-09 
 3.344091E-09 
 1.800000E+00 
 1.188791E-08 
 1.800002E+00 
 1.127383E-06 
 1.076744E-06 
 1.076744E-06 
 1.076744E-06 
 1.800000E+00 
 8.812509E-07 
 1.800000E+00 
-5.704623E-08 
-5.007768E-08 
-5.007748E-08 
 1.800000E+00 
 1.564157E-07 
 3.226424E-09 
 1.800000E+00 
 9.000387E-07 
 4.180867E-09 
 1.800000E+00 
 2.122558E-06 
 1.274951E-06 
 1.274950E-06 
 1.800004E+00 
 6.217489E-06 
-1.208501E-05 
 1.800000E+00 
-1.532782E-08 
-1.799802E-08 
-1.799866E-08 
 1.800000E+00 
 1.011455E-06 
 9.889128E-07 
 1.800000E+00 
 4.653361E-06 
-2.245837E-07 
 1.800000E+00 
 6.734854E-08 
 6.781294E-08 
 6.781292E-08 
 1.800000E+00 
 7.837020E-06 
-2.320566E-05 
-2.320566E-05 
 1.800000E+00 
 4.128973E-07 
 1.800000E+00 
-3.245056E-06 
-3.244843E-06 
-3.244844E-06 
-3.244844E-06 
 1.800000E+00 
-1.690047E-07 
-8.140648E-08 
 1.800000E+00 
 7.694029E-09 
 9.788416E-09 
 9.787789E-09 
 1.800000E+00 
 1.160518E-08 
 1.800000E+00 
-3.392115E-07 
-3.298527E-07 
-3.298527E-07 
-3.298527E-07 
-3.298528E-07 
 1.800000E+00 
 1.800000E+00 
-5.763612E-07 
-5.784464E-07 
-5.784562E-07 
-5.784557E-07 
-5.784553E-07 
 1.800000E+00 
 1.880907E-08 
 1.800000E+00 
 8.679445E-09 
 1.020107E-08 
 1.020106E-08 
 1.020105E-08 
 1.800000E+00 
-6.755216E-08 
 1.509743E-08 
 1.800000E+00 
 1.468974E-07 
 1.689818E-07 
 1.689806E-07 
 1.800000E+00 
-4.330767E-09 
 1.917431E-08 
 1.800000E+00 
 8.616072E-07 
 8.560003E-07 
 8.560007E-07 
 8.560000E-07 
 1.800000E+00 
 2.022536E-07 
 6.422394E-09 
 1.800000E+00 
 1.081079E-06 
 1.281610E-06 
 1.281610E-06 
 1.800000E+00 
 4.506449E-07 
 4.507631E-07 
 4.507632E-07 
 1.800002E+00 
 6.484964E-09 
 6.542329E-09 
 1.800000E+00 
-5.269037E-07 
-9.052104E-07 
-9.052105E-07 
-9.052106E-07 
 1.800000E+00 
-2.692808E-06 
-2.641444E-06 
-2.641444E-06 
 1.800000E+00 
-1.705440E-06 
-1.705637E-06 
 1.800000E+00 
 3.950740E-07 
 3.975867E-07 
 3.975868E-07 
 3.975868E-07 
 1.800000E+00 
-1.746002E-08 
-3.343352E-07 
 1.800000E+00 
-4.376090E-07 
 2.936004E-08 
 2.936004E-08 
 2.936004E-08 
 1.800000E+00 
-1.432854E-06 
 8.567244E-09 
 8.563703E-09 
 1.800000E+00 
-6.536923E-07 
-3.451554E-07 
 1.800000E+00 
 7.020575E-08 
-4.149794E-07 
-4.149794E-07 
-4.149794E-07 
 1.800000E+00 
 4.287535E-08 
 3.341066E-08 
 3.341002E-08 
 1.800000E+00 
-1.739955E-06 
-1.739703E-06 
-1.739703E-06 
 1.800000E+00 
 4.663395E-07 
 4.804792E-07 
 4.804795E-07 
 4.804796E-07 
 1.800000E+00 
 6.917295E-08 
 5.802139E-09 
 1.800000E+00 
-2.944092E-06 
-2.706529E-06 
-2.706529E-06 
-2.706528E-06 
-2.706530E-06 
 1.800000E+00 
-9.408866E-07 
 1.800000E+00 
-4.315453E-08 
 1.154033E-08 
 1.154153E-08 
 1.153834E-08 
 1.154151E-08 
 1.800000E+00 
 1.325414E-07 
 2.467223E-09 
 2.467878E-09 
 1.800000E+00 
-3.116995E-08 
 5.508500E-09 
 5.508731E-09 
 1.800000E+00 
 1.517729E-08 
 1.547883E-08 
 1.547885E-08 
 1.547883E-08 
 1.800000E+00 
-3.719726E-06 
 3.262113E-08 
 3.262113E-08 
 1.799999E+00 
-6.829836E-07 
 1.105834E-08 
 1.105838E-08 
 1.105868E-08 
 1.800000E+00 
-2.986087E-08 
-1.765091E-07 
-1.765097E-07 
-1.765098E-07 
 1.800000E+00 
-6.318242E-08 
-5.472060E-08 
 1.800000E+00 
 2.088325E-08 
 2.092371E-08 
 2.091816E-08 
 2.091817E-08 
 2.091725E-08 
 1.800000E+00 
-1.459483E-06 
 1.362552E-08 
 1.362561E-08 
 1.800001E+00 
 4.612536E-08 
 1.279881E-08 
 1.279972E-08 
 1.279858E-08 
 1.800000E+00 
-1.139084E-08 
-1.136680E-08 
-1.136418E-08 
 1.800000E+00 
-2.195381E-07 
 1.494170E-08 
 1.494154E-08 
 1.494158E-08 
 1.494176E-08 
 1.800000E+00 
-7.876431E-06 
-7.768600E-06 
-7.768599E-06 
 1.800000E+00 
 8.891387E-08 
 3.466248E-08 
 3.466253E-08 
 3.466254E-08 
 1.800007E+00 
-2.794945E-09 
 5.413687E-09 
 5.414268E-09 
 5.412074E-09 
 1.800000E+00 
 3.155226E-07 
 2.957216E-07 
 2.957223E-07 
 2.957222E-07 
 1.800000E+00 
-7.407335E-07 
-7.726799E-07 
-7.726791E-07 
 1.800001E+00 
-2.076241E-07 
 6.677378E-09 
 6.677071E-09 
 6.677756E-09 
 6.677321E-09 
 6.677331E-09 
 1.800000E+00 
 2.165080E-07 
 2.163130E-07 
 1.800000E+00 
-2.255552E-06 
-1.624918E-05 
-1.624918E-05 
-1.624918E-05 
-1.624918E-05 
-1.624918E-05 
 1.800007E+00 
 6.164049E-09 
 6.274838E-09 
 1.800000E+00 
-8.478495E-08 
 1.013144E-08 
 1.013141E-08 
 1.013203E-08 
 1.013113E-08 
 1.013135E-08 
 1.800000E+00 
-1.971154E-05 
 4.754782E-06 
 4.754782E-06 
 4.754783E-06 
 1.800002E+00 
 7.144477E-07 
 6.833135E-07 
 6.833129E-07 
 6.833127E-07 
 1.800000E+00 
-1.528196E-07 
-2.429941E-08 
-2.429878E-08 
-2.429881E-08 
 1.800000E+00 
-9.084228E-08 
-9.084222E-08 
-9.084212E-08 
-9.084219E-08 
-9.084265E-08 
 1.799999E+00 
 1.416099E-08 
 8.936723E-09 
 8.936696E-09 
 8.946195E-09 
 1.800000E+00 
-1.551376E-07 
 9.459776E-09 
 9.459439E-09 
 9.459800E-09 
 9.459753E-09 
 1.800000E+00 
 3.383001E-07 
-3.476002E-08 
-3.475999E-08 
-3.475998E-08 
-3.476023E-08 
 1.800000E+00 
-3.417981E-08 
-3.422776E-08 
-3.422851E-08 
 1.800000E+00 
 5.161187E-08 
 9.964614E-08 
 9.964613E-08 
 9.964577E-08 
 9.964613E-08 
 9.964441E-08 
 1.800000E+00 
 2.457056E-07 
 3.198527E-07 
 3.198524E-07 
 3.198525E-07 
 3.198526E-07 
 1.800003E+00 
-5.114353E-07 
-5.153178E-07 
-5.153179E-07 
-5.153203E-07 
 1.800000E+00 
 3.360899E-06 
-1.697094E-08 
-1.696900E-08 
-1.697079E-08 
-1.697097E-08 
 1.800000E+00 
 1.735848E-08 
 1.903949E-08 
 1.903997E-08 
 1.903959E-08 
 1.903933E-08 
 1.800007E+00 
-7.293937E-06 
-7.616090E-06 
-7.616090E-06 
-7.616090E-06 
-7.616090E-06 
-7.616090E-06 
 1.800000E+00 
 2.397896E-06 
 2.397986E-06 
 2.397987E-06 
 1.799999E+00 
-4.314374E-07 
-4.330733E-07 
-4.330731E-07 
-4.330733E-07 
-4.330731E-07 
-4.330731E-07 
-4.330758E-07 
 1.800000E+00 
-3.156950E-05 
-3.159999E-05 
-3.159999E-05 
-3.159999E-05 
 1.799999E+00 
 3.504841E-06 
 3.492939E-06 
 3.492939E-06 
 3.492939E-06 
 3.492938E-06 
 3.492940E-06 
 1.800000E+00 
-2.595596E-06 
 1.101110E-05 
 1.101110E-05 
 1.101110E-05 
 1.101111E-05 
 1.800000E+00 
 2.594050E-08 
 1.830678E-08 
 1.834045E-08 
 1.830736E-08 
 1.830397E-08 
 1.830678E-08 
 1.800000E+00 
-2.745352E-05 
 2.225400E-05 
 2.225400E-05 
 2.225400E-05 
 2.225400E-05 
 1.800000E+00 
 6.194334E-06 
-8.245832E-08 
-8.245831E-08 
-8.245834E-08 
-8.245831E-08 
 1.800000E+00 
-1.242287E-05 
 1.228300E-05 
 1.228300E-05 
 1.228300E-05 
 1.228301E-05 
 1.228300E-05 
 1.228300E-05 
 1.800000E+00 
-1.472201E-07 
-1.473316E-07 
-1.473314E-07 
-1.473289E-07 
-1.473314E-07 
 1.800000E+00 
 4.222202E-09 
 5.753292E-09 
 5.753374E-09 
 5.753202E-09 
 5.753285E-09 
 1.799998E+00 
 6.174502E-06 
-1.431972E-07 
-1.431991E-07 
-1.431991E-07 
-1.431979E-07 
-1.431983E-07 
-1.431991E-07 
 1.800000E+00 
-8.371620E-08 
-5.320990E-07 
-5.320988E-07 
-5.320991E-07 
-5.320990E-07 
-5.320990E-07 
 1.800000E+00 
-2.615279E-06 
 1.243962E-08 
 1.244222E-08 
 1.244001E-08 
 1.244259E-08 
 1.800000E+00 
 1.689595E-06 
 1.982673E-09 
 1.982304E-09 
 1.982635E-09 
 1.982705E-09 
 1.982661E-09 
 1.982553E-09 
 1.800000E+00 
 6.379622E-06 
 6.369491E-06 
 6.369491E-06 
 6.369491E-06 
 6.369494E-06 
 6.369489E-06 
 1.800000E+00 
-1.332725E-07 
 6.662942E-09 
 6.654891E-09 
 6.654888E-09 
 6.655325E-09 
 6.654881E-09 
 6.662585E-09 
 1.800000E+00 
-2.228038E-06 
 1.998468E-08 
 1.998469E-08 
 1.998468E-08 
 1.998472E-08 
 1.800000E+00 
 1.178654E-07 
 3.610870E-09 
 3.610854E-09 
 3.610416E-09 
 3.530951E-09 
 3.610852E-09 
 3.611114E-09 
 1.800007E+00 
-3.460589E-08 
-3.459913E-08 
-3.459928E-08 
-3.460254E-08 
-3.459304E-08 
-3.459910E-08 
-3.459911E-08 
 1.800000E+00 
 4.616881E-06 
-2.047316E-06 
-2.047316E-06 
-2.047316E-06 
-2.047316E-06 
-2.047301E-06 
 1.800000E+00 
-4.448459E-09 
 4.872867E-09 
 4.872874E-09 
 4.872229E-09 
 4.872913E-09 
 4.872882E-09 
 4.872893E-09 
 4.872912E-09 
 1.800000E+00 
 6.585789E-07 
 6.594306E-07 
 6.594306E-07 
 6.594294E-07 
 6.594304E-07 
 1.800000E+00 
 2.487097E-07 
-1.098007E-07 
-1.098007E-07 
-1.098007E-07 
-1.098096E-07 
-1.098008E-07 
-1.098010E-07 
-1.098007E-07 
-1.098005E-07 
 1.800000E+00 
 5.187798E-08 
 1.622440E-07 
 1.622444E-07 
 1.622441E-07 
 1.622441E-07 
 1.800000E+00 
 1.452718E-08 
 1.502414E-08 
 1.502662E-08 
 1.502414E-08 
 1.502414E-08 
 1.502447E-08 
 1.502414E-08 
 1.502412E-08 
 1.502422E-08 
 1.800000E+00 
-1.523705E-06 
 8.735695E-09 
 8.735651E-09 
 8.735628E-09 
 8.735635E-09 
 8.735649E-09 
 1.800000E+00 
-2.192842E-08 
 2.632897E-07 
 2.632899E-07 
 2.632895E-07 
 2.632900E-07 
 2.632897E-07 
 2.632898E-07 
 2.632905E-07 
 1.800000E+00 
 1.098667E-06 
 5.847689E-09 
 5.849860E-09 
 5.847739E-09 
 5.847727E-09 
 5.847748E-09 
 5.845929E-09 
 1.800000E+00 
-1.595969E-05 
 1.637840E-05 
 1.637840E-05 
 1.637840E-05 
 1.637840E-05 
 1.637840E-05 
 1.637840E-05 
 1.637840E-05 
 1.800000E+00 
 4.265390E-08 
 4.728738E-08 
 4.728441E-08 
 4.728740E-08 
 4.728743E-08 
 4.728737E-08 
 4.728741E-08 
 4.728770E-08 
 1.800000E+00 
 1.229896E-06 
 1.230081E-06 
 1.230081E-06 
 1.230080E-06 
 1.230081E-06 
 1.230081E-06 
 1.800000E+00 
-2.353610E-06 
 1.040442E-08 
 1.040439E-08 
 1.040445E-08 
 1.040400E-08 
 1.040447E-08 
 1.040461E-08 
 1.040441E-08 
 1.040441E-08 
 1.040429E-08 
 1.800000E+00 
-2.406401E-07 
-1.683680E-07 
-1.683682E-07 
-1.683682E-07 
-1.683682E-07 
-1.683681E-07 
-1.683681E-07 
 1.800000E+00 
-6.800625E-08 
 1.904362E-08 
 1.904375E-08 
 1.904380E-08 
 1.904325E-08 
 1.904502E-08 
 1.904377E-08 
 1.904353E-08 
 1.800000E+00 
-1.506677E-09 
-1.581044E-08 
-1.580860E-08 
-1.581135E-08 
-1.581038E-08 
-1.581037E-08 
-1.581037E-08 
-1.581041E-08 
 1.800000E+00 
 1.361924E-08 
 1.235831E-08 
 1.235848E-08 
 1.235849E-08 
 1.235833E-08 
 1.235848E-08 
 1.235733E-08 
 1.235910E-08 
 1.800000E+00 
 2.130272E-07 
-2.058046E-08 
-2.058216E-08 
-2.058045E-08 
-2.058078E-08 
-2.058046E-08 
-2.058046E-08 
-2.058079E-08 
-2.058044E-08 
 1.800000E+00 
 3.809752E-06 
-1.429962E-07 
-1.429977E-07 
-1.429976E-07 
-1.429976E-07 
-1.429975E-07 
-1.429975E-07 
-1.429970E-07 
 1.800000E+00 
 3.910045E-07 
 6.431255E-09 
 6.431580E-09 
 6.430821E-09 
 6.431265E-09 
 6.431478E-09 
 6.429225E-09 
 6.431059E-09 
 6.426913E-09 
 1.800000E+00 
 3.388885E-07 
-3.246276E-08 
-3.246274E-08 
-3.246276E-08 
-3.246272E-08 
-3.246090E-08 
-3.246275E-08 
 1.800000E+00 
 1.411265E-08 
 1.531419E-08 
 1.531382E-08 
 1.531441E-08 
 1.531415E-08 
 1.532305E-08 
 1.531535E-08 
 1.531412E-08 
 1.531419E-08 
 1.531420E-08 
 1.531417E-08 
 1.800007E+00 
 1.663240E-06 
 2.264880E-09 
 2.264881E-09 
 2.267022E-09 
 2.264663E-09 
 2.265454E-09 
 1.800000E+00 
-1.237146E-05 
-1.237179E-05 
-1.237179E-05 
-1.237179E-05 
-1.237179E-05 
-1.237179E-05 
-1.237178E-05 
-1.237179E-05 
-1.237179E-05 
-1.237179E-05 
-1.237179E-05 
-1.237179E-05 
 1.800000E+00 
 4.022217E-08 
 1.033659E-08 
 1.033665E-08 
 1.033652E-08 
 1.033658E-08 
 1.800000E+00 
 1.672581E-08 
 1.013920E-08 
 1.013899E-08 
 1.013884E-08 
 1.013733E-08 
 1.013868E-08 
 1.013902E-08 
 1.013899E-08 
 1.013911E-08 
 1.013902E-08 
 1.014068E-08 
 1.013866E-08 
 1.013732E-08 
 1.800000E+00 
-5.052150E-08 
 1.337344E-08 
 1.337406E-08 
 1.337407E-08 
 1.800000E+00 
 1.014294E-06 
 3.665478E-09 
 3.665492E-09 
 3.665474E-09 
 3.665578E-09 
 3.665849E-09 
 3.665718E-09 
 3.665503E-09 
 3.665473E-09 
 3.665465E-09 
 3.665472E-09 
 3.665622E-09 
 3.666006E-09 
 3.665508E-09 
 1.800000E+00 
-1.966723E-05 
-2.155651E-08 
-2.155706E-08 
-2.155668E-08 
-2.155623E-08 
-2.155672E-08 
 1.800001E+00 
 2.102730E-07 
 2.647938E-08 
 2.647936E-08 
 2.647936E-08 
 2.647904E-08 
 2.647937E-08 
 2.647934E-08 
 2.647986E-08 
 2.647934E-08 
 2.647937E-08 
 2.647936E-08 
 1.800000E+00 
 7.060459E-09 
 7.078376E-09 
 7.104583E-09 
 7.104142E-09 
 7.104187E-09 
 7.104627E-09 
 1.800000E+00 
-5.665348E-07 
 4.007480E-09 
 4.000123E-09 
 4.007504E-09 
 4.005988E-09 
 4.010205E-09 
 4.007238E-09 
 3.934999E-09 
 3.988941E-09 
 3.990982E-09 
 3.988950E-09 
 3.988841E-09 
 3.988855E-09 
 1.800000E+00 
-9.200281E-07 
-9.975187E-07 
-9.975188E-07 
-9.975188E-07 
-9.975123E-07 
 1.799998E+00 
 9.630591E-08 
 7.510432E-09 
 7.508966E-09 
 7.506790E-09 
 7.514283E-09 
 7.514482E-09 
 7.504402E-09 
 7.511332E-09 
 7.508817E-09 
 7.508962E-09 
 7.509040E-09 
 7.509041E-09 
 7.509041E-09 
 1.800000E+00 
-3.285664E-07 
-2.581618E-07 
-2.581618E-07 
-2.581623E-07 
-2.581612E-07 
-2.581619E-07 
 1.800001E+00 
-1.880567E-08 
 6.301499E-09 
 6.301539E-09 
 6.301526E-09 
 6.301531E-09 
 6.288722E-09 
 6.301539E-09 
 6.301536E-09 
 6.301461E-09 
 6.301530E-09 
 6.301356E-09 
 1.800000E+00 
 7.977412E-08 
 8.838739E-09 
 8.838733E-09 
 8.838638E-09 
 8.838665E-09 
 8.838727E-09 
 8.838736E-09 
 8.838735E-09 
 1.800000E+00 
-1.020960E-06 
 8.637013E-09 
 8.636778E-09 
 8.642744E-09 
 8.636957E-09 
 8.637005E-09 
 8.636995E-09 
 8.636993E-09 
 8.637145E-09 
 8.636998E-09 
 1.800000E+00 
 1.266805E-06 
 1.347869E-06 
 1.347867E-06 
 1.347867E-06 
 1.347903E-06 
 1.347867E-06 
 1.347867E-06 
 1.347865E-06 
 1.800000E+00 
 1.016213E-06 
 5.966732E-09 
 5.967154E-09 
 5.967244E-09 
 5.967018E-09 
 5.967204E-09 
 5.967174E-09 
 5.967111E-09 
 5.967318E-09 
 1.800000E+00 
 6.199094E-06 
-6.282708E-07 
-6.282709E-07 
-6.282709E-07 
-6.282709E-07 
-6.282709E-07 
-6.282732E-07 
-6.282692E-07 
-6.282724E-07 
 1.800000E+00 
 5.318916E-07 
 8.764583E-09 
 8.764559E-09 
 8.764328E-09 
 8.764598E-09 
 8.764567E-09 
 8.764589E-09 
 8.764685E-09 
 8.764388E-09 
 1.799998E+00 
 1.017969E-07 
 9.466615E-08 
 9.466571E-08 
 9.466675E-08 
 9.466677E-08 
 9.466701E-08 
 9.466706E-08 
 9.466699E-08 
 9.466697E-08 
 1.800000E+00 
 2.775502E-07 
 2.479126E-07 
 2.479123E-07 
 2.479122E-07 
 2.479124E-07 
 2.479091E-07 
 2.479124E-07 
 2.479108E-07 
 1.800000E+00 
-6.549033E-06 
-6.548008E-06 
-6.548008E-06 
-6.548009E-06 
-6.548008E-06 
-6.548009E-06 
-6.548008E-06 
-6.548009E-06 
-6.548009E-06 
 1.800000E+00 
-2.687294E-08 
-3.477736E-08 
-3.477705E-08 
-3.476520E-08 
-3.477734E-08 
-3.477743E-08 
-3.477738E-08 
-3.477714E-08 
-3.477942E-08 
 1.800000E+00 
-1.437680E-06 
 8.444890E-09 
 8.444200E-09 
 8.444673E-09 
 8.443186E-09 
 8.444357E-09 
 8.444661E-09 
 8.444657E-09 
 1.800000E+00 
 1.194221E-08 
 1.046015E-08 
 1.046277E-08 
 1.046014E-08 
 1.046099E-08 
 1.046008E-08 
 1.046034E-08 
 1.046041E-08 
 1.800000E+00 
-5.399683E-06 
-5.172882E-06 
-5.172882E-06 
-5.172891E-06 
-5.172882E-06 
-5.172882E-06 
-5.172882E-06 
-5.172882E-06 
-5.172882E-06 
 1.800000E+00 
-7.927593E-08 
 1.682608E-07 
 1.682608E-07 
 1.682611E-07 
 1.682608E-07 
 1.682609E-07 
 1.682605E-07 
 1.682608E-07 
 1.800004E+00 
 1.825419E-06 
 1.824271E-06 
 1.824271E-06 
 1.824270E-06 
 1.824270E-06 
 1.824270E-06 
 1.824271E-06 
 1.824268E-06 
 1.800000E+00 
 2.076639E-06 
 6.090817E-09 
 6.090928E-09 
 6.090817E-09 
 6.090873E-09 
 6.090946E-09 
 6.090892E-09 
 6.090915E-09 
 1.800004E+00 
 8.077906E-07 
 6.106499E-09 
 6.107425E-09 
 6.107429E-09 
 6.107437E-09 
 6.107476E-09 
 6.107445E-09 
 6.119232E-09 
 1.800000E+00 
 1.456355E-07 
 1.536123E-07 
 1.536123E-07 
 1.536124E-07 
 1.536123E-07 
 1.536123E-07 
 1.536123E-07 
 1.536199E-07 
 1.800000E+00 
-2.972462E-07 
 1.941793E-08 
 1.941129E-08 
 1.941790E-08 
 1.941766E-08 
 1.941949E-08 
 1.941778E-08 
 1.800000E+00 
 4.095160E-06 
-3.709589E-08 
-3.709597E-08 
-3.709588E-08 
-3.709592E-08 
-3.709591E-08 
-3.709616E-08 
-3.709608E-08 
-3.709579E-08 
 1.800003E+00 
-1.394129E-06 
 6.728223E-09 
 6.728273E-09 
 6.728269E-09 
 6.728240E-09 
 6.728261E-09 
 1.800007E+00 
 1.255999E-06 
 1.255810E-06 
 1.255810E-06 
 1.255810E-06 
 1.255808E-06 
 1.255810E-06 
 1.255810E-06 
 1.255810E-06 
 1.255810E-06 
 1.800000E+00 
 1.222611E-06 
 1.217296E-06 
 1.217296E-06 
 1.217297E-06 
 1.217297E-06 
 1.217296E-06 
 1.800000E+00 
-2.621888E-07 
-2.740221E-07 
-2.740222E-07 
-2.740221E-07 
-2.740221E-07 
-2.740223E-07 
-2.739756E-07 
-2.740236E-07 
 1.800000E+00 
 3.294688E-08 
 3.295716E-08 
 3.295376E-08 
 3.295413E-08 
 3.295394E-08 
 3.295382E-08 
 3.295386E-08 
 1.800000E+00 
-2.981702E-08 
-1.869399E-08 
-1.869407E-08 
-1.869399E-08 
-1.869299E-08 
-1.869405E-08 
-1.869402E-08 
 1.800000E+00 
-4.735107E-09 
-9.741519E-10 
-9.738262E-10 
-9.697001E-10 
-9.969604E-10 
-9.740901E-10 
 1.800000E+00 
-2.277806E-06 
-2.733809E-06 
-2.733785E-06 
-2.733809E-06 
-2.733809E-06 
-2.733809E-06 
-2.733809E-06 
-2.733810E-06 
-2.733808E-06 
 1.800000E+00 
-1.134417E-06 
 9.153584E-09 
 9.153484E-09 
 9.154567E-09 
 1.800000E+00 
 2.257964E-07 
 1.215992E-08 
 1.215954E-08 
 1.215953E-08 
 1.216030E-08 
 1.215947E-08 
 1.216015E-08 
 1.215953E-08 
 1.215951E-08 
 1.215952E-08 
 1.800000E+00 
-1.307846E-07 
-1.271587E-07 
 1.800000E+00 
 7.384790E-06 
-8.157049E-07 
-8.157043E-07 
-8.157047E-07 
-8.157050E-07 
-8.157050E-07 
-8.157052E-07 
-8.157050E-07 
-8.157050E-07 
-8.157050E-07 
-8.157051E-07 
-8.157051E-07 
 1.800000E+00 
 1.037156E-08 
 1.800000E+00 
 3.691570E-06 
 3.495129E-06 
 3.495129E-06 
 3.495129E-06 
 3.495129E-06 
 3.495129E-06 
 3.495130E-06 
 3.495129E-06 
 3.495128E-06 
 3.495128E-06 
 3.495128E-06 
 1.800000E+00 
 3.985535E-07 
 3.682370E-07 
 3.682372E-07 
 1.800000E+00 
 2.484167E-08 
 2.562299E-08 
 2.562379E-08 
 2.562363E-08 
 2.562377E-08 
 2.562379E-08 
 2.562376E-08 
 2.562377E-08 
 1.800000E+00 
-1.785839E-06 
-1.848269E-06 
-1.848268E-06 
-1.848268E-06 
-1.848268E-06 
 1.800000E+00 
-2.550304E-05 
-2.549710E-05 
-2.549710E-05 
-2.549710E-05 
-2.549710E-05 
-2.549710E-05 
 1.800007E+00 
 1.158189E-07 
 8.498811E-08 
 8.498725E-08 
 8.498810E-08 
 8.499015E-08 
 8.498739E-08 
 1.800000E+00 
-3.897293E-08 
-4.090613E-08 
-4.090608E-08 
-4.090614E-08 
-4.090622E-08 
-4.090704E-08 
 1.800006E+00 
 3.529806E-06 
-2.838060E-07 
-2.838055E-07 
-2.838055E-07 
-2.838055E-07 
 1.800000E+00 
 1.184839E-07 
 1.396733E-08 
 1.396729E-08 
 1.396733E-08 
 1.396732E-08 
 1.396936E-08 
 1.396730E-08 
 1.799998E+00 
 1.351988E-06 
 1.304197E-06 
 1.304197E-06 
 1.304198E-06 
 1.800000E+00 
-6.479363E-07 
 1.059160E-08 
 1.059127E-08 
 1.059206E-08 
 1.059135E-08 
 1.057661E-08 
 1.059133E-08 
 1.800000E+00 
 5.821060E-09 
 5.011991E-09 
 5.011867E-09 
 5.011875E-09 
 1.800001E+00 
 8.776230E-07 
 6.185027E-09 
 6.187991E-09 
 6.188007E-09 
 6.189038E-09 
 6.187869E-09 
 1.800000E+00 
 6.383151E-07 
 1.069840E-07 
 1.069841E-07 
 1.069840E-07 
 1.069841E-07 
 1.069818E-07 
 1.800000E+00 
 1.458159E-08 
 1.376815E-08 
 1.375597E-08 
 1.800000E+00 
 1.017068E-09 
 8.782864E-09 
 8.785015E-09 
 8.782676E-09 
 8.782885E-09 
 8.782882E-09 
 8.782220E-09 
 8.781843E-09 
 1.800000E+00 
-2.807330E-08 
 5.038168E-09 
 1.800001E+00 
 5.010617E-05 
 4.198450E-06 
 4.198450E-06 
 4.198451E-06 
 4.198450E-06 
 4.198450E-06 
 4.198451E-06 
 4.198444E-06 
 1.800000E+00 
 1.924274E-07 
-3.771459E-09 
-3.770411E-09 
 1.800007E+00 
 1.206255E-06 
 6.117072E-09 
 6.116558E-09 
 6.117019E-09 
 6.117984E-09 
 6.117109E-09 
 1.800000E+00 
-8.982400E-08 
-8.758094E-08 
-8.758113E-08 
 1.800000E+00 
-3.492467E-06 
-3.492100E-06 
-3.492100E-06 
-3.492100E-06 
-3.492100E-06 
-3.492100E-06 
-3.492103E-06 
 1.800000E+00 
 6.629391E-07 
 1.178067E-06 
 1.178071E-06 
 1.800000E+00 
 1.285819E-08 
 9.091099E-09 
 9.089387E-09 
 9.089570E-09 
 9.113512E-09 
 9.089674E-09 
 1.800002E+00 
 9.526759E-09 
 5.404717E-09 
 5.404123E-09 
 1.800000E+00 
-2.017143E-06 
-2.077884E-06 
-2.077885E-06 
-2.077885E-06 
-2.077884E-06 
-2.077884E-06 
 1.800000E+00 
-1.014374E-07 
 9.168869E-09 
 9.164530E-09 
 9.167861E-09 
 1.799999E+00 
 1.499180E-06 
 1.499956E-06 
 1.499956E-06 
 1.499957E-06 
 1.800001E+00 
-5.472468E-06 
-5.428533E-06 
-5.428533E-06 
-5.428533E-06 
 1.800000E+00 
 3.343199E-06 
-1.099558E-08 
-1.099555E-08 
-1.099550E-08 
-1.099559E-08 
-1.099468E-08 
 1.800000E+00 
-3.432724E-09 
-3.453783E-09 
 1.800000E+00 
-4.218202E-05 
-1.159640E-05 
-1.159639E-05 
-1.159640E-05 
-1.159640E-05 
-1.159640E-05 
 1.800000E+00 
-1.053069E-07 
-1.064347E-07 
-1.064347E-07 
-1.064549E-07 
 1.800000E+00 
-9.618201E-08 
 8.809592E-09 
 8.809062E-09 
 1.800000E+00 
 9.450101E-07 
 6.524902E-09 
 6.521273E-09 
 6.521787E-09 
 6.521686E-09 
 1.800000E+00 
 9.426356E-08 
 4.201015E-09 
 4.201005E-09 
 4.201026E-09 
 1.800000E+00 
-4.772817E-07 
-4.758177E-07 
-4.758174E-07 
 1.799997E+00 
 6.518424E-06 
 5.851722E-06 
 5.851721E-06 
 5.851722E-06 
 5.851725E-06 
 1.800000E+00 
-1.930450E-06 
-1.904402E-06 
-1.904402E-06 
-1.904402E-06 
 1.800000E+00 
 6.342855E-09 
 1.594699E-09 
 1.595057E-09 
 1.800001E+00 
 1.090876E-05 
 1.077583E-05 
 1.077583E-05 
 1.077583E-05 
 1.800001E+00 
-9.574437E-06 
-9.574419E-06 
-9.574424E-06 
-9.574419E-06 
 1.800001E+00 
 1.829169E-06 
 1.772006E-06 
 1.772007E-06 
 1.772006E-06 
 1.800000E+00 
 7.314473E-06 
 3.829864E-08 
 3.829892E-08 
 1.800000E+00 
-2.281874E-05 
-7.193411E-09 
-7.197599E-09 
-7.193520E-09 
-7.193522E-09 
 1.800000E+00 
 6.481362E-07 
 6.421030E-09 
 1.800000E+00 
-1.423228E-06 
-1.407822E-06 
-1.407822E-06 
-1.407822E-06 
 1.800004E+00 
 3.499208E-06 
 2.963409E-06 
 2.963409E-06 
 2.963408E-06 
 1.800000E+00 
-9.067571E-07 
 6.725563E-09 
 6.724645E-09 
 1.800000E+00 
 9.763060E-07 
 5.248650E-09 
 5.248708E-09 
 5.248893E-09 
 1.800000E+00 
 1.265087E-06 
 1.544802E-06 
 1.544803E-06 
 1.800000E+00 
 7.860599E-07 
 7.358779E-07 
 7.358771E-07 
 7.358757E-07 
 1.800000E+00 
-1.436067E-07 
 1.318878E-08 
 1.318904E-08 
 1.799999E+00 
-4.185454E-06 
 3.630941E-07 
 3.630941E-07 
 1.800002E+00 
-1.241266E-05 
-1.177406E-05 
-1.177407E-05 
-1.177406E-05 
 1.800000E+00 
 7.203763E-09 
 1.108534E-08 
 1.800000E+00 
 1.851811E-07 
-6.390623E-09 
-6.391857E-09 
-6.397952E-09 
-6.391909E-09 
 1.800000E+00 
 1.066380E-07 
 2.067835E-08 
 1.799996E+00 
-5.429425E-06 
-4.766322E-06 
-4.766322E-06 
-4.766322E-06 
 1.800006E+00 
 7.391155E-09 
 7.387074E-09 
 1.800000E+00 
 1.640710E-05 
 1.638347E-05 
 1.638347E-05 
 1.638347E-05 
 1.800002E+00 
 6.099834E-07 
 6.118453E-07 
 6.118456E-07 
 1.800000E+00 
-9.364620E-08 
 7.446815E-09 
 1.800000E+00 
-5.056254E-07 
 9.627034E-09 
 9.627136E-09 
 9.627248E-09 
 9.627118E-09 
 1.800000E+00 
 8.005425E-07 
 1.800000E+00 
 8.298629E-07 
 7.742203E-07 
 7.742203E-07 
 7.742203E-07 
 7.742209E-07 
 1.799998E+00 
 1.334293E-07 
 1.800000E+00 
 1.431584E-09 
 4.436060E-09 
 4.436204E-09 
 4.436031E-09 
 1.800000E+00 
 1.553698E-06 
-9.910811E-06 
-9.910810E-06 
 1.800000E+00 
-1.088790E-07 
 8.776137E-09 
 1.800000E+00 
 9.876119E-09 
 1.018815E-08 
 1.018982E-08 
 1.018815E-08 
 1.800000E+00 
 1.154516E-08 
 1.024579E-08 
 1.800000E+00 
 6.932815E-07 
 6.817041E-07 
 6.817043E-07 
 1.800000E+00 
-4.883830E-07 
-1.053390E-06 
-1.053392E-06 
 1.800000E+00 
-1.045240E-05 
-1.046177E-05 
-1.046177E-05 
 1.800000E+00 
 3.563879E-08 
 1.970412E-08 
 1.800002E+00 
-7.591850E-08 
-7.447874E-08 
-7.447873E-08 
 1.800000E+00 
-7.796022E-06 
-7.809402E-06 
-7.809402E-06 
 1.800000E+00 
 1.365801E-07 
-6.764156E-10 
 1.800000E+00 
-2.213306E-08 
-2.213304E-08 
-2.213301E-08 
 1.800000E+00 
-1.879695E-06 
 2.875560E-07 
 2.875560E-07 
 1.800000E+00 
 1.162362E-05 
 1.161311E-05 
 1.800000E+00 
 1.833657E-07 
 5.490872E-09 
 5.490860E-09 
 1.800000E+00 
-9.761082E-06 
-9.807837E-06 
-9.807837E-06 
 1.799996E+00 
 2.088628E-08 
 1.800001E+00 
 9.288703E-09 
 7.444984E-09 
 7.445023E-09 
 7.445022E-09 
 1.800000E+00 
-2.677637E-08 
-6.872909E-09 
 1.800000E+00 
 5.337243E-08 
 8.688797E-09 
 8.685529E-09 
 1.800000E+00 
 1.173503E-08 
 1.800004E+00 
-9.272326E-07 
 9.414615E-09 
 9.414666E-09 
 9.414674E-09 
 1.800000E+00 
 6.545929E-09 
 1.028896E-08 
 1.800001E+00 
 4.537781E-06 
 4.220372E-06 
 1.800000E+00 
-1.224412E-06 
-1.222397E-06 
-1.222398E-06 
 1.800000E+00 
 1.626120E-06 
 1.800007E+00 
-3.413747E-06 
-3.418284E-06 
-3.418285E-06 
-3.418284E-06 
 1.800000E+00 
 3.657887E-08 
 1.972758E-08 
 1.800000E+00 
-1.564316E-09 
 1.800000E+00 
 3.115950E-06 
-1.633544E-07 
-1.633545E-07 
-1.633544E-07 
 1.800000E+00 
-3.246411E-08 
 1.800000E+00 
 1.850332E-07 
 1.848005E-07 
 1.848010E-07 
 1.847648E-07 
 1.800000E+00 
 1.800000E+00 
 1.980419E-06 
 1.981016E-06 
 1.981014E-06 
 1.981015E-06 
 1.800000E+00 
-2.353840E-07 
 1.800000E+00 
 4.961515E-07 
 3.188692E-08 
 3.189226E-08 
 1.800000E+00 
 1.581285E-06 
 1.855139E-06 
 1.799998E+00 
-6.341178E-08 
-6.353535E-08 
 1.800000E+00 
-7.477838E-07 
 2.506852E-09 
 2.506419E-09 
 1.800000E+00 
 1.800001E+00 
-6.866005E-07 
 1.232344E-08 
 1.232468E-08 
 1.232515E-08 
 1.232443E-08 
 1.800000E+00 
 1.800000E+00 
-6.952532E-08 
 7.617045E-08 
 7.617039E-08 
 1.800000E+00 
 4.195671E-08 
-6.578870E-09 
 1.800000E+00 
 5.058390E-09 
 4.104398E-09 
 1.800000E+00 
 1.144077E-07 
 1.800000E+00 
-9.910980E-10 
 8.895546E-09 
 8.895558E-09 
 8.895434E-09 
 1.800000E+00 
-1.028180E-09 
 1.800000E+00 
 5.701626E-07 
 5.541095E-07 
 1.800000E+00 
-2.914257E-07 
-1.939955E-07 
 1.800000E+00 
 1.195050E-05 
-2.910435E-05 
 1.800000E+00 
-3.820414E-06 
-3.781641E-06 
 1.800000E+00 
-4.497838E-09 
 1.048935E-07 
 1.800000E+00 
-1.704684E-07 
 2.235835E-08 
 1.800000E+00 
-4.614711E-07 
 6.596334E-09 
 1.800000E+00 
-5.908567E-08 
-3.011930E-08 
 1.800000E+00 
 1.643668E-06 
 1.800004E+00 
 3.966094E-09 
-1.443559E-11 
-1.444554E-11 
 1.800000E+00 
 1.111689E-06 
 1.281615E-06 
 1.800000E+00 
 1.781495E-08 
 1.800000E+00 
-6.217580E-07 
-2.896058E-09 
 1.800000E+00 
 1.258092E-06 
 5.683757E-09 
 5.682855E-09 
 1.800000E+00 
 1.800000E+00 
-2.908736E-05 
-7.752726E-07 
-7.752727E-07 
 1.800000E+00 
 3.884785E-07 
 3.887506E-07 
 1.800000E+00 
 1.578678E-07 
 1.800000E+00 
 1.719312E-07 
 2.915318E-08 
 2.915351E-08 
 1.800000E+00 
 1.800000E+00 
 5.672302E-07 
-1.532020E-08 
-1.532026E-08 
-1.532027E-08 
 1.800000E+00 
 1.800000E+00 
 6.536354E-08 
 9.839993E-09 
 1.800000E+00 
 6.707418E-06 
 6.744029E-06 
 1.800000E+00 
-2.386215E-05 
-3.112445E-08 
 1.800000E+00 
 1.652603E-08 
 2.786861E-08 
 1.800001E+00 
-1.311114E-05 
 1.800000E+00 
 2.407119E-08 
 2.510347E-08 
 1.800000E+00 
 7.788358E-09 
 1.800000E+00 
 2.600219E-09 
 6.388857E-09 
 6.388870E-09 
 1.800000E+00 
 6.971377E-09 
 1.800000E+00 
-1.138850E-06 
 1.800000E+00 
 1.006545E-06 
 1.794108E-07 
 1.794102E-07 
 1.800000E+00 
 1.800000E+00 
 6.794780E-07 
 4.738305E-07 
 4.738319E-07 
 1.800002E+00 
 1.819858E-06 
 1.800000E+00 
 3.327960E-07 
 4.973551E-07 
 1.800000E+00 
-8.865412E-09 
-8.717006E-09 
 1.800000E+00 
 1.800000E+00 
-2.277938E-06 
-2.089900E-06 
-2.089900E-06 
 1.800001E+00 
-7.582417E-08 
 2.497670E-09 
 1.800000E+00 
 1.800000E+00 
 6.516070E-09 
 7.448811E-09 
 7.448874E-09 
 1.800000E+00 
 1.800000E+00 
-9.006509E-09 
 1.076177E-08 
 1.076765E-08 
 1.800001E+00 
 1.467145E-08 
 1.800000E+00 
-1.074691E-06 
 1.800000E+00 
 4.411414E-06 
-2.675912E-08 
 1.800000E+00 
 8.014147E-07 
 3.268671E-08 
 1.800000E+00 
 3.899624E-06 
 1.800000E+00 
 4.994137E-05 
 1.800000E+00 
-1.853260E-05 
 2.975947E-09 
 2.975944E-09 
 1.800000E+00 
 1.800000E+00 
 5.077572E-09 
 5.034135E-09 
 1.800000E+00 
 3.751835E-07 
 1.800000E+00 
 1.941358E-06 
-6.053192E-08 
 1.800000E+00 
 5.708055E-06 
 5.708921E-06 
 1.800000E+00 
 1.800000E+00 
 6.399882E-06 
-4.136185E-07 
-4.136184E-07 
 1.800000E+00 
 1.799996E+00 
 1.677500E-07 
-5.938053E-09 
 1.800000E+00 
-3.747659E-09 
 4.227756E-09 
 1.799999E+00 
 1.799998E+00 
-4.384665E-07 
-3.373614E-07 
-3.373614E-07 
 1.800000E+00 
 1.800000E+00 
 2.341528E-06 
 2.341883E-06 
 2.341883E-06 
 1.800008E+00 
 1.800000E+00 
-1.794506E-06 
-2.029819E-06 
 1.800007E+00 
-5.942042E-06 
 1.800000E+00 
 7.256683E-08 
 1.800000E+00 
 3.507456E-08 
-8.841440E-08 
 1.800000E+00 
 3.276587E-08 
 1.800000E+00 
-3.804351E-06 
-3.721023E-06 
 1.800000E+00 
 1.341806E-08 
 1.800000E+00 
 4.938571E-07 
 1.800000E+00 
-4.888687E-07 
 1.800000E+00 
 4.975498E-08 
 5.689078E-08 
 1.800006E+00 
 1.003557E-06 
 1.800000E+00 
-1.786517E-05 
-1.786355E-05 
 1.800000E+00 
 1.800000E+00 
 1.168873E-05 
-1.643747E-06 
 1.800000E+00 
-1.547575E-08 
 1.800008E+00 
 1.459211E-07 
 4.109120E-09 
 1.800000E+00 
 6.148540E-07 
 1.799999E+00 
 1.800000E+00 
 1.854970E-05 
-6.383145E-08 
-6.383123E-08 
 1.800000E+00 
 1.800000E+00 
 7.229765E-06 
 4.009665E-08 
 1.800005E+00 
 8.902769E-09 
 1.800000E+00 
 2.373408E-07 
 1.800000E+00 
 6.698726E-07 
 6.719242E-07 
 1.800000E+00 
 1.800000E+00 
 1.466696E-06 
 1.446566E-06 
 1.800000E+00 
 6.278574E-07 
 1.800000E+00 
-2.962306E-07 
 1.800000E+00 
 2.597203E-05 
 9.857221E-09 
 1.800000E+00 
 1.800000E+00 
-1.356564E-06 
 1.314739E-08 
 1.800000E+00 
 3.900133E-07 
 1.800000E+00 
 3.643975E-05 
 1.800000E+00 
 1.547723E-08 
 3.557299E-08 
 1.800000E+00 
 1.800000E+00 
 6.268704E-09 
 6.397223E-09 
 1.800000E+00 
 1.800000E+00 
-1.180148E-06 
-7.553080E-07 
 1.800000E+00 
 1.027758E-06 
 1.800000E+00 
 5.086122E-07 
 2.992625E-07 
 1.800000E+00 
 1.800000E+00 
-3.130126E-07 
 1.800000E+00 
-2.215379E-09 
 5.103076E-09 
 1.800000E+00 
 1.800000E+00 
-2.333777E-06 
-2.333691E-06 
 1.800000E+00 
-3.326686E-08 
 1.800000E+00 
 2.121032E-06 
 1.800000E+00 
 4.419749E-07 
 1.800007E+00 
-5.015169E-08 
 1.800000E+00 
 3.424429E-07 
 1.799998E+00 
 1.330600E-06 
 5.291741E-09 
 1.800007E+00 
 1.800000E+00 
 3.971229E-07 
 3.971221E-07 
 1.800007E+00 
 1.800000E+00 
-2.312307E-06 
-2.312295E-06 
 1.800000E+00 
 1.800000E+00 
-3.796848E-07 
-2.510437E-08 
 1.800000E+00 
 1.800000E+00 
-3.183231E-05 
-1.476578E-06 
 1.800001E+00 
 1.327493E-07 
 1.800000E+00 
 2.562804E-07 
 1.800000E+00 
 1.874970E-08 
 1.800000E+00 
 1.800000E+00 
 4.859070E-07 
 4.875784E-07 
 1.800000E+00 
 8.502485E-07 
 1.799999E+00 
 1.188859E-07 
 1.800000E+00 
 1.382366E-07 
 1.800000E+00 
 2.360876E-06 
 1.800000E+00 
-1.100210E-07 
 1.800000E+00 
 6.225550E-09 
 1.800000E+00 
 5.000338E-09 
 1.799999E+00 
 1.800006E+00 
 1.939462E-08 
 1.703582E-08 
 1.800000E+00 
 3.044366E-10 
 1.800000E+00 
-9.876201E-08 
 1.800000E+00 
-1.922059E-05 
 1.800000E+00 
 1.799998E+00 
-1.017073E-07 
-3.857610E-07 
 1.800000E+00 
 6.613899E-08 
 1.800000E+00 
 1.800000E+00 
-2.670129E-08 
 2.063318E-08 
 1.800000E+00 
 1.800000E+00 
 7.614049E-09 
 7.719807E-09 
 1.800000E+00 
 1.800000E+00 
 6.482971E-08 
 1.799996E+00 
-6.774134E-08 
 1.800000E+00 
 2.252333E-06 
 1.800000E+00 
 4.686986E-08 
 4.978864E-08 
 1.800000E+00 
 1.800000E+00 
 1.800000E+00 
-4.778598E-08 
-2.521635E-08 
 1.800000E+00 
 3.357113E-08 
 1.800000E+00 
 1.800000E+00 
-1.397858E-06 
 1.405448E-08 
 1.800000E+00 
 1.800001E+00 
 7.381149E-09 
 1.800000E+00 
 3.832846E-07 
 3.824450E-07 
 1.800000E+00 
 1.800000E+00 
 1.800000E+00 
-2.070439E-06 
 1.023206E-08 
 1.800000E+00 
-8.986851E-09 
 1.800000E+00 
 1.800000E+00 
-1.297277E-06 
 5.069159E-08 
 1.800005E+00 
 1.800000E+00 
 1.959192E-06 
 1.800000E+00 
-2.326875E-08 
 1.800000E+00 
 3.023564E-08 
 1.800000E+00 
 1.800000E+00 
 2.144048E-08 
 7.259344E-08 
 1.800000E+00 
 1.800000E+00 
 1.035361E-08 
 1.800000E+00 
 4.616385E-07 
 1.800000E+00 
 3.057916E-08 
 1.800005E+00 
-2.041498E-08 
 1.799999E+00 
 1.800000E+00 
-8.931627E-07 
-4.355717E-07 
 1.800000E+00 
 1.800000E+00 
 1.799999E+00 
 5.408527E-06 
-1.321782E-05 
 1.800000E+00 
-1.472186E-06 
 1.800005E+00 
 1.800000E+00 
-3.209317E-06 
 1.800000E+00 
-2.022710E-07 
 1.800007E+00 
-1.669381E-06 
 1.800000E+00 
-4.946987E-07 
 1.800000E+00 
 1.800000E+00 
 2.987175E-08 
 1.800000E+00 
-4.657094E-07 
 1.800001E+00 
 4.619848E-08 
 1.800000E+00 
 1.800000E+00 
-3.394972E-06 
 1.800000E+00 
 1.026201E-06 
 1.031544E-06 
 1.800000E+00 
 1.800000E+00 
 1.800000E+00 
-3.245781E-08 
 1.800000E+00 
 4.068070E-07 
 1.800006E+00 
 4.068783E-08 
 1.800000E+00 
 1.723157E-08 
 1.800000E+00 
 1.800000E+00 
 3.530009E-07 
 1.800000E+00 
 1.856872E-07 
 1.800000E+00 
 1.800000E+00 
-2.633555E-06 
-2.333705E-06 
 1.800000E+00 
 1.800000E+00 
 1.800000E+00 
 5.737892E-06 
-1.548276E-07 
 1.800000E+00 
 1.800000E+00 
-8.821067E-07 
 1.800000E+00 
-5.359470E-08 
 1.800000E+00 
 1.800000E+00 
 2.761482E-07 
 4.783258E-10 
 1.800000E+00 
 1.800000E+00 
 1.800000E+00 
 4.137027E-08 
 1.800000E+00 
 1.512509E-08 
 1.799999E+00 
-1.074679E-05 
 1.800000E+00 
 1.800000E+00 
 7.945382E-09 
 1.800000E+00 
-1.161283E-08 
 1.800000E+00 
 2.699271E-07 
 1.800000E+00 
 1.800000E+00 
 1.800000E+00 
-1.004738E-08 
-9.993739E-09 
 1.800000E+00 
 1.800000E+00 
 3.186027E-04 
 1.800003E+00 
 1.199997E-08 
 1.800000E+00 
 1.800001E+00 
-6.387634E-07 
 1.800000E+00 
-7.586523E-10 
 1.800000E+00 
 1.800000E+00 
 2.036723E-09 
 1.800000E+00 
-5.154345E-09 
 1.800000E+00 
 1.800000E+00 
-2.192600E-07 
 1.800000E+00 
 1.800003E+00 
 1.377605E-05 
 1.215006E-05 
 1.800000E+00 
 1.800000E+00 
 1.800000E+00 
 7.027844E-08 
 1.800000E+00 
 4.577492E-08 
 1.800000E+00 
 1.203066E-06 
 1.800000E+00 
 1.800000E+00 
 7.845022E-09 
 1.800000E+00 
 1.800000E+00 
 2.968902E-07 
 1.800000E+00 
-2.315782E-08 
 1.800007E+00 
 1.800000E+00 
 3.439621E-06 
 1.800000E+00 
 1.604453E-05 
 1.800000E+00 
 1.800000E+00 
 1.800000E+00 
 1.206269E-07 
 4.402774E-09 
 1.800000E+00 
 1.800000E+00 
 3.138702E-06 
 1.800000E+00 
 1.800005E+00 
-9.593419E-09 
 1.800000E+00 
 1.800004E+00 
 6.941486E-06 
 1.302656E-05 
 1.800000E+00 
 1.800000E+00 
 1.800000E+00 
 1.800000E+00 
 4.873292E-08 
 4.906760E-08 
 1.800000E+00 
 1.799999E+00 
 7.777150E-09 
 1.800000E+00 
 1.800000E+00 
-1.968253E-09 
 1.800000E+00 
 1.800000E+00 
 4.423703E-06 
 1.800000E+00 
-1.219213E-07 
 1.800000E+00 
 1.800000E+00 
 1.836443E-08 
 1.800001E+00 
 1.800000E+00 
-3.572909E-08 
 1.800005E+00 
 1.008251E-06 
 1.800000E+00 
 1.800001E+00 
 1.192745E-08 
 1.800000E+00 
 1.799998E+00 
-1.792973E-07 
 1.800000E+00 
 1.800000E+00 
 3.582478E-06 
 1.800000E+00 
 1.800000E+00 
-4.065917E-05 
 1.800000E+00 
 9.574900E-09 
 1.799999E+00 
 1.800000E+00 
 2.523581E-07 
 1.800000E+00 
 1.800000E+00 
 1.397854E-06 
 1.800000E+00 
 1.800000E+00 
 9.325372E-07 
 1.799999E+00 
-3.708020E-08 
 1.800000E+00 
 1.800000E+00 
 1.800001E+00 
-7.610851E-08 
 1.800000E+00 
 2.328856E-08 
 1.800000E+00 
 1.800000E+00 
 4.602077E-06 
 1.800000E+00 
 1.800000E+00 
 1.800000E+00 
-1.045302E-05 
-1.050394E-05 
 1.800000E+00 
 1.800000E+00 
 1.800000E+00 
-1.717437E-06 
 1.800006E+00 
 1.800000E+00 
-5.707730E-09 
 1.800000E+00 
 1.800000E+00 
-1.744676E-06 
 1.800000E+00 
 1.800000E+00 
 5.207413E-06 
 1.800000E+00 
 2.631159E-06 
 1.800000E+00 
 1.800000E+00 
 1.800000E+00 
 5.321913E-08 
 1.800000E+00 
 1.800000E+00 
 2.426947E-08 
 1.800000E+00 
-7.671383E-06 
 1.800000E+00 
 1.800000E+00 
 1.800000E+00 
-6.514841E-07 
 1.800000E+00 
 1.559711E-08 
 1.800000E+00 
 1.800000E+00 
 1.800000E+00 
 6.992430E-08 
 1.800000E+00 
 1.800000E+00 
 5.872407E-07 
 1.800000E+00 
 1.800000E+00 
-1.640335E-08 
 1.800000E+00 
 1.800000E+00 
 6.249793E-08 
 1.800000E+00 
 1.800000E+00 
 5.224868E-08 
 1.800000E+00 
 1.800000E+00 
 1.535603E-06 
 1.800000E+00 
 1.800000E+00 
-2.042068E-06 
 1.800000E+00 
 1.800010E+00 
-1.166029E-06 
 1.800000E+00 
 1.800000E+00 
 1.800000E+00 
-3.030568E-06 
 1.800000E+00 
 1.800007E+00 
-1.985591E-07 
 1.800000E+00 
-1.131892E-07 
 1.800000E+00 
 1.800000E+00 
 1.800000E+00 
 1.800000E+00 
 7.802395E-09 
 1.800000E+00 
-2.989294E-08 
 1.800000E+00 
 1.800001E+00 
 7.737276E-09 
 1.800000E+00 
 1.800000E+00 
 1.800000E+00 
 1.672731E-08 
 1.800001E+00 
 1.800000E+00 
 2.069113E-08 
 1.800000E+00 
 1.800000E+00 
 1.800000E+00 
-1.158663E-07 
 1.800000E+00 
 1.708938E-08 
 1.800000E+00 
 1.800000E+00 
 1.800000E+00 
 2.973340E-08 
 1.800000E+00 
 1.800000E+00 
 1.800000E+00 
 2.120606E-08 
 1.546118E-08 
 1.800000E+00 
 1.800000E+00 
 1.800000E+00 
 1.800000E+00 
 1.800000E+00 
-1.468554E-08 
 1.800000E+00 
-7.344019E-06 
 1.800000E+00 
 1.799999E+00 
 1.800000E+00 
-2.139615E-06 
 1.800001E+00 
 1.800000E+00 
 8.009363E-09 
 1.800000E+00 
 1.800000E+00 
 1.800000E+00 
-3.263911E-08 
 1.800000E+00 
 1.800000E+00 
 3.632516E-09 
 1.799999E+00 
 1.800000E+00 
 1.800001E+00 
-6.609078E-09 
 1.800003E+00 
 3.625661E-08 
 1.800000E+00 
 1.800000E+00 
 1.800000E+00 
 1.800000E+00 
 1.425585E-07 
 1.800000E+00 
 1.799999E+00 
 1.330999E-08 
 1.800000E+00 
 1.800000E+00 
 1.800000E+00 
 8.183670E-06 
 1.800006E+00 
 1.800000E+00 
-7.817194E-07 
 1.800000E+00 
 1.800000E+00 
 1.800000E+00 
-3.396294E-07 
 1.800000E+00 
 1.800000E+00 
 1.800000E+00 
-2.489441E-07 
 1.800000E+00 
-3.799356E-08 
 1.800000E+00 
 1.800000E+00 
 1.800000E+00 
 1.800000E+00 
 1.799997E+00 
 1.247981E-07 
 2.057840E-08 
 1.800000E+00 
 1.800000E+00 
 1.800000E+00 
 1.800000E+00 
 1.800000E+00 
-4.654441E-07 
 1.800000E+00 
 1.800000E+00 
 4.982401E-09 
 1.800000E+00 
 1.800007E+00 
-1.302486E-09 
 1.800000E+00 
 1.800000E+00 
 1.800000E+00 
 1.800000E+00 
 4.834326E-07 
 1.800000E+00 
 1.800000E+00 
-9.894929E-08 
 1.800000E+00 
 1.800000E+00 
 1.800000E+00 
-3.658038E-06 
 1.800000E+00 
 1.800000E+00 
 1.799999E+00 
 6.928157E-06 
 1.800000E+00 
 1.799999E+00 
-5.965134E-07 
 1.800002E+00 
 1.800002E+00 
 1.800002E+00 
 1.799999E+00 
 6.316786E-09 
 1.799996E+00 
 1.800000E+00 
 1.800000E+00 
 8.648249E-09 
 1.800000E+00 
 1.800000E+00 
 2.875398E-07 
 1.800007E+00 
 1.800007E+00 
 1.800000E+00 
 1.800000E+00 
 4.518400E-07 
 1.800000E+00 
 1.800000E+00 
 1.487165E-05 
 1.800000E+00 
 1.800000E+00 
 1.800000E+00 
 1.800000E+00 
 2.236391E-06 
 1.800000E+00 
 1.800000E+00 
 6.338904E-07 
 1.800000E+00 
 1.800000E+00 
 1.800000E+00 
 1.800000E+00 
 7.571073E-07 
 1.800000E+00 
 1.800000E+00 
-6.520828E-09 
 1.799999E+00 
 1.800000E+00 
 1.800000E+00 
 1.800000E+00 
 3.979076E-09 
 1.800000E+00 
 1.800000E+00 
 1.800000E+00 
-2.516883E-08 
 1.800000E+00 
 1.800000E+00 
 1.800000E+00 
 1.800000E+00 
 1.013717E-08 
 1.800000E+00 
 1.800000E+00 
-1.753318E-07 
 1.800000E+00 
 1.800000E+00 
 1.800000E+00 
 1.800000E+00 
 4.981517E-09 
 1.800000E+00 
 1.800000E+00 
 1.800000E+00 
 5.576213E-07 
 1.800000E+00 
 1.800000E+00 
 1.800000E+00 
-4.938023E-06 
 1.800000E+00 
 1.800000E+00 
 1.800000E+00 
 1.800000E+00 
 6.717813E-09 
 1.799999E+00 
 1.799998E+00 
 1.800000E+00 
 6.482874E-08 
 1.800002E+00 
 1.800000E+00 
 1.800000E+00 
-6.844251E-08 
 1.800000E+00 
 1.800000E+00 
 1.800000E+00 
 1.800000E+00 
 1.800000E+00 
 1.088830E-06 
 1.800007E+00 
 1.514255E-07 
 1.800000E+00 
 1.800000E+00 
 1.800000E+00 
 1.800000E+00 
 1.800000E+00 
 1.800000E+00 
-1.482071E-07 
 1.800000E+00 
 1.800000E+00 
 3.260077E-08 
 1.800000E+00 
 1.800000E+00 
 1.800000E+00 
 1.800000E+00 
 1.800000E+00 
 5.197762E-09 
 1.800007E+00 
 1.800000E+00 
-2.382243E-08 
 1.800000E+00 
 1.800000E+00 
 1.800000E+00 
 1.800000E+00 
 1.800000E+00 
 8.398888E-07 
 1.800000E+00 
 1.800000E+00 
 1.800000E+00 
-1.767160E-06 
 1.800000E+00 
 1.800000E+00 
 1.800000E+00 
 1.800000E+00 
 1.906594E-06 
 1.800000E+00 
 1.800000E+00 
 1.800000E+00 
 1.800000E+00 
 2.972354E-09 
 1.800000E+00 
 1.800000E+00 
 1.800000E+00 
 1.290933E-08 
 1.800000E+00 
 1.800000E+00 
 1.800000E+00 
 1.800000E+00 
 1.800000E+00 
 3.564304E-07 
 1.800000E+00 
 1.800000E+00 
 1.800000E+00 
 2.486094E-06 
 1.800000E+00 
 1.800000E+00 
 1.800000E+00 
 1.800000E+00 
-2.716010E-06 
 1.800000E+00 
 1.800000E+00 
 1.800000E+00 
 1.800000E+00 
 1.800000E+00 
 3.318489E-08 
 1.800000E+00 
 1.800000E+00 
 1.800000E+00 
-9.910406E-06 
 1.800000E+00 
 1.800000E+00 
 1.800000E+00 
 1.800000E+00 
 1.800000E+00 
 4.489385E-06 
 1.800000E+00 
 1.800000E+00 
 1.800000E+00 
-9.580548E-06 
 1.800000E+00 
 1.800000E+00 
 1.800000E+00 
 1.800000E+00 
 1.800001E+00 
-1.063099E-07 
 1.800000E+00 
 1.800000E+00 
 1.800000E+00 
 1.800000E+00 
 1.190097E-05 
 1.800000E+00 
 1.800000E+00 
 1.800000E+00 
 1.800000E+00 
 1.800000E+00 
-1.961251E-07 
 1.800000E+00 
 1.799999E+00 
 1.800000E+00 
-5.791454E-08 
 1.799999E+00 
 1.800000E+00 
 1.800000E+00 
 1.800000E+00 
 1.800000E+00 
 1.800000E+00 
-2.863985E-08 
 1.800000E+00 
 1.800000E+00 
 1.500280E-09 
 1.800000E+00 
 1.800000E+00 
 1.800000E+00 
 1.800000E+00 
 1.800000E+00 
 1.800000E+00 
 1.800000E+00 
 8.437023E-09 
 1.800000E+00 
 1.800000E+00 
 1.799999E+00 
 1.800000E+00 
 9.239273E-08 
 1.800007E+00 
 1.800000E+00 
 1.800000E+00 
 1.800000E+00 
 1.731557E-05 
 1.800000E+00 
 1.800000E+00 
 1.800000E+00 
 1.800000E+00 
 1.800000E+00 
 2.833941E-07 
 1.800000E+00 
 1.800000E+00 
 1.800000E+00 
 1.800000E+00 
-9.006792E-08 
 1.800000E+00 
 1.800000E+00 
 1.800000E+00 
 1.800000E+00 
 1.800000E+00 
 1.800004E+00 
 2.613841E-08 
 1.800000E+00 
 1.800000E+00 
 1.800000E+00 
 1.800000E+00 
-1.341550E-08 
 1.800000E+00 
 1.800000E+00 
 1.800000E+00 
 1.800000E+00 
 1.800000E+00 
 4.846869E-09 
 1.800008E+00 
 1.800008E+00 
 1.800008E+00 
 1.800008E+00 
 1.800008E+00 
 1.800000E+00 
 2.525308E-07 
 1.800000E+00 
 1.800000E+00 
 1.800000E+00 
-6.828449E-08 
 1.800000E+00 
 1.800000E+00 
 1.800000E+00 
 1.800000E+00 
 1.800000E+00 
 1.800000E+00 
 1.800000E+00 
-1.659897E-08 
 1.800000E+00 
 1.800000E+00 
 1.800000E+00 
 1.800000E+00 
 1.800007E+00 
 1.646217E-07 
 1.800000E+00 
 1.800000E+00 
 1.800000E+00 
 1.800001E+00 
 1.292825E-06 
 1.800000E+00 
 1.800000E+00 
 1.800000E+00 
 1.800000E+00 
 1.800000E+00 
 1.800000E+00 
 5.858661E-07 
 1.800000E+00 
 1.800000E+00 
 1.800000E+00 
 1.800000E+00 
 1.800000E+00 
 1.800001E+00 
-3.306125E-07 
 1.800001E+00 
 1.800001E+00 
 1.800001E+00 
 1.800000E+00 
 1.197044E-07 
 1.800000E+00 
 1.800000E+00 
 1.800000E+00 
 1.800000E+00 
 1.800000E+00 
 1.800000E+00 
 1.800000E+00 
-3.845964E-07 
 1.800000E+00 
 1.800000E+00 
 1.800000E+00 
 1.800000E+00 
 1.800000E+00 
-3.905550E-08 
 1.800003E+00 
 1.800003E+00 
 1.800003E+00 
 1.800003E+00 
 1.800000E+00 
 1.800000E+00 
 1.514374E-05 
 1.800000E+00 
 1.800000E+00 
 1.800000E+00 
 1.800000E+00 
 1.800000E+00 
-3.039789E-08 
 1.800000E+00 
 1.800000E+00 
 1.800000E+00 
 1.800000E+00 
 1.800000E+00 
 1.800000E+00 
 1.800000E+00 
 1.394193E-07 
 1.800000E+00 
 1.800000E+00 
 1.800000E+00 
 1.800000E+00 
 6.683388E-09 
 1.800000E+00 
 1.800000E+00 
 1.800000E+00 
 1.800000E+00 
 1.800000E+00 
 1.800000E+00 
 1.800000E+00 
 1.800002E+00 
 1.186797E-09 
 1.800000E+00 
 1.800000E+00 
 1.800000E+00 
 1.800000E+00 
 1.799997E+00 
-6.907547E-09 
 1.800000E+00 
 1.800000E+00 
 1.800000E+00 
 1.800000E+00 
 1.800000E+00 
 1.800000E+00 
 1.800000E+00 
-9.730570E-06 
 1.800000E+00 
 1.800000E+00 
 1.800000E+00 
 1.800000E+00 
 1.799997E+00 
 1.800000E+00 
 4.602528E-09 
 1.800000E+00 
 1.800000E+00 
 1.800000E+00 
 1.800000E+00 
 1.800000E+00 
 1.800001E+00 
 2.603855E-08 
 1.800000E+00 
 1.800000E+00 
 1.800000E+00 
 1.800000E+00 
 1.800000E+00 
 1.800000E+00 
 8.961438E-08 
 1.800000E+00 
 1.800000E+00 
 1.800000E+00 
 1.800000E+00 
 1.800000E+00 
 1.800000E+00 
 1.800000E+00 
 1.800000E+00 
-1.285799E-05 
 1.800000E+00 
 1.800000E+00 
 1.800000E+00 
 1.800003E+00 
 1.800000E+00 
 6.852066E-07 
 1.800000E+00 
 1.800000E+00 
 1.800000E+00 
 1.800000E+00 
 1.800000E+00 
 1.800000E+00 
 1.800000E+00 
 1.800000E+00 
 1.135947E-05 
 1.800000E+00 
 1.800000E+00 
 1.800000E+00 
 1.800000E+00 
 1.800001E+00 
 1.800000E+00 
 2.844398E-07 
 1.800000E+00 
 1.800000E+00 
 1.800000E+00 
 1.800000E+00 
 1.800000E+00 
 1.800000E+00 
 1.800000E+00 
 6.793653E-09 
 1.800000E+00 
 1.800000E+00 
 1.800000E+00 
 1.800000E+00 
 1.800000E+00 
 1.800000E+00 
 1.800000E+00 
 1.800001E+00 
 2.483282E-07 
 1.800000E+00 
 1.800000E+00 
 1.800000E+00 
 1.800000E+00 
 1.800000E+00 
-2.513854E-06 
 1.800000E+00 
 1.800000E+00 
 1.800000E+00 
 1.800000E+00 
 1.800000E+00 
 1.800000E+00 
 1.800000E+00 
 1.800000E+00 
 1.800000E+00 
 1.800000E+00 
-1.614800E-08 
 1.799999E+00 
 1.800000E+00 
 1.800000E+00 
 1.800000E+00 
 1.800000E+00 
-8.347221E-07 
 1.800000E+00 
 1.800000E+00 
 1.800000E+00 
 1.800000E+00 
 1.800000E+00 
 1.800000E+00 
 1.800000E+00 
 1.799998E+00 
 1.800000E+00 
 7.079395E-09 
 1.800000E+00 
 1.800000E+00 
 1.800000E+00 
 1.799997E+00 
 1.800000E+00 
 1.800000E+00 
 7.541081E-08 
 1.800000E+00 
 1.800000E+00 
 1.800000E+00 
 1.800000E+00 
 1.800000E+00 
 1.800000E+00 
 1.800000E+00 
 1.800000E+00 
 1.800000E+00 
-2.101399E-06 
 1.800000E+00 
 1.800000E+00 
 1.800000E+00 
 1.800000E+00 
 1.800000E+00 
 1.800001E+00 
-6.203892E-06 
 1.800000E+00 
 1.800000E+00 
 1.800000E+00 
 1.800000E+00 
 1.800000E+00 
 1.800000E+00 
 1.800000E+00 
 1.800000E+00 
 1.800000E+00 
 1.799999E+00 
 4.065593E-08 
 1.800000E+00 
 1.800000E+00 
 1.800000E+00 
 1.800000E+00 
 1.800000E+00 
 1.800000E+00 
-2.608131E-06 
 1.800000E+00 
 1.800000E+00 
 1.800000E+00 
 1.800000E+00 
 1.800000E+00 
 1.800000E+00 
 1.800000E+00 
 1.800000E+00 
 1.800000E+00 
 1.699290E-08 
 1.800000E+00 
 1.800000E+00 
 1.800000E+00 
 1.800000E+00 
 1.800000E+00 
 1.800000E+00 
 1.800000E+00 
 1.800007E+00 
 7.531713E-06 
 1.800000E+00 
 1.800000E+00 
 1.800000E+00 
 1.800000E+00 
 1.800000E+00 
 1.800000E+00 
 1.800000E+00 
 1.800000E+00 
-7.773810E-07 
 1.800000E+00 
 1.800000E+00 
 1.800000E+00 
 1.800000E+00 
 1.800000E+00 
 1.800000E+00 
 1.800000E+00 
 1.799998E+00 
 8.166663E-08 
 1.799999E+00 
 1.800000E+00 
 1.800000E+00 
 1.800000E+00 
 1.800000E+00 
 1.800000E+00 
 1.800000E+00 
 1.800000E+00 
 1.800001E+00 
 6.842755E-06 
 1.800000E+00 
 1.800000E+00 
 1.800000E+00 
 1.800000E+00 
 1.800000E+00 
 1.800000E+00 
 1.800000E+00 
 1.800000E+00 
 8.300401E-09 
 1.800000E+00 
 1.800000E+00 
 1.800000E+00 
 1.800000E+00 
 1.800000E+00 
 1.800000E+00 
 1.800000E+00 
 1.800002E+00 
 3.273088E-09 
 1.800000E+00 
 1.800000E+00 
 1.800000E+00 
 1.800000E+00 
 1.800000E+00 
 1.800000E+00 
 1.800000E+00 
 1.800000E+00 
 1.800000E+00 
 1.800000E+00 
 6.302573E-08 
 1.800000E+00 
 1.800000E+00 
 1.800000E+00 
 1.800000E+00 
 1.800000E+00 
 1.800000E+00 
 1.800001E+00 
 3.121828E-08 
 1.800000E+00 
 1.800000E+00 
 1.800000E+00 
 1.800000E+00 
 1.800000E+00 
 1.800000E+00 
 1.800000E+00 
 1.800000E+00 
 1.800000E+00 
 1.800000E+00 
-3.557533E-06 
 1.800000E+00 
 1.800000E+00 
 1.800000E+00 
 1.800000E+00 
 1.800000E+00 
 1.800000E+00 
 1.800000E+00 
 1.800000E+00 
 1.800000E+00 
-1.635142E-08 
 1.800000E+00 
 1.800000E+00 
 1.800000E+00 
 1.800000E+00 
 1.800000E+00 
 1.800000E+00 
 1.800005E+00 
 9.037219E-06 
 1.800000E+00 
 1.800000E+00 
 1.800000E+00 
 1.800000E+00 
 1.800000E+00 
 1.800000E+00 
 1.800000E+00 
 1.800000E+00 
 1.800000E+00 
 1.800000E+00 
 1.800000E+00 
 1.579072E-07 
 1.800000E+00 
 1.800000E+00 
 1.800000E+00 
 1.800000E+00 
 1.800000E+00 
 1.800000E+00 
 1.800000E+00 
 1.800004E+00 
 4.878917E-07 
 1.800000E+00 
 1.800000E+00 
 1.800000E+00 
 1.800000E+00 
 1.800000E+00 
 1.800000E+00 
 1.800000E+00 
 1.800000E+00 
 1.800000E+00 
-1.864167E-09 
 1.800000E+00 
 1.800000E+00 
 1.800000E+00 
 1.800000E+00 
 1.800000E+00 
 1.800000E+00 
 1.800000E+00 
 1.800000E+00 
 1.800000E+00 
 7.504077E-09 
 1.800000E+00 
 1.800000E+00 
 1.800000E+00 
 1.800000E+00 
 1.800000E+00 
 1.800000E+00 
 1.800000E+00 
 1.800000E+00 
 1.800000E+00 
 1.800000E+00 
 1.735770E-08 
 1.800000E+00 
 1.800000E+00 
 1.800000E+00 
 1.800000E+00 
 1.800000E+00 
 1.800000E+00 
 1.800000E+00 
 4.369771E-07 
 1.800000E+00 
 1.800000E+00 
 1.800000E+00 
 1.800000E+00 
 1.800000E+00 
 1.800000E+00 
 1.800000E+00 
 1.800000E+00 
 1.800000E+00 
 1.800000E+00 
 1.800000E+00 
 1.800000E+00 
-3.671744E-05 
 1.800000E+00 
 1.800000E+00 
 1.800000E+00 
 1.800000E+00 
 1.800007E+00 
 1.800000E+00 
 9.128385E-06 
 1.800000E+00 
 1.800000E+00 
 1.800000E+00 
 1.800000E+00 
 1.800000E+00 
 1.800000E+00 
 1.800000E+00 
 1.800000E+00 
 1.800000E+00 
 1.800000E+00 
 1.800000E+00 
-1.252267E-08 
 1.800000E+00 
 1.800000E+00 
 1.800000E+00 
 1.800000E+00 
 1.800000E+00 
 1.800000E+00 
 1.800000E+00 
 1.800000E+00 
 1.800000E+00 
-3.152297E-07 
 1.800000E+00 
 1.800000E+00 
 1.800000E+00 
 1.800000E+00 
 1.800000E+00 
 1.800000E+00 
 1.800000E+00 
 1.800000E+00 
 2.021005E-07 
 1.800000E+00 
 1.800000E+00 
 1.800000E+00 
 1.800000E+00 
 1.800000E+00 
 1.800000E+00 
 1.800000E+00 
 1.800000E+00 
 1.800000E+00 
 1.800000E+00 
-2.094794E-08 
 1.800000E+00 
 1.800000E+00 
 1.800000E+00 
 1.800000E+00 
 1.800000E+00 
 1.800000E+00 
 1.800000E+00 
 1.800000E+00 
-1.039709E-05 
 1.800000E+00 
 1.800000E+00 
 1.800000E+00 
 1.800000E+00 
 1.800000E+00 
 1.800000E+00 
 1.800000E+00 
 1.800000E+00 
 1.800000E+00 
 1.800001E+00 
-9.445054E-07 
 1.800000E+00 
 1.800000E+00 
 1.800000E+00 
 1.800000E+00 
 1.800000E+00 
 1.800000E+00 
 1.800000E+00 
 1.800002E+00 
-9.622300E-07 
 1.800000E+00 
 1.800000E+00 
 1.800000E+00 
 1.800000E+00 
 1.800000E+00 
 1.800000E+00 
 1.800000E+00 
 1.800000E+00 
 1.800000E+00 
 1.800002E+00 
-2.434115E-07 
 1.800008E+00 
 1.800007E+00 
 1.800007E+00 
 1.800007E+00 
 1.800007E+00 
 1.800007E+00 
 1.800000E+00 
 1.800000E+00 
 9.943931E-07 
 1.800000E+00 
 1.800000E+00 
 1.800000E+00 
 1.800000E+00 
 1.800000E+00 
 1.800000E+00 
 1.800000E+00 
 1.800000E+00 
 2.841205E-07 
 1.800000E+00 
 1.800000E+00 
 1.800000E+00 
 1.800000E+00 
 1.800000E+00 
 1.800000E+00 
 1.800000E+00 
 1.800000E+00 
 1.800000E+00 
 1.800000E+00 
 7.950526E-09 
 1.800000E+00 
 1.800000E+00 
 1.800000E+00 
 1.800000E+00 
 1.800000E+00 
 1.800000E+00 
 1.800000E+00 
 1.800000E+00 
 1.382392E-08 
 1.800000E+00 
 1.800000E+00 
 1.800000E+00 
 1.800000E+00 
 1.800000E+00 
 1.800000E+00 
 1.800000E+00 
 1.800000E+00 
 1.800000E+00 
 2.679464E-06 
 1.799999E+00 
 1.799999E+00 
 1.799999E+00 
 1.799999E+00 
 1.799999E+00 
 1.800000E+00 
 1.800000E+00 
 3.029860E-09 
 1.800005E+00 
 1.800005E+00 
 1.800005E+00 
 1.800005E+00 
 1.800005E+00 
 1.800005E+00 
 1.800005E+00 
 1.800005E+00 
 1.800005E+00 
 1.800000E+00 
 1.509472E-06 
 1.800000E+00 
 1.800000E+00 
 1.800000E+00 
 1.800000E+00 
 1.800000E+00 
 1.800000E+00 
 1.800000E+00 
-8.451006E-08 
 1.800000E+00 
 1.800000E+00 
 1.800000E+00 
 1.800000E+00 
 1.800000E+00 
 1.800000E+00 
 1.800000E+00 
 1.800000E+00 
 1.800007E+00 
 7.011232E-09 
 1.800000E+00 
 1.800000E+00 
 1.800000E+00 
 1.800000E+00 
 1.800000E+00 
 1.800000E+00 
 1.800000E+00 
 1.800000E+00 
-1.282649E-06 
 1.800000E+00 
 1.800000E+00 
 1.800000E+00 
 1.800000E+00 
 1.800000E+00 
 1.800000E+00 
 1.800000E+00 
 7.197384E-09 
 1.800000E+00 
 1.800000E+00 
 1.800000E+00 
 1.800000E+00 
 1.800000E+00 
 1.800000E+00 
 1.800000E+00 
 1.800000E+00 
 1.800000E+00 
 7.440823E-07 
 1.800000E+00 
 1.800000E+00 
 1.800000E+00 
 1.800000E+00 
 1.800000E+00 
 1.800000E+00 
 1.800000E+00 
 1.800000E+00 
 3.767307E-08 
 1.800000E+00 
 1.800000E+00 
 1.800000E+00 
 1.800000E+00 
 1.800000E+00 
 1.800000E+00 
 8.812022E-09 
 1.800006E+00 
 1.800007E+00 
 1.800007E+00 
 1.800007E+00 
 1.800007E+00 
 1.800007E+00 
 1.800007E+00 
 1.800007E+00 
 1.800002E+00 
-1.155022E-05 
 1.800000E+00 
 1.800000E+00 
 1.800000E+00 
 1.800000E+00 
 1.800000E+00 
 1.800000E+00 
 1.800000E+00 
-1.771671E-08 
 1.800000E+00 
 1.800000E+00 
 1.800000E+00 
 1.800000E+00 
 1.800000E+00 
 1.800000E+00 
 1.800000E+00 
 1.800000E+00 
-3.378785E-07 
 1.800000E+00 
 1.800000E+00 
 1.800000E+00 
 1.800000E+00 
 1.800000E+00 
 1.800000E+00 
 7.750484E-09 
 1.800000E+00 
 1.800000E+00 
 1.800000E+00 
 1.800000E+00 
 1.800000E+00 
 1.800000E+00 
 1.800000E+00 
 1.800000E+00 
 1.800000E+00 
-7.262677E-07 
 1.800000E+00 
 1.800000E+00 
 1.800000E+00 
 1.799999E+00 
-2.373223E-05 
 1.799998E+00 
 1.799998E+00 
 1.799998E+00 
 1.799998E+00 
 1.799998E+00 
 1.799998E+00 
 1.799998E+00 
 1.799998E+00 
 1.799998E+00 
 1.799998E+00 
 1.800000E+00 
-1.368648E-06 
 1.800000E+00 
 1.800002E+00 
 1.800000E+00 
-3.238800E-08 
 1.800000E+00 
 1.800000E+00 
 1.800000E+00 
 1.800000E+00 
 1.800000E+00 
 1.800000E+00 
 1.800000E+00 
 1.800000E+00 
 1.800000E+00 
 1.800000E+00 
 3.550375E-07 
 1.800000E+00 
 1.800000E+00 
 1.800000E+00 
 1.800000E+00 
 1.800000E+00 
 1.358999E-07 
 1.800000E+00 
 1.800000E+00 
 1.800000E+00 
 1.800000E+00 
 1.800000E+00 
 1.800000E+00 
 1.800000E+00 
 2.596359E-08 
 1.800000E+00 
 1.800000E+00 
 1.800000E+00 
 1.800000E+00 
 1.800000E+00 
 1.800000E+00 
 1.800001E+00 
 2.072634E-08 
 1.800000E+00 
 1.800000E+00 
 1.800000E+00 
 1.799999E+00 
 1.800000E+00 
 1.091273E-07 
 1.800000E+00 
 1.800000E+00 
 1.800000E+00 
 1.800000E+00 
 1.800000E+00 
 1.800000E+00 
 1.800000E+00 
 1.800000E+00 
 2.542901E-07 
 1.800000E+00 
 1.800000E+00 
 1.800000E+00 
 1.800000E+00 
 1.800000E+00 
-5.205656E-06 
 1.799999E+00 
 1.799999E+00 
 1.799999E+00 
 1.799999E+00 
 1.799999E+00 
 1.799999E+00 
 1.800000E+00 
 3.050841E-08 
 1.800000E+00 
 1.800000E+00 
 1.800000E+00 
 1.800000E+00 
 1.800000E+00 
 1.800001E+00 
-6.776456E-07 
 1.800000E+00 
 1.800000E+00 
 1.800000E+00 
 1.800003E+00 
 1.800009E+00 
 4.768758E-08 
 1.800000E+00 
 1.800000E+00 
 1.800000E+00 
 1.800000E+00 
 1.800000E+00 
 1.800000E+00 
 1.800000E+00 
 1.314460E-08 
 1.800001E+00 
 1.800001E+00 
 1.800001E+00 
 1.800001E+00 
 1.800007E+00 
-1.238525E-05 
 1.800004E+00 
 1.800004E+00 
 1.800004E+00 
 1.800004E+00 
 1.800004E+00 
 1.800000E+00 
 1.800000E+00 
 1.489526E-08 
 1.800000E+00 
 1.800000E+00 
 1.800000E+00 
 1.800000E+00 
 6.409884E-07 
 1.800000E+00 
 1.800000E+00 
 1.800000E+00 
 1.800000E+00 
 1.800000E+00 
 1.800000E+00 
 1.800000E+00 
 2.219152E-06 
 1.800000E+00 
 1.800000E+00 
 1.799999E+00 
 1.799999E+00 
-9.887535E-09 
 1.800000E+00 
 1.800000E+00 
 1.800000E+00 
 1.800000E+00 
 1.800000E+00 
 1.800000E+00 
 1.800000E+00 
-1.188700E-06 
 1.800000E+00 
 1.800000E+00 
 1.800000E+00 
 1.800000E+00 
 1.800003E+00 
 1.531626E-05 
 1.799998E+00 
 1.799998E+00 
 1.800000E+00 
 1.800000E+00 
-7.043920E-08 
 1.800004E+00 
 1.800004E+00 
 1.800004E+00 
 1.800004E+00 
 1.800004E+00 
 1.800004E+00 
 1.800000E+00 
 9.288860E-07 
 1.800000E+00 
 1.800000E+00 
 1.800000E+00 
 1.800000E+00 
 1.123794E-07 
 1.800002E+00 
 1.800002E+00 
 1.800002E+00 
 1.800002E+00 
 1.800002E+00 
 1.800003E+00 
 1.348421E-07 
 1.800000E+00 
 1.800000E+00 
 1.800000E+00 
 1.800000E+00 
 2.680843E-09 
 1.800000E+00 
 1.800000E+00 
 1.800000E+00 
 1.800000E+00 
 1.800000E+00 
 1.800000E+00 
-2.089831E-08 
 1.800000E+00 
 1.800000E+00 
 1.800000E+00 
 1.800000E+00 
 3.394904E-08 
 1.800000E+00 
 1.800000E+00 
 1.800000E+00 
 1.800000E+00 
 1.800000E+00 
-3.210833E-07 
 1.800000E+00 
 1.800000E+00 
 1.800000E+00 
 1.800000E+00 
 1.800000E+00 
 1.996355E-06 
 1.800000E+00 
 1.800000E+00 
 1.800000E+00 
 1.800000E+00 
 1.800006E+00 
-1.127877E-09 
 1.800000E+00 
 1.800000E+00 
 1.800000E+00 
 1.800001E+00 
 5.719215E-08 
 1.800000E+00 
 1.800000E+00 
 1.800000E+00 
 1.800000E+00 
 1.800000E+00 
-4.747101E-07 
 1.799997E+00 
 1.799997E+00 
 1.799997E+00 
 1.800000E+00 
 1.800000E+00 
 3.029318E-08 
 1.800001E+00 
 1.800000E+00 
 1.800000E+00 
 7.582412E-09 
 1.800000E+00 
 1.800000E+00 
 1.800000E+00 
 1.800000E+00 
 1.800000E+00 
 1.800000E+00 
 4.141461E-08 
 1.800000E+00 
 1.800000E+00 
 1.800000E+00 
 1.800000E+00 
-5.661650E-07 
 1.800000E+00 
 1.800000E+00 
 1.800000E+00 
 1.800006E+00 
 1.778302E-06 
 1.800000E+00 
 1.800000E+00 
 1.800000E+00 
 1.800000E+00 
 3.140855E-11 
 1.800000E+00 
 1.800000E+00 
 1.800000E+00 
 1.800000E+00 
 1.800000E+00 
 5.818916E-08 
 1.800000E+00 
 1.800000E+00 
 1.800000E+00 
 1.799998E+00 
 2.985865E-08 
 1.800000E+00 
 1.800000E+00 
 1.800000E+00 
 1.800000E+00 
-2.287979E-07 
 1.800000E+00 
 1.800000E+00 
 1.800007E+00 
 1.800000E+00 
 3.418682E-08 
 1.800000E+00 
 1.800000E+00 
 1.800000E+00 
 1.800000E+00 
-1.174340E-06 
 1.800000E+00 
 1.800000E+00 
 1.800000E+00 
 1.800000E+00 
 1.259249E-05 
 1.800000E+00 
 1.800000E+00 
 1.800000E+00 
 1.800000E+00 
 2.950573E-07 
 1.800000E+00 
 1.800000E+00 
 1.800000E+00 
 1.800000E+00 
 7.304480E-07 
 1.800000E+00 
 1.800000E+00 
 1.800000E+00 
 1.800000E+00 
-3.689025E-06 
 1.800000E+00 
 1.800000E+00 
 1.800001E+00 
 1.103446E-08 
 1.800000E+00 
 1.800000E+00 
 1.800000E+00 
 1.800000E+00 
 1.800000E+00 
-2.632337E-08 
 1.800000E+00 
 1.800000E+00 
 1.800007E+00 
-1.670892E-07 
 1.799999E+00 
 1.799999E+00 
 1.800001E+00 
 1.800000E+00 
-2.086234E-07 
 1.800000E+00 
 1.800000E+00 
 1.800000E+00 
 1.826533E-06 
 1.800000E+00 
 1.799999E+00 
 1.799999E+00 
 1.799999E+00 
 1.800000E+00 
 1.311673E-08 
 1.800000E+00 
 1.800000E+00 
 9.699664E-08 
 1.800000E+00 
 1.800000E+00 
 1.800000E+00 
 1.800000E+00 
 1.800000E+00 
 2.042946E-06 
 1.799998E+00 
 1.800000E+00 
 5.560440E-06 
 1.800018E+00 
 1.800018E+00 
 1.800018E+00 
 1.800018E+00 
 1.800000E+00 
-9.814980E-07 
 1.800000E+00 
 1.800000E+00 
 1.434839E-08 
 1.800000E+00 
 1.800000E+00 
 1.800000E+00 
 1.800000E+00 
 1.800000E+00 
 3.478556E-08 
 1.800000E+00 
 1.800000E+00 
 5.499912E-09 
 1.800000E+00 
 1.800000E+00 
 1.800000E+00 
 1.800000E+00 
 9.988701E-07 
 1.799999E+00 
 1.799999E+00 
 1.800000E+00 
 8.280036E-09 
 1.800001E+00 
 1.800001E+00 
 1.800001E+00 
 1.799999E+00 
 1.326792E-05 
 1.800000E+00 
 1.800000E+00 
-2.584156E-07 
 1.800000E+00 
 1.800000E+00 
 1.800000E+00 
 1.800000E+00 
 1.800000E+00 
-5.596417E-06 
 1.800000E+00 
 4.701447E-08 
 1.800000E+00 
 1.800000E+00 
 1.800000E+00 
 1.800000E+00 
 1.800000E+00 
-4.358199E-08 
 1.800000E+00 
 1.800000E+00 
 7.514682E-09 
 1.800000E+00 
 1.800000E+00 
 1.800000E+00 
 1.800004E+00 
-2.036334E-08 
 1.800006E+00 
 1.800000E+00 
 1.800000E+00 
 4.403838E-06 
 1.800000E+00 
 1.800000E+00 
 4.172943E-09 
 1.800000E+00 
 1.800000E+00 
 1.800000E+00 
 1.800003E+00 
-3.171560E-08 
 1.800000E+00 
 1.800000E+00 
 1.800007E+00 
 2.290339E-07 
 1.800000E+00 
 1.800000E+00 
-9.544854E-09 
 1.800000E+00 
 1.800000E+00 
 1.800000E+00 
 1.800003E+00 
 3.693023E-06 
 1.800000E+00 
 1.800000E+00 
 2.545192E-06 
 1.800000E+00 
 1.800000E+00 
 1.800000E+00 
 1.800000E+00 
-1.020352E-08 
 1.800000E+00 
 1.800000E+00 
-1.339085E-09 
 1.800000E+00 
 1.800000E+00 
 1.800000E+00 
-2.891674E-07 
 1.800000E+00 
 1.800000E+00 
 1.800000E+00 
 2.776117E-08 
 1.800000E+00 
 1.800000E+00 
 1.800001E+00 
-4.330692E-08 
 1.800000E+00 
 1.800000E+00 
-1.348732E-06 
 1.800000E+00 
 1.800000E+00 
 1.800000E+00 
 1.800000E+00 
 1.387863E-06 
 1.799999E+00 
-4.807127E-08 
 1.800000E+00 
 1.800000E+00 
 1.800000E+00 
 1.800000E+00 
-8.183152E-07 
 1.800000E+00 
 1.800000E+00 
 1.800000E+00 
 1.530978E-06 
 1.800002E+00 
 1.139291E-07 
 1.800000E+00 
 1.800000E+00 
 1.800000E+00 
 1.800000E+00 
-3.180747E-06 
 1.800000E+00 
 1.800000E+00 
 3.045073E-06 
 1.800000E+00 
 1.800000E+00 
 1.800000E+00 
 4.190885E-06 
 1.800000E+00 
 1.800000E+00 
 1.800000E+00 
 1.804950E-06 
 1.800000E+00 
 3.666326E-08 
 1.800000E+00 
 1.800000E+00 
 1.800000E+00 
 1.800001E+00 
 1.724707E-05 
 1.800000E+00 
 1.800000E+00 
-4.196133E-06 
 1.800000E+00 
 1.800000E+00 
-2.297779E-05 
 1.800001E+00 
 1.800001E+00 
 1.800000E+00 
 1.800000E+00 
-1.707530E-06 
 9.298106E-09 
 1.800002E+00 
 1.800002E+00 
 1.800002E+00 
 1.800002E+00 
 1.800000E+00 
-3.373532E-06 
 1.445856E-05 
 1.800000E+00 
 1.800000E+00 
 1.800000E+00 
 1.800000E+00 
 1.800007E+00 
 4.252913E-06 
 4.472833E-06 
 1.800000E+00 
 1.800000E+00 
 1.800000E+00 
 1.800006E+00 
-1.006547E-06 
 1.800000E+00 
 1.800000E+00 
 1.113408E-06 
 1.800000E+00 
-7.086952E-07 
 1.800000E+00 
 1.800000E+00 
 1.800000E+00 
 1.800000E+00 
 9.371740E-09 
 1.800000E+00 
 1.800000E+00 
 5.173464E-08 
 1.800000E+00 
 4.897716E-08 
 1.800000E+00 
 1.800000E+00 
 1.800000E+00 
 1.800006E+00 
 3.625090E-08 
 1.800000E+00 
 9.379134E-08 
 1.800000E+00 
 1.800000E+00 
 1.800000E+00 
-6.126990E-10 
 1.800000E+00 
 1.800000E+00 
 1.975319E-06 
 1.800000E+00 
 1.800000E+00 
 1.790800E-05 
 1.800001E+00 
 1.800000E+00 
 1.517748E-08 
 1.800000E+00 
 1.799999E+00 
 1.800000E+00 
-7.600960E-08 
 1.800000E+00 
 5.939614E-06 
 1.800000E+00 
 1.800000E+00 
 1.800001E+00 
 7.403663E-07 
 1.800000E+00 
 1.800000E+00 
 1.385211E-07 
 1.800000E+00 
-9.563642E-07 
 1.800000E+00 
 1.800000E+00 
 1.800000E+00 
 1.800000E+00 
-5.517725E-09 
-6.567942E-09 
 1.800000E+00 
 1.800000E+00 
 1.800000E+00 
 1.800000E+00 
 9.540711E-09 
 1.799999E+00 
 1.017269E-07 
 1.800000E+00 
 1.800000E+00 
 3.573001E-06 
 1.800000E+00 
 1.800000E+00 
 1.800000E+00 
 8.089886E-09 
 1.800000E+00 
-1.343562E-07 
 1.800000E+00 
 1.800000E+00 
 2.347089E-07 
 1.800000E+00 
 1.800000E+00 
 1.800001E+00 
-9.108333E-09 
 6.328985E-09 
 1.800000E+00 
 1.800000E+00 
 1.800000E+00 
 1.800000E+00 
-1.264488E-06 
 1.800000E+00 
-1.042045E-07 
 1.800000E+00 
 1.800000E+00 
 1.616971E-07 
 1.800000E+00 
 1.800000E+00 
-9.920701E-07 
 1.800000E+00 
 1.800000E+00 
 6.206540E-08 
 1.800000E+00 
 1.800000E+00 
 1.424850E-08 
 1.800000E+00 
-1.817749E-05 
 1.800000E+00 
 1.800000E+00 
 1.800003E+00 
 1.616679E-08 
 1.800000E+00 
-1.536500E-06 
 1.800000E+00 
 1.800000E+00 
 1.800000E+00 
 2.175251E-08 
 1.800000E+00 
 7.503889E-09 
 1.800008E+00 
 1.800000E+00 
-7.110622E-07 
 1.800000E+00 
-3.142484E-09 
 1.800002E+00 
 1.800002E+00 
 1.800000E+00 
-7.752167E-09 
 1.800007E+00 
 1.266394E-05 
 1.800000E+00 
 1.800000E+00 
 7.188646E-09 
 1.800000E+00 
 1.800000E+00 
-1.688962E-05 
 1.800000E+00 
 1.800000E+00 
 7.585261E-06 
 1.800000E+00 
 1.533510E-08 
 1.800000E+00 
 1.800000E+00 
 1.436255E-08 
 1.800000E+00 
 1.800000E+00 
 1.534804E-06 
 1.800000E+00 
 1.800007E+00 
 2.502500E-08 
 1.800000E+00 
 6.535547E-07 
 1.800000E+00 
 1.800000E+00 
-4.187123E-08 
 1.800000E+00 
 1.800000E+00 
 2.172513E-06 
 1.800000E+00 
 2.653063E-08 
 1.800000E+00 
 1.800000E+00 
 8.819483E-09 
 1.800000E+00 
 1.800000E+00 
 4.672269E-09 
 1.800002E+00 
-2.888501E-07 
 1.800000E+00 
 1.800002E+00 
-6.719119E-06 
 1.800000E+00 
 1.800000E+00 
-3.413428E-07 
-1.929053E-08 
 1.800000E+00 
 1.800000E+00 
 1.800000E+00 
 1.800000E+00 
-1.904619E-06 
 1.050629E-08 
 1.800001E+00 
 1.800007E+00 
 2.604831E-10 
 1.800000E+00 
 1.800000E+00 
-1.258811E-07 
 1.800000E+00 
-5.177928E-07 
 1.800000E+00 
 8.921844E-08 
 1.800000E+00 
 1.800000E+00 
 1.800000E+00 
 4.471074E-09 
 1.800000E+00 
 3.407193E-07 
 1.800000E+00 
 1.974410E-07 
 1.800000E+00 
 1.800000E+00 
-1.427123E-07 
 1.800007E+00 
 5.492897E-06 
 1.800003E+00 
 1.800000E+00 
-1.124068E-05 
 1.800000E+00 
 1.800000E+00 
-9.703732E-06 
 1.800000E+00 
-1.672620E-07 
 1.800000E+00 
-1.024233E-06 
 1.800000E+00 
 1.800000E+00 
-5.429122E-09 
 1.800000E+00 
 1.800000E+00 
-3.823992E-06 
-2.463224E-07 
 1.800000E+00 
 1.800000E+00 
 1.800000E+00 
 5.254309E-07 
 1.800000E+00 
-1.299168E-07 
 1.800000E+00 
-6.833132E-06 
 1.800000E+00 
-1.999453E-09 
 1.800000E+00 
 1.800000E+00 
 1.800000E+00 
-2.292423E-07 
 8.550281E-09 
 1.800001E+00 
 1.800000E+00 
-1.562328E-05 
 1.800004E+00 
-2.014352E-08 
 1.800000E+00 
 1.800000E+00 
 6.273426E-09 
 1.800000E+00 
-1.427321E-06 
 1.800000E+00 
 1.800000E+00 
 6.176878E-08 
 1.800000E+00 
 1.988163E-06 
 1.800000E+00 
 8.044072E-06 
 1.800000E+00 
 1.800000E+00 
 1.818241E-07 
 6.398306E-09 
 1.800000E+00 
 1.800000E+00 
 1.800004E+00 
 1.995253E-08 
 1.800000E+00 
 1.449809E-08 
 1.400259E-08 
 1.800000E+00 
 1.800000E+00 
 1.800000E+00 
 5.859820E-08 
 1.800000E+00 
-1.364672E-07 
-7.644583E-09 
 1.800000E+00 
 1.800000E+00 
 1.799998E+00 
 4.834124E-06 
 1.800000E+00 
-2.590150E-06 
 1.080826E-06 
 1.800000E+00 
 1.800000E+00 
 1.800000E+00 
 3.590823E-06 
 2.013167E-08 
 1.800000E+00 
 1.800000E+00 
 3.613382E-07 
 1.800000E+00 
-1.643745E-07 
 1.800000E+00 
 1.861687E-07 
 1.800000E+00 
 1.800000E+00 
 3.942914E-09 
 3.839367E-09 
 1.800000E+00 
 1.800000E+00 
 1.800000E+00 
-2.217712E-06 
 3.972414E-08 
 1.800003E+00 
 1.221555E-07 
 1.800000E+00 
 1.800003E+00 
-6.117743E-07 
 1.800000E+00 
 1.127607E-08 
 1.800000E+00 
 7.080598E-09 
 1.800000E+00 
 1.800000E+00 
-7.030251E-08 
-7.087447E-08 
 1.800000E+00 
 1.800004E+00 
 3.802551E-08 
 1.799999E+00 
 6.346238E-08 
 1.799999E+00 
 7.453316E-08 
 1.800000E+00 
 1.800000E+00 
-5.792683E-07 
-5.796767E-07 
 1.800000E+00 
 1.800000E+00 
 3.756356E-07 
 1.800000E+00 
-2.433726E-07 
 1.800000E+00 
 1.544972E-06 
 1.800000E+00 
 7.586224E-07 
 1.800000E+00 
 5.358741E-07 
 1.800000E+00 
 1.800000E+00 
-2.568510E-06 
 1.800000E+00 
 5.089227E-09 
-2.755816E-09 
 1.800000E+00 
 1.800000E+00 
-7.330412E-08 
 1.800000E+00 
 1.007453E-08 
 1.800000E+00 
-1.730954E-05 
 1.800000E+00 
 1.800000E+00 
-1.627383E-06 
 9.665665E-09 
 1.799999E+00 
 1.800000E+00 
-3.088286E-05 
 4.702909E-07 
 1.800000E+00 
 1.800000E+00 
-3.296218E-06 
-3.332545E-06 
 1.800000E+00 
 1.800000E+00 
-1.773108E-07 
 1.800000E+00 
 1.013160E-07 
 1.799999E+00 
 5.299598E-09 
 1.800000E+00 
-1.317290E-07 
 1.800000E+00 
 1.800000E+00 
-3.913925E-08 
 7.447010E-09 
 1.800000E+00 
 2.328437E-06 
 1.800000E+00 
-2.766264E-08 
 1.800000E+00 
 1.800002E+00 
-1.508909E-07 
-1.509098E-07 
 1.800000E+00 
 1.863071E-07 
 1.800000E+00 
 1.799999E+00 
-1.521141E-06 
 2.487430E-08 
 1.800000E+00 
 1.800000E+00 
 3.846856E-07 
 7.148203E-07 
 1.800000E+00 
 1.799998E+00 
-2.674838E-07 
-2.654425E-07 
 1.800000E+00 
 1.800000E+00 
 9.718656E-07 
 6.671745E-09 
 1.800000E+00 
 1.800000E+00 
 2.525664E-08 
 1.800000E+00 
 2.153613E-06 
 4.310165E-09 
 1.800000E+00 
 1.800000E+00 
 9.510047E-06 
-1.167288E-06 
 1.800000E+00 
 1.800000E+00 
 6.373669E-08 
 2.948524E-08 
 1.800000E+00 
 8.014133E-07 
 1.800000E+00 
 1.800000E+00 
-5.704513E-08 
 3.262183E-09 
 1.800000E+00 
 1.800000E+00 
-1.633319E-06 
 1.323686E-07 
 1.800000E+00 
-5.760107E-06 
 1.800000E+00 
-4.561956E-07 
 1.800000E+00 
-1.304432E-06 
 1.800000E+00 
-8.025586E-09 
 1.800000E+00 
-1.512421E-08 
 1.800000E+00 
 2.201968E-06 
 1.800000E+00 
 2.156688E-09 
-2.986159E-09 
 1.800000E+00 
 1.800000E+00 
 1.106128E-08 
 1.800000E+00 
 6.473997E-08 
 9.959741E-09 
 1.800000E+00 
 1.800000E+00 
-1.217519E-06 
-1.395826E-06 
 1.800000E+00 
 1.545408E-07 
 1.800000E+00 
 7.317658E-06 
 1.800000E+00 
 7.492260E-06 
 1.800000E+00 
-3.524191E-06 
-3.221818E-06 
 1.800000E+00 
 1.800000E+00 
-1.025866E-07 
 1.800000E+00 
 3.115339E-06 
 3.285320E-06 
 1.800000E+00 
 3.149358E-08 
 1.800000E+00 
 5.526718E-09 
 1.800000E+00 
 3.647430E-06 
 1.800006E+00 
 8.581087E-07 
 1.800000E+00 
 7.030009E-07 
 2.782512E-09 
 1.800007E+00 
 1.800002E+00 
-3.776612E-06 
 2.838810E-08 
 1.800000E+00 
 2.430293E-07 
 1.800000E+00 
 1.606601E-08 
 1.896572E-08 
 1.800000E+00 
 1.800004E+00 
 2.078193E-07 
 2.704725E-07 
 1.800000E+00 
 1.800000E+00 
 1.039732E-04 
 9.649227E-09 
 9.649315E-09 
 1.800000E+00 
 1.800000E+00 
 2.346163E-08 
 1.800001E+00 
-5.342480E-07 
-4.448774E-07 
 1.799998E+00 
-8.926510E-06 
 1.800000E+00 
 2.047991E-07 
 1.800000E+00 
-1.252370E-07 
-3.151263E-08 
 1.800000E+00 
 4.120680E-06 
 1.800000E+00 
 1.800000E+00 
-8.653404E-07 
-8.070324E-07 
-8.070324E-07 
 1.800000E+00 
-3.038598E-07 
 1.800000E+00 
 1.800000E+00 
 1.754964E-06 
-3.567018E-08 
-3.566804E-08 
 1.800000E+00 
 1.800000E+00 
 4.685964E-10 
 4.511234E-09 
 1.800000E+00 
 8.825721E-09 
 1.800000E+00 
 1.005802E-08 
 1.800000E+00 
-2.776483E-07 
-1.922628E-10 
 1.800000E+00 
-2.258616E-08 
 1.800000E+00 
 1.033375E-08 
 1.800007E+00 
 9.728077E-07 
 9.747909E-07 
 1.800000E+00 
 1.829514E-07 
 1.800006E+00 
-2.979554E-06 
-3.172759E-06 
 1.800000E+00 
 1.800001E+00 
 3.700597E-07 
 9.014991E-09 
 9.014668E-09 
 1.800007E+00 
 1.800000E+00 
 7.670487E-09 
 7.447770E-09 
 1.800000E+00 
-1.551306E-07 
 1.800000E+00 
-1.383417E-06 
-6.208645E-07 
 1.800000E+00 
-1.093233E-06 
 1.800000E+00 
-3.927147E-07 
 8.513075E-09 
 1.800000E+00 
 2.744745E-06 
 1.800000E+00 
 1.312676E-08 
 1.800000E+00 
 3.732551E-06 
 3.731499E-06 
 1.800000E+00 
 7.315427E-09 
 1.800000E+00 
 5.797741E-08 
-8.286322E-09 
 1.800000E+00 
 1.369642E-07 
 1.800000E+00 
-1.537039E-06 
 8.454704E-09 
 1.800000E+00 
-1.814512E-06 
 1.800000E+00 
 5.446400E-08 
 2.912031E-08 
 1.800000E+00 
 1.935937E-08 
 1.800000E+00 
 3.228606E-08 
 1.800000E+00 
 9.069372E-09 
 9.162672E-09 
 9.164975E-09 
 1.800000E+00 
 1.800000E+00 
 1.208010E-05 
-2.051419E-05 
 1.800000E+00 
-4.288029E-08 
 6.495019E-09 
 1.800000E+00 
-4.328184E-07 
 1.800000E+00 
-5.522600E-08 
 3.523727E-08 
 1.800000E+00 
-1.668698E-07 
 1.800007E+00 
 1.248582E-05 
 1.236827E-05 
 1.800000E+00 
-9.613573E-06 
-9.516501E-06 
 1.800000E+00 
 3.406626E-08 
 1.800007E+00 
 3.188389E-06 
 3.395614E-06 
 1.800000E+00 
-1.019797E-06 
 1.800000E+00 
-4.850959E-07 
-1.128699E-06 
 1.800000E+00 
 7.254838E-08 
 1.800000E+00 
 2.560041E-07 
 2.560147E-07 
 2.560150E-07 
 1.800000E+00 
 1.800000E+00 
 2.637779E-07 
 2.304650E-07 
 2.304630E-07 
 1.800000E+00 
-2.402911E-05 
 1.800000E+00 
 3.736699E-06 
-7.737852E-08 
 1.800000E+00 
 5.523743E-09 
 1.800000E+00 
 3.774724E-07 
 3.766014E-07 
 1.800000E+00 
 7.032307E-07 
-2.685752E-07 
 1.800000E+00 
 3.491392E-09 
 3.474195E-09 
 1.800000E+00 
-2.091260E-05 
 1.800000E+00 
 5.547877E-09 
 5.867129E-09 
 1.799999E+00 
-1.346891E-06 
-1.286705E-06 
 1.800000E+00 
-4.114935E-08 
 1.800000E+00 
 1.413991E-08 
 1.690673E-08 
 1.690577E-08 
 1.800000E+00 
 1.800000E+00 
 3.011293E-05 
 1.129405E-07 
 1.129405E-07 
 1.800000E+00 
 5.921491E-07 
 5.854907E-07 
 1.800000E+00 
-3.232403E-08 
 1.800000E+00 
-1.944116E-07 
-3.732202E-07 
-3.732204E-07 
 1.799998E+00 
 1.800002E+00 
-5.471925E-09 
 8.636889E-09 
 8.636895E-09 
 8.636893E-09 
 1.800007E+00 
 1.800001E+00 
-3.568002E-06 
-3.897125E-06 
-3.897134E-06 
 1.800000E+00 
 1.624249E-08 
 1.800000E+00 
-6.573829E-07 
-1.139900E-07 
-1.139905E-07 
 1.800000E+00 
 9.923231E-10 
 1.800000E+00 
-7.724190E-08 
-7.697259E-08 
 1.800000E+00 
-6.229146E-08 
 1.063542E-08 
 1.800000E+00 
 2.025758E-06 
 2.010743E-06 
 1.800000E+00 
 3.558558E-07 
 3.555181E-07 
 1.800000E+00 
 3.675802E-06 
-1.206658E-08 
 1.800000E+00 
-1.568085E-06 
 2.284279E-08 
 1.800000E+00 
-4.132076E-09 
-8.577740E-09 
 1.800000E+00 
 1.207766E-06 
 1.198189E-06 
 1.800000E+00 
 3.763874E-06 
 1.800000E+00 
-4.883223E-10 
-5.384988E-09 
-5.385553E-09 
-5.385087E-09 
 1.800000E+00 
 1.800000E+00 
 6.518163E-06 
 6.464370E-06 
 6.464369E-06 
 6.464369E-06 
 1.800000E+00 
 1.800000E+00 
-3.135395E-07 
-6.304886E-07 
-6.304885E-07 
-6.304885E-07 
 1.800000E+00 
-5.736670E-06 
 1.800000E+00 
-1.967227E-05 
-1.967203E-05 
 1.800002E+00 
 7.551795E-10 
 1.050417E-09 
 1.050415E-09 
 1.800000E+00 
 2.268958E-06 
 1.800000E+00 
 5.136432E-06 
 4.575048E-06 
 4.575050E-06 
 1.800000E+00 
-2.569354E-05 
 9.748030E-08 
 1.800000E+00 
 5.250326E-08 
 2.786391E-08 
 1.800000E+00 
 2.566659E-06 
-1.382937E-09 
-1.382949E-09 
 1.800000E+00 
-3.067802E-07 
 1.800000E+00 
-4.767947E-08 
 6.392579E-09 
 6.388060E-09 
 1.800000E+00 
 7.076592E-08 
-2.740772E-09 
 1.800000E+00 
-3.816952E-06 
-3.852621E-06 
 1.800000E+00 
-2.606205E-05 
-1.204300E-05 
-1.204300E-05 
 1.800000E+00 
 2.992582E-06 
 1.800006E+00 
 2.255267E-06 
 7.404611E-06 
 7.404611E-06 
 7.404611E-06 
 1.800000E+00 
 1.502566E-07 
 1.800000E+00 
 3.361515E-08 
 2.672094E-08 
 2.672097E-08 
 1.800007E+00 
-1.979140E-08 
-3.081406E-09 
 1.799999E+00 
 1.733939E-06 
 5.092995E-09 
 5.092470E-09 
 1.800000E+00 
 2.501090E-07 
 2.437423E-07 
 1.800008E+00 
 7.866362E-07 
 4.169210E-07 
 1.800000E+00 
 1.412940E-06 
 1.411150E-06 
 1.411150E-06 
 1.800000E+00 
 9.855191E-06 
-1.567210E-06 
 1.800000E+00 
 4.856429E-09 
 4.700311E-09 
 4.700304E-09 
 1.800002E+00 
 4.956568E-07 
 4.944554E-07 
 1.800000E+00 
-2.384105E-08 
-9.726087E-08 
-9.726276E-08 
 1.800000E+00 
 2.256454E-06 
-2.675517E-07 
-2.675518E-07 
 1.800000E+00 
 7.447252E-09 
 1.800000E+00 
 1.854992E-07 
 1.846603E-07 
 1.846605E-07 
 1.846578E-07 
 1.800000E+00 
-5.218956E-08 
-2.749546E-08 
 1.800000E+00 
 1.111022E-07 
 6.818095E-09 
 1.800000E+00 
 7.610432E-06 
-6.808989E-07 
-6.809002E-07 
-6.808984E-07 
 1.800000E+00 
-1.467931E-08 
 1.800002E+00 
 1.658242E-07 
 4.221517E-09 
 4.221518E-09 
 4.221543E-09 
 1.800000E+00 
 6.070307E-06 
-1.782981E-05 
-1.782981E-05 
 1.800000E+00 
 1.226093E-06 
 1.800000E+00 
-8.378287E-08 
-8.387661E-08 
-8.387663E-08 
-8.387644E-08 
-8.387650E-08 
 1.800000E+00 
 1.800000E+00 
 2.456476E-06 
 3.714617E-09 
 3.718779E-09 
 3.714619E-09 
 3.740636E-09 
 3.715529E-09 
 1.800000E+00 
 1.800001E+00 
 9.655173E-08 
 9.152993E-08 
 9.153005E-08 
 9.153004E-08 
 9.153004E-08 
 1.800000E+00 
 1.062786E-06 
 1.800001E+00 
 1.208697E-06 
 5.736497E-07 
 5.736553E-07 
 5.736492E-07 
 1.800000E+00 
 6.433635E-09 
 6.454629E-09 
 6.460618E-09 
 1.800002E+00 
 9.589383E-07 
 9.404691E-07 
 9.404691E-07 
 1.800000E+00 
-6.607229E-08 
 8.770637E-09 
 1.800000E+00 
 5.293788E-06 
 5.402669E-06 
 5.402669E-06 
 5.402669E-06 
 1.800000E+00 
-5.958867E-07 
-6.471294E-07 
 1.800001E+00 
-2.339275E-08 
-2.355310E-08 
-2.355303E-08 
-2.355261E-08 
 1.800000E+00 
 1.509145E-07 
 1.529245E-07 
 1.529267E-07 
 1.800000E+00 
-3.782078E-06 
-3.782534E-06 
-3.782534E-06 
 1.800000E+00 
 1.410188E-07 
 1.410259E-07 
 1.410260E-07 
 1.799998E+00 
-8.419904E-06 
 2.190667E-06 
 2.190667E-06 
 1.800000E+00 
 1.284917E-06 
 2.121488E-06 
 2.121488E-06 
 1.800000E+00 
 3.118196E-07 
 3.124934E-07 
 3.124929E-07 
 3.124933E-07 
 1.800000E+00 
 4.777115E-10 
-9.123009E-10 
-9.123049E-10 
 1.799998E+00 
-7.475940E-06 
-6.744239E-06 
-6.744238E-06 
 1.800000E+00 
-6.564112E-08 
 2.730155E-08 
 2.730157E-08 
 1.799999E+00 
 4.140772E-08 
 6.442043E-08 
 6.442170E-08 
 6.444149E-08 
 1.800000E+00 
-1.236893E-06 
-1.248242E-06 
-1.248216E-06 
-1.248220E-06 
 1.799998E+00 
 2.033490E-07 
 2.161660E-07 
 1.800000E+00 
 5.231812E-06 
-1.957741E-05 
-1.957741E-05 
-1.957741E-05 
 1.800007E+00 
 3.726144E-06 
-3.964173E-08 
-3.964170E-08 
-3.964141E-08 
 1.800000E+00 
 2.473864E-09 
 1.411962E-09 
 1.412068E-09 
 1.800000E+00 
 1.691213E-06 
 1.705533E-06 
 1.705531E-06 
 1.800000E+00 
-4.822970E-07 
 6.409132E-09 
 6.409650E-09 
 6.409557E-09 
 6.408959E-09 
 1.800004E+00 
 4.505184E-08 
 4.133673E-08 
 1.800000E+00 
-4.073890E-09 
 5.317063E-10 
 5.319545E-10 
 5.319767E-10 
 5.317037E-10 
 1.799998E+00 
-3.351410E-07 
-3.199696E-07 
-3.199712E-07 
-3.199696E-07 
 1.800000E+00 
-1.008841E-08 
 6.081492E-09 
 1.800000E+00 
-2.600577E-06 
 3.375516E-08 
 3.375530E-08 
 3.375532E-08 
 3.375537E-08 
 3.375528E-08 
 1.800000E+00 
 2.104860E-09 
 1.800000E+00 
 3.158340E-07 
 5.073698E-09 
 5.073059E-09 
 5.073056E-09 
 5.073352E-09 
 5.073061E-09 
 5.073042E-09 
 1.800000E+00 
 3.372846E-09 
 1.800000E+00 
 1.835036E-06 
 5.609889E-09 
 5.609803E-09 
 5.609927E-09 
 5.609991E-09 
 5.609890E-09 
 5.609906E-09 
 1.800000E+00 
-5.435518E-09 
 1.800000E+00 
-3.675352E-08 
 1.742743E-08 
 1.742744E-08 
 1.742938E-08 
 1.742746E-08 
 1.742745E-08 
 1.800000E+00 
-8.002021E-08 
-1.286509E-07 
-1.286501E-07 
-1.286502E-07 
 1.800000E+00 
 3.615861E-06 
-2.103624E-05 
-2.103624E-05 
 1.800000E+00 
-4.682606E-06 
-4.682936E-06 
-4.682936E-06 
-4.682936E-06 
-4.682936E-06 
 1.800000E+00 
 1.386768E-08 
 1.386197E-08 
 1.386322E-08 
 1.386325E-08 
 1.800000E+00 
 9.472451E-08 
-9.760030E-08 
-9.760017E-08 
-9.760026E-08 
-9.760336E-08 
 1.800000E+00 
-4.780876E-08 
 1.770572E-08 
 1.770463E-08 
 1.799999E+00 
 1.891363E-06 
 6.555619E-09 
 6.548042E-09 
 6.555666E-09 
 6.556825E-09 
 6.555621E-09 
 1.800000E+00 
 1.056995E-08 
 1.481739E-08 
 1.481730E-08 
 1.800000E+00 
-3.727623E-08 
-3.727140E-08 
-3.727118E-08 
-3.727119E-08 
-3.727099E-08 
 1.800000E+00 
-5.217177E-08 
-2.577029E-08 
-2.577028E-08 
-2.577049E-08 
-2.577236E-08 
 1.800000E+00 
-9.433199E-08 
-9.507742E-08 
-9.507746E-08 
-9.507747E-08 
 1.800000E+00 
 8.527100E-09 
 9.397027E-09 
 9.397042E-09 
 9.394820E-09 
 9.397061E-09 
 1.800000E+00 
-1.184929E-06 
-1.210210E-06 
-1.210211E-06 
-1.210211E-06 
-1.210211E-06 
 1.800000E+00 
-6.399817E-09 
-1.023410E-08 
-1.023399E-08 
-1.023407E-08 
 1.799998E+00 
 1.123228E-05 
 1.566482E-05 
 1.566482E-05 
 1.566482E-05 
 1.566482E-05 
 1.799999E+00 
-4.221473E-05 
 5.480935E-09 
 5.469224E-09 
 5.469156E-09 
 5.469631E-09 
 5.469574E-09 
 1.800000E+00 
-8.643446E-06 
-8.866652E-06 
-8.866647E-06 
 1.800000E+00 
-2.193940E-07 
-2.042344E-07 
-2.042347E-07 
-2.042353E-07 
-2.042353E-07 
-2.042357E-07 
-2.042353E-07 
 1.800000E+00 
-3.369633E-06 
 2.947506E-08 
 2.947490E-08 
 2.947509E-08 
 1.800000E+00 
 5.692651E-07 
 5.210758E-07 
 5.210755E-07 
 5.210759E-07 
 5.210759E-07 
 1.800000E+00 
 2.280996E-08 
 1.082371E-08 
 1.082376E-08 
 1.082372E-08 
 1.082347E-08 
 1.082367E-08 
 1.800000E+00 
 1.538879E-07 
 2.365645E-09 
 2.365657E-09 
 2.365678E-09 
 2.365446E-09 
 1.800000E+00 
-9.775037E-07 
 8.523825E-09 
 8.523989E-09 
 8.523991E-09 
 8.523933E-09 
 1.800000E+00 
 3.666456E-07 
 2.602725E-09 
 2.602695E-09 
 2.602666E-09 
 2.602688E-09 
 2.602665E-09 
 1.800007E+00 
-4.464230E-08 
 1.389240E-08 
 1.389300E-08 
 1.389286E-08 
 1.389188E-08 
 1.389231E-08 
 1.800000E+00 
-4.536101E-06 
-4.832554E-06 
-4.832553E-06 
-4.832554E-06 
 1.800000E+00 
-2.727225E-06 
-2.725272E-06 
-2.725272E-06 
-2.725272E-06 
-2.725272E-06 
-2.725272E-06 
-2.725272E-06 
 1.800000E+00 
 6.195134E-07 
 9.790672E-07 
 9.790664E-07 
 9.790616E-07 
 9.790617E-07 
 1.800000E+00 
 1.783115E-06 
 4.584576E-09 
 4.584293E-09 
 4.584491E-09 
 4.584597E-09 
 4.584600E-09 
 4.584589E-09 
 1.800000E+00 
-5.255540E-07 
-1.099514E-05 
-1.099517E-05 
-1.099516E-05 
 1.800000E+00 
 7.552057E-08 
 8.991917E-09 
 8.991898E-09 
 9.009976E-09 
 8.991818E-09 
 8.991626E-09 
 8.991923E-09 
 8.991779E-09 
 1.800000E+00 
-2.182034E-07 
-1.702120E-07 
-1.702124E-07 
-1.702124E-07 
-1.702124E-07 
 1.800000E+00 
 7.981552E-08 
 7.771037E-08 
 7.771580E-08 
 7.770896E-08 
 7.771034E-08 
 7.771034E-08 
 1.800000E+00 
 2.264943E-06 
-2.629023E-09 
-2.629008E-09 
-2.629169E-09 
-2.628861E-09 
-2.629845E-09 
-2.629203E-09 
 1.800000E+00 
 2.880495E-07 
 3.021186E-07 
 3.021221E-07 
 3.021363E-07 
 3.021221E-07 
 3.021265E-07 
 1.800000E+00 
-4.613834E-08 
-4.581257E-08 
-4.581012E-08 
-4.581217E-08 
-4.581148E-08 
-4.581086E-08 
 1.800001E+00 
-5.449237E-06 
 4.474812E-07 
 4.474791E-07 
 4.474812E-07 
 4.474812E-07 
 4.474788E-07 
 4.474820E-07 
 1.800000E+00 
 1.939618E-07 
-2.145623E-08 
-2.145606E-08 
-2.145630E-08 
-2.145622E-08 
-2.145607E-08 
-2.145562E-08 
 1.800000E+00 
 6.391459E-07 
 3.617612E-09 
 3.617420E-09 
 3.617580E-09 
 3.547224E-09 
 3.617619E-09 
 1.800000E+00 
 5.665978E-08 
 3.692740E-09 
 3.692555E-09 
 3.685601E-09 
 3.690017E-09 
 3.692552E-09 
 3.692533E-09 
 1.800000E+00 
-5.843775E-06 
 8.026516E-07 
 8.026517E-07 
 8.026517E-07 
 8.026515E-07 
 8.026514E-07 
 8.026522E-07 
 1.800003E+00 
 1.053503E-07 
 8.493769E-08 
 8.493772E-08 
 8.493773E-08 
 8.493773E-08 
 8.493772E-08 
 8.493773E-08 
 1.800000E+00 
 7.428521E-07 
 7.323134E-07 
 7.323110E-07 
 7.323125E-07 
 7.323125E-07 
 7.323125E-07 
 7.323160E-07 
 1.800000E+00 
 1.227456E-06 
 1.531411E-06 
 1.531411E-06 
 1.531411E-06 
 1.531411E-06 
 1.531411E-06 
 1.531411E-06 
 1.531411E-06 
 1.800006E+00 
 1.323585E-08 
 1.966761E-08 
 1.966760E-08 
 1.966760E-08 
 1.966760E-08 
 1.966763E-08 
 1.800000E+00 
 1.266115E-07 
 4.200031E-09 
 4.200056E-09 
 4.203184E-09 
 4.198722E-09 
 4.199770E-09 
 4.200035E-09 
 4.200041E-09 
 1.800000E+00 
 1.198003E-06 
 8.418204E-07 
 8.418201E-07 
 8.418201E-07 
 8.418201E-07 
 8.418201E-07 
 8.418202E-07 
 8.418201E-07 
 1.800000E+00 
-6.137010E-07 
-5.592356E-07 
-5.592396E-07 
-5.592394E-07 
-5.592394E-07 
-5.592395E-07 
-5.592393E-07 
 1.800000E+00 
-6.338825E-06 
-6.304147E-06 
-6.304147E-06 
-6.304147E-06 
-6.304147E-06 
-6.304147E-06 
-6.304152E-06 
 1.800000E+00 
 3.679367E-06 
-8.752208E-09 
-8.772504E-09 
-8.752194E-09 
-8.752192E-09 
-8.751318E-09 
-8.752215E-09 
-8.750992E-09 
-8.752205E-09 
-8.752190E-09 
 1.800000E+00 
 2.208735E-06 
 2.228363E-06 
 2.228363E-06 
 2.228362E-06 
 2.228364E-06 
 1.800000E+00 
-4.753383E-07 
-1.506167E-05 
-1.506167E-05 
-1.506167E-05 
-1.506167E-05 
-1.506167E-05 
-1.506167E-05 
-1.506167E-05 
-1.506167E-05 
-1.506166E-05 
-1.506166E-05 
 1.800000E+00 
 1.722380E-06 
 1.550908E-06 
 1.550908E-06 
 1.550904E-06 
 1.550907E-06 
 1.800000E+00 
 7.694068E-08 
 8.125404E-08 
 8.125492E-08 
 8.125497E-08 
 8.125500E-08 
 8.125490E-08 
 8.125510E-08 
 8.125703E-08 
 8.125497E-08 
 8.125474E-08 
 8.125492E-08 
 1.800000E+00 
-1.070405E-05 
 7.368540E-06 
 7.368541E-06 
 7.368541E-06 
 7.368535E-06 
 7.368540E-06 
 1.800000E+00 
-5.800913E-06 
-5.857984E-06 
-5.857984E-06 
-5.857984E-06 
-5.857984E-06 
-5.857984E-06 
-5.857984E-06 
-5.857984E-06 
-5.857982E-06 
-5.857984E-06 
 1.800000E+00 
 1.431420E-05 
-2.019970E-08 
-2.019957E-08 
-2.019963E-08 
-2.019981E-08 
-2.020091E-08 
-2.020028E-08 
 1.800000E+00 
 5.620920E-09 
 9.994490E-09 
 9.995021E-09 
 9.988702E-09 
 9.988956E-09 
 9.988862E-09 
 9.988713E-09 
 9.988712E-09 
 9.988716E-09 
 9.988719E-09 
 1.799999E+00 
 1.208815E-07 
 6.619187E-09 
 6.619160E-09 
 6.618973E-09 
 6.619894E-09 
 6.619152E-09 
 6.619165E-09 
 6.619165E-09 
 1.800000E+00 
 9.275657E-08 
 6.834657E-09 
 6.832780E-09 
 6.834641E-09 
 6.834615E-09 
 6.834811E-09 
 6.834600E-09 
 6.834647E-09 
 1.800000E+00 
 2.862568E-09 
 5.973962E-09 
 5.973914E-09 
 5.973634E-09 
 5.973924E-09 
 5.974016E-09 
 5.972299E-09 
 5.973939E-09 
 5.973944E-09 
 5.972684E-09 
 1.800000E+00 
-6.660496E-07 
-2.750216E-07 
-2.750203E-07 
-2.750212E-07 
-2.750263E-07 
-2.750212E-07 
-2.750213E-07 
 1.800000E+00 
-1.553806E-07 
 4.150126E-09 
 4.150312E-09 
 4.150166E-09 
 4.150184E-09 
 4.148892E-09 
 4.150319E-09 
 4.150014E-09 
 4.150170E-09 
 4.150217E-09 
 4.150180E-09 
 1.800000E+00 
-5.388575E-06 
-5.391335E-06 
-5.391335E-06 
-5.391335E-06 
-5.391335E-06 
-5.391335E-06 
-5.391334E-06 
 1.800000E+00 
 1.627533E-06 
 1.341309E-06 
 1.341311E-06 
 1.341312E-06 
 1.341312E-06 
 1.341312E-06 
 1.341312E-06 
 1.341332E-06 
 1.341314E-06 
 1.341307E-06 
 1.341311E-06 
 1.800001E+00 
 1.706689E-08 
 1.678288E-08 
 1.678281E-08 
 1.678289E-08 
 1.678218E-08 
 1.678273E-08 
 1.800007E+00 
-3.081199E-08 
 1.019509E-08 
 1.019510E-08 
 1.019667E-08 
 1.019397E-08 
 1.019563E-08 
 1.019509E-08 
 1.019512E-08 
 1.019509E-08 
 1.019429E-08 
 1.019505E-08 
 1.019551E-08 
 1.019534E-08 
 1.800000E+00 
 2.181097E-06 
 1.533909E-06 
 1.533909E-06 
 1.533910E-06 
 1.533909E-06 
 1.800000E+00 
-2.936967E-07 
-2.844913E-07 
-2.844914E-07 
-2.844912E-07 
-2.844934E-07 
-2.844929E-07 
-2.844918E-07 
-2.844950E-07 
-2.844948E-07 
-2.844914E-07 
-2.844919E-07 
-2.844914E-07 
 1.800000E+00 
 1.371455E-06 
 7.842898E-10 
 7.843309E-10 
 7.843004E-10 
 7.842913E-10 
 7.843195E-10 
 7.842947E-10 
 7.611433E-10 
 1.800000E+00 
 1.697966E-06 
 1.700905E-06 
 1.700905E-06 
 1.700906E-06 
 1.700905E-06 
 1.700905E-06 
 1.700905E-06 
 1.700905E-06 
 1.700905E-06 
 1.800000E+00 
-2.482464E-05 
-1.988339E-07 
-1.988339E-07 
-1.988340E-07 
-1.988340E-07 
-1.988323E-07 
-1.988339E-07 
-1.987874E-07 
-1.988346E-07 
 1.800000E+00 
 1.024653E-08 
 8.874939E-09 
 8.875028E-09 
 8.875068E-09 
 8.875031E-09 
 8.875026E-09 
 8.882093E-09 
 8.875028E-09 
 8.875013E-09 
 8.875009E-09 
 1.800000E+00 
 6.506846E-06 
 6.847451E-06 
 6.847451E-06 
 6.847451E-06 
 6.847452E-06 
 6.847451E-06 
 6.847451E-06 
 1.800000E+00 
 2.242322E-06 
-4.321127E-08 
-4.321124E-08 
-4.321106E-08 
-4.321123E-08 
-4.321104E-08 
-4.321122E-08 
-4.321121E-08 
-4.321131E-08 
-4.320965E-08 
-4.321123E-08 
-4.321177E-08 
 1.800006E+00 
-5.868744E-08 
-5.918589E-08 
-5.918595E-08 
-5.918708E-08 
-5.918599E-08 
 1.800000E+00 
 1.026978E-05 
 1.016916E-05 
 1.016916E-05 
 1.016916E-05 
 1.016916E-05 
 1.016916E-05 
 1.016916E-05 
 1.016916E-05 
 1.016916E-05 
 1.016916E-05 
 1.016916E-05 
 1.016916E-05 
 1.016916E-05 
 1.800000E+00 
 1.388454E-07 
 2.160738E-08 
 2.160738E-08 
 2.160734E-08 
 2.160735E-08 
 2.160772E-08 
 1.799999E+00 
-1.849109E-06 
-2.328221E-06 
-2.328221E-06 
-2.328221E-06 
-2.328213E-06 
-2.328221E-06 
-2.328225E-06 
-2.328221E-06 
-2.328221E-06 
-2.328221E-06 
-2.328221E-06 
 1.800000E+00 
-1.045265E-06 
-1.061938E-06 
-1.061934E-06 
-1.061934E-06 
-1.061934E-06 
-1.061934E-06 
-1.061934E-06 
-1.061934E-06 
 1.800000E+00 
-4.564784E-07 
-4.626086E-07 
-4.626085E-07 
-4.626078E-07 
-4.626085E-07 
-4.626084E-07 
-4.626085E-07 
-4.626084E-07 
 1.800000E+00 
-5.891457E-07 
-5.891571E-07 
-5.891571E-07 
-5.891571E-07 
-5.891566E-07 
-5.891571E-07 
-5.891571E-07 
-5.891571E-07 
-5.891570E-07 
-5.891578E-07 
 1.800000E+00 
-1.799578E-06 
 1.141554E-08 
 1.141555E-08 
 1.141548E-08 
 1.141522E-08 
 1.141978E-08 
 1.139877E-08 
 1.800000E+00 
 8.702001E-08 
 1.161762E-07 
 1.161761E-07 
 1.161762E-07 
 1.161762E-07 
 1.161762E-07 
 1.161729E-07 
 1.161759E-07 
 1.161762E-07 
 1.161762E-07 
 1.800000E+00 
-8.350667E-09 
-1.373416E-08 
-1.373415E-08 
-1.373410E-08 
-1.373443E-08 
-1.373342E-08 
-1.373917E-08 
 1.800003E+00 
 9.228754E-09 
 1.050963E-08 
 1.050954E-08 
 1.050976E-08 
 1.050977E-08 
 1.051583E-08 
 1.050987E-08 
 1.051016E-08 
 1.050976E-08 
 1.050933E-08 
 1.800001E+00 
 7.042202E-06 
 7.418917E-06 
 7.418915E-06 
 7.418914E-06 
 7.418914E-06 
 7.418914E-06 
 1.800000E+00 
 3.378186E-06 
-1.164184E-08 
-1.164177E-08 
-1.164177E-08 
-1.164241E-08 
-1.164182E-08 
-1.164182E-08 
-1.164186E-08 
-1.164176E-08 
-1.164212E-08 
-1.164165E-08 
 1.799997E+00 
 2.850117E-06 
 2.850260E-06 
 2.850270E-06 
 2.850260E-06 
 2.850260E-06 
 1.800000E+00 
 2.308003E-08 
 2.482640E-08 
 2.477792E-08 
 2.482648E-08 
 2.482668E-08 
 2.482642E-08 
 2.482670E-08 
 2.482643E-08 
 2.482644E-08 
 2.482648E-08 
 2.482642E-08 
 1.800001E+00 
-6.412745E-06 
 2.689312E-07 
 2.689360E-07 
 2.689359E-07 
 2.689360E-07 
 1.799999E+00 
 1.072437E-07 
 1.066602E-07 
 1.066602E-07 
 1.066603E-07 
 1.066602E-07 
 1.066602E-07 
 1.066602E-07 
 1.066602E-07 
 1.066603E-07 
 1.066603E-07 
 1.066598E-07 
 1.800000E+00 
 4.571874E-07 
 4.621819E-07 
 4.621815E-07 
 4.621810E-07 
 1.800000E+00 
 5.049377E-06 
 4.833900E-06 
 4.833900E-06 
 4.833900E-06 
 4.833900E-06 
 4.833900E-06 
 4.833900E-06 
 4.833900E-06 
 4.833900E-06 
 4.833900E-06 
 4.833900E-06 
 1.800008E+00 
 5.914060E-06 
 5.820008E-06 
 5.820009E-06 
 5.820009E-06 
 5.820009E-06 
 1.800000E+00 
 1.612783E-06 
 1.491986E-06 
 1.491986E-06 
 1.491986E-06 
 1.492003E-06 
 1.491986E-06 
 1.491986E-06 
 1.491984E-06 
 1.491987E-06 
 1.800000E+00 
-1.203790E-06 
 9.514709E-09 
 9.514574E-09 
 9.511012E-09 
 9.514724E-09 
 9.514986E-09 
 9.516667E-09 
 1.800000E+00 
 5.807851E-07 
 7.171202E-09 
 7.171508E-09 
 7.171205E-09 
 7.171205E-09 
 7.170675E-09 
 1.800000E+00 
 2.311561E-07 
-8.390825E-08 
-8.390801E-08 
-8.390817E-08 
-8.390825E-08 
-8.390824E-08 
-8.390824E-08 
-8.390826E-08 
-8.390824E-08 
 1.800000E+00 
 4.842753E-08 
 5.302717E-10 
 5.303969E-10 
 5.304169E-10 
 5.301958E-10 
 1.800000E+00 
 1.695744E-06 
 1.695946E-06 
 1.695946E-06 
 1.695946E-06 
 1.695946E-06 
 1.695946E-06 
 1.695946E-06 
 1.695947E-06 
 1.800000E+00 
 1.396863E-06 
 1.412290E-06 
 1.412290E-06 
 1.412290E-06 
 1.412291E-06 
 1.412290E-06 
 1.412291E-06 
 1.800000E+00 
-3.001493E-08 
-1.087037E-08 
-1.087026E-08 
-1.087026E-08 
-1.087030E-08 
-1.087026E-08 
 1.800000E+00 
-4.768874E-06 
 1.767664E-06 
 1.767664E-06 
 1.767664E-06 
 1.767664E-06 
 1.767664E-06 
 1.767664E-06 
 1.800000E+00 
 5.278368E-06 
 4.744557E-06 
 4.744557E-06 
 4.744579E-06 
 4.744557E-06 
 4.744558E-06 
 4.744557E-06 
 1.800000E+00 
 2.067078E-08 
 2.309335E-08 
 2.308769E-08 
 2.309517E-08 
 2.312813E-08 
 1.800007E+00 
 1.105237E-07 
 1.189014E-07 
 1.189289E-07 
 1.189012E-07 
 1.189012E-07 
 1.189009E-07 
 1.188991E-07 
 1.189016E-07 
 1.800000E+00 
 6.921741E-08 
 1.008362E-08 
 1.008251E-08 
 1.008507E-08 
 1.008543E-08 
 1.800007E+00 
 3.004960E-09 
 5.955739E-09 
 5.955853E-09 
 5.955224E-09 
 5.957976E-09 
 5.955902E-09 
 5.954342E-09 
 1.800000E+00 
 9.827142E-09 
 9.557177E-09 
 9.557331E-09 
 9.556777E-09 
 9.556903E-09 
 9.556489E-09 
 1.800000E+00 
 1.250903E-06 
 1.249381E-06 
 1.249381E-06 
 1.249381E-06 
 1.249381E-06 
 1.249385E-06 
 1.800000E+00 
-9.792507E-10 
 3.177160E-09 
 3.176692E-09 
 3.177135E-09 
 3.179043E-09 
 1.800000E+00 
 2.083519E-07 
 2.096519E-07 
 2.096506E-07 
 2.096522E-07 
 2.096521E-07 
 2.096514E-07 
 2.096522E-07 
 1.800000E+00 
 5.012179E-08 
 4.563745E-08 
 4.564213E-08 
 4.564256E-08 
 4.564259E-08 
 1.800001E+00 
 2.773052E-06 
-1.463581E-07 
-1.463635E-07 
-1.463579E-07 
-1.463581E-07 
-1.463578E-07 
 1.800000E+00 
 1.665310E-07 
 1.665318E-07 
 1.665321E-07 
 1.665321E-07 
 1.665321E-07 
 1.665334E-07 
 1.800000E+00 
-1.411847E-07 
-1.013676E-07 
-1.013680E-07 
-1.013672E-07 
 1.799999E+00 
-3.546622E-06 
-3.784230E-06 
-3.784231E-06 
-3.784232E-06 
-3.784230E-06 
-3.784230E-06 
-3.784230E-06 
 1.800000E+00 
-3.121361E-07 
-3.225669E-07 
-3.225680E-07 
-3.225667E-07 
-3.225666E-07 
 1.800000E+00 
 5.526661E-08 
-4.637664E-08 
-4.637657E-08 
-4.637667E-08 
-4.637599E-08 
 1.800000E+00 
 3.725261E-07 
 3.875307E-07 
 3.875307E-07 
 3.875307E-07 
 3.875308E-07 
 1.800000E+00 
 1.842222E-06 
 3.240108E-09 
 3.240672E-09 
 3.239200E-09 
 3.239009E-09 
 3.299192E-09 
 1.800000E+00 
-2.919659E-08 
-2.655606E-08 
-2.655650E-08 
-2.655612E-08 
-2.655708E-08 
 1.800000E+00 
 8.433887E-09 
 5.783551E-09 
 5.782303E-09 
 5.782234E-09 
 1.800000E+00 
-2.773349E-06 
 1.690406E-08 
 1.689971E-08 
 1.689984E-08 
 1.689974E-08 
 1.689941E-08 
 1.800007E+00 
 5.937942E-06 
 6.023531E-06 
 6.023532E-06 
 6.023532E-06 
 1.800000E+00 
 1.105534E-06 
 5.488596E-07 
 5.488595E-07 
 5.488595E-07 
 5.488595E-07 
 5.488580E-07 
 1.800000E+00 
 9.411613E-08 
 6.629743E-09 
 6.629551E-09 
 6.630233E-09 
 1.800000E+00 
-2.422541E-06 
 1.096854E-07 
 1.096854E-07 
 1.096854E-07 
 1.096854E-07 
 1.800000E+00 
-1.988221E-06 
-1.567367E-06 
-1.567380E-06 
-1.567367E-06 
 1.800000E+00 
-1.078201E-07 
-3.170036E-08 
-3.170034E-08 
-3.170047E-08 
-3.170043E-08 
-3.170020E-08 
 1.800000E+00 
-1.683845E-08 
 7.451200E-09 
 7.450998E-09 
 1.800002E+00 
 6.268693E-07 
 2.127499E-08 
 2.127580E-08 
 2.127543E-08 
 2.127678E-08 
 2.127551E-08 
 1.800000E+00 
-1.744752E-06 
-1.659449E-06 
-1.659449E-06 
 1.800000E+00 
 9.429622E-07 
-1.184436E-05 
-1.184436E-05 
-1.184436E-05 
-1.184436E-05 
 1.800000E+00 
 8.865201E-06 
-1.041987E-06 
-1.041987E-06 
-1.041987E-06 
-1.041987E-06 
 1.800000E+00 
 3.114989E-08 
-2.969496E-09 
-2.969100E-09 
 1.799999E+00 
 6.120366E-09 
 5.566744E-09 
 5.566664E-09 
 5.566788E-09 
 5.566794E-09 
 1.800000E+00 
 1.262853E-06 
 3.075555E-07 
 3.075602E-07 
 3.075539E-07 
 1.800000E+00 
 1.692801E-06 
 9.402554E-07 
 9.402554E-07 
 9.402549E-07 
 1.800000E+00 
 1.447366E-07 
 1.299474E-07 
 1.299525E-07 
 1.299474E-07 
 1.299473E-07 
 1.800000E+00 
-2.136556E-08 
-2.176449E-08 
 1.799999E+00 
 3.872235E-06 
-3.877163E-08 
-3.877165E-08 
-3.877166E-08 
-3.877423E-08 
-3.877168E-08 
-3.877200E-08 
 1.800000E+00 
 1.800000E+00 
 3.707969E-06 
 1.101899E-07 
 1.101901E-07 
 1.101941E-07 
 1.101947E-07 
 1.101901E-07 
 1.101896E-07 
 1.101898E-07 
 1.800000E+00 
 2.513426E-07 
 1.579971E-07 
 1.800000E+00 
-4.263836E-06 
-4.265220E-06 
-4.265220E-06 
-4.265220E-06 
 1.800000E+00 
 1.093807E-06 
 1.034885E-06 
 1.034885E-06 
 1.800003E+00 
-3.287953E-07 
-3.304301E-07 
-3.304301E-07 
-3.304301E-07 
-3.304302E-07 
 1.800000E+00 
 1.795646E-06 
 1.775370E-06 
 1.775369E-06 
 1.800000E+00 
-6.876668E-07 
-6.703346E-07 
-6.703346E-07 
-6.703345E-07 
 1.800000E+00 
 1.415160E-05 
 1.412123E-05 
 1.412123E-05 
 1.800000E+00 
 2.933754E-07 
-2.647647E-09 
-2.647714E-09 
-2.647640E-09 
 1.800000E+00 
-1.940085E-06 
 6.028146E-08 
 6.028147E-08 
 6.028142E-08 
 1.800000E+00 
-7.275360E-07 
-3.902033E-09 
-3.902152E-09 
 1.800000E+00 
-3.536332E-06 
-3.360021E-06 
-3.360021E-06 
-3.360022E-06 
 1.800000E+00 
 2.440109E-08 
 1.430103E-09 
 1.800000E+00 
 7.943266E-07 
 6.580578E-09 
 6.580595E-09 
 6.580309E-09 
 6.580569E-09 
 1.800000E+00 
 9.658342E-06 
 9.737502E-06 
 9.737502E-06 
 1.800000E+00 
 9.503166E-08 
 5.155186E-09 
 5.155073E-09 
 1.800000E+00 
 6.061055E-08 
 4.272952E-08 
 4.273080E-08 
 4.272972E-08 
 1.800000E+00 
-2.708354E-07 
 6.501813E-09 
 1.800000E+00 
 1.148793E-07 
 8.792341E-08 
 8.792341E-08 
 8.792340E-08 
 8.792329E-08 
 1.800000E+00 
 6.777129E-08 
 6.868717E-08 
 1.800000E+00 
 4.703224E-10 
 1.591777E-09 
 1.592925E-09 
 1.800003E+00 
 1.863233E-07 
 1.851961E-07 
 1.851948E-07 
 1.851947E-07 
 1.799998E+00 
 7.434094E-09 
 7.427466E-09 
 7.427587E-09 
 1.800000E+00 
 4.888933E-08 
 4.921863E-08 
 4.921871E-08 
 1.800000E+00 
-1.030737E-07 
-1.025649E-07 
-1.025647E-07 
 1.800002E+00 
 6.354001E-09 
 6.718421E-09 
 6.718208E-09 
 1.800000E+00 
 2.983188E-06 
 3.020987E-06 
 3.020988E-06 
 1.799997E+00 
 2.146368E-06 
 2.095976E-06 
 2.095975E-06 
 1.800006E+00 
-7.178320E-05 
-1.505614E-05 
-1.505614E-05 
 1.799999E+00 
-1.162372E-05 
 3.560534E-09 
 3.560445E-09 
 1.800000E+00 
 8.285383E-08 
 1.106666E-08 
 1.104856E-08 
 1.800000E+00 
-1.726200E-07 
-2.885149E-09 
 1.800000E+00 
-5.903550E-07 
 1.238868E-08 
 1.238866E-08 
 1.238870E-08 
 1.800000E+00 
 8.263705E-07 
-1.251924E-08 
-1.251926E-08 
 1.800000E+00 
 1.967947E-07 
 1.800000E+00 
 1.189612E-06 
 4.586405E-07 
 4.586402E-07 
 4.586423E-07 
 4.586407E-07 
 1.800000E+00 
 2.072647E-06 
 1.729014E-06 
 1.800000E+00 
-4.065707E-07 
-4.061828E-07 
 1.800000E+00 
-9.979560E-07 
-1.903430E-08 
-1.903425E-08 
-1.903420E-08 
 1.800000E+00 
 5.180672E-06 
 1.800002E+00 
-5.661615E-06 
 5.242776E-07 
 5.242777E-07 
 5.242776E-07 
 5.242776E-07 
 1.800000E+00 
 1.800000E+00 
-1.921876E-08 
 9.135911E-09 
 9.135830E-09 
 9.135917E-09 
 9.135925E-09 
 1.800000E+00 
 7.005341E-06 
 1.800000E+00 
 6.055537E-06 
-9.218353E-08 
-9.218377E-08 
-9.218373E-08 
 1.800000E+00 
-1.621172E-08 
 1.799999E+00 
 6.348106E-06 
 6.450444E-06 
 6.450462E-06 
 6.450445E-06 
 1.800000E+00 
-9.094638E-07 
 1.800000E+00 
 6.317355E-09 
 1.082150E-08 
 1.082147E-08 
 1.082166E-08 
 1.800000E+00 
 1.927119E-07 
 1.800000E+00 
 1.292085E-08 
 1.208464E-08 
 1.208219E-08 
 1.208217E-08 
 1.800000E+00 
 1.526793E-08 
-1.286574E-09 
 1.800000E+00 
 9.304659E-09 
 6.655261E-09 
 1.800000E+00 
-4.836723E-08 
 1.008638E-08 
 1.800000E+00 
-1.282998E-06 
 4.432616E-08 
 4.433362E-08 
 4.432597E-08 
 1.800000E+00 
 1.799999E+00 
 7.971035E-08 
-9.494702E-08 
-9.494573E-08 
-9.494700E-08 
-9.494739E-08 
 1.800000E+00 
 1.181897E-09 
 1.800000E+00 
-9.717340E-07 
-9.718837E-07 
 1.800003E+00 
 9.935099E-06 
-2.525610E-05 
-2.525610E-05 
 1.800000E+00 
-4.825139E-07 
-7.803268E-07 
 1.800000E+00 
-2.446156E-07 
-1.291062E-07 
 1.800000E+00 
-6.718730E-07 
 3.066418E-07 
 3.066418E-07 
 1.800000E+00 
 3.168931E-07 
 4.505143E-08 
 1.800000E+00 
-4.924101E-07 
 6.349281E-09 
 1.800000E+00 
-4.062269E-06 
 4.152529E-08 
 1.800000E+00 
 4.375043E-07 
-1.027201E-06 
-1.027202E-06 
 1.800000E+00 
 1.349706E-06 
 1.800000E+00 
 1.093530E-06 
 1.093841E-06 
 1.093841E-06 
 1.800000E+00 
-9.911176E-09 
 7.433488E-09 
 1.800000E+00 
-9.876626E-09 
-8.179424E-08 
 1.800000E+00 
 5.243047E-07 
 4.765190E-07 
 1.800000E+00 
-4.117036E-08 
-4.177233E-08 
-4.177801E-08 
 1.800000E+00 
-3.484106E-06 
 1.800007E+00 
-2.376784E-07 
 6.647843E-08 
 6.647481E-08 
 1.800000E+00 
-5.416280E-06 
 1.800000E+00 
-7.749448E-07 
-2.629800E-08 
-2.629783E-08 
 1.800000E+00 
 1.723473E-07 
 1.800000E+00 
 1.915937E-05 
-1.801168E-06 
-1.801168E-06 
 1.800004E+00 
 1.221486E-07 
 1.189819E-07 
 1.800000E+00 
 1.131598E-08 
 1.800000E+00 
 2.682043E-08 
 3.264019E-08 
 3.264015E-08 
 1.800000E+00 
 5.227250E-08 
 5.190333E-08 
 1.800000E+00 
 2.121989E-08 
 1.800000E+00 
-6.317777E-07 
 4.552183E-07 
 4.552147E-07 
 1.800000E+00 
 3.668293E-07 
 1.800000E+00 
 1.761523E-06 
 1.646568E-06 
 1.646568E-06 
 1.800000E+00 
 1.787495E-09 
 1.800000E+00 
-3.654781E-07 
 6.576522E-09 
 1.800000E+00 
 1.307809E-06 
 1.312338E-06 
 1.312337E-06 
 1.800010E+00 
 1.800000E+00 
 4.886866E-06 
-5.558061E-07 
-5.558065E-07 
 1.800000E+00 
-1.029715E-08 
 4.111451E-09 
 1.800000E+00 
 3.873408E-10 
 1.800000E+00 
 2.256733E-04 
 5.432637E-09 
 5.432582E-09 
 1.799998E+00 
 5.138202E-06 
 1.800000E+00 
 2.766121E-06 
 2.763544E-06 
 1.800000E+00 
 6.528935E-07 
 1.800001E+00 
 9.257470E-07 
 6.220398E-09 
 6.220432E-09 
 1.800000E+00 
 7.038105E-07 
 1.800000E+00 
-9.475695E-06 
-1.243848E-05 
-1.243848E-05 
 1.800000E+00 
 1.800000E+00 
-7.704419E-07 
 6.304155E-09 
 6.303929E-09 
 1.800000E+00 
-5.066089E-08 
 1.800000E+00 
 5.898971E-07 
 6.726362E-07 
 1.800000E+00 
 7.844529E-06 
 7.848702E-06 
 1.800000E+00 
 8.788192E-07 
 1.800000E+00 
 1.245052E-06 
 1.244330E-06 
 1.800000E+00 
-5.886945E-08 
 7.465743E-09 
 1.800000E+00 
 1.218447E-06 
 1.800000E+00 
 8.265964E-09 
 6.021383E-09 
 6.025969E-09 
 1.800000E+00 
 1.800002E+00 
 2.613172E-07 
 2.597550E-07 
 2.597485E-07 
 1.800000E+00 
 1.800000E+00 
 1.058483E-05 
-2.529180E-06 
-2.529180E-06 
 1.800000E+00 
-7.612308E-07 
 7.467942E-08 
 1.800000E+00 
 1.800005E+00 
 1.188805E-06 
-2.328902E-06 
-2.328902E-06 
 1.799998E+00 
-3.025735E-07 
 1.799999E+00 
-2.235865E-05 
 1.800000E+00 
-1.834227E-08 
-2.731389E-08 
-2.731397E-08 
 1.800000E+00 
 1.800000E+00 
-1.337126E-06 
-3.858547E-07 
-3.858553E-07 
 1.800000E+00 
 1.800000E+00 
 8.244415E-07 
 2.714011E-07 
 2.714010E-07 
 1.800000E+00 
 1.863635E-06 
 1.800000E+00 
 1.654055E-08 
 1.800000E+00 
-6.007382E-06 
-5.908022E-06 
 1.800000E+00 
-2.996498E-07 
 1.800001E+00 
-5.750556E-07 
-2.064576E-09 
 1.800000E+00 
 2.695560E-08 
 7.446538E-09 
 1.800000E+00 
 1.800000E+00 
-7.305805E-09 
 5.690977E-09 
 5.690855E-09 
 1.800000E+00 
 1.800000E+00 
 3.361278E-09 
 7.441368E-09 
 7.441293E-09 
 1.800000E+00 
 1.800001E+00 
 6.497612E-06 
 6.402924E-06 
 6.402924E-06 
 1.800000E+00 
 1.800001E+00 
 6.471439E-06 
 6.471438E-06 
 1.800000E+00 
 1.219929E-06 
 1.219898E-06 
 1.800000E+00 
 1.800000E+00 
-1.027273E-06 
-1.128973E-06 
-1.128972E-06 
 1.800000E+00 
 1.799998E+00 
 1.103299E-08 
 4.645975E-09 
 1.799999E+00 
 1.014556E-05 
 1.800000E+00 
 9.567186E-09 
 7.449322E-09 
 1.800002E+00 
-1.170037E-07 
 1.800000E+00 
-9.371991E-08 
-9.639357E-08 
 1.800000E+00 
 1.800000E+00 
-2.428825E-07 
-1.954922E-07 
-1.954938E-07 
 1.800000E+00 
 1.800000E+00 
-5.766796E-07 
 2.480456E-07 
 1.800000E+00 
 1.635932E-05 
 1.800000E+00 
 1.123611E-08 
 1.800000E+00 
 8.898653E-09 
 4.967437E-09 
 1.800000E+00 
 1.931136E-07 
 1.800000E+00 
 4.658516E-08 
 1.800000E+00 
-1.252561E-06 
 9.336620E-09 
 1.800000E+00 
-4.715624E-07 
 1.800000E+00 
-8.855485E-09 
 1.800000E+00 
-2.862949E-08 
-2.708287E-08 
 1.800000E+00 
 1.800000E+00 
 1.262628E-08 
 1.254605E-08 
 1.800000E+00 
-2.220758E-07 
 1.818064E-08 
 1.800000E+00 
 1.800000E+00 
-3.771963E-07 
-3.809736E-07 
 1.800000E+00 
-4.396777E-07 
 1.800000E+00 
 8.651733E-09 
 1.800000E+00 
-1.696103E-06 
 1.800000E+00 
 8.033645E-09 
 1.079328E-08 
 1.800000E+00 
-1.043968E-06 
 1.800000E+00 
-3.847270E-07 
 1.800000E+00 
 3.363595E-07 
 1.800000E+00 
 1.416137E-08 
 1.045771E-08 
 1.799999E+00 
 1.800000E+00 
 2.571077E-06 
 2.796620E-09 
 1.800000E+00 
-1.888393E-07 
 1.800000E+00 
 2.076555E-08 
 1.800000E+00 
 9.436953E-09 
 6.522805E-09 
 1.800000E+00 
 1.800000E+00 
 3.866808E-09 
 1.580740E-09 
 1.800000E+00 
 7.274870E-09 
 1.800000E+00 
 1.800000E+00 
 5.153148E-07 
 4.736782E-07 
 4.736782E-07 
 1.800000E+00 
 1.800000E+00 
-2.174220E-06 
 1.800000E+00 
-5.695988E-07 
-5.696003E-07 
 1.800000E+00 
 1.800005E+00 
 2.471694E-09 
 2.780887E-09 
 1.800000E+00 
-6.141431E-06 
 1.800000E+00 
 3.746243E-08 
 1.800000E+00 
 3.402702E-07 
 1.800000E+00 
 1.841447E-07 
 1.800000E+00 
 6.158941E-08 
 1.800000E+00 
-3.590522E-07 
 5.978459E-09 
 1.800000E+00 
 1.800003E+00 
 4.215523E-08 
 1.800000E+00 
-2.583723E-06 
-2.033688E-05 
 1.800003E+00 
-1.415827E-08 
 1.800000E+00 
 1.800000E+00 
-1.251173E-07 
-1.136209E-07 
 1.800000E+00 
-3.418125E-07 
 1.800000E+00 
 1.800000E+00 
-1.544468E-06 
 8.662228E-09 
 1.800000E+00 
 4.583592E-08 
 1.800000E+00 
-9.342055E-08 
 1.800000E+00 
 6.589107E-06 
 1.800000E+00 
-6.946242E-08 
 1.800000E+00 
 1.417405E-08 
 1.800000E+00 
 4.659001E-07 
 1.800000E+00 
 1.012488E-07 
 1.800007E+00 
-7.695050E-07 
 1.800002E+00 
-7.570569E-09 
 1.800000E+00 
 1.921734E-07 
 1.800000E+00 
 9.412666E-08 
 1.800000E+00 
 3.539435E-08 
 1.800000E+00 
 9.463841E-09 
 1.800000E+00 
 2.131268E-06 
 1.800000E+00 
-3.764124E-08 
 1.800001E+00 
-9.443337E-06 
 1.800000E+00 
 5.926995E-07 
 1.800000E+00 
-1.915987E-08 
 1.800000E+00 
 1.800000E+00 
 2.537320E-06 
 9.001362E-10 
 1.800000E+00 
-2.446353E-06 
 1.800000E+00 
 4.255581E-09 
 1.800000E+00 
 1.800001E+00 
 7.733328E-06 
-2.619797E-07 
 1.800001E+00 
 1.800000E+00 
 1.230221E-04 
-1.554246E-06 
 1.799999E+00 
 1.800000E+00 
 1.221091E-06 
 1.799998E+00 
-6.383040E-07 
-6.755610E-07 
 1.800000E+00 
 1.800000E+00 
 1.560527E-09 
 1.800000E+00 
-1.306836E-08 
 1.800004E+00 
 1.800000E+00 
-1.531469E-07 
-1.130162E-08 
 1.800000E+00 
-2.855686E-06 
 1.800000E+00 
 1.800000E+00 
 8.357347E-08 
 9.084165E-08 
 1.800000E+00 
 1.800000E+00 
 3.351219E-06 
 1.800000E+00 
 2.027958E-07 
 3.283958E-07 
 1.800000E+00 
 1.800000E+00 
 1.800000E+00 
-1.707910E-07 
 9.294128E-09 
 1.800000E+00 
 8.579380E-09 
 1.800000E+00 
 1.800000E+00 
 3.142310E-07 
 1.800000E+00 
 6.953789E-06 
 1.800000E+00 
-1.807176E-07 
 1.800000E+00 
 8.173594E-06 
 1.800000E+00 
-1.723305E-07 
 1.800000E+00 
 1.800000E+00 
 1.376491E-09 
 5.388357E-09 
 1.799999E+00 
 1.800000E+00 
 4.922317E-07 
 1.800000E+00 
 2.198520E-07 
 1.800000E+00 
 3.802874E-08 
 1.800000E+00 
 1.800000E+00 
-6.253394E-09 
 1.789363E-08 
 1.800000E+00 
 1.800000E+00 
 1.674166E-06 
 1.800000E+00 
 1.800000E+00 
 6.374350E-09 
 6.098125E-09 
 1.800000E+00 
 1.800000E+00 
-7.888340E-08 
-7.887398E-08 
 1.800000E+00 
 1.800000E+00 
 1.800000E+00 
 1.742933E-08 
 6.780873E-09 
 1.800000E+00 
 1.800000E+00 
 7.333392E-07 
 6.036307E-09 
 1.800000E+00 
 1.800000E+00 
 1.800000E+00 
 7.426561E-09 
-4.676726E-08 
 1.800000E+00 
 1.800000E+00 
-9.631868E-06 
 1.800000E+00 
 6.444186E-09 
 1.800000E+00 
 1.799999E+00 
 1.559817E-08 
 1.590073E-08 
 1.800000E+00 
 1.800000E+00 
 1.800000E+00 
 1.789243E-08 
 7.330798E-09 
 1.800000E+00 
 1.800000E+00 
 2.302334E-08 
-7.732260E-08 
 1.799999E+00 
 1.799999E+00 
 1.800000E+00 
 2.395163E-08 
 1.800000E+00 
 2.551585E-07 
 1.800000E+00 
-6.536059E-07 
 1.800000E+00 
 1.452620E-05 
 1.799999E+00 
 1.799999E+00 
 3.946142E-07 
 1.800000E+00 
 1.800000E+00 
 2.435383E-09 
 5.545298E-09 
 1.800000E+00 
 1.800000E+00 
-1.919655E-06 
 1.800000E+00 
 1.800000E+00 
 1.213613E-06 
 1.212304E-06 
 1.800000E+00 
 1.800000E+00 
 1.800000E+00 
-1.159234E-06 
-1.315390E-05 
 1.800000E+00 
 1.800000E+00 
 1.800000E+00 
 2.469913E-06 
 2.466913E-06 
 1.800000E+00 
 1.800000E+00 
-9.787450E-06 
 1.800000E+00 
 1.800000E+00 
 8.088276E-07 
 8.087540E-07 
 1.800000E+00 
 1.800000E+00 
 1.800000E+00 
-5.408513E-07 
 1.800000E+00 
 1.460229E-05 
 1.800000E+00 
-6.819855E-09 
 1.800000E+00 
 1.800000E+00 
 4.770634E-08 
 1.800000E+00 
 1.800002E+00 
 9.509300E-06 
-4.316697E-06 
 1.800000E+00 
 1.800000E+00 
 1.800000E+00 
 7.815565E-08 
 1.800000E+00 
 1.600679E-07 
 1.800000E+00 
-2.225197E-05 
 1.800000E+00 
 1.800000E+00 
-1.889834E-07 
 1.800000E+00 
 1.800000E+00 
 3.371137E-07 
 1.800008E+00 
 8.928641E-09 
 1.800000E+00 
 1.800000E+00 
-1.421727E-07 
 1.800000E+00 
 6.775019E-09 
 1.799999E+00 
 1.800000E+00 
 5.508193E-09 
 1.800000E+00 
 1.506439E-08 
 1.799999E+00 
 1.800000E+00 
 1.800000E+00 
 1.260450E-08 
 9.528050E-09 
 1.800000E+00 
 1.800000E+00 
 1.800000E+00 
 1.190711E-06 
 1.210831E-06 
 1.800000E+00 
 1.800000E+00 
 1.799999E+00 
 6.543703E-08 
 1.800000E+00 
 1.808771E-07 
 1.800000E+00 
 1.800000E+00 
 1.747529E-08 
 1.800000E+00 
 1.799999E+00 
-1.781472E-06 
 1.800000E+00 
 1.575172E-08 
 1.800000E+00 
 1.800000E+00 
 1.919360E-07 
 1.800000E+00 
 1.800000E+00 
 1.826184E-06 
 1.800000E+00 
 2.850026E-08 
 1.800000E+00 
 1.799998E+00 
 1.103926E-08 
 1.800000E+00 
 1.800000E+00 
 4.800922E-08 
 1.800000E+00 
 1.800000E+00 
 6.316637E-09 
 1.800001E+00 
 6.588936E-09 
 1.800003E+00 
 1.800000E+00 
 2.792818E-07 
 1.800000E+00 
 1.800000E+00 
 2.941468E-08 
 1.800000E+00 
 1.800002E+00 
 4.341954E-08 
 1.800000E+00 
-2.998845E-07 
 1.800000E+00 
 1.800000E+00 
 1.800000E+00 
 1.201619E-08 
 1.063124E-08 
 1.800000E+00 
 1.800000E+00 
 1.800000E+00 
 1.800000E+00 
 7.361215E-09 
 6.765762E-09 
 1.800000E+00 
 1.800000E+00 
 1.800000E+00 
-1.679384E-08 
 1.800000E+00 
 1.800000E+00 
-8.047203E-06 
 1.799998E+00 
 1.121771E-08 
 1.800000E+00 
 1.800000E+00 
-9.065259E-08 
 1.800008E+00 
 1.800008E+00 
 1.800000E+00 
-8.833451E-06 
-8.823160E-06 
 1.800000E+00 
 1.800000E+00 
 1.800000E+00 
 1.800000E+00 
 1.044064E-06 
 1.044024E-06 
 1.800000E+00 
 1.800000E+00 
 1.800000E+00 
 1.800000E+00 
 8.874535E-07 
 4.542009E-09 
 1.800000E+00 
 1.800000E+00 
 1.800000E+00 
-7.261336E-07 
 1.799998E+00 
 1.800000E+00 
-2.236729E-07 
 1.800000E+00 
 1.800000E+00 
-3.710321E-06 
 1.799999E+00 
 1.800000E+00 
 6.786351E-07 
 1.800000E+00 
 1.800000E+00 
-2.522513E-06 
 1.800000E+00 
 1.800000E+00 
-3.701220E-09 
 1.800000E+00 
 1.800000E+00 
-2.752152E-08 
 1.800000E+00 
 1.800000E+00 
 8.519056E-09 
 1.800000E+00 
 1.800000E+00 
-6.026283E-06 
 1.800000E+00 
 1.800001E+00 
 2.077085E-08 
 1.800000E+00 
 1.800000E+00 
 1.800000E+00 
 2.257001E-07 
 1.800000E+00 
-1.260594E-08 
 1.800001E+00 
 1.800000E+00 
 1.800000E+00 
 3.064103E-08 
 1.800000E+00 
 1.800000E+00 
 1.457248E-08 
 1.800000E+00 
 7.780546E-08 
 1.800000E+00 
 1.800000E+00 
 1.800000E+00 
 1.800001E+00 
 3.251852E-07 
 1.799999E+00 
-7.413990E-08 
 1.800000E+00 
 1.800000E+00 
 1.800000E+00 
 6.041293E-09 
 1.800000E+00 
-1.353527E-05 
 1.800000E+00 
 1.800000E+00 
 1.800000E+00 
 1.800000E+00 
-9.083434E-07 
 1.800002E+00 
 3.069304E-08 
 1.800000E+00 
 1.800000E+00 
 1.800000E+00 
-2.082081E-07 
 1.800000E+00 
 1.800000E+00 
 2.253500E-07 
 1.800000E+00 
 1.800000E+00 
 1.014871E-07 
 1.800001E+00 
 1.800000E+00 
 1.800000E+00 
-1.268025E-07 
 1.800004E+00 
 6.536782E-06 
 1.800000E+00 
 1.800000E+00 
 1.800000E+00 
 1.800000E+00 
-1.988484E-09 
 1.800000E+00 
 1.800000E+00 
 1.607130E-07 
 1.800001E+00 
 1.800000E+00 
-1.351150E-06 
 1.800000E+00 
 1.800000E+00 
 4.228408E-08 
 1.800000E+00 
 1.800000E+00 
 1.800000E+00 
 1.800000E+00 
 7.093709E-06 
 6.958149E-06 
 1.800005E+00 
 1.800005E+00 
 1.800005E+00 
 1.800005E+00 
 1.800000E+00 
 2.064032E-07 
 1.800000E+00 
 1.068346E-07 
 1.800000E+00 
 1.800000E+00 
 1.800000E+00 
 1.799999E+00 
 2.961533E-07 
 1.045894E-07 
 1.800000E+00 
 1.800000E+00 
 1.800000E+00 
 1.800000E+00 
 1.800000E+00 
-7.113398E-08 
 1.800000E+00 
 1.800000E+00 
 1.879346E-06 
 1.800000E+00 
 1.800002E+00 
 7.841222E-07 
 1.800000E+00 
 1.800000E+00 
 1.800000E+00 
 6.513216E-09 
 1.799999E+00 
 1.800000E+00 
-1.829202E-09 
 1.800000E+00 
 1.800000E+00 
 1.800000E+00 
 1.800000E+00 
-2.656056E-05 
 1.800000E+00 
 6.308689E-09 
 1.800000E+00 
 1.800000E+00 
 1.800000E+00 
 1.800000E+00 
-2.365478E-07 
 1.800003E+00 
 1.800003E+00 
 1.800000E+00 
 1.156357E-06 
 1.800004E+00 
-2.682809E-08 
 1.799999E+00 
 1.800000E+00 
 1.800000E+00 
 1.800000E+00 
 1.800000E+00 
-1.393739E-06 
 1.800000E+00 
-5.267945E-06 
 1.800000E+00 
 1.800000E+00 
 1.800000E+00 
 1.800000E+00 
 1.124516E-08 
 1.800001E+00 
 1.800000E+00 
-5.704886E-06 
 1.800000E+00 
 1.800000E+00 
 1.800000E+00 
 1.800000E+00 
 4.376901E-07 
 1.800000E+00 
-3.527003E-07 
 1.800000E+00 
 1.800000E+00 
 1.800000E+00 
 1.800000E+00 
 1.800000E+00 
 6.384034E-08 
 1.800000E+00 
 1.800000E+00 
 8.350652E-06 
 1.800000E+00 
 1.800000E+00 
 1.800000E+00 
 1.216465E-07 
 1.799998E+00 
 1.800000E+00 
 1.800000E+00 
-1.500927E-05 
 1.800000E+00 
 1.800000E+00 
 1.800004E+00 
 4.634729E-08 
 1.800000E+00 
 1.800000E+00 
 1.800000E+00 
-9.976811E-06 
 1.800001E+00 
 1.800000E+00 
 1.799999E+00 
 1.800000E+00 
 8.848010E-09 
 1.800008E+00 
 1.800000E+00 
-1.401967E-06 
 1.800000E+00 
 1.800000E+00 
 1.800000E+00 
 4.790075E-08 
 1.800000E+00 
 1.800000E+00 
 1.800000E+00 
 1.800000E+00 
 1.551735E-10 
 1.800000E+00 
 1.800000E+00 
 1.800000E+00 
-5.875211E-08 
 1.800001E+00 
 1.800001E+00 
 1.800000E+00 
-9.486626E-07 
 1.800000E+00 
 1.800000E+00 
 1.800000E+00 
 1.800006E+00 
-1.504648E-06 
 1.800000E+00 
 1.800000E+00 
 5.662969E-09 
 1.800000E+00 
 1.800000E+00 
 1.800000E+00 
 1.800000E+00 
 1.800000E+00 
-1.026116E-06 
 1.800000E+00 
 8.152060E-09 
 1.800000E+00 
 1.800000E+00 
 1.800000E+00 
 1.800000E+00 
 1.800000E+00 
 1.800000E+00 
 7.149575E-08 
 1.800000E+00 
 1.800000E+00 
-1.444443E-07 
 1.800000E+00 
 1.800000E+00 
 1.800000E+00 
 1.800000E+00 
 1.978559E-07 
 1.800000E+00 
 1.800000E+00 
 1.800000E+00 
-9.155893E-06 
 1.800000E+00 
 1.800000E+00 
 1.800000E+00 
 1.800000E+00 
 2.860249E-07 
 1.800000E+00 
 1.800000E+00 
 1.800000E+00 
 8.063963E-09 
 1.800000E+00 
 1.800000E+00 
 1.800000E+00 
 1.800000E+00 
 9.392430E-09 
 1.800000E+00 
 1.800000E+00 
 1.800000E+00 
 1.800000E+00 
-4.354616E-08 
 1.800007E+00 
 1.800000E+00 
 1.800000E+00 
-2.195455E-08 
 1.800000E+00 
 1.800000E+00 
 1.800000E+00 
 1.800000E+00 
 1.300215E-08 
 1.800000E+00 
 1.800000E+00 
 1.800000E+00 
 1.799999E+00 
 1.385097E-08 
 1.800000E+00 
 1.800000E+00 
 1.800000E+00 
 1.800000E+00 
 1.211278E-06 
 1.800000E+00 
 1.800000E+00 
 1.800004E+00 
-1.431606E-07 
 1.800000E+00 
 1.800000E+00 
 1.800000E+00 
 1.800000E+00 
 1.800000E+00 
 4.256690E-09 
 1.800000E+00 
 1.800000E+00 
 2.953425E-07 
 1.800000E+00 
 1.800000E+00 
 1.800000E+00 
 1.800000E+00 
 1.800000E+00 
 1.800000E+00 
-1.091847E-07 
 1.800000E+00 
 1.800000E+00 
 1.800000E+00 
 1.800000E+00 
 1.413111E-07 
 1.800001E+00 
 1.800000E+00 
-5.647532E-08 
 1.800000E+00 
 1.800000E+00 
 1.800000E+00 
 1.800000E+00 
 1.800000E+00 
 1.800000E+00 
 1.800000E+00 
-1.070636E-06 
 1.800000E+00 
 2.063168E-08 
 1.800000E+00 
 1.800000E+00 
 1.800000E+00 
 1.800000E+00 
 1.800000E+00 
 1.800000E+00 
 1.800000E+00 
 3.041462E-08 
 1.800000E+00 
 1.800000E+00 
 1.800000E+00 
 1.538762E-08 
 1.800000E+00 
 1.800000E+00 
 1.800000E+00 
 1.800000E+00 
 1.800000E+00 
 8.676687E-08 
 1.800000E+00 
 1.800003E+00 
 1.800000E+00 
 7.645131E-09 
 1.800001E+00 
 1.800001E+00 
 1.800001E+00 
 1.800001E+00 
 1.800001E+00 
 1.800000E+00 
-1.369341E-08 
 1.800000E+00 
 1.800006E+00 
 1.800007E+00 
-5.548736E-08 
 1.800007E+00 
 1.800007E+00 
 1.800007E+00 
 1.800007E+00 
 1.800007E+00 
 1.800000E+00 
-5.464847E-09 
 1.800006E+00 
 1.800000E+00 
 1.800000E+00 
 8.500947E-09 
 1.800007E+00 
 1.800007E+00 
 1.800007E+00 
 1.800007E+00 
 1.800007E+00 
 1.800000E+00 
-1.281859E-07 
 1.800000E+00 
 1.800000E+00 
 1.800000E+00 
 1.800000E+00 
-3.833977E-08 
 1.800000E+00 
 1.800000E+00 
 1.800000E+00 
 1.800000E+00 
 1.800000E+00 
-2.141231E-06 
 1.800000E+00 
 1.800000E+00 
 1.800000E+00 
 1.800000E+00 
 1.800000E+00 
 9.139648E-09 
 1.800000E+00 
 1.800000E+00 
 1.800000E+00 
 1.800000E+00 
-4.264757E-08 
 1.799998E+00 
 1.799998E+00 
 1.799998E+00 
 1.799998E+00 
 1.799998E+00 
 1.800000E+00 
 6.054804E-09 
 1.800000E+00 
 1.800000E+00 
 1.800000E+00 
 1.800004E+00 
 2.839347E-07 
 1.800000E+00 
 1.800000E+00 
 1.800000E+00 
 1.800000E+00 
 1.800000E+00 
 1.799998E+00 
 3.641725E-07 
 1.800000E+00 
 1.800000E+00 
 1.800000E+00 
 1.800000E+00 
 1.395713E-06 
 1.800000E+00 
 1.800000E+00 
 1.800000E+00 
 1.800000E+00 
 1.800000E+00 
 1.800000E+00 
 1.800008E+00 
 3.875020E-08 
 1.800000E+00 
 1.800000E+00 
 1.800001E+00 
 9.296641E-09 
 1.800000E+00 
 1.800000E+00 
 1.800000E+00 
 1.800000E+00 
 1.800000E+00 
 1.800000E+00 
 1.800000E+00 
 1.800000E+00 
 3.032800E-05 
 1.800000E+00 
 1.800000E+00 
-2.125912E-09 
 1.800000E+00 
 1.800000E+00 
 1.800000E+00 
 1.800000E+00 
 1.800000E+00 
 1.800000E+00 
 1.800000E+00 
 1.800000E+00 
 1.800000E+00 
 4.299759E-08 
 1.800000E+00 
 1.800000E+00 
 1.800000E+00 
 8.935513E-08 
 1.800000E+00 
 1.800000E+00 
 1.800000E+00 
 1.800000E+00 
 1.800000E+00 
 1.800000E+00 
 1.800000E+00 
 1.799999E+00 
 3.077507E-06 
 1.800000E+00 
 1.800000E+00 
 2.968298E-08 
 1.800000E+00 
 1.800000E+00 
 1.800000E+00 
 1.800000E+00 
 1.800000E+00 
 1.800000E+00 
 1.800000E+00 
 1.800000E+00 
 1.800000E+00 
 1.800000E+00 
 1.817058E-07 
 1.800000E+00 
 1.800000E+00 
 1.800000E+00 
 6.738046E-09 
 1.800001E+00 
 1.800001E+00 
 1.800001E+00 
 1.800001E+00 
 1.800001E+00 
 1.800001E+00 
 1.800001E+00 
 1.799997E+00 
-1.586216E-08 
 1.799999E+00 
 1.800000E+00 
 1.800000E+00 
 1.800000E+00 
 2.662666E-09 
 1.800004E+00 
 1.800004E+00 
 1.800004E+00 
 1.800004E+00 
 1.800004E+00 
 1.800004E+00 
 1.800004E+00 
 1.800000E+00 
 4.106425E-07 
 1.800000E+00 
 1.800000E+00 
 1.800000E+00 
 1.800000E+00 
 1.800000E+00 
 1.196996E-08 
 1.800000E+00 
 1.800000E+00 
 1.800000E+00 
 1.800000E+00 
 1.800000E+00 
 1.800000E+00 
 1.800000E+00 
 3.148733E-06 
 1.800005E+00 
 1.800005E+00 
 1.800005E+00 
 1.800001E+00 
 1.800000E+00 
-2.754477E-08 
 1.800000E+00 
 1.800000E+00 
 1.800000E+00 
 1.800000E+00 
 1.800000E+00 
 1.800000E+00 
 1.800000E+00 
 1.800000E+00 
-6.691284E-07 
 1.800000E+00 
 1.800000E+00 
 1.800000E+00 
 1.800000E+00 
 1.800000E+00 
 1.800000E+00 
-4.576761E-06 
 1.800000E+00 
 1.800000E+00 
 1.800000E+00 
 1.800000E+00 
 1.800000E+00 
 1.800000E+00 
 1.800000E+00 
 2.824778E-08 
 1.800000E+00 
 1.800000E+00 
 1.800000E+00 
 1.800000E+00 
 1.800000E+00 
 1.800000E+00 
 2.300589E-05 
 1.800000E+00 
 1.800000E+00 
 1.800000E+00 
 1.800000E+00 
 1.800000E+00 
 1.800000E+00 
 1.800000E+00 
 1.800000E+00 
 2.951973E-08 
 1.800000E+00 
 1.800000E+00 
 1.800000E+00 
 1.800000E+00 
 1.800007E+00 
 1.800002E+00 
-3.450263E-07 
 1.800000E+00 
 1.800000E+00 
 1.800000E+00 
 1.800000E+00 
 1.800000E+00 
 1.800000E+00 
 1.800000E+00 
 5.791685E-09 
 1.800000E+00 
 1.800000E+00 
 1.800000E+00 
 1.800000E+00 
 1.800000E+00 
 1.800000E+00 
 1.800000E+00 
 1.800000E+00 
 1.922513E-06 
 1.800000E+00 
 1.800000E+00 
 1.800000E+00 
 1.800000E+00 
 1.800000E+00 
 1.800000E+00 
 1.581462E-07 
 1.800000E+00 
 1.800000E+00 
 1.800000E+00 
 1.800000E+00 
 1.800000E+00 
 1.800000E+00 
 1.800000E+00 
 1.800000E+00 
 1.800000E+00 
-4.244397E-07 
 1.800000E+00 
 1.800000E+00 
 1.800000E+00 
 1.800000E+00 
 1.799998E+00 
 2.811328E-08 
 1.799999E+00 
 1.799999E+00 
 1.799999E+00 
 1.799999E+00 
 1.799999E+00 
 1.799999E+00 
 1.799999E+00 
 1.799999E+00 
 1.799999E+00 
 1.800000E+00 
-6.484910E-07 
 1.800000E+00 
 1.800000E+00 
 1.800000E+00 
 1.800000E+00 
 1.800000E+00 
 1.800000E+00 
 1.800000E+00 
 4.008116E-06 
 1.800000E+00 
 1.800000E+00 
 1.800000E+00 
 1.800000E+00 
 1.800000E+00 
 1.800000E+00 
 1.800000E+00 
 3.609123E-06 
 1.800000E+00 
 1.800000E+00 
 1.800000E+00 
 1.800000E+00 
 1.800000E+00 
 1.800000E+00 
 1.800000E+00 
 1.800000E+00 
 1.190907E-08 
 1.800000E+00 
 1.800000E+00 
 1.800000E+00 
 1.800000E+00 
 1.800000E+00 
 1.800000E+00 
 1.800000E+00 
 1.800000E+00 
 1.800000E+00 
 5.051715E-09 
 1.800000E+00 
 1.800000E+00 
 1.800000E+00 
 1.800000E+00 
 1.800000E+00 
 1.800004E+00 
-1.224598E-08 
 1.800000E+00 
 1.800000E+00 
 1.800000E+00 
 1.800000E+00 
 1.800000E+00 
 1.800000E+00 
 1.800000E+00 
 1.800000E+00 
 1.800000E+00 
 1.800000E+00 
 4.317663E-07 
 1.800000E+00 
 1.800000E+00 
 1.800000E+00 
 1.800000E+00 
 1.800000E+00 
 1.800000E+00 
 1.800000E+00 
-3.740113E-07 
 1.800007E+00 
 1.800007E+00 
 1.800007E+00 
 1.800007E+00 
 1.800007E+00 
 1.800007E+00 
 1.800007E+00 
 1.800007E+00 
 1.800000E+00 
 1.800000E+00 
-3.797345E-05 
 1.800000E+00 
 1.800000E+00 
 1.800000E+00 
 1.800000E+00 
 1.799999E+00 
 1.800000E+00 
 9.455492E-08 
 1.800000E+00 
 1.800000E+00 
 1.800000E+00 
 1.800000E+00 
 1.800000E+00 
 1.800000E+00 
 1.800000E+00 
 1.800000E+00 
 1.800000E+00 
 1.800000E+00 
 1.800000E+00 
-3.151888E-06 
 1.800000E+00 
 1.800000E+00 
 1.799999E+00 
 1.800000E+00 
 1.800000E+00 
 1.100538E-08 
 1.800000E+00 
 1.800000E+00 
 1.800000E+00 
 1.800000E+00 
 1.800000E+00 
 1.800000E+00 
 1.800000E+00 
 1.800000E+00 
 1.800000E+00 
 1.800000E+00 
 1.800000E+00 
 1.800000E+00 
 1.800000E+00 
-1.738970E-07 
 1.800000E+00 
 1.800000E+00 
 1.800000E+00 
 1.800000E+00 
 1.800000E+00 
 6.542775E-06 
 1.800000E+00 
 1.800000E+00 
 1.800000E+00 
 1.800000E+00 
 1.800000E+00 
 1.800000E+00 
 1.800000E+00 
 1.800000E+00 
 1.800000E+00 
 1.800000E+00 
 1.800000E+00 
 1.800000E+00 
-6.169014E-08 
 1.800000E+00 
 1.800000E+00 
 1.800000E+00 
 1.800000E+00 
 1.800000E+00 
 2.585599E-08 
 1.800000E+00 
 1.800000E+00 
 1.800000E+00 
 1.800000E+00 
 1.800000E+00 
 1.800000E+00 
 1.800000E+00 
 1.800000E+00 
 1.800000E+00 
 1.800000E+00 
 1.800000E+00 
 1.800000E+00 
 1.799998E+00 
 1.450401E-08 
 1.800000E+00 
 1.800000E+00 
 1.800000E+00 
 1.800000E+00 
 1.800000E+00 
 1.800002E+00 
 5.813382E-06 
 1.800000E+00 
 1.800000E+00 
 1.800000E+00 
 1.800000E+00 
 1.800000E+00 
 1.800000E+00 
 1.800000E+00 
 1.800000E+00 
 1.800000E+00 
 1.800000E+00 
 1.800000E+00 
-3.250731E-06 
 1.800000E+00 
 1.800000E+00 
 1.800000E+00 
 1.800000E+00 
 1.800000E+00 
 1.799999E+00 
-8.314257E-08 
 1.800000E+00 
 1.800000E+00 
 1.800000E+00 
 1.800000E+00 
 1.800000E+00 
 1.800000E+00 
 1.800000E+00 
 1.800000E+00 
 1.800000E+00 
 1.800000E+00 
 1.800000E+00 
 1.800000E+00 
 1.800000E+00 
 5.712944E-07 
 1.800000E+00 
 1.800000E+00 
 1.800000E+00 
 1.800000E+00 
 1.800000E+00 
 1.443993E-08 
 1.800000E+00 
 1.800000E+00 
 1.800000E+00 
 1.800000E+00 
 1.800000E+00 
 1.800000E+00 
 1.800000E+00 
 1.800000E+00 
 1.800000E+00 
 1.800000E+00 
 1.800000E+00 
 1.800000E+00 
 1.800000E+00 
-1.523430E-09 
 1.800000E+00 
 1.800000E+00 
 1.800000E+00 
 1.800000E+00 
 1.800000E+00 
 1.800000E+00 
-1.301150E-07 
 1.800000E+00 
 1.800000E+00 
 1.800000E+00 
 1.800000E+00 
 1.800000E+00 
 1.800000E+00 
 1.800000E+00 
 1.800000E+00 
 1.800000E+00 
 1.800000E+00 
 1.800000E+00 
 2.822454E-06 
 1.800000E+00 
 1.800000E+00 
 1.800000E+00 
 1.800000E+00 
 1.800000E+00 
 1.800000E+00 
 1.800000E+00 
 1.800000E+00 
 9.020379E-09 
 1.800000E+00 
 1.800000E+00 
 1.800000E+00 
 1.800000E+00 
 1.800000E+00 
 1.800000E+00 
 1.800000E+00 
 1.800000E+00 
 1.800000E+00 
 1.800000E+00 
-7.034488E-07 
 1.800000E+00 
 1.800000E+00 
 1.800000E+00 
 1.800000E+00 
 1.800000E+00 
 1.800000E+00 
 1.800000E+00 
 1.800000E+00 
 6.147508E-09 
 1.800000E+00 
 1.800000E+00 
 1.800000E+00 
 1.800000E+00 
 1.800000E+00 
 1.800000E+00 
 1.800000E+00 
 1.800000E+00 
 1.800000E+00 
 1.333141E-07 
 1.800000E+00 
 1.800000E+00 
 1.800000E+00 
 1.800000E+00 
 1.800000E+00 
 1.800000E+00 
 1.800000E+00 
 1.800000E+00 
 1.800000E+00 
 1.800000E+00 
-7.282108E-08 
 1.800000E+00 
 1.800000E+00 
 1.800000E+00 
 1.800000E+00 
 1.800000E+00 
 1.800000E+00 
 1.800000E+00 
 1.800000E+00 
 1.449140E-06 
 1.800000E+00 
 1.800000E+00 
 1.800000E+00 
 1.800000E+00 
 1.800000E+00 
 1.800000E+00 
 1.800000E+00 
 1.800000E+00 
 1.800000E+00 
 1.799999E+00 
 5.016750E-06 
 1.800000E+00 
 1.800000E+00 
 1.800000E+00 
 1.800000E+00 
 1.800000E+00 
 1.800000E+00 
 1.800000E+00 
 4.079763E-07 
 1.800000E+00 
 1.800000E+00 
 1.800000E+00 
 1.800000E+00 
 1.800000E+00 
 1.800000E+00 
 1.800000E+00 
 1.800000E+00 
 1.800000E+00 
 1.800000E+00 
 1.800000E+00 
-1.038383E-06 
 1.800000E+00 
 1.800000E+00 
 1.800000E+00 
 1.800000E+00 
 1.800000E+00 
 1.800000E+00 
-3.945273E-07 
 1.800000E+00 
 1.800000E+00 
 1.800000E+00 
 1.800000E+00 
 1.800000E+00 
 1.800000E+00 
 1.800000E+00 
 1.800000E+00 
 1.800000E+00 
 1.800000E+00 
 1.800000E+00 
 1.832924E-07 
 1.800000E+00 
 1.800000E+00 
 1.800000E+00 
 1.800000E+00 
 1.800000E+00 
 1.800000E+00 
 1.800006E+00 
-2.546274E-05 
 1.800000E+00 
 1.800000E+00 
 1.800000E+00 
 1.800000E+00 
 1.800000E+00 
 1.800000E+00 
 1.800000E+00 
 1.800000E+00 
 1.800000E+00 
 1.800000E+00 
-4.229382E-07 
 1.800000E+00 
 1.800000E+00 
 1.800000E+00 
 1.800000E+00 
 1.800000E+00 
 1.800003E+00 
 1.800000E+00 
 4.188375E-08 
 1.800000E+00 
 1.800000E+00 
 1.800000E+00 
 1.800000E+00 
 1.800000E+00 
 1.800000E+00 
 1.800000E+00 
 1.800000E+00 
 1.800000E+00 
 3.257301E-06 
 1.800000E+00 
 1.800000E+00 
 1.800000E+00 
 1.800000E+00 
 1.800000E+00 
 1.800000E+00 
 1.800000E+00 
 1.800000E+00 
 6.227040E-09 
 1.800000E+00 
 1.800000E+00 
 1.800000E+00 
 1.800000E+00 
 1.800000E+00 
 1.800000E+00 
 1.800000E+00 
 1.800000E+00 
 9.749161E-09 
 1.800000E+00 
 1.800000E+00 
 1.800000E+00 
 1.800000E+00 
 1.800000E+00 
 1.800000E+00 
 1.800000E+00 
 1.800000E+00 
 1.800000E+00 
 7.425298E-09 
 1.800000E+00 
 1.800000E+00 
 1.800000E+00 
 1.800000E+00 
 1.800002E+00 
 1.800000E+00 
-1.018465E-05 
 1.800000E+00 
 1.800000E+00 
 1.800000E+00 
 1.800000E+00 
 1.800000E+00 
 1.800000E+00 
 1.800000E+00 
 1.800000E+00 
 1.800000E+00 
 1.800000E+00 
 3.371161E-07 
 1.800000E+00 
 1.800000E+00 
 1.800000E+00 
 1.800000E+00 
 1.800000E+00 
 1.800000E+00 
-9.289666E-06 
 1.800000E+00 
 1.800000E+00 
 1.800000E+00 
 1.800000E+00 
 1.800000E+00 
 1.800000E+00 
 1.800000E+00 
 1.800000E+00 
 1.800000E+00 
-3.523656E-09 
 1.800000E+00 
 1.800000E+00 
 1.800000E+00 
 1.800000E+00 
 1.800000E+00 
 1.799999E+00 
 2.471830E-08 
 1.800000E+00 
 1.800000E+00 
 1.800000E+00 
 1.800000E+00 
 1.800000E+00 
 1.800000E+00 
 1.800000E+00 
 1.800000E+00 
 1.800000E+00 
-1.261380E-06 
 1.800000E+00 
 1.800000E+00 
 1.800000E+00 
 1.800000E+00 
 1.800000E+00 
 1.800000E+00 
-2.357161E-07 
 1.800000E+00 
 1.800000E+00 
 1.800000E+00 
 1.800000E+00 
 1.800000E+00 
 1.800000E+00 
 1.800000E+00 
 1.800000E+00 
 3.505812E-08 
 1.800000E+00 
 1.800000E+00 
 1.800000E+00 
 1.800000E+00 
 1.800000E+00 
 1.800000E+00 
 1.800002E+00 
 5.925883E-07 
 1.800000E+00 
 1.800000E+00 
 1.800000E+00 
 1.800000E+00 
 1.800000E+00 
 1.800000E+00 
 1.800000E+00 
 2.686810E-07 
 1.800000E+00 
 1.800000E+00 
 1.800000E+00 
 1.800000E+00 
 1.800000E+00 
 1.800000E+00 
 1.800000E+00 
 3.484273E-08 
 1.800000E+00 
 1.800000E+00 
 1.800000E+00 
 1.800000E+00 
 1.800000E+00 
 1.800000E+00 
 1.800000E+00 
 1.376552E-08 
 1.800007E+00 
 1.800007E+00 
 1.800007E+00 
 1.800007E+00 
 1.800007E+00 
 1.800007E+00 
 1.800000E+00 
-3.827511E-09 
 1.800003E+00 
 1.800003E+00 
 1.800003E+00 
 1.800003E+00 
 1.800000E+00 
 1.800000E+00 
 4.862068E-06 
 1.799999E+00 
 1.799999E+00 
 1.799999E+00 
 1.799999E+00 
 1.799999E+00 
 1.799999E+00 
 1.800000E+00 
 8.408836E-08 
 1.800000E+00 
 1.800000E+00 
 1.800000E+00 
 1.800000E+00 
 1.800000E+00 
 1.800000E+00 
 1.503877E-05 
 1.800000E+00 
 1.800000E+00 
 1.800000E+00 
 1.800000E+00 
 1.800000E+00 
 1.800000E+00 
 1.800000E+00 
-3.727095E-08 
 1.800000E+00 
 1.800000E+00 
 1.800000E+00 
 1.800000E+00 
 1.800000E+00 
 1.800000E+00 
 8.099361E-09 
 1.800000E+00 
 1.800000E+00 
 1.800000E+00 
 1.800000E+00 
 1.800000E+00 
 1.800000E+00 
 2.181940E-07 
 1.800000E+00 
 1.800000E+00 
 1.800000E+00 
 1.800000E+00 
 1.800000E+00 
 1.800000E+00 
 1.800000E+00 
-5.788612E-07 
 1.800000E+00 
 1.800000E+00 
 1.800000E+00 
 1.800000E+00 
 1.800000E+00 
 4.141846E-07 
 1.800000E+00 
 1.800000E+00 
 1.800000E+00 
 1.800000E+00 
 1.800000E+00 
 1.800000E+00 
 1.800000E+00 
 1.432531E-06 
 1.800000E+00 
 1.800000E+00 
 1.800000E+00 
 1.800000E+00 
 9.618755E-09 
 1.800000E+00 
 1.800000E+00 
 1.800000E+00 
 1.800000E+00 
 1.800000E+00 
 1.800000E+00 
 1.800000E+00 
 1.800005E+00 
 5.489732E-08 
 1.800000E+00 
 1.800000E+00 
 1.800000E+00 
 1.800000E+00 
 4.507028E-06 
 1.800000E+00 
 1.800000E+00 
 1.800000E+00 
 1.800000E+00 
 1.800000E+00 
 1.800000E+00 
 1.799998E+00 
 7.442459E-09 
 1.800000E+00 
 1.800000E+00 
 1.800000E+00 
 1.800000E+00 
 1.800000E+00 
 4.158733E-08 
 1.800000E+00 
 1.800000E+00 
 1.800000E+00 
 1.800000E+00 
 1.800000E+00 
-1.159031E-08 
 1.800000E+00 
 1.800000E+00 
 1.800000E+00 
 1.800000E+00 
 1.800000E+00 
 1.800001E+00 
-1.771053E-07 
 1.800000E+00 
 1.800000E+00 
 1.800000E+00 
 1.800000E+00 
 1.799997E+00 
 1.800000E+00 
-3.558071E-07 
 1.800000E+00 
 1.800000E+00 
 1.800000E+00 
 2.665261E-07 
 1.800000E+00 
 1.800000E+00 
 1.800000E+00 
 1.800000E+00 
 1.800000E+00 
 1.800000E+00 
 1.800000E+00 
 1.799999E+00 
 1.812796E-06 
 1.800000E+00 
 1.800001E+00 
 1.800000E+00 
 4.761158E-07 
 1.799997E+00 
 1.799997E+00 
 1.799997E+00 
 1.799997E+00 
 1.799997E+00 
 1.800004E+00 
-3.102587E-08 
 1.800000E+00 
 1.800000E+00 
 1.800000E+00 
 1.800000E+00 
 1.799999E+00 
-7.122453E-08 
 1.800000E+00 
 1.800000E+00 
 1.800000E+00 
 1.800000E+00 
 1.799999E+00 
-1.956923E-06 
 1.800003E+00 
 1.800003E+00 
 1.800000E+00 
 1.800000E+00 
-3.520328E-08 
 1.800000E+00 
 1.800000E+00 
 1.800000E+00 
 1.800000E+00 
 1.800000E+00 
 1.800000E+00 
-5.463230E-07 
 1.799999E+00 
 1.800000E+00 
 1.800000E+00 
 1.800001E+00 
-3.109744E-08 
 1.800000E+00 
 1.800000E+00 
 1.800000E+00 
 1.800000E+00 
 1.800000E+00 
 1.716985E-06 
 1.800000E+00 
 1.800000E+00 
 1.800000E+00 
 1.800000E+00 
 1.800000E+00 
 2.127744E-07 
 1.800007E+00 
 1.800000E+00 
 1.800003E+00 
-3.971342E-09 
 1.800001E+00 
 1.800001E+00 
 1.800001E+00 
 1.800001E+00 
 1.800001E+00 
 1.800001E+00 
 1.800000E+00 
 1.054314E-06 
 1.800000E+00 
 1.800001E+00 
 6.188546E-07 
 1.800002E+00 
 1.800002E+00 
 1.800002E+00 
 1.800002E+00 
 1.800002E+00 
 1.800000E+00 
 3.845117E-08 
 1.800000E+00 
 1.800000E+00 
 1.800000E+00 
 1.800001E+00 
 1.289934E-08 
 1.800001E+00 
 1.800001E+00 
 1.800000E+00 
 1.800000E+00 
 2.770155E-07 
 1.800000E+00 
 1.800000E+00 
 1.800000E+00 
 1.800000E+00 
 1.800000E+00 
 3.188954E-06 
 1.800000E+00 
 1.800000E+00 
 1.800003E+00 
 2.504113E-07 
 1.800007E+00 
 1.800007E+00 
 1.800007E+00 
 1.800007E+00 
 1.800000E+00 
 1.894606E-07 
 1.800000E+00 
 1.800000E+00 
 1.800000E+00 
 1.800000E+00 
-3.774434E-07 
 1.800000E+00 
 1.800000E+00 
 1.800000E+00 
 1.800000E+00 
 2.895170E-08 
 1.800000E+00 
 1.800000E+00 
 1.800000E+00 
 1.800001E+00 
-1.679514E-05 
 1.800000E+00 
 1.800000E+00 
 1.800000E+00 
 1.800000E+00 
 6.851295E-08 
 1.800000E+00 
 1.800000E+00 
 1.800000E+00 
 1.800000E+00 
 1.361518E-08 
 1.800000E+00 
 1.800000E+00 
 1.800000E+00 
 1.800000E+00 
 2.076299E-08 
 1.800007E+00 
 1.800007E+00 
 1.800007E+00 
 1.800000E+00 
-2.376366E-07 
 1.800000E+00 
 1.800000E+00 
 1.800000E+00 
 3.340652E-06 
 1.800000E+00 
 1.800000E+00 
 1.800000E+00 
 1.800000E+00 
 1.800000E+00 
-2.845795E-07 
 1.800000E+00 
 1.800001E+00 
 6.836583E-09 
 1.799999E+00 
 1.799999E+00 
 1.799999E+00 
 1.799999E+00 
 1.799999E+00 
 1.800000E+00 
 1.205354E-07 
 1.800000E+00 
-1.295079E-09 
 1.800000E+00 
 1.800000E+00 
 1.800000E+00 
 1.800000E+00 
 1.800000E+00 
 1.800000E+00 
 4.446232E-07 
 1.800000E+00 
 1.800000E+00 
-2.387707E-09 
 1.800000E+00 
 1.800000E+00 
 1.800000E+00 
 1.800000E+00 
 1.800001E+00 
 5.275995E-08 
 1.800000E+00 
 1.799999E+00 
 1.051174E-07 
 1.800001E+00 
 1.800000E+00 
 1.800000E+00 
 1.800000E+00 
 1.294524E-05 
 1.800004E+00 
 1.800004E+00 
 1.800004E+00 
 1.800000E+00 
-1.697016E-07 
 1.800000E+00 
 1.800000E+00 
-1.960774E-08 
 1.800000E+00 
 1.800000E+00 
 1.800000E+00 
 1.800000E+00 
 1.800000E+00 
 7.437321E-09 
 1.800000E+00 
 1.800000E+00 
 1.800006E+00 
 7.121976E-07 
 1.800000E+00 
 1.800000E+00 
-4.936765E-07 
 1.800000E+00 
 1.800000E+00 
 1.800000E+00 
 1.800000E+00 
 1.800002E+00 
 6.205314E-07 
 1.800000E+00 
 1.800000E+00 
 2.678152E-08 
 1.800000E+00 
 1.800000E+00 
 1.800000E+00 
 1.800000E+00 
 3.972937E-06 
 1.799999E+00 
 1.800000E+00 
 1.800000E+00 
 1.130653E-07 
 1.800000E+00 
 1.800000E+00 
-1.140108E-08 
 1.800000E+00 
 1.800000E+00 
 1.800000E+00 
 1.800000E+00 
 1.800000E+00 
 1.466571E-08 
 1.800000E+00 
 1.800000E+00 
 1.722083E-05 
 1.800000E+00 
 1.800000E+00 
 1.800002E+00 
 7.930076E-09 
 1.800000E+00 
 1.800000E+00 
 1.800000E+00 
 1.800000E+00 
 9.774263E-08 
 1.800000E+00 
 1.800000E+00 
-3.988830E-06 
 1.800000E+00 
 1.800000E+00 
 1.799999E+00 
 1.017142E-07 
 1.800005E+00 
 1.800006E+00 
 1.800000E+00 
 1.800000E+00 
 1.929832E-06 
 1.800000E+00 
-2.016452E-09 
 1.800001E+00 
 1.800000E+00 
 1.800000E+00 
 1.800000E+00 
 1.800001E+00 
 1.603837E-06 
 1.800001E+00 
 1.800007E+00 
 2.151218E-05 
 1.800000E+00 
 1.800000E+00 
-9.393804E-09 
 1.800000E+00 
 1.800000E+00 
 1.800000E+00 
 1.800000E+00 
 1.588828E-08 
 1.800000E+00 
 1.800000E+00 
 1.800000E+00 
 5.493914E-08 
 1.800000E+00 
 1.800000E+00 
 1.504345E-06 
 1.800000E+00 
 1.800000E+00 
 1.800002E+00 
-2.343934E-07 
 1.800000E+00 
 1.800000E+00 
 1.800000E+00 
 8.368370E-06 
 1.800000E+00 
 1.800000E+00 
-1.371231E-08 
 1.800000E+00 
 1.800000E+00 
 1.800000E+00 
-2.130417E-09 
 1.800000E+00 
 1.800000E+00 
 1.800000E+00 
 5.007184E-09 
 1.800000E+00 
 1.800000E+00 
 1.799998E+00 
 1.106923E-06 
 1.800000E+00 
-1.329628E-05 
 1.800000E+00 
 1.800000E+00 
 1.800000E+00 
 1.800000E+00 
 1.800000E+00 
 4.465355E-06 
-1.217784E-05 
 1.800000E+00 
 1.800000E+00 
 1.800000E+00 
 1.800000E+00 
 1.800000E+00 
 1.770372E-07 
 7.194891E-07 
 1.800000E+00 
 1.800000E+00 
 1.800000E+00 
 1.800000E+00 
 1.799998E+00 
 1.539182E-06 
 1.800000E+00 
-2.959674E-07 
 1.800000E+00 
 1.800000E+00 
 1.800000E+00 
-1.333462E-08 
 1.800000E+00 
 1.800000E+00 
 1.800000E+00 
-1.325956E-06 
 1.800000E+00 
 2.108433E-08 
 1.800000E+00 
 1.800000E+00 
 1.800000E+00 
 1.800000E+00 
-1.296067E-06 
 1.800000E+00 
 7.166841E-09 
 1.800000E+00 
 1.800000E+00 
 1.800000E+00 
-5.383476E-07 
 1.800000E+00 
 1.800000E+00 
 1.800000E+00 
-4.691807E-06 
 1.800000E+00 
 7.838411E-08 
 1.800000E+00 
 1.800000E+00 
 1.800000E+00 
 1.800000E+00 
-3.505954E-09 
-3.445833E-09 
 1.800000E+00 
 1.800000E+00 
 1.800000E+00 
 1.800000E+00 
 1.800000E+00 
 1.129549E-07 
 4.918259E-08 
 1.800000E+00 
 1.800000E+00 
 1.800000E+00 
 1.800000E+00 
 3.747370E-07 
 1.800000E+00 
 3.953347E-07 
 1.800000E+00 
 1.800000E+00 
 1.800000E+00 
 1.078636E-06 
 1.799999E+00 
 1.800001E+00 
 7.917798E-08 
 1.800000E+00 
 1.800000E+00 
 8.085016E-09 
 1.800000E+00 
 1.800000E+00 
 1.800000E+00 
 1.054792E-08 
 1.800000E+00 
-1.051670E-05 
 1.800000E+00 
 1.800000E+00 
 1.800000E+00 
 2.947609E-08 
 1.800000E+00 
 1.800000E+00 
-8.998708E-06 
 1.799999E+00 
 1.799999E+00 
-5.247523E-07 
 1.800000E+00 
 1.800000E+00 
-7.734583E-08 
 1.800000E+00 
 1.800000E+00 
-2.118418E-08 
 1.800000E+00 
 1.800000E+00 
 1.800001E+00 
-2.157857E-09 
 1.800000E+00 
 7.639183E-09 
 1.800000E+00 
 1.800000E+00 
-3.818352E-08 
 1.800000E+00 
 1.800000E+00 
 1.800000E+00 
-6.049064E-07 
 1.799998E+00 
-2.588600E-05 
 1.800000E+00 
 1.800000E+00 
 1.800000E+00 
 5.926623E-06 
 1.800000E+00 
-9.925875E-06 
 1.800000E+00 
 1.800000E+00 
 1.800003E+00 
 1.837702E-07 
 1.800000E+00 
 1.800000E+00 
 2.200050E-06 
 1.800000E+00 
 5.905755E-09 
 1.800000E+00 
 1.800001E+00 
-1.528602E-08 
 1.800000E+00 
 1.800000E+00 
 1.800000E+00 
-1.626349E-06 
 1.800007E+00 
-1.685990E-07 
 1.800000E+00 
 1.800000E+00 
 1.881467E-07 
 1.800000E+00 
 1.800000E+00 
-6.048481E-08 
 1.800000E+00 
 1.800000E+00 
-1.418779E-05 
 1.800000E+00 
 1.800000E+00 
 7.454384E-09 
 1.799999E+00 
 1.800000E+00 
 8.283785E-06 
 1.800000E+00 
 1.799997E+00 
 2.406660E-06 
 1.800000E+00 
 4.127913E-08 
 1.800002E+00 
 1.800000E+00 
 1.399481E-08 
 1.800007E+00 
 1.800000E+00 
-1.525331E-08 
 1.800000E+00 
 1.800000E+00 
 2.813986E-08 
 1.800000E+00 
 1.800000E+00 
-1.419715E-07 
 1.800000E+00 
 4.135594E-08 
 1.800008E+00 
 1.800008E+00 
 1.800003E+00 
 1.381427E-05 
 1.800000E+00 
 1.011075E-05 
 1.800000E+00 
 1.374517E-07 
 1.800007E+00 
 1.800007E+00 
 1.800000E+00 
-1.476311E-07 
 1.799998E+00 
 9.074522E-08 
 1.800000E+00 
 1.800000E+00 
-2.502354E-07 
 1.800000E+00 
 1.800000E+00 
 1.901363E-07 
 1.800000E+00 
 1.800000E+00 
-5.986999E-06 
-5.896973E-06 
 1.800000E+00 
 1.800000E+00 
 1.800000E+00 
 1.800000E+00 
 2.426990E-08 
-2.445097E-07 
 1.800000E+00 
 1.800000E+00 
 9.487318E-08 
 1.800000E+00 
 1.800000E+00 
-1.479836E-05 
 1.800000E+00 
 1.243212E-09 
 1.800007E+00 
 1.800000E+00 
 5.516478E-06 
 1.800000E+00 
 1.800000E+00 
-7.985908E-07 
 1.800000E+00 
 4.182927E-09 
 1.800000E+00 
 1.800000E+00 
 5.646184E-09 
 1.800000E+00 
 1.800005E+00 
 1.536769E-05 
 1.800000E+00 
 2.485565E-05 
 1.800000E+00 
-2.905642E-05 
 1.800000E+00 
 1.800000E+00 
 1.800000E+00 
 3.815352E-09 
 3.857790E-09 
 1.800000E+00 
 1.800000E+00 
 1.800000E+00 
-4.157476E-08 
 1.800001E+00 
 2.253951E-07 
 1.800000E+00 
 2.662509E-09 
 1.800008E+00 
 1.799999E+00 
-6.902327E-10 
 1.800000E+00 
 1.800000E+00 
 4.783126E-07 
 1.800002E+00 
-3.987951E-07 
 1.799998E+00 
-5.223931E-07 
 1.800000E+00 
 1.800000E+00 
 1.800000E+00 
 2.023685E-06 
-3.275050E-07 
 1.800000E+00 
 1.800000E+00 
-8.177923E-08 
 1.800000E+00 
 8.361010E-09 
 1.800000E+00 
 1.800000E+00 
 7.317091E-09 
 1.800000E+00 
 1.800000E+00 
 1.184863E-08 
 5.506280E-09 
 1.800000E+00 
 1.800000E+00 
 1.800000E+00 
 6.384226E-08 
 5.690813E-09 
 1.800000E+00 
 1.800000E+00 
 1.800000E+00 
 3.462112E-08 
 1.064868E-07 
 1.800000E+00 
 1.800000E+00 
-1.558711E-08 
 1.800001E+00 
 1.800000E+00 
-6.009917E-08 
-5.713344E-08 
 1.800000E+00 
 1.800000E+00 
 1.800000E+00 
-8.387352E-08 
-1.079822E-07 
 1.800000E+00 
 1.800000E+00 
-5.593444E-08 
 1.800000E+00 
 4.773389E-06 
 1.800000E+00 
 1.800000E+00 
-2.103129E-09 
 1.800001E+00 
 1.281199E-05 
 1.800000E+00 
-5.561998E-09 
 1.800000E+00 
 1.800002E+00 
 1.579064E-06 
 1.800000E+00 
 6.867049E-07 
 1.800000E+00 
-1.813519E-07 
 1.800000E+00 
 1.800000E+00 
 8.147462E-07 
 1.800007E+00 
-3.159687E-05 
 1.800000E+00 
 6.409000E-08 
 1.800000E+00 
 1.800000E+00 
-2.465515E-07 
 1.800000E+00 
 6.338102E-07 
 1.800000E+00 
 5.500144E-07 
 1.800000E+00 
 2.937076E-07 
 1.800000E+00 
 1.800000E+00 
-6.383633E-07 
 1.800007E+00 
 2.157169E-06 
 1.800000E+00 
 1.238367E-07 
 1.800000E+00 
 1.800000E+00 
-5.214480E-06 
-5.277156E-06 
 1.800003E+00 
 1.800003E+00 
 1.800008E+00 
 1.491575E-08 
 2.385175E-09 
 1.800000E+00 
 2.494375E-07 
 1.799997E+00 
 1.800000E+00 
 2.898470E-08 
 1.800000E+00 
 5.899352E-09 
 1.800000E+00 
 7.161066E-06 
 1.800000E+00 
-9.686929E-07 
 1.800000E+00 
 1.800000E+00 
 1.317998E-08 
 1.799999E+00 
-9.695647E-07 
 1.800000E+00 
 5.358244E-09 
 1.800000E+00 
 2.335889E-08 
 1.800000E+00 
 8.982842E-09 
 1.800000E+00 
 1.800000E+00 
 5.551700E-06 
-7.658604E-08 
 1.800000E+00 
 1.800000E+00 
-3.477891E-07 
 1.800000E+00 
 8.641104E-08 
 1.800000E+00 
 1.847364E-08 
 1.800000E+00 
 1.800000E+00 
 1.406686E-06 
 9.480202E-07 
 1.800000E+00 
 1.800004E+00 
 5.560358E-08 
 5.561516E-08 
 1.800000E+00 
 1.800000E+00 
-1.006040E-07 
 1.800000E+00 
 7.503530E-09 
 1.800006E+00 
 7.445035E-09 
 1.800000E+00 
 1.839082E-08 
 1.800000E+00 
 1.800000E+00 
 2.480981E-06 
 2.565739E-06 
 1.800000E+00 
 8.611166E-09 
 1.800000E+00 
 1.800000E+00 
-5.111437E-07 
 1.800000E+00 
-1.462758E-05 
-1.461725E-05 
 1.800000E+00 
 1.800000E+00 
 8.680258E-06 
 1.800000E+00 
-1.812588E-08 
 1.800000E+00 
 4.896541E-07 
 1.800000E+00 
 1.719900E-08 
 1.800000E+00 
 1.497606E-06 
 1.800000E+00 
-1.520734E-08 
 1.800000E+00 
 1.800000E+00 
-1.707719E-07 
 3.984983E-09 
 1.800000E+00 
-7.464508E-06 
 1.800000E+00 
 3.516626E-06 
 1.800002E+00 
 1.800000E+00 
-8.814037E-07 
 1.000803E-08 
 1.800000E+00 
 1.800000E+00 
-6.190952E-08 
 9.427887E-09 
 1.800000E+00 
 1.230457E-08 
 1.800000E+00 
 1.800000E+00 
-4.480284E-07 
-4.544777E-07 
 1.800000E+00 
 1.800002E+00 
 2.263235E-04 
 6.629267E-09 
 1.800000E+00 
 3.324250E-08 
 1.800000E+00 
 1.800000E+00 
 6.265637E-09 
 6.650977E-09 
 1.799998E+00 
 1.800000E+00 
 3.752267E-08 
 7.789457E-08 
 1.800000E+00 
 7.123229E-08 
 1.800000E+00 
 1.800000E+00 
 4.309281E-06 
 4.230942E-06 
 1.800000E+00 
 2.499035E-06 
 1.800006E+00 
-1.705903E-07 
 1.800000E+00 
 4.380868E-07 
 1.800000E+00 
 1.582318E-08 
 1.800000E+00 
-3.702065E-07 
 1.800001E+00 
-4.391874E-07 
 1.800000E+00 
-2.510690E-08 
 1.799999E+00 
 1.316649E-08 
 1.800003E+00 
-2.741177E-07 
-3.064410E-07 
 1.800000E+00 
 1.800000E+00 
-8.330471E-07 
-5.965391E-07 
 1.800000E+00 
 1.800000E+00 
 1.186585E-05 
 1.188752E-05 
 1.800000E+00 
-1.066963E-05 
 1.800000E+00 
 1.005614E-08 
 1.800000E+00 
 4.067815E-08 
 1.800000E+00 
 4.704766E-09 
 1.800007E+00 
-2.658295E-05 
 1.800000E+00 
-8.132474E-08 
-8.528982E-08 
 1.800000E+00 
 1.800000E+00 
 1.075919E-05 
 1.090886E-05 
 1.800000E+00 
-1.134896E-08 
 1.800000E+00 
 1.119795E-06 
 1.800000E+00 
-6.875632E-08 
 1.800000E+00 
 1.387970E-08 
 1.800000E+00 
 5.983930E-06 
-2.438397E-07 
 1.800000E+00 
-5.485280E-09 
 1.800000E+00 
 1.800001E+00 
-6.581476E-07 
 1.253278E-08 
 1.253596E-08 
 1.800003E+00 
 1.800000E+00 
 1.573544E-05 
 1.800000E+00 
 7.055645E-06 
-1.274933E-05 
 1.800007E+00 
-2.193135E-08 
 1.800000E+00 
-6.240574E-09 
 1.800000E+00 
-7.746792E-08 
 1.800000E+00 
 1.031534E-06 
 8.419217E-09 
 1.800000E+00 
 1.800000E+00 
 8.660760E-06 
-4.781787E-07 
 1.800000E+00 
-2.245924E-06 
 1.125050E-08 
 1.800000E+00 
 1.800000E+00 
-1.000124E-06 
-4.261991E-07 
 1.800002E+00 
-7.077044E-09 
 1.800000E+00 
-6.065142E-08 
 1.800000E+00 
-1.281736E-05 
-1.279765E-05 
 1.800000E+00 
 1.800000E+00 
 1.172233E-06 
 1.117618E-06 
 1.117615E-06 
 1.800002E+00 
 1.800000E+00 
 6.645007E-08 
-3.717813E-08 
 1.800000E+00 
 1.201867E-06 
 1.800000E+00 
 1.294634E-09 
 1.800000E+00 
-2.461945E-08 
-3.912096E-09 
 1.800000E+00 
-1.595834E-08 
 1.800000E+00 
 9.065647E-08 
 1.800001E+00 
 4.751152E-06 
-4.483739E-08 
 1.800000E+00 
 3.600327E-08 
 1.800000E+00 
-1.050188E-07 
 1.800000E+00 
-1.663569E-06 
 8.550545E-09 
 1.800000E+00 
 9.637129E-09 
 1.800000E+00 
-5.936685E-08 
-3.087395E-08 
 1.800000E+00 
 1.800000E+00 
-5.023346E-07 
 5.810694E-09 
 5.809944E-09 
 1.800000E+00 
 1.800000E+00 
-3.680458E-08 
-3.480378E-08 
 1.800000E+00 
-5.569090E-07 
 9.923224E-09 
 1.800000E+00 
 8.749443E-06 
 1.800000E+00 
-3.627905E-08 
 1.800000E+00 
-8.226295E-06 
 8.037552E-06 
 1.800000E+00 
-9.588615E-08 
 1.800000E+00 
 2.616102E-09 
 1.800000E+00 
-4.076112E-06 
-3.922443E-06 
-3.922444E-06 
 1.800001E+00 
 1.800000E+00 
-1.179598E-06 
-1.179271E-06 
 1.800000E+00 
 5.080401E-07 
 5.171669E-07 
 1.800000E+00 
 1.800000E+00 
 5.312809E-06 
-2.911163E-07 
-2.911163E-07 
 1.800000E+00 
-1.863938E-07 
 1.800000E+00 
 3.342914E-08 
 8.159383E-09 
 1.800000E+00 
 1.800000E+00 
-1.156486E-07 
 5.364390E-09 
 5.364620E-09 
 1.799998E+00 
 1.031177E-08 
 1.800007E+00 
-1.640796E-08 
 2.987789E-08 
 1.800000E+00 
 1.819019E-05 
 1.800000E+00 
-2.587243E-05 
-1.235832E-07 
 1.800000E+00 
 5.994895E-08 
 1.799999E+00 
 2.025081E-06 
 3.314142E-09 
 1.800000E+00 
 7.061418E-06 
 7.102007E-06 
 1.800003E+00 
 1.800000E+00 
 3.015056E-07 
-3.168831E-08 
-3.168840E-08 
 1.800000E+00 
-5.925427E-07 
 2.514146E-07 
 1.800001E+00 
 1.799999E+00 
 2.109040E-08 
 4.697915E-07 
 4.697915E-07 
 1.799999E+00 
 6.432963E-09 
 6.416406E-09 
 1.800000E+00 
 1.800000E+00 
-8.130710E-08 
-4.555091E-09 
-4.542506E-09 
 1.800000E+00 
 7.917093E-09 
 1.799998E+00 
 1.419412E-05 
 1.422005E-05 
 1.800000E+00 
 2.711090E-06 
 2.700289E-06 
 1.800000E+00 
 6.584823E-08 
 1.800000E+00 
-3.362307E-07 
-2.952040E-07 
 1.800000E+00 
-1.800031E-06 
 5.317619E-08 
 1.800000E+00 
-4.378106E-09 
 1.800000E+00 
 1.949678E-06 
 4.362939E-09 
 1.800000E+00 
 1.497132E-08 
 2.673482E-08 
 2.673486E-08 
 1.800000E+00 
 1.800000E+00 
-2.487984E-06 
 1.255482E-08 
 1.255471E-08 
 1.800000E+00 
 7.366740E-09 
 1.800000E+00 
-1.391018E-05 
-1.376849E-05 
 1.800000E+00 
-1.237416E-06 
 8.879599E-09 
 1.800000E+00 
 2.117620E-06 
 2.117480E-06 
 1.800000E+00 
-1.050555E-06 
 1.800000E+00 
-6.183280E-09 
 3.591087E-09 
 3.591154E-09 
 1.800000E+00 
 4.695109E-08 
 1.800007E+00 
-2.551342E-06 
-2.564864E-06 
 1.800008E+00 
-2.493087E-05 
-9.945146E-08 
 1.799998E+00 
-3.036966E-06 
-2.646675E-06 
 1.800000E+00 
 4.516575E-06 
 4.529287E-06 
 1.800000E+00 
-2.152153E-08 
-1.791746E-08 
 1.800000E+00 
 6.465547E-07 
 1.800001E+00 
 9.056485E-09 
 8.770357E-09 
 8.770573E-09 
 1.800000E+00 
-2.932335E-08 
 1.800000E+00 
-1.386942E-05 
-1.396728E-05 
-1.396728E-05 
 1.800000E+00 
 2.724571E-06 
 2.703529E-06 
 1.800000E+00 
 2.683477E-06 
 1.799998E+00 
 7.139029E-06 
 7.070072E-06 
 1.799998E+00 
 2.007190E-06 
 6.159802E-09 
 6.159764E-09 
 1.800000E+00 
-3.053719E-07 
-1.702442E-07 
 1.800000E+00 
 2.440739E-08 
 1.800002E+00 
 1.271865E-06 
 1.269809E-06 
 1.269810E-06 
 1.800000E+00 
-1.825961E-08 
 1.800000E+00 
-6.300851E-05 
 2.947402E-07 
 2.947407E-07 
 1.800000E+00 
-1.696398E-06 
 9.497816E-09 
 1.800000E+00 
-4.886121E-08 
-5.211558E-08 
 1.800000E+00 
 9.126644E-07 
 9.138790E-07 
 1.800000E+00 
 1.057209E-08 
 1.621767E-08 
 1.621786E-08 
 1.800000E+00 
-6.047504E-08 
 1.800000E+00 
-1.224486E-06 
-1.224324E-06 
-1.224324E-06 
 1.800000E+00 
 1.249419E-07 
 1.800000E+00 
-5.807617E-06 
-5.765946E-06 
-5.765938E-06 
-5.765945E-06 
 1.800000E+00 
 9.764147E-06 
 1.799999E+00 
 2.159836E-08 
-1.407297E-07 
 1.800000E+00 
 1.362561E-07 
-3.586355E-09 
-3.586389E-09 
 1.800000E+00 
 6.741941E-07 
 1.325525E-06 
 1.800000E+00 
-1.741132E-06 
 8.583213E-09 
 1.800000E+00 
 1.197512E-06 
 6.410282E-09 
 6.410232E-09 
 1.800000E+00 
 2.934268E-07 
 2.934275E-07 
 1.800000E+00 
 1.064464E-05 
-1.795064E-06 
 1.800000E+00 
 1.910508E-07 
-6.725209E-10 
-6.725141E-10 
 1.800000E+00 
 3.435620E-06 
 3.401459E-06 
 1.800000E+00 
 4.480867E-08 
 1.882931E-08 
 1.800000E+00 
-2.944256E-07 
 3.213870E-08 
 3.213852E-08 
 1.800001E+00 
-9.285794E-08 
 5.882165E-08 
 1.800000E+00 
-1.312067E-06 
 1.019987E-08 
 1.019968E-08 
 1.800001E+00 
 4.975335E-08 
 1.055352E-08 
 1.800000E+00 
-2.217609E-05 
 1.464567E-05 
 1.464569E-05 
 1.800000E+00 
 3.892436E-08 
 3.497384E-08 
 1.800000E+00 
 4.895604E-06 
-4.693788E-08 
 1.800000E+00 
 1.792223E-07 
 1.729378E-07 
 1.729376E-07 
 1.729386E-07 
 1.800000E+00 
-4.225850E-09 
 1.799999E+00 
 5.690561E-08 
 9.966960E-09 
 9.962392E-09 
 9.962310E-09 
 1.800000E+00 
-9.069212E-07 
-9.066221E-07 
 1.800000E+00 
-6.258456E-08 
-6.195231E-08 
 1.800003E+00 
 9.348116E-07 
 6.100019E-09 
 6.100017E-09 
 6.099455E-09 
 1.800000E+00 
 1.242665E-08 
 1.800000E+00 
-9.526136E-07 
-1.150245E-06 
-1.150240E-06 
-1.150225E-06 
 1.799999E+00 
 6.157922E-06 
 6.494088E-06 
 1.800000E+00 
 5.239936E-07 
 5.245708E-07 
 5.245802E-07 
 1.800000E+00 
 8.822005E-08 
 9.042843E-08 
 9.042840E-08 
 1.800000E+00 
-1.853425E-07 
-7.494822E-08 
-7.494823E-08 
 1.800000E+00 
 1.379532E-07 
 1.653878E-07 
 1.800001E+00 
 5.505667E-05 
 6.577066E-07 
 6.577062E-07 
 1.800000E+00 
 4.580696E-06 
 4.075694E-06 
 4.075694E-06 
 1.799998E+00 
 5.890236E-07 
 5.889912E-07 
 5.889912E-07 
 1.800000E+00 
 3.769666E-06 
 3.100149E-06 
 3.100149E-06 
 1.800000E+00 
-2.945924E-06 
 1.639703E-08 
 1.639713E-08 
 1.800000E+00 
 1.627003E-07 
 1.281813E-07 
 1.281813E-07 
 1.800000E+00 
 1.490876E-07 
 1.491189E-07 
 1.800007E+00 
-6.405520E-07 
 9.059530E-09 
 9.059607E-09 
 9.059530E-09 
 1.800000E+00 
-3.774199E-07 
 6.094149E-09 
 6.093110E-09 
 1.800000E+00 
 2.340547E-10 
 2.717977E-09 
 2.717648E-09 
 1.800007E+00 
-1.686906E-08 
-1.586036E-08 
 1.800000E+00 
 1.821750E-06 
 1.820713E-06 
 1.820717E-06 
 1.820713E-06 
 1.820713E-06 
 1.800000E+00 
 3.905289E-07 
 5.725431E-09 
 1.800000E+00 
 3.859885E-08 
 3.152042E-08 
 3.152039E-08 
 1.799998E+00 
 5.332914E-09 
 6.102046E-09 
 6.102597E-09 
 6.110829E-09 
 1.800000E+00 
 3.134231E-06 
-2.264034E-08 
-2.264035E-08 
 1.800007E+00 
-1.697430E-07 
-1.694685E-07 
-1.694720E-07 
 1.799999E+00 
-1.997374E-05 
-1.997311E-05 
-1.997311E-05 
 1.800000E+00 
-2.453102E-08 
-3.053630E-08 
-3.053612E-08 
-3.053607E-08 
 1.800000E+00 
-2.111632E-06 
-2.040659E-06 
-2.040657E-06 
 1.800005E+00 
 3.494886E-07 
 1.882011E-07 
 1.882011E-07 
 1.882005E-07 
 1.800000E+00 
 7.412193E-09 
 9.583352E-09 
 9.581350E-09 
 1.800000E+00 
 1.464721E-06 
 1.563088E-06 
 1.563089E-06 
 1.800000E+00 
 1.777732E-06 
-1.689631E-05 
-1.689631E-05 
-1.689630E-05 
 1.800000E+00 
 2.204095E-05 
 1.007510E-08 
 1.007508E-08 
 1.007501E-08 
 1.800007E+00 
-5.889109E-07 
-1.477989E-06 
 1.800000E+00 
 8.194979E-08 
 3.188640E-09 
 3.188634E-09 
 3.187291E-09 
 3.188685E-09 
 3.187815E-09 
 1.800000E+00 
-2.154989E-07 
 1.800000E+00 
 1.461905E-06 
 5.923896E-09 
 5.923332E-09 
 5.924016E-09 
 5.923945E-09 
 5.924808E-09 
 1.800000E+00 
-6.618776E-07 
-6.476250E-07 
 1.800000E+00 
 2.588529E-07 
 4.778203E-09 
 4.778294E-09 
 4.778182E-09 
 4.777609E-09 
 1.800000E+00 
 1.594983E-06 
 5.844001E-09 
 5.843984E-09 
 1.800000E+00 
 2.129445E-07 
 2.130631E-07 
 2.130631E-07 
 2.130638E-07 
 2.130631E-07 
 1.800000E+00 
 1.066454E-05 
 1.066656E-05 
 1.800000E+00 
-2.245988E-07 
 6.513525E-08 
 6.513403E-08 
 6.513522E-08 
 6.513630E-08 
 6.513590E-08 
 1.800000E+00 
 3.316126E-07 
 5.180445E-07 
 1.800000E+00 
-4.641941E-07 
-9.024601E-09 
-9.024591E-09 
-9.024176E-09 
-9.025780E-09 
-9.024157E-09 
 1.800000E+00 
 8.857106E-09 
 2.147745E-09 
 1.800000E+00 
 2.116930E-07 
 2.118925E-07 
 2.118925E-07 
 2.118925E-07 
 2.118596E-07 
 2.118790E-07 
 1.800000E+00 
-1.157730E-05 
 1.110615E-05 
 1.110615E-05 
 1.800000E+00 
 1.968299E-07 
 4.677082E-08 
 4.676945E-08 
 4.676998E-08 
 4.676949E-08 
 1.800000E+00 
-1.620527E-06 
-1.633937E-06 
-1.633937E-06 
-1.633939E-06 
 1.800000E+00 
 9.126755E-08 
 6.125336E-08 
 6.125333E-08 
 6.125334E-08 
 1.800000E+00 
 3.178999E-05 
 1.569055E-09 
 1.569560E-09 
 1.569493E-09 
 1.800000E+00 
 1.792432E-07 
 5.932911E-09 
 5.932904E-09 
 5.932897E-09 
 5.932906E-09 
 5.930300E-09 
 1.800000E+00 
 3.568221E-07 
 2.954052E-08 
 1.800000E+00 
-3.712836E-07 
-1.606290E-07 
-1.606888E-07 
-1.606887E-07 
-1.606887E-07 
-1.606863E-07 
-1.606887E-07 
 1.800000E+00 
 4.909445E-06 
 4.883329E-06 
 4.883329E-06 
 1.800000E+00 
 3.932863E-05 
 6.228682E-09 
 6.228838E-09 
 6.228982E-09 
 6.228989E-09 
 6.229198E-09 
 1.800001E+00 
 1.019912E-05 
 1.007461E-05 
 1.007461E-05 
 1.800000E+00 
 7.008143E-07 
 6.898461E-07 
 6.898459E-07 
 6.898459E-07 
 6.898459E-07 
 6.898451E-07 
 1.800007E+00 
-9.607827E-08 
-5.416232E-08 
-5.416479E-08 
-5.416472E-08 
 1.800000E+00 
 1.552011E-07 
 4.461984E-09 
 4.462117E-09 
 4.461795E-09 
 4.461948E-09 
 4.461978E-09 
 1.800000E+00 
-3.157509E-07 
-3.217452E-07 
-3.217391E-07 
-3.217445E-07 
 1.800000E+00 
 1.195353E-08 
 9.582847E-09 
 9.582911E-09 
 9.582834E-09 
 9.582705E-09 
 1.800000E+00 
-7.267889E-07 
-5.285455E-08 
-5.285469E-08 
-5.285514E-08 
-5.284946E-08 
-5.285469E-08 
 1.800000E+00 
 2.743855E-08 
 2.437181E-08 
 2.437191E-08 
 1.800000E+00 
 1.879227E-07 
-1.110537E-08 
-1.110524E-08 
-1.110712E-08 
-1.110524E-08 
-1.110527E-08 
-1.110836E-08 
-1.110465E-08 
 1.800000E+00 
-3.049166E-09 
 2.445125E-09 
 2.445991E-09 
 1.800001E+00 
 1.829347E-08 
 1.745771E-08 
 1.745768E-08 
 1.745319E-08 
 1.745775E-08 
 1.745769E-08 
 1.745770E-08 
 1.800000E+00 
 1.815970E-06 
-5.291041E-10 
-5.290326E-10 
-5.290787E-10 
 1.800000E+00 
 7.987199E-06 
 8.157619E-06 
 8.157619E-06 
 8.157619E-06 
 8.157619E-06 
 8.157629E-06 
 8.157619E-06 
 1.800000E+00 
 2.819243E-06 
 2.574746E-06 
 2.574748E-06 
 2.574746E-06 
 1.800000E+00 
 4.960457E-06 
-7.733559E-08 
-7.733898E-08 
-7.733537E-08 
-7.733536E-08 
-7.733536E-08 
-7.733541E-08 
 1.800002E+00 
-2.088581E-05 
-2.079741E-05 
-2.079741E-05 
-2.079741E-05 
 1.800000E+00 
-6.696005E-06 
-6.696008E-06 
-6.696008E-06 
-6.696008E-06 
-6.696008E-06 
-6.696008E-06 
-6.696008E-06 
-6.696008E-06 
 1.800000E+00 
 9.926281E-09 
 6.100288E-09 
 6.099156E-09 
 6.100207E-09 
 1.800008E+00 
-1.621180E-06 
 2.007842E-08 
 2.007845E-08 
 2.007814E-08 
 2.007844E-08 
 2.007845E-08 
 2.007845E-08 
 1.800000E+00 
 1.411386E-07 
 8.611372E-09 
 8.611259E-09 
 8.608434E-09 
 8.611313E-09 
 8.612101E-09 
 1.800000E+00 
 5.996028E-07 
 6.258042E-07 
 6.258047E-07 
 6.258047E-07 
 6.258049E-07 
 6.258048E-07 
 1.800000E+00 
 1.590401E-06 
 1.588920E-06 
 1.588920E-06 
 1.588918E-06 
 1.588919E-06 
 1.588918E-06 
 1.800000E+00 
-3.439482E-07 
-3.473114E-07 
-3.473114E-07 
-3.473118E-07 
-3.473101E-07 
-3.473114E-07 
 1.800000E+00 
 4.626640E-06 
-1.293030E-06 
-1.293030E-06 
-1.293027E-06 
-1.293030E-06 
-1.293030E-06 
-1.293030E-06 
 1.800000E+00 
-6.384743E-06 
 1.183922E-06 
 1.183922E-06 
 1.183922E-06 
 1.183922E-06 
 1.183922E-06 
 1.800000E+00 
-3.108021E-09 
 2.059295E-08 
 2.059294E-08 
 2.058790E-08 
 2.059295E-08 
 2.059314E-08 
 2.059410E-08 
 1.800000E+00 
-1.944762E-06 
-1.946273E-06 
-1.946273E-06 
-1.946273E-06 
-1.946273E-06 
-1.946273E-06 
-1.946273E-06 
 1.800000E+00 
-1.178967E-07 
 1.046976E-08 
 1.046321E-08 
 1.046970E-08 
 1.046962E-08 
 1.046960E-08 
 1.800006E+00 
 1.668507E-05 
 1.661850E-05 
 1.661850E-05 
 1.661850E-05 
 1.661850E-05 
 1.661850E-05 
 1.661850E-05 
 1.800000E+00 
 1.643841E-08 
 1.514923E-08 
 1.510210E-08 
 1.514833E-08 
 1.515022E-08 
 1.514901E-08 
 1.515040E-08 
 1.800007E+00 
-2.393555E-07 
-1.517591E-07 
-1.517622E-07 
-1.517591E-07 
-1.517590E-07 
-1.517589E-07 
-1.517590E-07 
-1.517584E-07 
 1.800000E+00 
-2.946788E-06 
-2.948711E-06 
-2.948711E-06 
-2.948711E-06 
-2.948711E-06 
 1.800000E+00 
-3.976135E-07 
-4.036542E-07 
-4.036543E-07 
-4.036544E-07 
-4.036543E-07 
-4.036542E-07 
-4.036543E-07 
-4.036509E-07 
-4.036543E-07 
-4.036544E-07 
 1.800000E+00 
 1.120063E-07 
 7.444936E-09 
 7.444923E-09 
 7.445017E-09 
 1.800000E+00 
 8.928537E-09 
 8.933462E-09 
 8.932953E-09 
 8.933128E-09 
 8.931016E-09 
 8.933205E-09 
 8.933179E-09 
 8.933204E-09 
 8.933174E-09 
 8.932891E-09 
 8.933180E-09 
 1.800000E+00 
 1.967233E-07 
 1.689693E-07 
 1.689699E-07 
 1.689698E-07 
 1.689694E-07 
 1.800000E+00 
 1.808671E-06 
 1.617505E-06 
 1.617505E-06 
 1.617509E-06 
 1.617505E-06 
 1.617505E-06 
 1.617505E-06 
 1.617505E-06 
 1.617505E-06 
 1.800000E+00 
-2.633002E-07 
 6.569180E-09 
 6.569250E-09 
 6.568940E-09 
 6.569258E-09 
 6.569321E-09 
 6.569159E-09 
 1.800000E+00 
-7.700997E-06 
 6.327020E-07 
 6.327021E-07 
 6.327020E-07 
 6.327020E-07 
 6.327020E-07 
 6.327021E-07 
 6.327025E-07 
 1.800007E+00 
 1.330548E-06 
 1.042066E-06 
 1.042066E-06 
 1.042066E-06 
 1.042066E-06 
 1.042066E-06 
 1.042066E-06 
 1.042066E-06 
 1.042066E-06 
 1.800000E+00 
-2.707585E-08 
-6.876619E-09 
-6.876947E-09 
-6.877457E-09 
-6.876712E-09 
-6.876695E-09 
 1.800000E+00 
 6.939013E-08 
 6.982094E-08 
 6.982089E-08 
 6.982085E-08 
 6.985331E-08 
 6.982044E-08 
 6.982086E-08 
 6.982087E-08 
 6.982087E-08 
 6.982083E-08 
 1.800000E+00 
-2.532584E-06 
-2.497841E-06 
-2.497840E-06 
-2.497850E-06 
-2.497841E-06 
-2.497841E-06 
-2.497848E-06 
 1.800000E+00 
 8.681118E-09 
 7.445243E-09 
 7.445291E-09 
 7.445249E-09 
 7.445398E-09 
 7.444931E-09 
 7.445243E-09 
 7.445227E-09 
 7.445228E-09 
 1.800000E+00 
-1.328184E-08 
-9.089977E-09 
-9.089986E-09 
-9.089984E-09 
-9.091409E-09 
-9.090042E-09 
-9.090058E-09 
-9.089802E-09 
 1.800000E+00 
 2.335788E-06 
-1.268129E-08 
-1.268196E-08 
-1.267940E-08 
-1.268197E-08 
-1.268194E-08 
-1.269806E-08 
-1.267699E-08 
-1.268196E-08 
 1.800000E+00 
 1.795462E-06 
-7.509490E-09 
-7.509183E-09 
-7.509224E-09 
-7.509194E-09 
-7.509485E-09 
-7.509383E-09 
-7.509499E-09 
 1.800000E+00 
 4.509632E-09 
 6.289992E-09 
 6.289987E-09 
 6.290354E-09 
 6.289976E-09 
 6.289956E-09 
 6.290100E-09 
 6.289990E-09 
 6.289972E-09 
 1.800000E+00 
-9.673009E-07 
-9.520051E-07 
-9.520042E-07 
-9.520056E-07 
-9.520050E-07 
-9.520050E-07 
-9.520051E-07 
-9.520052E-07 
 1.800000E+00 
 1.439799E-05 
 1.437966E-05 
 1.437967E-05 
 1.437966E-05 
 1.437966E-05 
 1.437967E-05 
 1.437966E-05 
 1.437967E-05 
 1.437966E-05 
 1.437946E-05 
 1.800000E+00 
-2.568613E-08 
-6.229987E-09 
-6.229532E-09 
-6.229318E-09 
-6.229522E-09 
-6.228737E-09 
-6.228742E-09 
 1.800000E+00 
 1.756760E-07 
-8.822034E-08 
-8.822034E-08 
-8.822042E-08 
-8.822046E-08 
-8.822007E-08 
-8.822034E-08 
-8.822035E-08 
-8.822040E-08 
-8.822034E-08 
-8.822034E-08 
 1.800000E+00 
 4.323255E-08 
 4.299505E-08 
 4.299544E-08 
 4.299543E-08 
 4.299539E-08 
 4.299494E-08 
 4.299511E-08 
 1.800000E+00 
-1.900606E-06 
-2.653748E-06 
-2.653748E-06 
-2.653748E-06 
-2.653748E-06 
-2.653748E-06 
-2.653748E-06 
-2.653748E-06 
-2.653747E-06 
-2.653748E-06 
-2.653748E-06 
 1.800000E+00 
 1.592867E-08 
 8.545538E-09 
 8.545553E-09 
 8.545554E-09 
 8.545548E-09 
 8.545560E-09 
 8.545554E-09 
 1.800000E+00 
-2.637745E-06 
 1.607514E-05 
 1.607514E-05 
 1.607514E-05 
 1.607514E-05 
 1.607514E-05 
 1.607514E-05 
 1.607514E-05 
 1.607514E-05 
 1.607514E-05 
 1.607514E-05 
 1.800000E+00 
 3.081830E-08 
 3.016035E-08 
 3.016025E-08 
 3.016030E-08 
 3.016026E-08 
 3.016027E-08 
 3.016014E-08 
 1.800000E+00 
-1.160806E-06 
-1.525531E-06 
-1.525531E-06 
-1.525531E-06 
-1.525531E-06 
-1.525531E-06 
-1.525531E-06 
-1.525531E-06 
-1.525531E-06 
-1.525531E-06 
-1.525531E-06 
 1.800007E+00 
 1.526981E-06 
 5.622598E-09 
 5.632704E-09 
 5.632920E-09 
 5.631116E-09 
 5.632697E-09 
 5.632699E-09 
 1.800000E+00 
 1.826831E-08 
 1.828160E-08 
 1.828162E-08 
 1.828174E-08 
 1.828167E-08 
 1.828160E-08 
 1.828156E-08 
 1.828160E-08 
 1.828159E-08 
 1.828378E-08 
 1.828155E-08 
 1.800000E+00 
 3.532410E-06 
-1.497856E-08 
-1.497007E-08 
-1.497259E-08 
-1.497088E-08 
-1.497214E-08 
-1.497209E-08 
-1.496994E-08 
 1.800000E+00 
 2.634203E-06 
 2.766376E-06 
 2.766370E-06 
 2.766376E-06 
 2.766376E-06 
 2.766376E-06 
 2.766376E-06 
 2.766377E-06 
 2.766376E-06 
 2.766376E-06 
 1.800000E+00 
 6.698489E-08 
 3.775582E-08 
 3.775582E-08 
 3.775571E-08 
 3.775532E-08 
 3.775679E-08 
 3.775581E-08 
 3.775777E-08 
 1.800000E+00 
 1.205183E-06 
 2.162547E-09 
 2.162437E-09 
 2.156509E-09 
 2.162532E-09 
 2.160621E-09 
 2.162627E-09 
 2.162541E-09 
 2.152248E-09 
 2.162481E-09 
 1.800000E+00 
-2.111174E-06 
-2.111963E-06 
-2.111968E-06 
-2.111963E-06 
-2.111963E-06 
-2.111919E-06 
-2.111963E-06 
-2.111964E-06 
 1.800000E+00 
 4.742742E-06 
 4.750359E-06 
 4.750359E-06 
 4.750359E-06 
 4.750359E-06 
 4.750359E-06 
 4.750359E-06 
 4.750358E-06 
 4.750359E-06 
 1.800000E+00 
 7.761173E-07 
 1.299991E-08 
 1.300135E-08 
 1.299972E-08 
 1.300432E-08 
 1.300154E-08 
 1.300009E-08 
 1.299989E-08 
 1.299995E-08 
 1.299997E-08 
 1.800003E+00 
-5.668881E-08 
-3.089103E-08 
-3.089046E-08 
-3.089347E-08 
-3.089102E-08 
-3.089119E-08 
-3.089106E-08 
 1.800000E+00 
-7.753967E-09 
-3.595351E-09 
-3.590535E-09 
-3.595344E-09 
-3.595353E-09 
-3.595611E-09 
-3.595329E-09 
-3.596632E-09 
-3.595363E-09 
-3.595362E-09 
-3.595285E-09 
 1.799998E+00 
 2.151620E-07 
 2.149281E-07 
 2.149281E-07 
 2.149250E-07 
 2.149240E-07 
 2.149246E-07 
 2.149241E-07 
 1.800000E+00 
 2.031064E-06 
 1.972087E-06 
 1.972087E-06 
 1.972087E-06 
 1.972087E-06 
 1.972087E-06 
 1.972088E-06 
 1.972087E-06 
 1.972087E-06 
 1.800000E+00 
-3.726289E-06 
 1.120937E-05 
 1.120937E-05 
 1.120937E-05 
 1.120937E-05 
 1.120937E-05 
 1.120937E-05 
 1.120937E-05 
 1.120937E-05 
 1.800000E+00 
-6.522679E-09 
-4.820341E-09 
-4.820344E-09 
-4.820356E-09 
-4.820548E-09 
-4.821989E-09 
-4.821092E-09 
-4.819467E-09 
 1.800000E+00 
 7.220310E-09 
 6.395218E-09 
 6.395070E-09 
 6.395115E-09 
 6.395130E-09 
 6.395161E-09 
 6.396270E-09 
 6.395112E-09 
 6.402217E-09 
 1.800000E+00 
 3.247562E-06 
 3.247768E-06 
 3.247768E-06 
 3.247777E-06 
 3.247768E-06 
 3.247769E-06 
 3.247768E-06 
 1.800000E+00 
-5.454305E-06 
 2.586913E-06 
 2.586913E-06 
 2.586913E-06 
 2.586913E-06 
 2.586913E-06 
 2.586913E-06 
 2.586912E-06 
 2.586913E-06 
 2.586912E-06 
 1.800000E+00 
-1.978203E-05 
-1.772112E-05 
-1.772112E-05 
-1.772112E-05 
-1.772112E-05 
-1.772112E-05 
 1.800000E+00 
 1.995817E-06 
 6.289772E-09 
 6.289765E-09 
 6.289687E-09 
 6.289757E-09 
 6.289827E-09 
 6.289761E-09 
 6.289780E-09 
 6.290062E-09 
 6.290770E-09 
 1.800000E+00 
-1.044619E-05 
-1.032518E-05 
-1.032518E-05 
-1.032518E-05 
-1.032518E-05 
-1.032518E-05 
-1.032518E-05 
 1.800000E+00 
 1.889586E-07 
 1.889614E-07 
 1.889594E-07 
 1.889597E-07 
 1.889597E-07 
 1.889595E-07 
 1.889595E-07 
 1.889587E-07 
 1.800000E+00 
 9.681234E-09 
 9.117626E-09 
 9.116218E-09 
 9.115254E-09 
 9.116993E-09 
 9.117137E-09 
 9.117822E-09 
 9.117140E-09 
 1.800000E+00 
-3.763673E-07 
-3.803429E-07 
-3.803426E-07 
-3.803426E-07 
-3.803395E-07 
-3.803427E-07 
-3.803426E-07 
 1.800000E+00 
-2.846204E-06 
 7.899367E-06 
 7.899367E-06 
 7.899367E-06 
 7.899366E-06 
 7.899367E-06 
 7.899367E-06 
 7.899367E-06 
 1.800000E+00 
 1.195173E-06 
 1.190480E-06 
 1.190481E-06 
 1.190481E-06 
 1.190481E-06 
 1.190481E-06 
 1.190480E-06 
 1.800000E+00 
 4.632357E-06 
 4.612064E-06 
 4.612064E-06 
 4.612065E-06 
 4.612064E-06 
 4.612064E-06 
 4.612064E-06 
 4.612064E-06 
 1.800001E+00 
-3.163269E-07 
-1.367787E-07 
-1.368052E-07 
-1.368054E-07 
-1.368050E-07 
-1.368070E-07 
-1.368055E-07 
 1.800000E+00 
 9.806298E-09 
 1.023602E-08 
 1.023494E-08 
 1.023310E-08 
 1.023690E-08 
 1.023601E-08 
 1.023600E-08 
 1.800000E+00 
 3.884304E-09 
 6.451166E-09 
 6.450157E-09 
 6.451133E-09 
 6.451135E-09 
 6.450927E-09 
 6.451057E-09 
 1.800007E+00 
-6.091224E-05 
 4.288587E-07 
 4.288582E-07 
 4.288580E-07 
 4.288582E-07 
 4.288582E-07 
 4.288582E-07 
 1.800000E+00 
-6.793160E-07 
-4.435834E-07 
-4.435831E-07 
-4.435833E-07 
-4.435828E-07 
-4.435740E-07 
-4.435801E-07 
 1.800000E+00 
-5.995495E-06 
 1.037543E-05 
 1.037543E-05 
 1.037543E-05 
 1.037543E-05 
 1.037543E-05 
 1.037543E-05 
 1.800000E+00 
-4.590281E-07 
 4.949926E-09 
 4.951350E-09 
 4.950622E-09 
 4.950613E-09 
 4.950383E-09 
 1.800000E+00 
-9.588931E-06 
 1.261705E-08 
 1.261741E-08 
 1.261748E-08 
 1.261685E-08 
 1.261763E-08 
 1.266991E-08 
 1.800002E+00 
 1.966850E-08 
 8.531494E-09 
 8.534519E-09 
 8.534515E-09 
 8.534510E-09 
 8.534750E-09 
 1.800000E+00 
 4.213791E-06 
-3.235413E-08 
-3.235571E-08 
-3.235599E-08 
-3.235698E-08 
-3.235554E-08 
-3.235556E-08 
 1.800000E+00 
 1.562233E-06 
 1.568821E-06 
 1.568821E-06 
 1.568821E-06 
 1.568820E-06 
 1.568821E-06 
 1.800000E+00 
 2.257554E-07 
 2.024944E-07 
 2.024973E-07 
 2.024974E-07 
 2.024974E-07 
 2.024974E-07 
 1.800000E+00 
 1.234055E-06 
 6.553467E-09 
 6.553237E-09 
 6.553368E-09 
 6.553333E-09 
 6.553464E-09 
 6.553502E-09 
 1.800000E+00 
-3.398314E-09 
 1.109241E-09 
 1.107960E-09 
 1.107542E-09 
 1.800005E+00 
-1.882959E-05 
-1.883747E-05 
-1.883747E-05 
-1.883747E-05 
-1.883747E-05 
-1.883747E-05 
-1.883747E-05 
-1.883747E-05 
-1.883747E-05 
 1.800000E+00 
-2.253138E-09 
-2.650582E-09 
 1.800000E+00 
-1.037447E-07 
 2.126722E-09 
 2.126573E-09 
 2.126452E-09 
 2.126640E-09 
 2.126430E-09 
 2.124150E-09 
 2.126406E-09 
 2.126406E-09 
 2.126376E-09 
 1.800000E+00 
 5.326175E-09 
 6.166251E-09 
 6.166280E-09 
 1.800000E+00 
 1.903484E-06 
-7.029456E-09 
-7.028694E-09 
-7.029639E-09 
-7.029448E-09 
-7.029400E-09 
-7.029432E-09 
 1.800006E+00 
-9.526847E-09 
-1.564366E-08 
-1.564367E-08 
-1.564369E-08 
 1.800001E+00 
-5.072669E-07 
 6.060556E-08 
 6.060511E-08 
 6.060558E-08 
 6.060557E-08 
 6.059902E-08 
 6.060559E-08 
 1.800000E+00 
-2.043902E-07 
-2.084717E-07 
-2.084716E-07 
-2.084712E-07 
 1.800007E+00 
-9.021550E-08 
 1.520209E-07 
 1.520202E-07 
 1.520203E-07 
 1.520205E-07 
 1.520202E-07 
 1.520202E-07 
 1.800000E+00 
-8.732769E-08 
-8.702785E-08 
-8.702795E-08 
-8.702789E-08 
 1.800000E+00 
 2.050942E-08 
 1.710850E-08 
 1.710926E-08 
 1.710927E-08 
 1.710932E-08 
 1.710925E-08 
 1.800000E+00 
 6.512087E-06 
-1.189900E-05 
-1.189900E-05 
-1.189900E-05 
 1.800001E+00 
-2.461959E-06 
 2.874401E-08 
 2.874415E-08 
 2.874390E-08 
 2.874406E-08 
 2.874406E-08 
 1.800000E+00 
 3.744059E-07 
 3.727624E-07 
 3.727624E-07 
 3.727968E-07 
 3.727624E-07 
 1.800000E+00 
 1.134235E-08 
 9.586918E-09 
 9.586819E-09 
 9.586881E-09 
 9.587349E-09 
 1.800006E+00 
 1.264614E-07 
 1.787543E-07 
 1.787439E-07 
 1.787438E-07 
 1.800000E+00 
-1.980249E-05 
-1.976266E-05 
-1.976266E-05 
-1.976266E-05 
-1.976266E-05 
-1.976265E-05 
 1.800000E+00 
 7.135335E-06 
 7.142636E-06 
 7.142636E-06 
 7.142643E-06 
 1.800000E+00 
 1.917390E-05 
 1.921089E-05 
 1.921089E-05 
 1.921089E-05 
 1.921089E-05 
 1.799999E+00 
-9.769952E-06 
-1.555736E-05 
-1.555736E-05 
-1.555736E-05 
 1.800000E+00 
 5.674288E-06 
-2.399403E-05 
-2.399403E-05 
-2.399403E-05 
-2.399403E-05 
 1.800000E+00 
-3.754269E-06 
 9.964966E-06 
 9.964965E-06 
 9.964965E-06 
 9.964965E-06 
 1.800000E+00 
 1.571840E-06 
 1.572155E-06 
 1.572160E-06 
 1.800000E+00 
 7.870244E-07 
 6.997005E-07 
 6.997006E-07 
 6.996933E-07 
 6.997004E-07 
 6.997005E-07 
 1.800000E+00 
-5.786204E-05 
-1.102197E-05 
-1.102197E-05 
-1.102197E-05 
 1.800000E+00 
 3.551757E-07 
 3.592861E-07 
 3.592880E-07 
 3.592861E-07 
 1.800000E+00 
 4.333441E-09 
 3.310407E-09 
 3.308439E-09 
 3.309058E-09 
 1.800000E+00 
 6.451897E-08 
 5.945203E-09 
 5.945455E-09 
 5.946619E-09 
 5.945443E-09 
 1.800000E+00 
-1.296228E-06 
-8.809434E-07 
-8.809435E-07 
-8.809459E-07 
 1.800000E+00 
 2.754495E-07 
 4.063994E-07 
 4.064004E-07 
 1.800001E+00 
-4.939100E-07 
-1.403423E-08 
-1.403424E-08 
-1.403422E-08 
-1.403439E-08 
-1.403421E-08 
 1.800000E+00 
-6.028701E-08 
 6.087254E-09 
 1.800000E+00 
-2.677148E-06 
-2.363839E-05 
-2.363839E-05 
-2.363839E-05 
-2.363839E-05 
-2.363839E-05 
 1.800000E+00 
 1.439602E-06 
 1.431351E-06 
 1.800000E+00 
-5.050996E-07 
 7.446421E-09 
 7.446714E-09 
 7.446706E-09 
 7.447833E-09 
 1.800000E+00 
 1.183333E-07 
 1.178437E-07 
 1.178472E-07 
 1.178436E-07 
 1.800000E+00 
 1.011350E-07 
 6.712761E-08 
 6.712719E-08 
 1.800000E+00 
 3.340177E-07 
 3.297463E-07 
 3.297463E-07 
 3.297478E-07 
 1.800000E+00 
 1.706024E-06 
 1.031633E-06 
 1.031634E-06 
 1.031633E-06 
 1.800000E+00 
 7.931741E-06 
 7.819983E-06 
 7.819979E-06 
 7.819984E-06 
 1.800000E+00 
 3.382170E-08 
 2.931558E-08 
 2.931560E-08 
 1.800000E+00 
 4.135047E-07 
 4.249374E-07 
 4.249385E-07 
 4.249385E-07 
 1.800000E+00 
 3.455692E-08 
-1.291772E-08 
-1.291745E-08 
 1.800000E+00 
 4.647983E-07 
 3.774975E-07 
 3.774964E-07 
 3.774980E-07 
 1.800000E+00 
 4.548189E-07 
 4.556292E-07 
 4.556293E-07 
 4.556294E-07 
 1.799999E+00 
 6.068968E-07 
 6.384180E-09 
 1.800000E+00 
 4.105105E-07 
 4.105588E-07 
 4.105588E-07 
 4.105590E-07 
 4.105588E-07 
 1.800001E+00 
 6.687212E-07 
 6.741322E-07 
 6.741498E-07 
 1.799999E+00 
-2.603072E-07 
-1.561988E-07 
-1.561988E-07 
 1.800000E+00 
 1.789077E-06 
 6.499659E-09 
 6.500134E-09 
 1.800000E+00 
 1.754470E-06 
 1.768583E-06 
 1.768583E-06 
 1.768583E-06 
 1.800000E+00 
 7.269143E-08 
-3.663523E-08 
-3.663505E-08 
 1.800000E+00 
-4.675228E-06 
-4.645489E-06 
-4.645489E-06 
-4.645481E-06 
 1.799999E+00 
 2.463791E-07 
 2.322920E-07 
 1.800000E+00 
-3.381203E-07 
-3.381881E-07 
-3.381872E-07 
-3.381880E-07 
 1.800000E+00 
 4.134867E-08 
 2.055357E-08 
 1.800000E+00 
-1.721708E-06 
-1.721241E-06 
-1.721241E-06 
-1.721239E-06 
-1.721240E-06 
 1.799998E+00 
 3.112205E-08 
 1.800005E+00 
-5.712866E-07 
-6.435776E-08 
-6.435718E-08 
-6.435792E-08 
-6.435776E-08 
 1.800001E+00 
 3.401190E-06 
 3.718133E-06 
 1.800000E+00 
-2.232725E-06 
-2.259162E-06 
-2.259162E-06 
 1.800000E+00 
 2.223445E-08 
 6.362344E-09 
 6.361866E-09 
 1.800000E+00 
 1.068903E-08 
 9.099717E-09 
 9.099664E-09 
 1.800000E+00 
-1.128957E-07 
-1.050021E-07 
-1.050004E-07 
 1.800000E+00 
 2.050320E-06 
 2.278286E-06 
 2.278286E-06 
 1.800000E+00 
 5.002589E-08 
 9.723664E-09 
 9.723354E-09 
 1.800000E+00 
 8.886504E-08 
 9.080529E-08 
 1.800000E+00 
 1.607808E-06 
 1.524163E-06 
 1.524163E-06 
 1.524163E-06 
 1.800000E+00 
-2.497580E-08 
-1.903041E-08 
 1.800000E+00 
-8.304495E-10 
 1.362427E-08 
 1.362420E-08 
 1.362371E-08 
 1.800000E+00 
 1.800000E+00 
 1.646998E-09 
 1.084095E-08 
 1.083895E-08 
 1.083801E-08 
 1.083916E-08 
 1.083931E-08 
 1.800000E+00 
-3.917280E-08 
 1.800000E+00 
-2.840768E-07 
-2.845735E-07 
-2.845736E-07 
 1.800007E+00 
 4.644005E-07 
 8.800991E-08 
 8.800996E-08 
 1.800000E+00 
 3.579863E-08 
 1.718874E-08 
 1.800000E+00 
-2.951365E-06 
-2.930989E-06 
-2.930991E-06 
 1.800000E+00 
-1.348732E-08 
 9.498039E-09 
 1.800000E+00 
-2.398920E-07 
-2.444585E-07 
-2.444613E-07 
 1.800000E+00 
 1.523464E-06 
 6.272488E-09 
 6.272409E-09 
 1.800000E+00 
 2.346949E-06 
 2.319046E-06 
 1.800000E+00 
-4.496240E-07 
-2.509446E-07 
-2.509447E-07 
 1.800000E+00 
 1.041424E-07 
 1.035696E-07 
 1.800000E+00 
 9.534712E-08 
-1.077361E-09 
-1.079773E-09 
 1.800000E+00 
-1.769071E-06 
-2.565488E-06 
 1.800000E+00 
 1.635387E-07 
 2.354374E-08 
 2.354740E-08 
 1.800000E+00 
-1.005086E-07 
 1.800000E+00 
-1.316374E-07 
-9.358011E-08 
-9.357968E-08 
-9.358008E-08 
 1.800000E+00 
-3.272109E-06 
 3.216872E-07 
 1.800000E+00 
-6.491200E-05 
-1.391556E-05 
 1.800000E+00 
 6.485755E-06 
-1.214690E-05 
-1.214691E-05 
 1.800000E+00 
 2.969753E-06 
 1.800000E+00 
 7.724947E-06 
-7.627996E-07 
-7.627995E-07 
-7.627996E-07 
 1.800000E+00 
-2.610292E-07 
 1.800000E+00 
 2.649477E-06 
 2.140849E-06 
 2.140848E-06 
 1.800000E+00 
-2.251526E-05 
-1.905674E-05 
 1.800007E+00 
 7.846002E-07 
 7.846352E-07 
 7.846352E-07 
 1.800002E+00 
-2.582361E-07 
 1.800000E+00 
 8.109463E-08 
 8.685639E-08 
 8.687310E-08 
 1.800000E+00 
 2.101947E-07 
 2.129421E-07 
 1.800000E+00 
 3.382376E-08 
 3.047817E-08 
 1.800003E+00 
-1.017795E-06 
-4.318735E-07 
 1.800000E+00 
-5.692765E-07 
-6.986520E-07 
-6.986501E-07 
 1.800000E+00 
 9.768426E-09 
 1.800000E+00 
 1.542430E-06 
 6.519975E-09 
 6.520242E-09 
 1.800000E+00 
 6.006944E-06 
 5.317004E-06 
 1.800000E+00 
-3.457939E-05 
 9.349414E-08 
 1.800000E+00 
-2.171713E-06 
 1.151943E-08 
 1.800000E+00 
 5.925514E-08 
 6.109061E-08 
 6.108849E-08 
 1.800000E+00 
 1.800000E+00 
 1.231724E-05 
 1.225530E-05 
 1.225533E-05 
 1.225530E-05 
 1.800000E+00 
 5.848094E-08 
 1.800000E+00 
 5.997906E-07 
 5.963534E-07 
 5.963527E-07 
 1.800000E+00 
 1.800000E+00 
 1.440944E-06 
 1.387565E-06 
 1.387565E-06 
 1.387565E-06 
 1.800000E+00 
-5.778102E-06 
 1.800000E+00 
-1.013857E-06 
-1.508825E-07 
-1.508825E-07 
 1.800000E+00 
 1.800000E+00 
 1.844402E-06 
 1.584682E-06 
 1.584682E-06 
 1.584686E-06 
 1.800000E+00 
 1.389502E-08 
 1.800000E+00 
-9.514107E-08 
-2.054102E-07 
 1.800000E+00 
-7.545759E-06 
 6.422759E-07 
 1.800000E+00 
 6.977978E-08 
 1.800000E+00 
 2.960879E-06 
 2.543135E-06 
 2.543135E-06 
 1.800008E+00 
 5.151684E-09 
 6.507003E-09 
 1.800000E+00 
 6.464067E-09 
 1.800000E+00 
-4.606940E-07 
 6.420765E-09 
 1.800001E+00 
-4.167317E-08 
 7.445591E-09 
 1.800000E+00 
-1.564227E-06 
-1.564648E-06 
 1.800000E+00 
 1.640439E-06 
 1.195122E-06 
 1.800000E+00 
 1.613190E-07 
 1.800000E+00 
-6.769527E-06 
-6.780022E-06 
-6.780022E-06 
 1.800000E+00 
 1.800000E+00 
 4.689745E-06 
-8.430549E-08 
-8.430588E-08 
 1.800000E+00 
 4.410720E-07 
 4.306793E-07 
 1.800000E+00 
 2.360954E-09 
 1.799998E+00 
 1.902404E-06 
 5.803756E-09 
 1.800002E+00 
 3.602505E-07 
 6.337493E-09 
 1.800000E+00 
 2.646808E-06 
 1.800000E+00 
 4.370081E-07 
 9.590598E-09 
 9.590590E-09 
 1.800000E+00 
 1.800000E+00 
 1.807391E-06 
 6.173832E-09 
 6.173839E-09 
 1.800000E+00 
-1.049262E-08 
 1.800000E+00 
-8.987924E-08 
-2.441992E-07 
 1.800000E+00 
-7.556250E-07 
-7.867901E-07 
 1.800000E+00 
 1.800000E+00 
 1.931997E-07 
-2.506384E-10 
-2.507234E-10 
-2.505538E-10 
 1.800000E+00 
 1.800000E+00 
-4.915683E-07 
 6.010764E-09 
 1.800000E+00 
 4.563538E-06 
 4.675448E-06 
 1.800000E+00 
-1.031108E-06 
 1.800006E+00 
-1.208090E-07 
-1.204683E-07 
 1.800000E+00 
-6.037894E-08 
 1.800000E+00 
-5.402427E-07 
-5.011801E-08 
 1.800000E+00 
 7.614660E-05 
 1.675110E-05 
 1.800002E+00 
 6.934246E-09 
 1.800000E+00 
 9.633807E-08 
 2.315911E-08 
 1.800000E+00 
 2.115863E-05 
 1.799999E+00 
 5.828968E-08 
 6.559316E-10 
 1.800003E+00 
-5.292757E-06 
 1.800000E+00 
 4.327780E-08 
 5.919343E-09 
 1.800000E+00 
 6.456487E-06 
 1.800000E+00 
-7.431877E-07 
-7.183842E-07 
 1.800000E+00 
 4.093910E-06 
 1.800000E+00 
-5.732575E-08 
-3.117390E-08 
 1.800000E+00 
 1.005140E-08 
 1.800002E+00 
-7.776879E-07 
 1.800000E+00 
-1.444000E-07 
-1.395425E-07 
-1.395423E-07 
 1.799999E+00 
 1.800000E+00 
 1.884960E-06 
-2.049928E-08 
 1.800000E+00 
 9.427204E-08 
 1.368182E-09 
 1.800000E+00 
 1.800004E+00 
 3.084830E-06 
-5.718131E-09 
-5.713224E-09 
 1.800000E+00 
-2.124663E-07 
 1.800000E+00 
 1.800000E+00 
 2.494570E-07 
 2.492367E-07 
 2.492364E-07 
 1.800000E+00 
 1.067720E-07 
 1.800000E+00 
 1.707547E-06 
 1.800000E+00 
 3.080469E-05 
 1.974014E-08 
 1.800000E+00 
 8.009273E-09 
 1.800000E+00 
-6.601237E-08 
 1.800000E+00 
-3.530786E-07 
-5.392776E-07 
 1.800000E+00 
 1.764979E-07 
 1.800000E+00 
 5.268926E-08 
 4.286818E-08 
 1.800000E+00 
 1.800000E+00 
 7.975361E-08 
-6.168246E-10 
-6.164269E-10 
 1.800007E+00 
 1.800000E+00 
 5.416852E-07 
 5.420115E-07 
 1.799999E+00 
 1.800000E+00 
-2.807129E-07 
 4.187285E-08 
 4.187294E-08 
 1.800000E+00 
 3.434871E-08 
 1.800001E+00 
 1.800000E+00 
-3.473616E-07 
-1.060152E-07 
-1.060059E-07 
 1.800000E+00 
 1.800000E+00 
 1.678064E-08 
 1.679599E-08 
 1.800002E+00 
-8.399795E-06 
 1.800000E+00 
 9.468679E-08 
 1.800005E+00 
 3.314839E-07 
 3.182573E-07 
 1.800000E+00 
 1.800001E+00 
-1.111795E-07 
-1.111834E-07 
 1.800000E+00 
-5.163169E-07 
-2.706479E-08 
 1.800000E+00 
 1.800000E+00 
-5.556767E-09 
 5.886190E-09 
 1.800000E+00 
 1.800000E+00 
 2.285713E-08 
-1.124083E-10 
-1.119951E-10 
 1.800000E+00 
 1.800000E+00 
 8.094806E-06 
 1.800001E+00 
 1.497566E-06 
 7.924234E-08 
 1.800000E+00 
 1.826627E-09 
 1.800000E+00 
-3.022898E-07 
 1.800000E+00 
 2.833025E-08 
 1.800000E+00 
-8.900986E-08 
 5.630063E-09 
 1.800000E+00 
 1.799999E+00 
-1.255322E-05 
 1.664043E-09 
 1.800000E+00 
 8.085533E-09 
 1.800007E+00 
 1.800000E+00 
 1.253428E-08 
 1.199135E-08 
 1.199237E-08 
 1.800000E+00 
 1.800000E+00 
-5.022064E-08 
-4.550698E-08 
 1.800000E+00 
 1.800000E+00 
 1.875557E-06 
 4.389946E-09 
 1.800000E+00 
 1.800000E+00 
 1.910911E-06 
 1.887388E-06 
 1.887392E-06 
 1.800000E+00 
 1.800000E+00 
 1.800000E+00 
 3.587160E-06 
 3.479203E-06 
 3.479202E-06 
 1.800000E+00 
 1.800000E+00 
-2.466575E-08 
-3.269939E-08 
 1.800000E+00 
 1.800000E+00 
 2.872851E-06 
-4.419859E-09 
 1.800000E+00 
 1.800000E+00 
 1.797414E-05 
 1.806433E-05 
 1.800000E+00 
 1.800000E+00 
-6.476616E-08 
 2.254345E-09 
 1.800000E+00 
 1.527600E-08 
 1.800000E+00 
 9.662887E-09 
 1.800000E+00 
-8.954321E-06 
 1.800000E+00 
 2.975601E-08 
 1.799999E+00 
 1.049589E-07 
 1.800000E+00 
 1.132383E-08 
 1.800006E+00 
-8.816227E-08 
 1.800000E+00 
-1.537115E-06 
 1.800000E+00 
-8.712375E-07 
-7.441416E-07 
 1.800000E+00 
 1.800000E+00 
-1.225630E-06 
 1.800000E+00 
 2.129841E-07 
 1.800000E+00 
 7.793317E-09 
 1.800000E+00 
 1.461661E-07 
 1.800000E+00 
-1.388713E-06 
 1.800000E+00 
 4.548708E-07 
 6.708970E-09 
 1.800000E+00 
 1.800000E+00 
-3.476854E-09 
 1.799999E+00 
 1.123075E-08 
 1.800000E+00 
-2.838584E-05 
 1.800000E+00 
-9.107579E-08 
 1.800000E+00 
 1.880744E-07 
 1.800007E+00 
 2.270503E-05 
 1.799998E+00 
 1.800000E+00 
-2.583488E-04 
 1.618989E-06 
 1.800000E+00 
 5.955910E-09 
 1.800000E+00 
-2.357472E-06 
 1.800000E+00 
 3.628021E-07 
 1.800000E+00 
 1.800000E+00 
 6.239378E-09 
 2.609996E-09 
 1.800000E+00 
 1.800000E+00 
-1.363178E-06 
 5.940809E-09 
 1.799998E+00 
 1.800000E+00 
 1.405513E-07 
 1.800000E+00 
-4.702035E-08 
 1.800000E+00 
-6.599766E-07 
 1.800000E+00 
 2.832272E-07 
 1.800000E+00 
-2.001093E-08 
 1.800000E+00 
 4.643818E-08 
 1.800000E+00 
 1.800000E+00 
 8.558634E-09 
 8.622066E-09 
 1.800000E+00 
 1.800000E+00 
 2.915721E-09 
 1.800000E+00 
-4.529813E-07 
-4.536580E-07 
 1.800000E+00 
 1.800000E+00 
 1.800000E+00 
 1.084630E-04 
-5.648063E-06 
 1.800000E+00 
 3.158322E-09 
 1.800000E+00 
 1.800000E+00 
-1.204368E-06 
 4.523641E-08 
 1.800000E+00 
 1.800000E+00 
-1.534357E-05 
 1.800000E+00 
 1.470277E-07 
 1.800000E+00 
 1.800001E+00 
-6.984159E-07 
 2.593257E-08 
 1.800000E+00 
 8.907300E-09 
 1.800000E+00 
 1.800000E+00 
 1.200419E-07 
 1.799999E+00 
 5.741176E-08 
 1.800000E+00 
 1.799999E+00 
 3.071279E-06 
 3.080205E-06 
 1.800007E+00 
-3.790079E-07 
 1.800000E+00 
 1.800000E+00 
 1.529275E-06 
 1.800000E+00 
 1.799999E+00 
 5.870797E-06 
-7.949314E-08 
 1.800000E+00 
-1.200397E-06 
 1.800000E+00 
 1.800000E+00 
-2.364039E-07 
 1.800005E+00 
 1.800000E+00 
-6.533767E-06 
-6.473965E-06 
 1.800000E+00 
 2.233519E-08 
 1.800000E+00 
 1.800000E+00 
 7.321942E-09 
 1.800000E+00 
 1.800000E+00 
 1.313903E-06 
 4.073711E-08 
 1.800000E+00 
 1.800000E+00 
 2.727789E-08 
 1.800001E+00 
 6.406765E-08 
 1.800000E+00 
-2.986160E-06 
 1.800004E+00 
 1.800000E+00 
 2.912264E-07 
 1.800000E+00 
 6.162574E-09 
 1.800000E+00 
 1.800000E+00 
-1.529102E-06 
 8.560441E-09 
 1.800000E+00 
 1.800000E+00 
-1.662389E-05 
 1.800002E+00 
 1.800000E+00 
-3.119390E-06 
-3.114503E-06 
 1.800000E+00 
 1.800000E+00 
 1.800000E+00 
-9.561693E-06 
-9.642169E-06 
 1.800000E+00 
 1.800000E+00 
-7.548158E-07 
 1.800000E+00 
-2.050459E-10 
 1.800001E+00 
 1.800000E+00 
-5.239078E-08 
 1.800000E+00 
-6.873263E-07 
 1.800006E+00 
 1.228876E-06 
 1.800000E+00 
 1.800000E+00 
 2.943554E-08 
 1.800000E+00 
 1.800000E+00 
-7.663643E-07 
-7.752409E-07 
 1.800000E+00 
 1.800000E+00 
-3.134898E-08 
 1.800000E+00 
 1.800000E+00 
-1.521769E-06 
 1.800000E+00 
-3.054092E-09 
 1.800000E+00 
 1.800000E+00 
 1.425894E-06 
 9.296153E-07 
 1.800000E+00 
 1.800000E+00 
 1.800004E+00 
-9.342663E-06 
 1.800000E+00 
-4.681214E-07 
 1.800000E+00 
-2.216196E-08 
 1.800000E+00 
 1.800000E+00 
 3.114318E-08 
 1.800002E+00 
 1.800000E+00 
 5.955471E-09 
 6.386970E-09 
 1.800003E+00 
 1.800003E+00 
 1.800000E+00 
 3.205285E-08 
 1.800003E+00 
-1.838185E-08 
 1.800000E+00 
 1.800000E+00 
 5.055901E-05 
 1.800000E+00 
 7.087028E-06 
 1.800000E+00 
 2.630960E-07 
 1.800000E+00 
 1.800000E+00 
 1.800000E+00 
 3.155971E-07 
 3.552489E-07 
 1.800000E+00 
 1.800000E+00 
 1.800000E+00 
-1.611746E-08 
 1.800000E+00 
 9.358367E-09 
 1.799999E+00 
-5.801853E-07 
 1.800000E+00 
 1.800000E+00 
 1.800000E+00 
-9.378276E-08 
-8.674530E-09 
 1.800000E+00 
 1.800000E+00 
 1.800000E+00 
-1.874101E-06 
 1.800000E+00 
 5.136620E-08 
 1.800000E+00 
 1.800006E+00 
 1.401409E-06 
 1.800000E+00 
 7.532976E-09 
 1.800000E+00 
 1.800000E+00 
 1.105218E-07 
 1.800000E+00 
 1.800000E+00 
 3.470602E-07 
 1.800002E+00 
 1.395037E-08 
 1.800000E+00 
 1.800000E+00 
 3.160961E-06 
 1.800000E+00 
 1.800002E+00 
 2.029483E-08 
 1.800000E+00 
 1.800000E+00 
 6.834967E-07 
 1.800000E+00 
-1.429794E-05 
 1.800000E+00 
 1.800005E+00 
-1.516875E-08 
 1.800000E+00 
 1.800000E+00 
 5.597228E-09 
 1.800000E+00 
 6.487760E-08 
 1.800000E+00 
 1.800000E+00 
 1.800000E+00 
 4.547456E-08 
 2.123086E-08 
 1.799998E+00 
 1.800000E+00 
 1.800000E+00 
 1.800006E+00 
 1.919998E-07 
 3.296257E-09 
 1.800007E+00 
 1.800000E+00 
 1.800000E+00 
 8.503567E-06 
 8.773644E-06 
 1.800000E+00 
 1.800000E+00 
 1.800000E+00 
 1.800000E+00 
 7.474881E-09 
 1.800000E+00 
 1.524167E-06 
 1.800000E+00 
 1.800000E+00 
 4.324522E-07 
 1.800000E+00 
 9.980475E-08 
 1.800000E+00 
 1.800000E+00 
 1.799999E+00 
-1.114114E-08 
 1.800000E+00 
 1.800000E+00 
-3.582808E-07 
 1.800000E+00 
 1.316970E-06 
 1.800000E+00 
 1.800000E+00 
 1.076406E-08 
 1.800000E+00 
 1.800000E+00 
 1.800000E+00 
-3.888823E-07 
-3.256675E-09 
 1.800000E+00 
 1.800000E+00 
 1.800000E+00 
 1.800000E+00 
-1.644006E-08 
 1.800000E+00 
 5.487163E-08 
 1.800000E+00 
 1.800000E+00 
-1.909348E-06 
 1.800000E+00 
 1.800007E+00 
-2.868367E-06 
 1.800002E+00 
 1.800001E+00 
-2.838050E-08 
 1.800000E+00 
 1.800000E+00 
 1.800000E+00 
 3.040303E-06 
 3.003920E-06 
 1.799998E+00 
 1.799998E+00 
 1.799998E+00 
 1.800000E+00 
 8.786748E-09 
 1.800000E+00 
-8.612388E-09 
 1.800000E+00 
 1.800000E+00 
 1.800000E+00 
-7.465549E-07 
-7.486594E-07 
 1.800000E+00 
 1.800000E+00 
 1.800000E+00 
 1.800000E+00 
 1.799999E+00 
-3.340615E-08 
 8.408632E-09 
 1.800000E+00 
 1.800000E+00 
 1.800000E+00 
 5.610846E-08 
 1.800000E+00 
 1.800000E+00 
 3.121895E-05 
 1.800000E+00 
 1.800000E+00 
 1.026680E-08 
 1.800000E+00 
 1.800000E+00 
-2.325505E-05 
 1.800000E+00 
 1.800000E+00 
 1.800000E+00 
-3.766312E-08 
 1.800000E+00 
-4.580101E-06 
 1.800000E+00 
 1.800000E+00 
 1.800000E+00 
 1.800000E+00 
-6.274472E-06 
-6.186208E-06 
 1.799999E+00 
 1.799999E+00 
 1.799999E+00 
 1.800000E+00 
 1.353085E-07 
 1.800000E+00 
 1.800000E+00 
-1.744030E-09 
 1.800000E+00 
 1.800000E+00 
 2.121752E-08 
 1.800000E+00 
 1.800000E+00 
-2.482772E-06 
 1.800000E+00 
 1.800000E+00 
 1.800000E+00 
 9.839945E-07 
 1.800000E+00 
 1.800000E+00 
-9.119228E-08 
 1.799995E+00 
 1.800006E+00 
 1.819936E-06 
 1.800003E+00 
 1.800003E+00 
 1.799998E+00 
 9.864307E-06 
 1.800000E+00 
 1.800000E+00 
 2.299541E-07 
 1.800000E+00 
 1.800000E+00 
 1.800000E+00 
-6.661645E-07 
 1.800000E+00 
 1.072582E-08 
 1.800001E+00 
 1.800000E+00 
 1.800000E+00 
 1.800000E+00 
 1.115504E-07 
 1.800000E+00 
 1.800000E+00 
 1.080872E-05 
 1.800000E+00 
 1.799998E+00 
 8.168157E-07 
 1.800000E+00 
 1.800000E+00 
 1.800000E+00 
 9.566447E-09 
 1.800000E+00 
 1.800000E+00 
 1.800000E+00 
-1.094981E-05 
 1.800000E+00 
 2.114582E-05 
 1.799998E+00 
 1.799998E+00 
 1.799998E+00 
 1.800000E+00 
-2.435337E-05 
 1.800001E+00 
 1.800000E+00 
 1.101932E-08 
 1.800000E+00 
 1.800000E+00 
 1.800000E+00 
 6.491304E-09 
 1.800000E+00 
 1.800000E+00 
 1.800000E+00 
 9.105692E-09 
 1.800000E+00 
 2.723245E-06 
 1.800000E+00 
 1.800000E+00 
 1.800000E+00 
 1.800000E+00 
 3.410593E-06 
 1.800000E+00 
 1.800000E+00 
 1.800000E+00 
-1.736887E-07 
 1.800000E+00 
 1.800000E+00 
 7.693441E-08 
 1.799999E+00 
 1.800000E+00 
 1.800000E+00 
 7.840177E-10 
 1.800000E+00 
 1.800000E+00 
-3.969125E-07 
 1.800000E+00 
 1.800000E+00 
 1.800000E+00 
 1.800000E+00 
-9.748379E-08 
 1.799998E+00 
 1.800000E+00 
 1.676515E-08 
 1.800000E+00 
 1.800000E+00 
 1.800000E+00 
 3.938796E-08 
 1.800000E+00 
 1.800000E+00 
 1.800000E+00 
-1.957670E-08 
 1.800000E+00 
 1.800000E+00 
 1.800000E+00 
 3.550145E-08 
 1.800000E+00 
 1.800000E+00 
 1.800000E+00 
-7.154769E-09 
 1.800000E+00 
 1.800000E+00 
 6.010696E-06 
 1.800000E+00 
 1.800000E+00 
 1.800000E+00 
 1.800000E+00 
 9.222861E-09 
 1.799998E+00 
 1.799998E+00 
 1.800005E+00 
 3.289749E-06 
 1.800000E+00 
 1.800000E+00 
-1.547607E-07 
 1.800000E+00 
 1.800000E+00 
 1.800000E+00 
 1.800000E+00 
 7.085796E-09 
 1.800000E+00 
 1.800000E+00 
 1.800000E+00 
-1.239373E-07 
 1.800000E+00 
 1.800000E+00 
 1.800000E+00 
-6.549048E-08 
 1.800000E+00 
 1.800000E+00 
 1.799999E+00 
 7.213662E-07 
 1.800000E+00 
 1.800000E+00 
 1.800000E+00 
 1.922695E-08 
 1.800000E+00 
 1.800000E+00 
 1.800000E+00 
 1.800000E+00 
 2.388314E-07 
 1.800000E+00 
 1.800007E+00 
 8.588171E-08 
 1.800000E+00 
 1.800000E+00 
 1.800000E+00 
 1.800000E+00 
-2.568691E-08 
 1.800000E+00 
 1.800000E+00 
 1.800000E+00 
 5.253257E-08 
 1.800000E+00 
 1.800000E+00 
 1.800000E+00 
 1.800001E+00 
 8.941252E-09 
 1.799999E+00 
 1.800000E+00 
 7.406088E-09 
 1.800000E+00 
 1.800000E+00 
 1.800000E+00 
 1.800000E+00 
 1.800007E+00 
-2.789324E-07 
 1.800000E+00 
 1.800000E+00 
 7.008542E-08 
 1.800000E+00 
 1.800000E+00 
 1.800000E+00 
 1.800000E+00 
 1.462533E-07 
 1.800000E+00 
 1.800000E+00 
 1.800000E+00 
 1.800000E+00 
-1.558286E-07 
 1.800007E+00 
 1.800000E+00 
 1.800007E+00 
 1.142139E-07 
 1.800000E+00 
 1.800000E+00 
 1.800002E+00 
-4.014003E-06 
 1.800000E+00 
 1.800000E+00 
 1.800000E+00 
 1.800000E+00 
 1.800000E+00 
 2.232850E-06 
 1.800000E+00 
 1.800001E+00 
 3.581461E-08 
 1.800000E+00 
 1.800000E+00 
 1.800000E+00 
 1.800000E+00 
 1.800000E+00 
-1.938882E-05 
 1.800007E+00 
 1.800007E+00 
 1.800000E+00 
-8.481003E-07 
 1.800000E+00 
 1.800000E+00 
 1.800000E+00 
 1.800000E+00 
 8.837873E-08 
 1.800000E+00 
 1.800000E+00 
 1.800000E+00 
 1.800000E+00 
 7.531324E-08 
 1.800000E+00 
 1.800000E+00 
 1.800000E+00 
 2.370788E-07 
 1.800000E+00 
 1.799999E+00 
 1.799999E+00 
 1.799999E+00 
 1.800000E+00 
-3.521846E-08 
 1.800000E+00 
 1.800000E+00 
 1.800004E+00 
 4.843912E-06 
 1.800006E+00 
 1.800007E+00 
 1.800007E+00 
 1.800000E+00 
 1.800000E+00 
-3.397708E-06 
 1.800000E+00 
 1.800000E+00 
 3.450431E-08 
 1.800002E+00 
 1.800002E+00 
 1.800002E+00 
 1.800002E+00 
 1.800002E+00 
 1.800002E+00 
 1.192291E-08 
 1.800000E+00 
 1.800000E+00 
 1.800000E+00 
 1.800000E+00 
 6.620955E-06 
 1.800000E+00 
 1.800000E+00 
 1.800000E+00 
 1.510061E-06 
 1.800000E+00 
 1.800000E+00 
 1.800000E+00 
 1.800000E+00 
 1.800000E+00 
 7.924234E-09 
 1.800000E+00 
 1.800000E+00 
 1.800000E+00 
 1.800000E+00 
 6.695092E-09 
 1.800000E+00 
 1.800000E+00 
 1.799999E+00 
 1.800000E+00 
-3.510131E-06 
 1.800000E+00 
 1.800000E+00 
 1.800000E+00 
 1.800000E+00 
 1.800000E+00 
-1.260765E-06 
 1.800000E+00 
 1.800000E+00 
 1.800000E+00 
-6.434838E-08 
 1.800000E+00 
 1.800000E+00 
 1.800000E+00 
 1.800000E+00 
 1.800000E+00 
 1.800000E+00 
 9.870701E-08 
 1.800000E+00 
 1.800000E+00 
 1.800000E+00 
 1.800000E+00 
 7.659164E-08 
 1.800000E+00 
 1.800000E+00 
 1.800000E+00 
 1.800000E+00 
 3.660739E-06 
 1.800000E+00 
 1.800000E+00 
 1.800000E+00 
 1.800000E+00 
 1.800000E+00 
 1.800000E+00 
 7.619329E-07 
 1.800000E+00 
 1.800000E+00 
 2.892821E-09 
 1.800000E+00 
 1.800000E+00 
 1.800000E+00 
 1.800000E+00 
 1.800000E+00 
 1.800000E+00 
 1.800000E+00 
 1.800000E+00 
 5.686727E-08 
 1.800000E+00 
 1.800000E+00 
 3.995033E-07 
 1.800000E+00 
 1.800000E+00 
 1.800000E+00 
 1.800000E+00 
 1.800000E+00 
 1.800000E+00 
 1.800000E+00 
-3.313229E-08 
 1.799998E+00 
 1.800003E+00 
 1.800000E+00 
 1.067397E-08 
 1.800000E+00 
 1.800000E+00 
 1.800000E+00 
 1.800000E+00 
 1.800000E+00 
 1.800000E+00 
 1.800000E+00 
-3.719175E-07 
 1.800000E+00 
 1.800000E+00 
 1.800000E+00 
-1.449576E-08 
 1.800000E+00 
 1.800000E+00 
 1.800000E+00 
 1.800000E+00 
 1.800000E+00 
 1.800000E+00 
-2.446513E-07 
 1.800000E+00 
 1.800000E+00 
 1.800000E+00 
 1.800000E+00 
 1.800000E+00 
 1.800000E+00 
 1.528166E-09 
 1.800000E+00 
 1.800000E+00 
 1.800000E+00 
 8.802687E-09 
 1.800000E+00 
 1.800000E+00 
 1.800000E+00 
 1.800000E+00 
 1.800000E+00 
 1.800000E+00 
 1.800000E+00 
 1.800000E+00 
 5.118357E-09 
 1.800000E+00 
 1.800000E+00 
 1.800000E+00 
 1.262861E-07 
 1.800000E+00 
 1.800000E+00 
 1.800000E+00 
 1.800000E+00 
 1.800000E+00 
 1.800000E+00 
 1.800000E+00 
 8.506902E-09 
 1.799999E+00 
 1.799999E+00 
 1.799999E+00 
 1.800000E+00 
 1.799998E+00 
 1.515415E-07 
 1.800000E+00 
 1.800000E+00 
 1.800000E+00 
 1.800000E+00 
 1.800006E+00 
-1.182466E-08 
 1.800005E+00 
 1.800005E+00 
 1.800005E+00 
 1.800005E+00 
 1.800005E+00 
 1.800000E+00 
 1.800000E+00 
 6.719092E-06 
 1.800000E+00 
 1.800000E+00 
 1.800000E+00 
 1.800005E+00 
-2.988157E-05 
 1.800000E+00 
 1.800000E+00 
 1.800000E+00 
 1.800000E+00 
 1.800000E+00 
 1.800000E+00 
 1.800000E+00 
 1.800000E+00 
 1.428241E-06 
 1.800000E+00 
 1.800000E+00 
 1.800007E+00 
-1.099770E-07 
 1.800000E+00 
 1.800000E+00 
 1.800000E+00 
 1.800000E+00 
 1.800000E+00 
 1.800000E+00 
 1.800000E+00 
 1.800000E+00 
 1.799999E+00 
 2.252896E-08 
 1.800000E+00 
 1.800000E+00 
 1.800000E+00 
 1.799999E+00 
 1.023405E-08 
 1.800000E+00 
 1.800000E+00 
 1.800000E+00 
 1.800000E+00 
 1.800000E+00 
 1.800000E+00 
 1.800000E+00 
 7.673843E-08 
 1.800000E+00 
 1.800001E+00 
 1.800001E+00 
 1.800001E+00 
 1.800001E+00 
 1.800000E+00 
-6.291292E-09 
 1.800000E+00 
 1.800000E+00 
 1.800000E+00 
 1.800000E+00 
 1.800000E+00 
 1.800000E+00 
 1.800000E+00 
 5.077411E-07 
 1.800000E+00 
 1.800000E+00 
 1.800000E+00 
 1.800000E+00 
 1.800002E+00 
-3.520450E-10 
 1.800000E+00 
 1.800000E+00 
 1.800000E+00 
 1.800000E+00 
 1.800000E+00 
 1.800000E+00 
 1.800000E+00 
 1.799998E+00 
 1.746833E-10 
 1.800000E+00 
 1.800000E+00 
 1.800000E+00 
 1.800000E+00 
 1.800000E+00 
 1.800000E+00 
 8.044243E-09 
 1.800000E+00 
 1.800000E+00 
 1.800000E+00 
 1.800000E+00 
 1.800000E+00 
 1.800000E+00 
 1.800000E+00 
 8.043815E-08 
 1.800000E+00 
 1.800000E+00 
 1.800000E+00 
 1.800000E+00 
 1.800000E+00 
 1.799998E+00 
 1.995430E-08 
 1.800000E+00 
 1.800000E+00 
 1.800000E+00 
 1.800000E+00 
 1.800000E+00 
 1.800000E+00 
 1.800000E+00 
 1.800000E+00 
-1.830463E-06 
 1.800000E+00 
 1.800000E+00 
 1.800000E+00 
 1.800000E+00 
 1.800000E+00 
 1.800000E+00 
 3.979055E-07 
 1.800000E+00 
 1.800000E+00 
 1.800000E+00 
 1.800000E+00 
 1.800000E+00 
 1.800000E+00 
 1.800000E+00 
-4.777325E-07 
 1.800000E+00 
 1.800000E+00 
 1.800000E+00 
 1.800000E+00 
 1.800000E+00 
 1.800000E+00 
 1.800000E+00 
 1.800000E+00 
-6.402185E-06 
 1.800001E+00 
 1.800000E+00 
 1.800000E+00 
 1.800000E+00 
 1.800000E+00 
 1.800000E+00 
 1.800000E+00 
 3.544099E-10 
 1.800000E+00 
 1.800000E+00 
 1.800000E+00 
 1.800000E+00 
 1.800000E+00 
 1.800000E+00 
 1.800000E+00 
-2.582076E-08 
 1.800000E+00 
 1.800000E+00 
 1.800000E+00 
 1.800000E+00 
 1.800000E+00 
 1.800000E+00 
 1.800000E+00 
 1.800000E+00 
-3.269942E-07 
 1.800000E+00 
 1.800000E+00 
 1.800000E+00 
 1.800000E+00 
 1.800000E+00 
 1.800000E+00 
 1.800000E+00 
 7.565769E-07 
 1.800000E+00 
 1.800000E+00 
 1.800000E+00 
 1.800000E+00 
 1.800000E+00 
 1.800000E+00 
 1.800000E+00 
 1.800000E+00 
 1.800006E+00 
 2.713842E-08 
 1.800000E+00 
 1.800000E+00 
 1.800000E+00 
 1.800000E+00 
 1.800000E+00 
 3.864682E-06 
 1.800000E+00 
 1.800000E+00 
 1.800000E+00 
 1.800000E+00 
 1.800000E+00 
 1.800000E+00 
 1.800000E+00 
 1.800000E+00 
 1.800000E+00 
 1.800000E+00 
 1.800000E+00 
 3.592385E-08 
 1.800000E+00 
 1.800000E+00 
 1.800000E+00 
 1.800000E+00 
 1.800000E+00 
 1.800000E+00 
 7.527978E-07 
 1.800000E+00 
 1.800000E+00 
 1.800000E+00 
 1.800000E+00 
 1.800000E+00 
 1.800000E+00 
 1.800000E+00 
 1.800000E+00 
 1.800000E+00 
 9.039360E-09 
 1.800000E+00 
 1.800000E+00 
 1.800000E+00 
 1.800000E+00 
 1.800000E+00 
 1.800000E+00 
 1.800000E+00 
 1.800000E+00 
 4.122260E-07 
 1.800000E+00 
 1.800000E+00 
 1.800000E+00 
 1.800000E+00 
 1.800000E+00 
 1.800000E+00 
 1.800000E+00 
 1.800000E+00 
 7.444869E-09 
 1.800000E+00 
 1.800000E+00 
 1.800000E+00 
 1.800000E+00 
 1.800000E+00 
 1.800000E+00 
 1.800000E+00 
 1.800000E+00 
 1.800007E+00 
-2.364371E-05 
 1.800000E+00 
 1.800000E+00 
 1.800000E+00 
 1.800000E+00 
 1.800000E+00 
 1.800000E+00 
 1.800000E+00 
-4.245102E-06 
 1.800000E+00 
 1.800000E+00 
 1.800000E+00 
 1.800000E+00 
 1.800000E+00 
 1.800000E+00 
 1.800000E+00 
 1.800000E+00 
 1.800000E+00 
 1.800007E+00 
-3.017516E-08 
 1.800002E+00 
 1.800002E+00 
 1.800002E+00 
 1.800002E+00 
 1.800002E+00 
 1.800002E+00 
 1.800010E+00 
-1.089589E-06 
 1.800000E+00 
 1.800000E+00 
 1.800000E+00 
 1.800000E+00 
 1.800000E+00 
 1.800000E+00 
 1.800000E+00 
 1.800000E+00 
 1.800000E+00 
 1.800000E+00 
 1.800000E+00 
-8.938334E-08 
 1.800000E+00 
 1.800000E+00 
 1.800000E+00 
 1.800000E+00 
 1.800000E+00 
 1.800000E+00 
 1.507988E-08 
 1.799999E+00 
 1.799999E+00 
 1.799999E+00 
 1.799999E+00 
 1.799999E+00 
 1.799999E+00 
 1.799999E+00 
 1.799999E+00 
 1.799999E+00 
 1.799999E+00 
 1.800000E+00 
 2.131573E-08 
 1.800000E+00 
 1.800000E+00 
 1.800000E+00 
 1.800000E+00 
 1.800000E+00 
 1.800000E+00 
 1.800000E+00 
 6.347774E-09 
 1.799999E+00 
 1.799999E+00 
 1.799999E+00 
 1.799999E+00 
 1.799999E+00 
 1.799999E+00 
 1.799999E+00 
 1.799999E+00 
 1.799999E+00 
 1.799999E+00 
 1.800000E+00 
-2.701317E-07 
 1.800000E+00 
 1.800000E+00 
 1.800000E+00 
 1.800000E+00 
 1.800000E+00 
 1.800000E+00 
 1.800000E+00 
 8.820136E-08 
 1.800000E+00 
 1.800000E+00 
 1.800000E+00 
 1.800000E+00 
 1.800000E+00 
 1.800000E+00 
 1.800000E+00 
 1.800000E+00 
 1.800000E+00 
 1.800000E+00 
-6.385325E-08 
 1.800000E+00 
 1.800000E+00 
 1.800000E+00 
 1.800000E+00 
 1.800000E+00 
 1.800000E+00 
 1.800000E+00 
 1.800000E+00 
 1.800000E+00 
 1.051351E-07 
 1.800000E+00 
 1.800000E+00 
 1.800000E+00 
 1.800000E+00 
 1.800000E+00 
 1.800000E+00 
 1.800000E+00 
 1.800000E+00 
 5.648911E-07 
 1.800000E+00 
 1.800000E+00 
 1.800000E+00 
 1.800000E+00 
 1.800000E+00 
 1.800000E+00 
 1.800000E+00 
 1.800000E+00 
 1.800000E+00 
 1.800000E+00 
 1.799997E+00 
-1.976596E-07 
 1.800000E+00 
 1.800000E+00 
 1.800000E+00 
 1.800000E+00 
 1.800000E+00 
 1.800000E+00 
 1.800000E+00 
-1.552070E-08 
 1.800003E+00 
 1.800003E+00 
 1.800003E+00 
 1.800003E+00 
 1.800003E+00 
 1.800003E+00 
 1.800003E+00 
 1.800003E+00 
 1.800003E+00 
 1.800000E+00 
 1.800000E+00 
 6.766993E-07 
 1.800000E+00 
 1.800000E+00 
 1.800000E+00 
 1.800000E+00 
 1.800000E+00 
 1.800000E+00 
 1.800000E+00 
-4.444148E-07 
 1.800000E+00 
 1.800000E+00 
 1.800000E+00 
 1.800000E+00 
 1.800000E+00 
 1.800000E+00 
 1.800000E+00 
 1.800000E+00 
 1.800000E+00 
 1.800000E+00 
 1.800000E+00 
 2.651723E-08 
 1.800003E+00 
 1.800003E+00 
 1.800003E+00 
 1.800003E+00 
 1.800003E+00 
 1.800003E+00 
 1.800002E+00 
 3.573215E-08 
 1.800000E+00 
 1.800000E+00 
 1.800000E+00 
 1.800000E+00 
 1.800000E+00 
 1.800000E+00 
 1.800000E+00 
 1.800000E+00 
 1.800000E+00 
 1.800000E+00 
 1.800000E+00 
 1.800006E+00 
-3.352552E-07 
 1.800000E+00 
 1.800000E+00 
 1.800000E+00 
 1.800005E+00 
 1.800000E+00 
 4.860713E-08 
 1.800000E+00 
 1.800000E+00 
 1.800000E+00 
 1.800000E+00 
 1.800000E+00 
 1.800000E+00 
 1.800000E+00 
 1.800000E+00 
 1.800000E+00 
 1.800000E+00 
 1.800000E+00 
 1.800000E+00 
 1.799998E+00 
 9.233407E-08 
 1.800000E+00 
 1.800000E+00 
 1.800000E+00 
 1.800000E+00 
 1.800000E+00 
 1.800000E+00 
 2.660829E-06 
 1.800001E+00 
 1.800001E+00 
 1.800001E+00 
 1.800001E+00 
 1.800001E+00 
 1.800001E+00 
 1.800001E+00 
 1.800001E+00 
 1.800001E+00 
 1.800001E+00 
 1.800001E+00 
-1.298255E-07 
 1.800000E+00 
 1.800000E+00 
 1.800000E+00 
 1.800000E+00 
 1.800000E+00 
 1.800000E+00 
 1.800000E+00 
-3.327844E-08 
 1.800000E+00 
 1.800000E+00 
 1.800000E+00 
 1.800000E+00 
 1.800000E+00 
 1.800000E+00 
 1.800000E+00 
 1.800000E+00 
 1.800000E+00 
 1.800000E+00 
 3.477778E-08 
 1.800000E+00 
 1.800000E+00 
 1.800000E+00 
 1.800000E+00 
 1.800000E+00 
 1.800000E+00 
 1.800000E+00 
 1.800000E+00 
-5.063039E-06 
 1.800000E+00 
 1.800000E+00 
 1.800000E+00 
 1.800000E+00 
 1.800000E+00 
 1.800000E+00 
 1.800000E+00 
 1.800000E+00 
 1.800000E+00 
 1.840497E-06 
 1.800000E+00 
 1.800000E+00 
 1.800000E+00 
 1.800000E+00 
 1.800000E+00 
 1.800000E+00 
 1.800000E+00 
 1.800000E+00 
 8.376804E-07 
 1.800000E+00 
 1.800000E+00 
 1.800000E+00 
 1.800000E+00 
 1.800000E+00 
 1.800000E+00 
 1.800000E+00 
 1.800000E+00 
 1.799998E+00 
-5.242846E-08 
 1.800000E+00 
 1.800000E+00 
 1.800000E+00 
 1.800000E+00 
 1.800000E+00 
 1.800000E+00 
 1.800000E+00 
 1.799999E+00 
 7.985621E-09 
 1.800000E+00 
 1.800000E+00 
 1.800000E+00 
 1.800000E+00 
 1.800000E+00 
 1.800000E+00 
 1.800000E+00 
 1.800000E+00 
-1.798990E-05 
 1.800000E+00 
 1.800000E+00 
 1.800000E+00 
 1.800000E+00 
 1.800000E+00 
 1.800000E+00 
 1.800000E+00 
 1.800000E+00 
 1.800000E+00 
-2.277349E-08 
 1.800000E+00 
 1.800000E+00 
 1.800000E+00 
 1.800000E+00 
 1.800000E+00 
 1.800000E+00 
 1.800000E+00 
 1.800007E+00 
 6.245033E-07 
 1.800000E+00 
 1.800000E+00 
 1.800000E+00 
 1.800000E+00 
 1.800000E+00 
 1.800000E+00 
 1.800000E+00 
 1.148939E-06 
 1.800000E+00 
 1.800000E+00 
 1.800000E+00 
 1.800000E+00 
 1.800000E+00 
 1.800000E+00 
 1.800000E+00 
 1.800000E+00 
 1.800006E+00 
 9.034117E-09 
 1.800002E+00 
 1.800002E+00 
 1.800002E+00 
 1.800002E+00 
 1.800002E+00 
 1.800000E+00 
 1.800000E+00 
-2.054003E-09 
 1.800006E+00 
 1.800006E+00 
 1.800006E+00 
 1.800006E+00 
 1.800006E+00 
 1.800006E+00 
 1.800006E+00 
 1.800000E+00 
 1.537295E-06 
 1.800000E+00 
 1.800000E+00 
 1.800000E+00 
 1.800000E+00 
 1.800000E+00 
 1.800000E+00 
 1.800000E+00 
 1.800001E+00 
-7.538168E-07 
 1.800001E+00 
 1.800001E+00 
 1.800001E+00 
 1.800001E+00 
 1.800001E+00 
 1.800000E+00 
 1.800000E+00 
 4.890380E-09 
 1.800000E+00 
 1.800000E+00 
 1.800000E+00 
 1.800000E+00 
 1.800000E+00 
 1.800000E+00 
 1.800000E+00 
 1.800000E+00 
-9.131299E-06 
 1.800000E+00 
 1.800000E+00 
 1.800000E+00 
 1.800000E+00 
 1.800000E+00 
 1.800000E+00 
 4.615931E-09 
 1.800000E+00 
 1.800000E+00 
 1.800000E+00 
 1.800000E+00 
 1.800000E+00 
 1.800000E+00 
 1.800000E+00 
 1.800000E+00 
 1.800000E+00 
 9.666030E-07 
 1.800000E+00 
 1.800000E+00 
 1.800000E+00 
 1.800000E+00 
 1.800004E+00 
-1.621534E-08 
 1.800000E+00 
 1.800000E+00 
 1.800000E+00 
 1.800000E+00 
 1.800000E+00 
 1.800000E+00 
 1.800000E+00 
 1.800000E+00 
 1.800000E+00 
-1.488386E-07 
 1.800007E+00 
 1.800007E+00 
 1.800007E+00 
 1.800007E+00 
 1.799999E+00 
 1.800000E+00 
 1.138568E-05 
 1.800000E+00 
 1.800000E+00 
 1.800000E+00 
 1.800000E+00 
 1.800000E+00 
 1.800000E+00 
 1.800000E+00 
 2.616540E-08 
 1.800000E+00 
 1.800000E+00 
 1.800000E+00 
 1.800000E+00 
 1.800000E+00 
 1.800000E+00 
 1.800000E+00 
-1.044811E-05 
 1.800000E+00 
 1.800000E+00 
 1.800000E+00 
 1.800000E+00 
 1.800000E+00 
 1.800000E+00 
 7.786814E-08 
 1.800000E+00 
 1.800000E+00 
 1.800000E+00 
 1.800000E+00 
 1.800000E+00 
 1.800000E+00 
 1.800000E+00 
 2.547955E-08 
 1.800000E+00 
 1.800000E+00 
 1.800000E+00 
 1.800000E+00 
 1.800000E+00 
 1.800000E+00 
 4.486744E-06 
 1.800000E+00 
 1.800000E+00 
 1.800000E+00 
 1.800000E+00 
 1.800000E+00 
 1.800000E+00 
 1.800000E+00 
 5.958007E-09 
 1.800000E+00 
 1.800000E+00 
 1.800000E+00 
 1.800000E+00 
 1.800000E+00 
-6.968635E-08 
 1.800002E+00 
 1.800002E+00 
 1.800002E+00 
 1.800002E+00 
 1.800002E+00 
 1.800002E+00 
 1.800002E+00 
 1.800000E+00 
 8.292725E-08 
 1.800000E+00 
 1.800000E+00 
 1.800000E+00 
 1.800003E+00 
 2.067603E-06 
 1.799998E+00 
 1.799999E+00 
 1.799999E+00 
 1.799999E+00 
 1.799999E+00 
 1.799999E+00 
 1.799999E+00 
 1.800001E+00 
 1.037795E-07 
 1.800000E+00 
 1.800000E+00 
 1.800000E+00 
 1.800000E+00 
 1.800000E+00 
-4.304716E-08 
 1.800000E+00 
 1.800000E+00 
 1.800000E+00 
 1.800000E+00 
 1.800000E+00 
 1.800000E+00 
-2.019949E-06 
 1.800000E+00 
 1.800000E+00 
 1.800000E+00 
 1.800000E+00 
 1.800000E+00 
 1.800000E+00 
 1.664066E-07 
 1.800000E+00 
 1.800000E+00 
 1.800000E+00 
 1.800000E+00 
 1.800000E+00 
 1.406157E-08 
 1.800000E+00 
 1.800000E+00 
 1.800000E+00 
 1.800000E+00 
 1.800000E+00 
 1.800000E+00 
 1.217511E-06 
 1.800000E+00 
 1.800000E+00 
 1.800000E+00 
 1.800000E+00 
 1.800000E+00 
 1.800000E+00 
 2.232680E-07 
 1.800000E+00 
 1.800000E+00 
 1.800000E+00 
 1.800006E+00 
 2.054169E-07 
 1.800000E+00 
 1.800000E+00 
 1.800000E+00 
 1.800000E+00 
 1.800000E+00 
 1.800000E+00 
 1.800000E+00 
-8.215053E-07 
 1.800000E+00 
 1.800000E+00 
 1.800000E+00 
 1.800000E+00 
 1.800000E+00 
-1.130653E-07 
 1.800000E+00 
 1.800000E+00 
 1.800000E+00 
 1.800000E+00 
 3.024192E-08 
 1.800000E+00 
 1.800000E+00 
 1.800000E+00 
 1.800000E+00 
 1.800000E+00 
 1.800000E+00 
 1.800001E+00 
 8.255570E-06 
 1.800000E+00 
 1.800000E+00 
 1.800000E+00 
 1.800007E+00 
 2.887807E-08 
 1.800000E+00 
 1.800000E+00 
 1.800000E+00 
 1.800000E+00 
 1.800000E+00 
 1.306364E-07 
 1.799998E+00 
 1.799998E+00 
 1.799998E+00 
 1.799998E+00 
 1.800006E+00 
 6.297366E-09 
 1.800000E+00 
 1.800000E+00 
 1.800000E+00 
 1.800000E+00 
 1.800000E+00 
 1.800000E+00 
-6.274890E-07 
 1.800000E+00 
 1.800000E+00 
 1.800000E+00 
-5.573206E-06 
 1.800000E+00 
 1.800000E+00 
 1.800000E+00 
 1.800000E+00 
 1.800000E+00 
 1.800000E+00 
 7.892213E-08 
 1.800000E+00 
 1.800000E+00 
 1.800000E+00 
 1.800000E+00 
 1.800000E+00 
 2.183786E-06 
 1.800007E+00 
 1.800000E+00 
 1.800006E+00 
 1.800000E+00 
 1.339884E-08 
 1.800000E+00 
 1.800000E+00 
 1.800000E+00 
 1.799999E+00 
 1.799998E+00 
 6.607568E-08 
 1.800000E+00 
 1.799999E+00 
 1.800000E+00 
 1.800000E+00 
-3.391076E-08 
 1.800000E+00 
 1.800000E+00 
 1.800000E+00 
 1.800000E+00 
 1.800000E+00 
 5.899236E-06 
 1.800000E+00 
 1.800000E+00 
 1.800000E+00 
 1.800000E+00 
-7.581892E-09 
 1.800000E+00 
 1.800000E+00 
 1.800000E+00 
 1.800000E+00 
 1.800000E+00 
 2.875117E-07 
 1.799999E+00 
 1.800000E+00 
 1.800000E+00 
 1.800000E+00 
-9.065871E-08 
 1.800000E+00 
 1.800000E+00 
 1.800000E+00 
 1.800000E+00 
 1.264320E-07 
 1.800000E+00 
 1.800000E+00 
 1.800000E+00 
 1.800000E+00 
 1.800000E+00 
 1.096479E-07 
 1.800001E+00 
 1.800001E+00 
 1.800000E+00 
 1.800000E+00 
 2.447804E-07 
 1.800000E+00 
 1.800000E+00 
 1.800001E+00 
 4.953649E-11 
 1.800003E+00 
 1.800003E+00 
 1.800003E+00 
 1.800003E+00 
 1.800003E+00 
 1.800000E+00 
 9.148677E-08 
 1.800000E+00 
 1.800000E+00 
 2.196020E-08 
 1.800006E+00 
 1.800006E+00 
 1.800006E+00 
 1.800006E+00 
 1.800006E+00 
 1.800000E+00 
-1.150790E-06 
 1.800000E+00 
 1.800000E+00 
 1.800000E+00 
-8.107066E-07 
 1.800000E+00 
 1.800000E+00 
 1.800000E+00 
 1.800000E+00 
 3.965930E-08 
 1.800000E+00 
 1.800000E+00 
 1.800000E+00 
 1.800000E+00 
 1.586336E-08 
 1.800000E+00 
 1.800000E+00 
 1.800000E+00 
 1.306630E-07 
 1.800000E+00 
 1.800000E+00 
 1.800000E+00 
 1.800000E+00 
 1.800000E+00 
-2.581048E-08 
 1.800000E+00 
 1.800000E+00 
 1.800001E+00 
 8.838636E-08 
 1.800000E+00 
 1.800000E+00 
 1.800000E+00 
 1.799999E+00 
-2.976604E-06 
 1.800000E+00 
 1.800000E+00 
 1.800000E+00 
 1.800000E+00 
 9.549161E-09 
 1.800000E+00 
 1.800000E+00 
 1.800000E+00 
 6.237084E-08 
 1.800000E+00 
 1.800000E+00 
 1.800000E+00 
 1.800000E+00 
-4.989400E-07 
 1.799999E+00 
 1.800000E+00 
 1.800000E+00 
 1.006485E-08 
 1.800000E+00 
 1.800000E+00 
 1.800000E+00 
 1.799999E+00 
 1.800000E+00 
-9.405442E-07 
 1.800000E+00 
 3.203855E-08 
 1.800000E+00 
 1.800000E+00 
 1.800000E+00 
 1.800000E+00 
 1.800000E+00 
 1.800000E+00 
 1.747918E-06 
 1.800000E+00 
 1.800000E+00 
-1.609360E-08 
 1.800000E+00 
 1.800000E+00 
 1.800000E+00 
 1.800000E+00 
-1.108737E-08 
 1.800000E+00 
 1.800000E+00 
 1.800000E+00 
 9.098027E-06 
 1.800000E+00 
 1.800000E+00 
 1.800000E+00 
 8.627285E-08 
 1.800000E+00 
 1.800000E+00 
 1.800000E+00 
 1.800005E+00 
 3.438100E-07 
 1.799998E+00 
 1.800000E+00 
 1.800000E+00 
 6.261570E-09 
 1.799999E+00 
 1.800000E+00 
 1.800000E+00 
 1.246668E-05 
 1.800008E+00 
 1.800008E+00 
 1.800000E+00 
 1.800000E+00 
-6.557417E-07 
 1.800000E+00 
 1.799999E+00 
-9.129780E-08 
 1.800000E+00 
 1.800000E+00 
 1.800000E+00 
 1.800000E+00 
 1.871447E-05 
 1.800000E+00 
 1.799999E+00 
 1.800000E+00 
-2.951631E-07 
 1.799999E+00 
 1.800000E+00 
 7.428549E-07 
 1.800000E+00 
 1.800000E+00 
 1.800000E+00 
 1.800000E+00 
 1.800000E+00 
-3.365743E-06 
 1.800007E+00 
-2.510912E-07 
 1.800000E+00 
 1.800000E+00 
 1.800000E+00 
 1.800000E+00 
 1.800000E+00 
 4.764742E-07 
 1.800000E+00 
 2.822216E-07 
 1.800000E+00 
 1.800000E+00 
 1.800000E+00 
 1.800000E+00 
 1.800001E+00 
 1.251374E-05 
 1.252588E-05 
 1.800000E+00 
 1.800000E+00 
 1.800000E+00 
 1.800000E+00 
 1.800000E+00 
 1.799999E+00 
-8.683542E-07 
 1.800000E+00 
-7.710701E-07 
 1.800000E+00 
 1.800000E+00 
 1.800000E+00 
 1.800000E+00 
 2.494677E-08 
 1.800000E+00 
 1.800000E+00 
-8.044774E-11 
 1.800000E+00 
 1.800000E+00 
 1.799999E+00 
-9.356893E-07 
 1.800000E+00 
 1.800000E+00 
 1.800000E+00 
-3.469646E-06 
 1.800000E+00 
 1.800000E+00 
 1.800000E+00 
 1.584670E-07 
 1.800007E+00 
 1.800000E+00 
-1.525966E-08 
 1.800000E+00 
 1.800000E+00 
 1.800000E+00 
 9.084822E-09 
 1.800000E+00 
 1.800000E+00 
 1.800000E+00 
-2.587187E-08 
 1.800000E+00 
 1.800000E+00 
 1.164888E-05 
 1.800000E+00 
 1.800000E+00 
 1.800000E+00 
 2.457538E-07 
 1.800000E+00 
 1.800000E+00 
 1.799998E+00 
-8.887343E-07 
 1.799999E+00 
 1.799998E+00 
-5.336529E-09 
 1.799999E+00 
 1.800000E+00 
 4.958340E-08 
 1.800000E+00 
 1.800000E+00 
 1.800000E+00 
 1.800000E+00 
 3.193523E-07 
 1.800002E+00 
 1.800005E+00 
 8.083972E-09 
 1.800000E+00 
 1.800007E+00 
 1.750035E-07 
 1.800000E+00 
 1.800000E+00 
 1.800000E+00 
-5.924667E-08 
 1.800000E+00 
 1.800007E+00 
-8.923184E-08 
 1.800000E+00 
 1.800000E+00 
 1.800000E+00 
-2.735384E-07 
 1.800000E+00 
 1.800000E+00 
 1.800000E+00 
 3.767870E-06 
 1.800000E+00 
-1.152509E-06 
 1.800000E+00 
 1.800000E+00 
 1.799996E+00 
 8.902725E-09 
 1.800000E+00 
 1.800000E+00 
 1.800000E+00 
 1.811563E-07 
 1.800000E+00 
 1.250281E-08 
 1.800000E+00 
 1.800000E+00 
 1.800000E+00 
 1.800000E+00 
-6.247882E-07 
 1.800000E+00 
 4.708001E-08 
 1.800000E+00 
 1.800000E+00 
 1.800004E+00 
-1.542620E-07 
 1.800000E+00 
 1.800000E+00 
 1.531960E-06 
 1.800000E+00 
 1.800000E+00 
 1.800000E+00 
 4.863711E-06 
 1.800000E+00 
-1.467464E-06 
 1.800000E+00 
 1.800000E+00 
 1.799999E+00 
-1.277793E-08 
 1.800000E+00 
 1.800000E+00 
 1.036171E-07 
 1.799999E+00 
 1.800000E+00 
 1.800000E+00 
 6.201258E-06 
 1.800000E+00 
-7.569154E-09 
 1.800000E+00 
 1.800000E+00 
 1.800000E+00 
-7.965858E-07 
 1.800000E+00 
 1.800000E+00 
 5.071041E-09 
 1.800000E+00 
 1.800000E+00 
 3.212014E-07 
 1.800004E+00 
 1.800000E+00 
 3.350664E-07 
 1.800000E+00 
 1.800000E+00 
 1.800003E+00 
 2.202290E-07 
 1.800000E+00 
 2.373222E-08 
 1.800000E+00 
 1.799999E+00 
 1.800000E+00 
 2.016668E-05 
 1.800000E+00 
-4.713550E-06 
 1.800000E+00 
 1.800000E+00 
 1.800000E+00 
-3.171549E-06 
 1.800000E+00 
 6.735324E-09 
 1.800000E+00 
 1.800000E+00 
 1.800000E+00 
 1.800000E+00 
 7.131119E-08 
-1.851176E-07 
 1.800000E+00 
 1.800000E+00 
 1.800000E+00 
 8.854171E-09 
 1.800004E+00 
 1.800006E+00 
 3.103382E-07 
 1.800000E+00 
 1.800000E+00 
-1.892940E-06 
 1.800000E+00 
-2.880765E-08 
 1.800000E+00 
 1.800000E+00 
 1.800000E+00 
-1.540476E-05 
 1.800000E+00 
 1.800000E+00 
-1.294718E-08 
 1.800000E+00 
 4.329179E-07 
 1.800000E+00 
 1.800000E+00 
 1.800000E+00 
-1.047383E-08 
 1.800003E+00 
 1.987181E-07 
 1.799999E+00 
 1.800000E+00 
 1.800000E+00 
-1.220254E-06 
 1.800000E+00 
 1.673899E-08 
 1.800001E+00 
 1.800000E+00 
 1.373382E-08 
 1.800000E+00 
 1.800000E+00 
-9.725781E-07 
 1.800000E+00 
 1.800000E+00 
 1.504922E-06 
 1.800000E+00 
 1.800000E+00 
 2.733424E-06 
 1.800002E+00 
 7.008318E-09 
 1.800001E+00 
 1.800000E+00 
 1.800000E+00 
 9.007397E-06 
 9.031289E-06 
 1.800000E+00 
 1.800000E+00 
 1.800000E+00 
 1.800000E+00 
-8.095054E-08 
-8.089850E-08 
 1.800000E+00 
 1.800000E+00 
 1.800000E+00 
 9.625980E-09 
 1.800000E+00 
 1.970753E-08 
 1.799999E+00 
 1.800000E+00 
-4.056542E-06 
 1.800000E+00 
 1.800000E+00 
-2.628389E-09 
 1.800000E+00 
 1.332814E-08 
 1.800000E+00 
 1.800000E+00 
-5.046850E-08 
 1.800000E+00 
 1.800000E+00 
 6.562379E-07 
 1.800000E+00 
 1.800000E+00 
-1.009084E-06 
 1.800000E+00 
-6.018119E-06 
 1.800000E+00 
 1.800000E+00 
 1.219301E-06 
 1.800000E+00 
 1.799999E+00 
-6.152845E-08 
 4.099383E-08 
 1.800000E+00 
 1.800000E+00 
 1.800000E+00 
 1.800007E+00 
 2.120416E-06 
 2.119244E-06 
 1.800000E+00 
 1.800000E+00 
 1.800000E+00 
 2.531042E-06 
 3.276792E-06 
 1.800000E+00 
 1.800000E+00 
 1.800000E+00 
 5.718311E-08 
 1.800000E+00 
 1.040913E-07 
 1.800000E+00 
 1.800000E+00 
 2.566382E-06 
 2.393326E-06 
 1.800000E+00 
 1.800000E+00 
 1.800000E+00 
 1.800000E+00 
 1.523676E-06 
 1.738238E-06 
 1.800000E+00 
 1.800000E+00 
-1.237037E-06 
 1.800000E+00 
-1.361358E-06 
 1.800000E+00 
 1.800000E+00 
 1.800000E+00 
-1.104254E-06 
-1.068322E-06 
 1.800000E+00 
 1.800000E+00 
 1.559530E-07 
 1.800000E+00 
 1.800000E+00 
 6.492756E-07 
 1.800000E+00 
-4.705674E-08 
 1.800000E+00 
-5.159181E-07 
 1.800000E+00 
 1.800000E+00 
 1.800000E+00 
-7.275304E-06 
 5.042387E-07 
 1.800000E+00 
 1.800000E+00 
-1.886400E-05 
 1.800000E+00 
 1.800006E+00 
 4.065538E-06 
 1.800001E+00 
-2.224517E-07 
 1.800000E+00 
 2.399422E-07 
 1.800001E+00 
 1.800000E+00 
 9.926429E-08 
 1.800003E+00 
 1.800000E+00 
 2.944350E-07 
 2.940268E-07 
 1.800000E+00 
 1.800000E+00 
 1.800000E+00 
 4.747562E-06 
 4.731093E-06 
 1.800000E+00 
 1.800000E+00 
 1.925833E-06 
 1.800000E+00 
 1.800000E+00 
-6.558420E-07 
-2.940997E-07 
 1.800000E+00 
 1.800000E+00 
 1.800000E+00 
 6.510793E-07 
 6.706755E-07 
 1.800000E+00 
 1.800000E+00 
 1.524695E-08 
 1.800008E+00 
 1.800000E+00 
-1.047925E-06 
-1.357536E-07 
 1.800011E+00 
 1.800000E+00 
 9.546820E-09 
 1.800000E+00 
 1.800000E+00 
-9.496459E-08 
-7.563636E-08 
 1.800000E+00 
 1.800001E+00 
 3.540859E-08 
 1.800000E+00 
 1.800000E+00 
-3.726112E-07 
 2.244895E-08 
 1.800000E+00 
 1.800000E+00 
-2.684434E-08 
 1.800000E+00 
 1.800000E+00 
 6.749280E-07 
 6.749983E-07 
 1.799998E+00 
 1.800000E+00 
 1.225349E-05 
 1.800000E+00 
 1.362828E-05 
 1.800000E+00 
 1.800007E+00 
 1.343639E-07 
 1.435147E-07 
 1.800000E+00 
 1.800000E+00 
 1.800000E+00 
-1.189392E-06 
-7.868814E-07 
 1.800000E+00 
-7.729086E-07 
 1.800000E+00 
 1.800000E+00 
 1.016428E-06 
 1.800000E+00 
 1.150497E-08 
 1.800005E+00 
 8.781916E-08 
 1.800000E+00 
 1.800000E+00 
 8.589651E-09 
 1.404617E-08 
 1.800000E+00 
 1.800000E+00 
 1.800000E+00 
 2.731214E-05 
 1.457779E-08 
 1.457764E-08 
 1.800007E+00 
 1.800007E+00 
 1.800007E+00 
 1.502510E-06 
 1.800000E+00 
 1.690968E-08 
 1.800000E+00 
 2.299533E-06 
 1.800000E+00 
 8.225885E-09 
 1.800000E+00 
 2.026414E-06 
 1.800000E+00 
 1.800000E+00 
 2.098320E-07 
 2.098619E-07 
 1.800000E+00 
 1.800000E+00 
-2.818682E-07 
 1.800000E+00 
 4.328030E-06 
 1.800000E+00 
-7.962191E-09 
 1.800000E+00 
 1.800000E+00 
-3.138417E-06 
 1.534715E-07 
 1.800000E+00 
 7.333577E-09 
 1.800000E+00 
 1.800000E+00 
-4.167450E-07 
 1.800007E+00 
-3.049892E-08 
 1.800000E+00 
 1.748943E-08 
 1.800000E+00 
 7.768069E-07 
 1.800000E+00 
-1.196211E-06 
 1.800000E+00 
 6.383342E-09 
 1.800004E+00 
 1.800007E+00 
-3.532243E-07 
 5.799585E-09 
 1.800000E+00 
 6.150690E-08 
 1.799998E+00 
 1.800000E+00 
 2.310796E-05 
 1.800000E+00 
 1.878629E-06 
 1.885214E-06 
 1.800000E+00 
 1.800000E+00 
-1.926964E-08 
 1.800000E+00 
-4.805667E-06 
 1.800000E+00 
-5.796546E-08 
 1.800000E+00 
 3.798849E-08 
 1.800000E+00 
 2.095731E-07 
 1.800000E+00 
-8.634717E-07 
 1.800000E+00 
 2.714783E-06 
 1.800000E+00 
 1.800002E+00 
 1.759587E-07 
-9.756264E-08 
 1.799999E+00 
 6.977003E-09 
 1.800007E+00 
 5.918967E-10 
 1.800000E+00 
 1.800000E+00 
-8.960415E-07 
-5.465037E-07 
 1.800000E+00 
-1.360882E-05 
 1.799998E+00 
 1.800000E+00 
 1.379328E-05 
-1.530030E-06 
 1.800000E+00 
 4.143020E-08 
 1.800000E+00 
 1.800000E+00 
 3.129127E-07 
 3.662768E-08 
 1.800000E+00 
 3.744585E-09 
 1.800000E+00 
 1.800000E+00 
-1.849325E-09 
-4.393086E-09 
 1.800000E+00 
-2.038821E-06 
 1.800000E+00 
 6.021160E-09 
 1.800000E+00 
-9.239410E-08 
 1.800000E+00 
 1.800000E+00 
 2.030950E-06 
 1.607717E-06 
 1.607717E-06 
 1.800000E+00 
 1.800000E+00 
 1.800000E+00 
-4.641695E-08 
 3.224533E-08 
 3.224535E-08 
 1.800000E+00 
 1.800000E+00 
-3.560000E-06 
 1.800000E+00 
 9.173934E-06 
 1.800007E+00 
-1.695901E-06 
-1.492483E-06 
 1.800000E+00 
 1.800000E+00 
 2.054462E-06 
 2.436556E-06 
 1.800000E+00 
 1.800000E+00 
 7.900948E-08 
 5.220955E-08 
 1.800000E+00 
 3.614280E-08 
 1.800000E+00 
-3.535918E-07 
 1.800000E+00 
-2.295849E-07 
 1.800000E+00 
 2.678299E-07 
-1.748035E-07 
 1.800000E+00 
 1.800000E+00 
 1.774462E-08 
 1.800001E+00 
 3.530482E-08 
 3.000207E-08 
 1.800000E+00 
 1.786368E-06 
 1.800000E+00 
 1.800000E+00 
 7.630830E-06 
-2.373035E-05 
-2.373035E-05 
 1.800000E+00 
 1.800000E+00 
 7.945316E-09 
 1.800000E+00 
-2.757253E-07 
-2.769217E-07 
 1.800000E+00 
 1.800000E+00 
 9.018827E-09 
 8.999078E-09 
 1.800000E+00 
 1.318626E-07 
 1.800000E+00 
 2.454223E-07 
 2.453577E-07 
 1.800000E+00 
 1.800001E+00 
 1.892144E-08 
 1.921098E-08 
 1.800000E+00 
 1.800000E+00 
-2.246187E-06 
 1.355126E-08 
 1.354882E-08 
 1.800000E+00 
 1.800000E+00 
 3.087113E-06 
 1.800000E+00 
-3.197484E-07 
-2.561491E-08 
 1.800000E+00 
 6.125171E-07 
 1.800000E+00 
-1.903094E-07 
 1.800008E+00 
 9.317173E-09 
 1.011235E-08 
 1.800000E+00 
 1.800001E+00 
 1.723903E-06 
 1.722431E-06 
 1.800000E+00 
 8.024966E-07 
 5.197364E-09 
 1.800007E+00 
 1.799999E+00 
 9.961870E-06 
 1.614998E-05 
 1.800000E+00 
 2.634893E-09 
 1.800000E+00 
-1.034333E-08 
 1.800000E+00 
-7.884808E-08 
 5.806884E-09 
 1.800000E+00 
-4.386057E-06 
 1.800000E+00 
-8.922151E-06 
 1.800000E+00 
 4.536212E-09 
-4.790709E-09 
 1.800000E+00 
-2.872870E-07 
 1.800000E+00 
 3.362561E-08 
 1.800000E+00 
-5.718210E-07 
-5.520194E-07 
 1.800000E+00 
 1.800000E+00 
 3.531597E-07 
 3.467256E-07 
 3.467257E-07 
 1.800000E+00 
 1.800000E+00 
 6.740884E-07 
 6.613303E-07 
 6.613277E-07 
 1.800000E+00 
 1.800000E+00 
-6.795548E-06 
 5.506595E-08 
 1.800000E+00 
 1.800000E+00 
 2.812688E-10 
-1.969373E-08 
-1.969383E-08 
 1.800000E+00 
-3.258882E-07 
 1.800000E+00 
 5.742354E-08 
 5.753480E-08 
 1.800000E+00 
 1.800000E+00 
 2.934294E-05 
 9.705313E-06 
 9.705313E-06 
 1.800000E+00 
 1.800000E+00 
-8.107845E-07 
-2.602816E-08 
 1.800000E+00 
 2.276283E-05 
 2.273382E-05 
 1.800000E+00 
 1.799998E+00 
-1.508009E-05 
-1.510651E-05 
-1.510651E-05 
 1.800000E+00 
 6.462451E-07 
 1.800000E+00 
 1.063371E-08 
 1.800000E+00 
-7.491616E-07 
-2.556469E-08 
 1.800002E+00 
-1.337711E-05 
 1.800000E+00 
-4.630390E-06 
-4.122847E-06 
 1.800000E+00 
 2.590607E-06 
 1.626947E-08 
 1.800000E+00 
 1.800000E+00 
-8.268524E-07 
-9.525057E-07 
-9.525059E-07 
 1.800000E+00 
 1.907079E-08 
 1.800000E+00 
-3.555173E-08 
 1.800000E+00 
-4.638201E-08 
 7.786157E-09 
 1.800000E+00 
 9.543839E-06 
 9.564598E-06 
 1.800000E+00 
 2.240904E-06 
 1.800000E+00 
-2.426098E-10 
 1.800000E+00 
-1.479032E-06 
-1.479349E-06 
-1.479349E-06 
 1.800002E+00 
 5.782395E-10 
 1.800000E+00 
-2.231898E-06 
 1.800000E+00 
 1.400782E-06 
 6.421895E-09 
 1.800000E+00 
 6.902928E-06 
 6.877533E-06 
 1.800002E+00 
 8.118172E-07 
 1.800000E+00 
-1.575954E-08 
-2.497343E-08 
-2.497357E-08 
 1.800000E+00 
 1.800000E+00 
 1.252463E-07 
 5.933580E-09 
 1.800000E+00 
-2.901073E-05 
 1.774358E-06 
 1.800000E+00 
-2.859860E-06 
 1.312237E-08 
 1.800000E+00 
 8.047272E-09 
 1.800005E+00 
-1.462731E-05 
 5.909437E-06 
 1.800000E+00 
 5.397475E-07 
 1.625833E-08 
 1.800000E+00 
 5.759954E-07 
 2.874416E-07 
 1.800000E+00 
 1.800000E+00 
 4.220806E-07 
 4.290455E-07 
 4.290464E-07 
 4.290455E-07 
 1.800000E+00 
 1.800000E+00 
-1.061340E-07 
-1.061511E-07 
-1.061515E-07 
 1.800000E+00 
 1.927339E-08 
 1.800000E+00 
 1.532811E-08 
 1.748093E-08 
 1.800000E+00 
-3.466678E-08 
-2.864933E-08 
 1.800000E+00 
 6.603570E-09 
 1.800000E+00 
 1.710765E-07 
-2.111152E-08 
-2.111154E-08 
 1.800000E+00 
-1.111416E-08 
 1.800007E+00 
-1.499416E-05 
-1.500694E-05 
 1.800000E+00 
 4.936681E-05 
 3.514210E-06 
 1.800000E+00 
-2.541696E-08 
-2.695620E-08 
 1.800000E+00 
 8.945183E-06 
 8.840767E-06 
 1.800000E+00 
 3.785504E-06 
 1.800000E+00 
 1.098564E-08 
 1.281094E-08 
 1.280874E-08 
 1.800000E+00 
 1.928706E-08 
 1.800000E+00 
 5.912682E-08 
-2.638760E-09 
 1.799999E+00 
 2.455286E-07 
 1.872768E-08 
 1.873332E-08 
 1.800000E+00 
 1.800000E+00 
 2.553433E-07 
 2.049859E-08 
 2.049874E-08 
 2.050041E-08 
 1.800000E+00 
 9.564753E-07 
 1.800000E+00 
 7.665208E-06 
-2.619287E-07 
 1.800000E+00 
-8.836546E-07 
-8.222253E-07 
 1.800000E+00 
 9.626659E-08 
-9.225946E-08 
 1.800000E+00 
 7.917484E-09 
 5.992095E-09 
 1.800000E+00 
 7.767973E-08 
-3.947547E-08 
 1.800000E+00 
 6.479785E-06 
 6.434698E-06 
 6.434698E-06 
 1.800000E+00 
 1.800000E+00 
-6.506499E-07 
-6.325806E-07 
-6.325755E-07 
-6.325824E-07 
 1.800000E+00 
 1.377861E-06 
 5.180963E-07 
 1.799996E+00 
-8.642021E-06 
 1.800000E+00 
 7.170577E-07 
 6.248409E-09 
 6.242115E-09 
 1.800000E+00 
 1.451638E-06 
 1.800000E+00 
-6.206600E-06 
-6.210484E-06 
-6.210485E-06 
-6.210484E-06 
 1.800000E+00 
 1.800000E+00 
 2.755011E-07 
 3.311491E-08 
 3.311491E-08 
 3.311484E-08 
 1.800000E+00 
 1.742883E-08 
 1.800000E+00 
 1.704865E-06 
-7.127935E-10 
-7.341049E-10 
 1.800000E+00 
 1.582327E-06 
 1.530641E-06 
 1.800000E+00 
 1.985279E-08 
-6.787007E-09 
 1.800003E+00 
 2.212864E-07 
-6.852499E-09 
-6.852462E-09 
 1.800000E+00 
 4.833102E-09 
 1.800000E+00 
 1.036209E-06 
 5.867883E-09 
 5.867818E-09 
 5.864835E-09 
 1.800000E+00 
 1.800000E+00 
 3.827394E-06 
 3.340003E-06 
 3.340001E-06 
 3.339996E-06 
 3.340001E-06 
 1.800000E+00 
 1.800000E+00 
-1.183614E-06 
-1.178845E-06 
-1.178845E-06 
-1.178845E-06 
 1.800000E+00 
 6.823389E-08 
 6.791785E-08 
 1.800007E+00 
-5.193231E-07 
-4.634363E-07 
 1.800000E+00 
-5.123840E-06 
-5.123491E-06 
 1.800000E+00 
 5.396649E-07 
 8.847773E-09 
 8.847786E-09 
 8.847184E-09 
 1.800000E+00 
 1.800000E+00 
-5.343288E-06 
-5.399520E-06 
-5.399520E-06 
-5.399520E-06 
-5.399520E-06 
 1.800000E+00 
 3.773459E-07 
 1.800000E+00 
 3.926062E-08 
 1.021715E-07 
 1.021715E-07 
 1.800000E+00 
 7.314678E-07 
 5.791095E-09 
 5.792618E-09 
 1.800000E+00 
-5.009824E-07 
-5.019111E-07 
 1.800000E+00 
-1.257952E-07 
-1.290198E-07 
 1.800000E+00 
 3.474369E-08 
 3.295302E-08 
 3.295304E-08 
 3.295309E-08 
 1.800000E+00 
 5.588086E-06 
 1.800000E+00 
 3.931034E-08 
-8.429724E-09 
-8.429693E-09 
-8.429708E-09 
 1.800000E+00 
-5.897638E-07 
-7.980122E-07 
 1.800000E+00 
-3.092051E-06 
-3.093085E-06 
-3.093085E-06 
 1.800000E+00 
 1.398641E-05 
 1.385481E-05 
 1.800000E+00 
 4.664316E-07 
 4.452359E-07 
 4.452359E-07 
 4.452359E-07 
 1.800000E+00 
 7.136253E-07 
 1.800000E+00 
 4.197845E-06 
 4.125264E-06 
 4.125264E-06 
 4.125264E-06 
 1.800000E+00 
-9.295287E-07 
 5.840543E-09 
 5.840768E-09 
 1.800000E+00 
-7.747411E-08 
 4.440701E-09 
 1.800006E+00 
 2.151401E-07 
 2.169896E-07 
 2.169923E-07 
 1.800000E+00 
 1.083122E-06 
 7.726883E-07 
 7.726864E-07 
 7.726885E-07 
 1.800000E+00 
 5.973364E-09 
 1.800000E+00 
 3.454283E-07 
 3.454243E-07 
 3.454243E-07 
 3.454247E-07 
 1.800000E+00 
 2.123933E-06 
-2.359388E-05 
-2.359388E-05 
 1.800000E+00 
 6.223769E-08 
 5.342198E-08 
 5.342144E-08 
 1.799998E+00 
-2.723723E-08 
-2.845130E-08 
 1.800000E+00 
-4.383385E-08 
 2.712405E-08 
 2.712402E-08 
 2.712404E-08 
 2.712411E-08 
 1.799999E+00 
 6.850617E-08 
 1.800000E+00 
 2.258623E-06 
 2.126809E-06 
 2.126797E-06 
 2.126809E-06 
 1.800002E+00 
 2.165278E-08 
 2.110038E-08 
 2.109963E-08 
 1.800000E+00 
 1.805404E-06 
 1.791895E-06 
 1.791895E-06 
 1.791895E-06 
 1.800000E+00 
-3.672996E-07 
 1.800000E+00 
-7.118410E-08 
 1.959784E-07 
 1.959779E-07 
 1.959786E-07 
 1.959781E-07 
 1.959811E-07 
 1.800000E+00 
 1.800000E+00 
 4.333856E-06 
-1.487848E-07 
-1.487857E-07 
-1.487857E-07 
-1.487857E-07 
-1.487857E-07 
 1.800000E+00 
 3.027615E-07 
 3.157248E-07 
 1.800000E+00 
-4.100914E-06 
-2.101630E-05 
-2.101636E-05 
-2.101636E-05 
 1.800007E+00 
 1.095250E-06 
 1.085094E-06 
 1.085086E-06 
 1.800002E+00 
 3.296258E-06 
-1.063127E-08 
-1.063150E-08 
 1.800000E+00 
 1.899280E-07 
-1.076051E-08 
-1.076089E-08 
-1.076683E-08 
 1.800000E+00 
-3.072185E-07 
-2.647843E-07 
-2.647844E-07 
 1.800001E+00 
-5.421570E-07 
 7.418372E-09 
 7.418778E-09 
 7.418776E-09 
 1.800000E+00 
 1.112427E-07 
 5.444853E-09 
 5.444866E-09 
 1.800000E+00 
 1.005266E-08 
 6.925480E-09 
 6.996599E-09 
 6.927697E-09 
 1.800000E+00 
-1.353110E-06 
 1.526134E-05 
 1.526135E-05 
 1.526135E-05 
 1.800000E+00 
 4.188971E-06 
 4.094982E-06 
 1.800000E+00 
-1.351276E-08 
-2.101546E-08 
-2.101546E-08 
-2.101537E-08 
-2.101553E-08 
-2.101609E-08 
 1.800000E+00 
-2.433036E-05 
 1.800002E+00 
 1.399289E-05 
-3.532619E-06 
-3.532619E-06 
-3.532619E-06 
-3.532619E-06 
-3.532619E-06 
 1.800000E+00 
 4.736271E-06 
 4.639169E-06 
 4.639166E-06 
 1.800000E+00 
-3.661265E-05 
-7.361718E-07 
-7.361758E-07 
 1.800000E+00 
 2.400020E-07 
-2.536972E-08 
-2.540346E-08 
-2.536955E-08 
-2.536953E-08 
-2.536829E-08 
 1.800000E+00 
-1.376482E-07 
 1.800002E+00 
 7.271563E-08 
 7.519912E-08 
 7.514776E-08 
 7.519940E-08 
 7.519943E-08 
 7.519943E-08 
 7.519939E-08 
 1.800000E+00 
 2.123442E-08 
 1.800000E+00 
 6.131011E-07 
 6.079663E-07 
 6.079664E-07 
 6.079667E-07 
 6.079662E-07 
 6.079664E-07 
 6.079661E-07 
 1.800001E+00 
-1.911843E-08 
-5.009351E-09 
 1.800000E+00 
-4.296738E-07 
-4.296558E-07 
-4.296559E-07 
-4.296568E-07 
-4.296558E-07 
 1.800000E+00 
-1.259909E-08 
-5.830646E-09 
-5.830645E-09 
-5.830450E-09 
 1.800000E+00 
-2.017898E-06 
 2.322679E-08 
 2.320214E-08 
 2.322841E-08 
 1.800000E+00 
 5.561591E-06 
-3.807244E-07 
-3.807257E-07 
-3.807203E-07 
-3.807241E-07 
 1.799998E+00 
-1.788546E-06 
 1.164297E-08 
 1.164204E-08 
 1.800000E+00 
-1.013275E-06 
-1.023243E-06 
-1.023243E-06 
-1.023243E-06 
-1.023243E-06 
-1.023243E-06 
 1.800000E+00 
-1.815082E-06 
 8.718366E-09 
 8.718331E-09 
 8.717099E-09 
 1.800000E+00 
 2.906382E-06 
 2.905500E-06 
 2.905500E-06 
 1.800000E+00 
 9.361736E-09 
 5.702570E-09 
 5.702202E-09 
 5.702550E-09 
 5.702489E-09 
 5.702569E-09 
 5.702533E-09 
 1.800000E+00 
 3.905462E-08 
 6.714792E-09 
 1.800000E+00 
 1.041916E-05 
-6.720925E-07 
-6.720877E-07 
-6.720939E-07 
-6.720907E-07 
-6.720929E-07 
-6.720928E-07 
 1.800000E+00 
 9.378571E-09 
 9.059949E-09 
 9.059793E-09 
 9.060145E-09 
 1.800003E+00 
-5.907581E-07 
 2.948954E-08 
 2.948959E-08 
 2.948961E-08 
 1.800000E+00 
-2.790218E-07 
-9.158028E-07 
-9.158041E-07 
-9.158089E-07 
-9.158033E-07 
-9.158026E-07 
 1.800002E+00 
-3.021581E-05 
-3.022460E-05 
-3.022460E-05 
 1.800000E+00 
-6.554536E-06 
-6.569967E-06 
-6.569967E-06 
-6.569967E-06 
-6.569967E-06 
-6.569967E-06 
-6.569966E-06 
 1.800000E+00 
 6.417649E-06 
-6.909849E-07 
-6.909845E-07 
-6.909845E-07 
 1.800000E+00 
 3.208029E-06 
-3.778487E-08 
-3.778669E-08 
-3.778684E-08 
-3.778675E-08 
-3.778707E-08 
 1.800000E+00 
 3.684657E-07 
-5.274178E-08 
-5.274173E-08 
-5.274185E-08 
 1.800000E+00 
-2.383984E-06 
 2.500521E-08 
 2.500513E-08 
 2.500509E-08 
 2.500385E-08 
 2.500583E-08 
 1.800000E+00 
 3.347391E-06 
 3.269224E-06 
 3.269223E-06 
 3.269223E-06 
 3.269223E-06 
 1.800000E+00 
-2.114875E-07 
-2.143844E-07 
-2.143844E-07 
-2.143847E-07 
-2.143845E-07 
-2.143844E-07 
 1.800000E+00 
-1.342071E-08 
 7.596009E-09 
 7.595998E-09 
 7.595225E-09 
 1.800000E+00 
 6.878081E-09 
 4.858348E-09 
 4.858691E-09 
 4.861292E-09 
 4.858658E-09 
 4.858690E-09 
 4.858701E-09 
 1.800000E+00 
 7.039101E-07 
 4.179309E-07 
 4.179305E-07 
 4.179307E-07 
 4.179306E-07 
 1.800000E+00 
-1.977360E-07 
 8.525041E-09 
 8.525253E-09 
 8.524954E-09 
 8.524907E-09 
 8.524797E-09 
 1.800000E+00 
 1.329222E-06 
 4.617153E-09 
 4.604816E-09 
 4.614303E-09 
 4.614046E-09 
 1.800000E+00 
-1.603351E-06 
 2.099139E-08 
 2.099021E-08 
 2.099018E-08 
 2.099047E-08 
 2.099014E-08 
 1.800000E+00 
 3.275754E-08 
 6.568023E-09 
 6.566948E-09 
 6.568025E-09 
 6.568036E-09 
 6.568865E-09 
 6.567994E-09 
 1.800002E+00 
-1.440976E-08 
 3.068018E-09 
 3.068016E-09 
 3.067579E-09 
 1.800000E+00 
 1.244403E-08 
 1.138070E-08 
 1.137505E-08 
 1.137536E-08 
 1.137526E-08 
 1.137529E-08 
 1.137527E-08 
 1.137517E-08 
 1.800000E+00 
 3.324611E-06 
-9.783522E-08 
-9.783514E-08 
-9.783511E-08 
-9.783469E-08 
-9.783512E-08 
 1.800003E+00 
 2.811840E-08 
 1.548575E-08 
 1.548006E-08 
 1.548539E-08 
 1.548538E-08 
 1.800000E+00 
-1.323259E-06 
-1.546882E-06 
-1.546882E-06 
-1.546882E-06 
-1.546882E-06 
-1.546883E-06 
-1.546882E-06 
 1.800006E+00 
 4.767987E-08 
 4.608837E-08 
 4.608552E-08 
 4.608854E-08 
 4.608854E-08 
 4.608854E-08 
 4.608844E-08 
 1.800000E+00 
 1.453839E-07 
 2.047974E-07 
 2.047976E-07 
 2.047975E-07 
 2.047976E-07 
 2.047975E-07 
 1.800007E+00 
-9.082296E-08 
-8.442965E-08 
-8.442962E-08 
-8.442924E-08 
-8.442965E-08 
-8.442964E-08 
 1.800000E+00 
 2.559756E-06 
-1.044599E-07 
-1.044585E-07 
-1.044603E-07 
-1.044603E-07 
-1.044602E-07 
-1.044603E-07 
-1.044599E-07 
 1.800000E+00 
 1.287967E-07 
 1.317934E-07 
 1.317934E-07 
 1.317935E-07 
 1.317935E-07 
 1.317946E-07 
 1.800000E+00 
 4.231248E-06 
 3.662217E-06 
 3.662207E-06 
 3.662215E-06 
 3.662214E-06 
 3.662214E-06 
 3.662214E-06 
 1.800000E+00 
-2.714071E-05 
-2.932050E-08 
-2.930266E-08 
-2.930262E-08 
-2.930371E-08 
-2.930234E-08 
-2.930205E-08 
 1.800000E+00 
-1.374158E-06 
-1.364051E-06 
-1.364051E-06 
-1.364051E-06 
-1.364051E-06 
-1.364051E-06 
-1.364052E-06 
 1.800000E+00 
 8.005273E-07 
 2.016728E-07 
 2.016727E-07 
 2.016726E-07 
 2.016727E-07 
 2.016700E-07 
 2.016721E-07 
 2.016725E-07 
 1.800000E+00 
 1.487896E-06 
 3.288776E-09 
 3.288624E-09 
 3.289054E-09 
 3.288865E-09 
 3.288746E-09 
 1.800000E+00 
 7.939951E-07 
-6.922393E-08 
-6.922340E-08 
-6.922390E-08 
-6.922529E-08 
-6.922387E-08 
-6.922393E-08 
-6.922358E-08 
 1.800000E+00 
-1.499951E-07 
-1.374708E-07 
-1.374707E-07 
-1.374708E-07 
-1.374644E-07 
-1.374707E-07 
-1.374699E-07 
-1.374710E-07 
 1.800000E+00 
-6.729478E-06 
-6.734113E-06 
-6.734112E-06 
-6.734113E-06 
-6.734113E-06 
-6.734113E-06 
-6.734113E-06 
 1.800000E+00 
 1.374517E-09 
 5.977494E-09 
 5.977455E-09 
 5.977495E-09 
 5.977469E-09 
 5.978821E-09 
 5.977481E-09 
 5.977025E-09 
 1.800000E+00 
 8.150378E-08 
 6.189797E-08 
 6.189798E-08 
 6.189797E-08 
 6.189797E-08 
 6.189799E-08 
 6.189805E-08 
 1.800000E+00 
-5.949199E-05 
-4.746058E-07 
-4.746062E-07 
-4.746065E-07 
-4.746066E-07 
-4.746065E-07 
-4.746079E-07 
-4.746061E-07 
-4.746071E-07 
 1.800000E+00 
-7.028555E-06 
-7.010114E-06 
-7.010114E-06 
-7.010114E-06 
-7.010114E-06 
-7.010114E-06 
-7.010114E-06 
 1.800000E+00 
 4.616047E-07 
 5.786615E-08 
 5.786614E-08 
 5.786607E-08 
 5.786931E-08 
 5.786655E-08 
 5.786620E-08 
 5.786605E-08 
 5.786686E-08 
 1.799998E+00 
 4.572422E-08 
 4.566166E-08 
 4.566164E-08 
 4.566172E-08 
 4.566166E-08 
 4.566161E-08 
 4.566321E-08 
 4.566190E-08 
 1.800000E+00 
 2.706540E-07 
 6.749496E-07 
 6.749496E-07 
 6.749485E-07 
 6.749496E-07 
 6.749498E-07 
 6.749496E-07 
 6.749496E-07 
 1.800000E+00 
-2.201254E-05 
-2.198488E-05 
-2.198488E-05 
-2.198488E-05 
-2.198488E-05 
-2.198488E-05 
-2.198487E-05 
-2.198488E-05 
 1.800001E+00 
 2.453388E-07 
 2.479692E-07 
 2.479698E-07 
 2.479701E-07 
 2.479702E-07 
 2.479701E-07 
 2.479681E-07 
 2.479702E-07 
 2.479702E-07 
 1.800000E+00 
 1.713806E-06 
 3.063613E-09 
 3.059805E-09 
 3.059544E-09 
 3.059647E-09 
 3.059806E-09 
 3.060346E-09 
 3.059805E-09 
 1.800000E+00 
-7.697424E-08 
 9.586072E-09 
 9.586301E-09 
 9.586170E-09 
 9.586360E-09 
 9.586315E-09 
 9.586402E-09 
 9.586346E-09 
 9.586385E-09 
 1.800000E+00 
 1.024172E-06 
 6.305471E-09 
 6.307488E-09 
 6.306173E-09 
 6.306232E-09 
 6.306219E-09 
 6.305875E-09 
 6.306148E-09 
 6.306233E-09 
 1.800000E+00 
-1.001875E-06 
-4.336314E-07 
-4.336315E-07 
-4.336310E-07 
-4.336314E-07 
-4.336314E-07 
-4.336337E-07 
 1.800000E+00 
-6.346485E-07 
-6.263459E-07 
-6.263450E-07 
-6.263459E-07 
-6.263448E-07 
-6.263459E-07 
-6.263459E-07 
-6.263462E-07 
-6.263471E-07 
-6.263460E-07 
-6.263448E-07 
 1.800001E+00 
 1.394228E-05 
 1.382447E-05 
 1.382447E-05 
 1.382447E-05 
 1.382447E-05 
 1.382447E-05 
 1.382447E-05 
 1.382447E-05 
 1.800000E+00 
 3.365919E-07 
 6.135009E-09 
 6.135631E-09 
 6.136101E-09 
 6.135389E-09 
 6.135779E-09 
 6.135654E-09 
 6.135365E-09 
 6.132078E-09 
 1.800000E+00 
-3.292934E-06 
 2.222755E-08 
 2.222770E-08 
 2.222781E-08 
 2.222767E-08 
 2.223086E-08 
 2.222762E-08 
 2.222537E-08 
 1.800000E+00 
-9.391630E-06 
-9.391665E-06 
-9.391667E-06 
-9.391665E-06 
-9.391665E-06 
-9.391666E-06 
-9.391665E-06 
-9.391665E-06 
-9.391663E-06 
-9.391665E-06 
-9.391709E-06 
 1.800000E+00 
 1.011389E-08 
 6.549864E-09 
 6.553975E-09 
 6.552222E-09 
 6.553972E-09 
 6.552482E-09 
 1.800001E+00 
 1.761698E-07 
 3.470186E-08 
 3.470135E-08 
 3.470134E-08 
 3.471015E-08 
 3.470443E-08 
 3.470134E-08 
 3.470377E-08 
 3.470134E-08 
 3.470133E-08 
 3.470134E-08 
 3.470132E-08 
 1.800000E+00 
 4.535918E-07 
-2.855954E-07 
-2.855964E-07 
-2.855958E-07 
-2.855957E-07 
-2.855957E-07 
-2.855957E-07 
-2.855955E-07 
 1.800000E+00 
 3.395621E-06 
-6.173368E-08 
-6.173385E-08 
-6.173278E-08 
-6.173546E-08 
-6.173433E-08 
-6.173335E-08 
-6.173235E-08 
-6.173286E-08 
 1.800000E+00 
-1.868219E-06 
-2.176238E-06 
-2.176238E-06 
-2.176238E-06 
-2.176238E-06 
-2.176237E-06 
-2.176238E-06 
-2.176238E-06 
-2.176238E-06 
 1.800000E+00 
 7.791984E-07 
 6.227649E-07 
 6.227657E-07 
 6.227661E-07 
 6.227661E-07 
 6.227657E-07 
 6.227656E-07 
 6.227632E-07 
 6.227658E-07 
 1.800000E+00 
 9.740512E-09 
 9.050537E-09 
 9.050489E-09 
 9.050316E-09 
 9.050484E-09 
 9.050456E-09 
 9.050237E-09 
 9.050092E-09 
 9.050477E-09 
 1.800000E+00 
 1.166797E-07 
 5.043899E-09 
 5.043740E-09 
 5.043879E-09 
 5.043910E-09 
 5.043910E-09 
 5.042295E-09 
 5.043909E-09 
 5.043908E-09 
 5.041959E-09 
 1.800000E+00 
 6.785977E-06 
-3.674168E-07 
-3.674173E-07 
-3.674169E-07 
-3.674169E-07 
-3.674146E-07 
-3.674168E-07 
 1.799998E+00 
-3.442349E-06 
-3.747424E-06 
-3.747424E-06 
-3.747424E-06 
-3.747423E-06 
-3.747424E-06 
-3.747424E-06 
-3.747424E-06 
-3.747424E-06 
-3.747419E-06 
-3.747423E-06 
 1.800000E+00 
 1.435403E-05 
 1.416030E-05 
 1.416030E-05 
 1.416030E-05 
 1.416030E-05 
 1.416030E-05 
 1.416030E-05 
 1.416030E-05 
 1.800000E+00 
 1.148621E-08 
 8.833021E-09 
 8.831339E-09 
 8.831237E-09 
 8.831292E-09 
 8.830645E-09 
 8.829333E-09 
 8.830739E-09 
 8.831285E-09 
 8.831245E-09 
 1.800000E+00 
-1.095347E-07 
 1.060253E-07 
 1.060253E-07 
 1.060253E-07 
 1.060253E-07 
 1.060253E-07 
 1.060253E-07 
 1.800000E+00 
 8.162753E-09 
 8.933548E-09 
 8.934857E-09 
 8.933534E-09 
 8.939467E-09 
 8.933521E-09 
 8.934481E-09 
 8.933543E-09 
 8.933504E-09 
 8.932964E-09 
 1.800007E+00 
 2.576048E-08 
 2.658357E-08 
 2.658367E-08 
 2.658365E-08 
 2.658366E-08 
 2.658356E-08 
 2.658364E-08 
 2.658385E-08 
 2.658250E-08 
 1.800000E+00 
-3.304382E-06 
 1.931271E-08 
 1.931164E-08 
 1.931293E-08 
 1.931374E-08 
 1.931283E-08 
 1.931328E-08 
 1.800000E+00 
 1.197337E-05 
 1.210237E-05 
 1.210237E-05 
 1.210237E-05 
 1.210237E-05 
 1.210237E-05 
 1.210237E-05 
 1.210237E-05 
 1.210237E-05 
 1.210239E-05 
 1.210237E-05 
 1.800000E+00 
-1.006838E-05 
-1.007467E-05 
-1.007467E-05 
-1.007467E-05 
-1.007467E-05 
-1.007467E-05 
 1.800000E+00 
 1.120194E-08 
 5.108746E-09 
 5.108744E-09 
 5.108770E-09 
 5.112815E-09 
 5.111436E-09 
 5.097822E-09 
 5.108748E-09 
 5.108755E-09 
 5.108756E-09 
 5.109245E-09 
 1.800000E+00 
 3.022845E-08 
 7.507199E-08 
 7.507223E-08 
 7.507195E-08 
 7.507199E-08 
 7.507199E-08 
 1.800000E+00 
 1.132396E-07 
 8.042920E-08 
 8.042914E-08 
 8.042920E-08 
 8.042922E-08 
 8.042920E-08 
 8.042921E-08 
 8.043641E-08 
 8.042915E-08 
 8.042920E-08 
 1.800000E+00 
-2.359676E-07 
-3.051863E-07 
-3.051865E-07 
-3.051865E-07 
-3.051865E-07 
-3.051874E-07 
-3.051864E-07 
 1.800000E+00 
 4.267002E-06 
-2.538284E-07 
-2.538280E-07 
-2.538280E-07 
-2.538290E-07 
-2.538280E-07 
-2.538281E-07 
-2.538276E-07 
-2.538280E-07 
 1.800000E+00 
-2.266964E-05 
 6.591989E-09 
 6.591761E-09 
 6.591748E-09 
 6.591717E-09 
 6.591433E-09 
 6.591754E-09 
 1.800000E+00 
-1.178556E-07 
-9.150359E-08 
-9.150317E-08 
-9.150463E-08 
-9.150122E-08 
-9.150375E-08 
-9.150362E-08 
-9.150351E-08 
-9.150434E-08 
 1.800000E+00 
 1.084890E-05 
 1.084044E-05 
 1.084044E-05 
 1.084045E-05 
 1.084043E-05 
 1.084045E-05 
 1.084044E-05 
 1.800000E+00 
 6.876092E-06 
 6.846765E-06 
 6.846765E-06 
 6.846765E-06 
 6.846765E-06 
 6.846767E-06 
 6.846765E-06 
 6.846766E-06 
 1.800000E+00 
 1.465367E-06 
 6.669380E-09 
 6.669395E-09 
 6.669439E-09 
 6.669797E-09 
 6.669494E-09 
 6.669427E-09 
 6.669086E-09 
 1.800001E+00 
-9.100505E-07 
-9.097623E-07 
-9.097634E-07 
-9.097628E-07 
-9.097665E-07 
-9.097627E-07 
 1.800000E+00 
-7.937713E-07 
-7.499201E-07 
-7.499243E-07 
-7.499241E-07 
-7.499243E-07 
-7.499243E-07 
-7.499243E-07 
-7.499243E-07 
-7.499243E-07 
 1.799998E+00 
-3.512323E-06 
 1.061598E-07 
 1.061593E-07 
 1.061608E-07 
 1.061596E-07 
 1.061610E-07 
 1.061610E-07 
 1.800000E+00 
 9.423801E-08 
 8.514796E-09 
 8.514125E-09 
 8.507981E-09 
 8.514123E-09 
 8.514171E-09 
 1.800000E+00 
 6.600114E-07 
 2.180983E-08 
 2.180981E-08 
 2.180980E-08 
 2.180978E-08 
 2.181021E-08 
 2.181128E-08 
 2.180983E-08 
 2.180985E-08 
 1.800000E+00 
 1.801959E-07 
 1.814739E-07 
 1.814754E-07 
 1.814755E-07 
 1.814750E-07 
 1.800000E+00 
 6.734054E-07 
 3.236799E-07 
 3.236799E-07 
 3.236798E-07 
 3.236799E-07 
 3.236799E-07 
 3.236799E-07 
 3.236803E-07 
 3.240715E-07 
 1.800000E+00 
 6.271523E-06 
 6.058769E-06 
 6.058769E-06 
 6.058769E-06 
 1.800000E+00 
-2.024938E-06 
-2.031360E-06 
-2.031360E-06 
-2.031361E-06 
-2.031359E-06 
-2.031360E-06 
-2.031360E-06 
-2.031359E-06 
-2.031360E-06 
-2.031360E-06 
 1.800000E+00 
-6.151077E-08 
-6.151152E-08 
-6.151102E-08 
-6.151109E-08 
 1.800001E+00 
-2.096785E-07 
 8.538832E-09 
 8.539180E-09 
 8.539171E-09 
 8.539175E-09 
 8.539021E-09 
 8.539183E-09 
 8.539015E-09 
 1.800001E+00 
 8.705632E-09 
 9.073430E-09 
 9.073796E-09 
 9.073748E-09 
 9.073976E-09 
 9.073788E-09 
 1.800000E+00 
 1.291645E-06 
 6.052869E-09 
 6.047343E-09 
 6.047115E-09 
 6.047120E-09 
 6.047116E-09 
 1.800000E+00 
 2.015063E-06 
 1.742951E-06 
 1.742953E-06 
 1.742951E-06 
 1.742951E-06 
 1.742956E-06 
 1.742951E-06 
 1.800000E+00 
 1.294924E-07 
-5.092499E-09 
-5.091966E-09 
-5.092890E-09 
-5.092220E-09 
 1.799998E+00 
-6.460398E-08 
-2.135839E-09 
-2.135823E-09 
-2.139528E-09 
-2.135716E-09 
-2.135399E-09 
-2.135865E-09 
-2.135822E-09 
 1.800000E+00 
-6.091591E-09 
-6.261785E-09 
-6.259820E-09 
 1.800000E+00 
 4.785905E-07 
 9.062770E-09 
 9.063562E-09 
 9.063557E-09 
 9.059386E-09 
 9.064424E-09 
 9.063523E-09 
 9.069559E-09 
 9.062605E-09 
 1.800000E+00 
 8.320629E-08 
-5.180818E-08 
-5.180822E-08 
-5.180896E-08 
 1.800000E+00 
-7.419968E-08 
-7.426526E-08 
-7.426469E-08 
-7.426522E-08 
-7.426443E-08 
-7.426550E-08 
-7.426523E-08 
 1.800000E+00 
 1.367254E-07 
 1.047194E-08 
 1.046978E-08 
 1.046978E-08 
 1.800000E+00 
 2.743977E-06 
-1.501038E-06 
-1.501049E-06 
-1.501038E-06 
-1.501038E-06 
-1.501038E-06 
-1.501038E-06 
-1.501038E-06 
 1.800000E+00 
-1.133706E-07 
-1.301073E-07 
 1.800000E+00 
 1.999148E-08 
 9.710096E-09 
 9.711529E-09 
 9.712916E-09 
 9.711558E-09 
 9.712147E-09 
 9.710171E-09 
 9.711313E-09 
 9.712761E-09 
 1.800000E+00 
-1.000292E-07 
-1.029251E-07 
-1.029251E-07 
-1.029250E-07 
 1.800000E+00 
 2.737548E-07 
 2.267226E-07 
 2.267228E-07 
 2.267226E-07 
 2.267226E-07 
 1.800000E+00 
-4.728110E-07 
-7.015296E-07 
-7.015296E-07 
-7.015298E-07 
-7.015296E-07 
 1.800000E+00 
-2.174699E-07 
-2.130147E-07 
-2.130146E-07 
-2.130147E-07 
-2.130148E-07 
-2.130147E-07 
 1.800002E+00 
 1.670513E-08 
 9.688958E-09 
 9.688981E-09 
 9.689459E-09 
 9.689004E-09 
 1.800000E+00 
-2.316894E-07 
-3.624598E-07 
-3.624598E-07 
-3.624597E-07 
 1.800003E+00 
 2.339189E-10 
 7.572289E-09 
 7.572680E-09 
 7.572169E-09 
 7.572288E-09 
 7.572315E-09 
 7.572742E-09 
 1.800000E+00 
 4.753178E-07 
 4.753575E-07 
 1.800000E+00 
 1.140117E-07 
 1.504679E-08 
 1.504644E-08 
 1.504567E-08 
 1.504640E-08 
 1.504643E-08 
 1.505287E-08 
 1.504649E-08 
 1.800000E+00 
 6.614396E-08 
-2.151260E-09 
 1.800000E+00 
-1.982365E-07 
-2.808729E-07 
-2.808670E-07 
-2.808731E-07 
-2.808730E-07 
-2.808731E-07 
-2.808724E-07 
 1.800000E+00 
-8.351478E-08 
 8.821943E-09 
 8.819023E-09 
 1.800000E+00 
 8.782402E-09 
 3.856442E-09 
 3.854433E-09 
 3.856467E-09 
 3.856460E-09 
 3.856451E-09 
 1.800000E+00 
 6.229760E-08 
 8.563092E-09 
 8.555834E-09 
 1.800000E+00 
 2.050721E-07 
 1.729667E-07 
 1.729654E-07 
 1.729668E-07 
 1.729668E-07 
 1.729667E-07 
 1.800002E+00 
-6.486485E-07 
-6.517459E-07 
-6.517459E-07 
 1.800000E+00 
-8.174323E-07 
 9.553904E-09 
 9.554035E-09 
 9.554063E-09 
 9.554083E-09 
 1.799999E+00 
-1.530967E-09 
-1.150455E-08 
-1.150432E-08 
-1.150454E-08 
-1.150457E-08 
 1.800000E+00 
-1.680021E-07 
-1.722467E-07 
-1.722418E-07 
 1.800000E+00 
-1.059917E-05 
-1.104539E-05 
-1.104539E-05 
-1.104539E-05 
-1.104539E-05 
-1.104539E-05 
 1.800002E+00 
-1.633232E-08 
-1.640220E-08 
 1.800000E+00 
 3.759109E-07 
 8.079466E-08 
 8.079515E-08 
 8.079508E-08 
 8.079623E-08 
 8.079548E-08 
 1.800000E+00 
 2.327025E-07 
 1.647214E-08 
 1.647176E-08 
 1.800000E+00 
-1.478641E-08 
-1.485586E-08 
-1.485586E-08 
-1.483542E-08 
-1.485583E-08 
 1.800000E+00 
 3.096143E-06 
 3.095963E-06 
 3.095963E-06 
 1.800000E+00 
-1.758329E-08 
-1.026535E-08 
-1.026507E-08 
-1.026512E-08 
-1.025833E-08 
 1.800000E+00 
-1.036702E-06 
 1.467281E-07 
 1.467328E-07 
 1.799999E+00 
-1.491258E-07 
 1.815886E-08 
 1.815886E-08 
 1.815887E-08 
 1.800007E+00 
-1.784714E-06 
 1.413759E-08 
 1.413762E-08 
 1.413764E-08 
 1.800000E+00 
 6.327900E-07 
 6.277154E-07 
 6.277150E-07 
 6.277153E-07 
 1.800000E+00 
 1.292341E-06 
 1.290975E-06 
 1.290975E-06 
 1.800000E+00 
 1.074584E-08 
 1.861401E-08 
 1.861950E-08 
 1.861408E-08 
 1.861407E-08 
 1.800000E+00 
 7.126233E-08 
 5.981983E-08 
 1.800007E+00 
 2.485148E-06 
 1.585617E-06 
 1.585617E-06 
 1.585617E-06 
 1.585617E-06 
 1.585617E-06 
 1.800007E+00 
 1.800000E+00 
 2.301903E-08 
 1.668201E-08 
 1.668057E-08 
 1.668071E-08 
 1.668059E-08 
 1.668058E-08 
 1.668061E-08 
 1.800000E+00 
 6.822038E-08 
 6.853339E-08 
 1.800000E+00 
-1.301488E-06 
-2.315017E-05 
-2.315017E-05 
-2.315017E-05 
 1.800004E+00 
 1.821830E-06 
 1.599422E-06 
 1.599422E-06 
 1.800000E+00 
 1.279484E-07 
 5.160845E-09 
 5.160537E-09 
 5.160821E-09 
 1.800000E+00 
-1.460211E-06 
 8.673991E-09 
 8.678698E-09 
 1.800000E+00 
-1.748093E-06 
 1.055260E-05 
 1.055260E-05 
 1.800000E+00 
 1.034201E-06 
 4.116824E-07 
 4.116862E-07 
 4.116858E-07 
 1.800001E+00 
-2.991989E-06 
-2.734124E-06 
-2.734124E-06 
 1.800000E+00 
-1.442998E-08 
-1.417342E-08 
-1.417387E-08 
 1.800000E+00 
 6.778023E-07 
 1.365378E-08 
 1.365082E-08 
 1.800000E+00 
 1.096273E-04 
 1.259326E-08 
 1.259280E-08 
 1.259375E-08 
 1.800000E+00 
 4.589538E-06 
 4.803605E-06 
 4.803606E-06 
 1.800004E+00 
-7.877272E-06 
 1.178881E-05 
 1.178881E-05 
 1.800000E+00 
 9.583620E-08 
 4.562247E-09 
 4.613980E-09 
 1.799999E+00 
 5.181673E-07 
 8.486010E-09 
 8.484768E-09 
 1.800007E+00 
-4.666371E-08 
-4.987763E-07 
-4.987768E-07 
 1.800000E+00 
 4.193415E-06 
-1.318718E-05 
-1.318718E-05 
 1.799999E+00 
-7.460879E-09 
-6.258408E-09 
-6.258386E-09 
 1.800000E+00 
 2.391007E-06 
 4.036515E-08 
 4.036329E-08 
 4.036232E-08 
 1.800000E+00 
 9.706172E-09 
 1.800000E+00 
 1.574655E-05 
 1.575143E-05 
 1.575143E-05 
 1.575143E-05 
 1.575144E-05 
 1.800000E+00 
-4.820455E-06 
 1.800000E+00 
 6.625947E-09 
 6.797060E-09 
 6.797360E-09 
 6.797407E-09 
 1.800000E+00 
 1.764341E-06 
-1.895126E-08 
-1.895076E-08 
 1.800000E+00 
-1.235633E-08 
-1.242609E-08 
 1.800000E+00 
-3.357250E-08 
-1.820881E-08 
-1.820876E-08 
 1.800000E+00 
 7.898242E-07 
 6.575538E-07 
 6.575540E-07 
 1.800006E+00 
-6.835886E-05 
 1.475876E-08 
 1.475865E-08 
 1.800000E+00 
 9.894145E-07 
 1.765537E-06 
 1.765510E-06 
 1.800000E+00 
 6.337796E-07 
 1.800000E+00 
-3.189553E-06 
 8.496898E-08 
 8.496879E-08 
 8.496875E-08 
 8.496835E-08 
 1.800000E+00 
 1.800000E+00 
 1.165781E-06 
 6.260133E-09 
 6.259543E-09 
 6.259548E-09 
 6.269705E-09 
 1.800000E+00 
 3.153825E-07 
 4.712235E-10 
 1.800000E+00 
-1.859953E-05 
-1.859955E-05 
 1.799998E+00 
 1.242454E-05 
 1.818406E-05 
 1.818406E-05 
 1.800000E+00 
-2.296741E-06 
 1.306262E-08 
 1.800000E+00 
-4.606224E-07 
-1.134666E-07 
-1.134666E-07 
-1.134672E-07 
 1.800000E+00 
 1.800000E+00 
-2.922880E-05 
-2.919306E-05 
-2.919306E-05 
-2.919306E-05 
-2.919306E-05 
 1.800007E+00 
 6.649145E-06 
 1.800000E+00 
-6.781578E-07 
 1.261718E-08 
 1.261735E-08 
 1.800000E+00 
-4.304684E-08 
-4.005316E-08 
-4.005354E-08 
 1.800000E+00 
-1.042623E-07 
 1.800000E+00 
 4.873499E-09 
 1.012432E-08 
 1.012432E-08 
 1.012431E-08 
 1.800008E+00 
-1.186335E-05 
 1.800000E+00 
 2.979946E-07 
 2.960718E-07 
 2.960724E-07 
 1.800000E+00 
-2.858121E-06 
 1.562845E-07 
 1.800000E+00 
 1.681740E-09 
 4.996965E-09 
 4.997120E-09 
 1.800000E+00 
-2.273052E-08 
 1.654950E-09 
 1.800007E+00 
-3.390953E-06 
-2.859532E-06 
 1.800000E+00 
 4.859416E-06 
-9.455674E-08 
 1.800000E+00 
-2.883996E-06 
 1.534494E-08 
 1.534497E-08 
 1.800000E+00 
 1.496006E-06 
 1.628362E-06 
 1.800000E+00 
 7.649143E-09 
 7.432198E-09 
 1.800000E+00 
-3.027748E-06 
 1.225007E-08 
 1.225003E-08 
 1.800000E+00 
-2.359642E-09 
 1.800000E+00 
 4.362263E-06 
-2.349628E-08 
-2.349608E-08 
 1.800000E+00 
 8.359846E-08 
-1.348099E-08 
 1.800000E+00 
-4.227515E-08 
 1.048240E-08 
 1.800000E+00 
-3.060282E-07 
-2.756773E-07 
-2.756611E-07 
 1.799999E+00 
-9.515435E-07 
 1.800000E+00 
-5.888030E-06 
-5.824390E-06 
 1.800008E+00 
 2.266112E-09 
 5.050556E-09 
 5.055736E-09 
 1.800000E+00 
-1.625551E-07 
-1.171437E-07 
 1.800000E+00 
 5.255333E-07 
 1.800000E+00 
 9.644897E-09 
 6.285383E-09 
 6.285453E-09 
 1.800000E+00 
-1.310267E-06 
-1.333331E-06 
 1.800000E+00 
-1.378036E-07 
-1.588054E-07 
 1.800000E+00 
-4.786153E-09 
 6.894812E-09 
 1.800000E+00 
 9.749055E-09 
 1.800000E+00 
 5.222485E-06 
 4.808926E-06 
 4.808926E-06 
 4.808927E-06 
 1.800002E+00 
 1.800000E+00 
 1.627774E-06 
 3.786093E-09 
 3.784052E-09 
 1.800002E+00 
 8.639009E-06 
-1.010766E-06 
 1.800000E+00 
-2.902301E-08 
 1.800006E+00 
 7.116309E-10 
 1.824937E-09 
 1.824784E-09 
 1.800000E+00 
 1.831530E-08 
 1.800000E+00 
-1.052264E-08 
-9.670840E-09 
-9.670865E-09 
 1.800000E+00 
 5.001254E-08 
 1.800000E+00 
-3.588862E-07 
 8.988727E-09 
 1.800000E+00 
 3.041901E-06 
-9.315620E-09 
 1.800000E+00 
-4.702342E-06 
 1.660002E-07 
 1.800000E+00 
 1.318341E-06 
 5.591822E-07 
 1.800000E+00 
-1.123446E-05 
 1.800000E+00 
-1.541088E-07 
 1.608791E-08 
 1.608808E-08 
 1.800000E+00 
 1.800000E+00 
-6.180647E-07 
-6.195552E-07 
-6.195552E-07 
-6.195552E-07 
 1.800000E+00 
 1.799999E+00 
-5.675611E-07 
-5.146318E-07 
-5.146318E-07 
 1.800000E+00 
 3.089367E-09 
 1.800000E+00 
-1.043624E-05 
-1.078356E-05 
 1.800000E+00 
 1.074674E-08 
 1.055047E-08 
 1.800000E+00 
 1.925549E-06 
 1.800000E+00 
 2.648330E-07 
 1.295469E-05 
 1.800002E+00 
 1.590907E-05 
-2.992873E-05 
 1.800000E+00 
 1.134886E-08 
 1.180407E-08 
 1.800000E+00 
-9.196928E-07 
 1.800000E+00 
-1.606139E-08 
 6.500346E-09 
 1.800000E+00 
 7.436499E-09 
 7.455893E-09 
 1.800000E+00 
 1.799999E+00 
-6.429005E-06 
-6.471030E-06 
-6.471030E-06 
-6.471030E-06 
 1.800000E+00 
 1.800000E+00 
 2.537829E-08 
 1.678776E-08 
 1.678764E-08 
 1.800000E+00 
 1.800007E+00 
 1.081244E-08 
 1.093494E-08 
 1.093490E-08 
 1.799999E+00 
 2.782686E-06 
 1.800000E+00 
 1.462808E-08 
 1.800000E+00 
 2.990695E-08 
 2.889875E-08 
 2.889932E-08 
 1.800001E+00 
 1.800000E+00 
 1.064272E-08 
 1.706115E-08 
 1.706110E-08 
 1.800000E+00 
 1.086060E-08 
 1.800000E+00 
 2.006452E-07 
 1.800000E+00 
-1.928093E-05 
 8.159520E-06 
 1.800000E+00 
-2.925717E-05 
-2.925476E-05 
 1.800000E+00 
 8.940143E-06 
 1.800000E+00 
 2.333582E-07 
 1.800000E+00 
 4.024846E-07 
 5.840105E-07 
 5.840105E-07 
 1.800000E+00 
 1.800000E+00 
-4.243886E-06 
-4.243409E-06 
 1.799998E+00 
-2.998811E-07 
-3.844774E-07 
 1.800000E+00 
 5.240161E-08 
 1.800000E+00 
-1.467287E-08 
 1.800000E+00 
 1.352231E-05 
 4.569635E-07 
 1.800000E+00 
-4.877572E-06 
 1.051425E-07 
 1.800000E+00 
 1.800000E+00 
-4.409235E-06 
-4.894272E-06 
-4.894273E-06 
 1.800000E+00 
 1.800000E+00 
-6.438870E-08 
-5.432127E-08 
-5.436420E-08 
 1.800001E+00 
 1.800000E+00 
 9.867426E-09 
 8.447734E-09 
 1.800000E+00 
-2.899847E-07 
-8.640171E-08 
 1.800000E+00 
 1.800000E+00 
-4.387405E-07 
 6.766248E-09 
 6.766447E-09 
 1.800000E+00 
 1.800000E+00 
-6.953565E-08 
 9.071471E-09 
 1.800000E+00 
 5.853318E-07 
 1.800000E+00 
 1.324236E-06 
 1.920428E-06 
 1.800000E+00 
-1.009598E-08 
 1.800000E+00 
 8.589796E-09 
 1.799998E+00 
 8.374966E-06 
-6.334052E-07 
 1.800000E+00 
-6.006402E-08 
 1.800000E+00 
 1.170313E-08 
 1.800007E+00 
-2.275069E-08 
 1.073161E-07 
 1.800000E+00 
-7.456284E-09 
 1.800000E+00 
-2.514851E-05 
 1.800000E+00 
 2.159039E-06 
 5.719320E-09 
 1.800000E+00 
 1.800000E+00 
-3.371026E-08 
-1.233951E-08 
-1.233256E-08 
 1.800000E+00 
 1.800000E+00 
-6.084870E-09 
 1.800000E+00 
 1.269237E-07 
 1.283055E-07 
 1.283054E-07 
 1.800000E+00 
 1.800000E+00 
 1.057011E-08 
 1.800000E+00 
 3.791803E-06 
 4.096794E-08 
 1.800000E+00 
 9.792206E-09 
 1.800000E+00 
 1.812502E-06 
 1.800000E+00 
-1.636843E-08 
 1.800000E+00 
-5.664241E-07 
-3.392675E-08 
 1.800000E+00 
 2.006764E-06 
 1.800000E+00 
 1.053222E-08 
 1.800001E+00 
-1.411185E-07 
 1.800000E+00 
 4.330683E-07 
 4.336822E-07 
 1.800000E+00 
 1.800000E+00 
-3.173401E-06 
-2.630303E-06 
 1.800000E+00 
-2.898719E-06 
 1.800000E+00 
 3.390902E-08 
 1.800002E+00 
 4.219478E-06 
 4.396150E-06 
 1.800000E+00 
 1.800000E+00 
 2.560166E-09 
 2.492233E-09 
 1.800000E+00 
 9.536684E-09 
 1.800000E+00 
 2.356769E-07 
 1.800000E+00 
 6.085142E-09 
 1.800000E+00 
 2.521357E-08 
 1.800000E+00 
 3.823224E-07 
 8.869531E-09 
 1.800000E+00 
 1.800000E+00 
 6.733985E-08 
 1.081181E-07 
 1.800000E+00 
-2.029697E-09 
 1.800000E+00 
 1.800000E+00 
 1.658770E-07 
 1.245203E-08 
 1.245204E-08 
 1.800000E+00 
 1.800000E+00 
 5.357407E-09 
 1.800000E+00 
-1.948175E-09 
 1.800000E+00 
 3.494258E-06 
-2.089881E-05 
 1.799999E+00 
 1.800000E+00 
 5.308577E-09 
 5.197845E-09 
 1.799998E+00 
 1.800000E+00 
 1.945208E-07 
 5.782329E-08 
 1.800000E+00 
 6.492848E-09 
 1.800000E+00 
 2.411005E-06 
 1.800000E+00 
-1.248596E-06 
 1.800000E+00 
-3.203753E-06 
 1.800005E+00 
-8.876395E-08 
 1.800000E+00 
-9.129385E-08 
 1.800004E+00 
-5.564849E-09 
 1.800000E+00 
-3.231237E-07 
 1.800000E+00 
 1.832851E-08 
 1.800000E+00 
 1.775846E-06 
 1.800000E+00 
-1.621113E-07 
-1.427349E-07 
 1.800000E+00 
 1.800000E+00 
-1.798583E-07 
 1.800004E+00 
 8.070371E-07 
 1.800000E+00 
-4.999179E-07 
-1.024951E-07 
 1.800000E+00 
 1.800000E+00 
-6.546376E-06 
 1.800000E+00 
 1.167123E-05 
 1.800000E+00 
 2.090239E-06 
 1.800000E+00 
 4.865293E-09 
 6.262990E-09 
 1.800003E+00 
 1.800003E+00 
 9.257414E-08 
 1.800000E+00 
 2.482135E-06 
 1.800000E+00 
-7.018562E-09 
 1.800000E+00 
 1.555244E-09 
 1.800000E+00 
 8.232419E-07 
 1.800000E+00 
-2.223725E-06 
 1.800000E+00 
 1.903757E-08 
 1.800000E+00 
 5.227676E-07 
 1.800003E+00 
 1.800000E+00 
-3.187730E-07 
 9.597911E-09 
 1.800000E+00 
 3.595478E-08 
 1.800000E+00 
 1.800000E+00 
-1.245918E-06 
-1.778170E-09 
 1.799999E+00 
 1.800000E+00 
 7.912944E-07 
 6.460943E-06 
 1.800000E+00 
 1.800000E+00 
-6.800481E-07 
 1.799999E+00 
 4.948208E-08 
 1.800000E+00 
 9.335968E-09 
 1.800000E+00 
 6.674869E-09 
 1.800000E+00 
 1.800000E+00 
 7.447222E-08 
 7.265060E-08 
 1.800000E+00 
 1.018535E-05 
 1.800003E+00 
 1.800000E+00 
 4.371073E-08 
 1.800000E+00 
 2.703930E-06 
 2.700605E-06 
 1.800000E+00 
 1.800000E+00 
 1.800001E+00 
-1.319291E-06 
 9.391742E-09 
 1.800000E+00 
-6.184270E-07 
 1.800000E+00 
 1.800000E+00 
-7.148856E-08 
-6.800981E-08 
 1.800000E+00 
 1.800000E+00 
 7.567930E-08 
 1.799998E+00 
 2.505967E-06 
 1.800000E+00 
-1.715885E-05 
 1.799999E+00 
 1.800000E+00 
 3.870222E-06 
 2.189589E-05 
 1.800000E+00 
 1.800000E+00 
 2.094226E-05 
 1.800000E+00 
 2.939510E-06 
 1.800000E+00 
 3.939514E-06 
 1.800000E+00 
 1.800007E+00 
 8.292043E-06 
 8.197496E-06 
 1.799997E+00 
 1.800000E+00 
-2.138785E-07 
 1.800000E+00 
 7.263778E-09 
 1.800000E+00 
 1.800000E+00 
-4.816105E-06 
-4.244580E-06 
 1.800000E+00 
 1.800000E+00 
-1.781644E-06 
 1.799999E+00 
 7.216292E-09 
 1.800000E+00 
 1.800000E+00 
 1.092402E-05 
 1.096667E-05 
 1.800007E+00 
 1.800007E+00 
 1.800000E+00 
 4.800009E-08 
-5.019568E-08 
 1.800000E+00 
-1.859602E-07 
 1.800000E+00 
 1.800000E+00 
 6.136566E-09 
 1.800000E+00 
 5.650407E-06 
 1.800002E+00 
 1.800000E+00 
-7.845680E-07 
 6.485340E-09 
 1.800000E+00 
 1.800000E+00 
 1.800000E+00 
 2.256395E-08 
-4.836964E-09 
 1.800000E+00 
 1.800000E+00 
 1.454503E-06 
 1.800000E+00 
 5.861713E-08 
 1.800002E+00 
 1.082960E-08 
 1.800001E+00 
 1.800000E+00 
-1.739963E-06 
 1.800002E+00 
 1.830993E-06 
 1.800000E+00 
 1.800000E+00 
 7.062992E-07 
 1.800000E+00 
-3.095962E-09 
 1.800000E+00 
 4.796606E-06 
 1.800000E+00 
 1.800002E+00 
 3.529615E-08 
 1.800000E+00 
 1.076481E-08 
 1.800000E+00 
 1.800001E+00 
 5.705774E-07 
 9.786960E-07 
 1.800000E+00 
 1.800000E+00 
 1.800000E+00 
 8.524844E-08 
 1.800000E+00 
-7.340093E-09 
 1.800000E+00 
 5.261400E-06 
 1.800000E+00 
 1.800002E+00 
-1.424783E-08 
 1.800000E+00 
 4.694786E-07 
 1.800000E+00 
 9.211466E-09 
 1.800008E+00 
 1.800008E+00 
 1.800000E+00 
-3.601103E-07 
-3.040354E-08 
 1.800000E+00 
 1.800000E+00 
 1.932969E-06 
 1.800000E+00 
 1.800000E+00 
 1.014038E-06 
 1.013848E-06 
 1.800000E+00 
 1.800000E+00 
 1.800000E+00 
 4.686531E-07 
 1.800000E+00 
-5.756867E-06 
 1.800000E+00 
 1.800001E+00 
 1.861845E-07 
 1.800001E+00 
-3.019396E-05 
 1.800000E+00 
 1.800000E+00 
-2.665835E-07 
 1.800000E+00 
 8.177533E-07 
 1.800000E+00 
 1.800000E+00 
 1.940696E-08 
 1.800000E+00 
 1.541595E-08 
 1.800000E+00 
 1.800000E+00 
 1.134942E-06 
 1.800000E+00 
 1.799999E+00 
 1.516168E-07 
 1.824622E-08 
 1.800000E+00 
 1.800000E+00 
 1.800000E+00 
 1.800007E+00 
 6.870499E-07 
 1.047969E-06 
 1.800000E+00 
 1.800003E+00 
 2.885408E-06 
 1.800000E+00 
-9.373334E-06 
 1.800000E+00 
 1.800000E+00 
 1.800000E+00 
 2.418000E-07 
 1.315552E-07 
 1.800000E+00 
 1.800000E+00 
 1.800002E+00 
 6.367961E-08 
 1.800000E+00 
 3.040499E-06 
 1.800000E+00 
 1.800000E+00 
 1.573765E-05 
 1.799999E+00 
 1.800000E+00 
-6.423497E-06 
 1.800000E+00 
 8.319074E-08 
 1.800000E+00 
 1.800000E+00 
 3.010578E-07 
 1.800000E+00 
 1.800000E+00 
 6.086195E-07 
 1.800000E+00 
-1.026238E-07 
 1.800000E+00 
 1.800000E+00 
 1.800006E+00 
 1.019068E-05 
 1.018951E-05 
 1.800000E+00 
 1.800000E+00 
 1.800000E+00 
 1.800000E+00 
 1.677200E-07 
-2.245157E-08 
 1.800000E+00 
 1.800000E+00 
 8.824463E-08 
 1.800000E+00 
 1.800000E+00 
 1.302134E-05 
 1.800000E+00 
 1.800000E+00 
-5.601977E-08 
 1.800000E+00 
 1.800000E+00 
-3.296335E-06 
 1.800000E+00 
-9.326859E-06 
 1.800000E+00 
 1.800000E+00 
 1.800003E+00 
 4.111618E-08 
 1.800000E+00 
-7.044544E-06 
 1.800000E+00 
 1.800000E+00 
 1.070819E-08 
 1.800000E+00 
 1.800000E+00 
-1.287475E-06 
 1.800000E+00 
 1.800000E+00 
-1.308154E-07 
 1.800000E+00 
 1.800000E+00 
 8.641646E-07 
 1.800000E+00 
 1.209112E-08 
 1.800000E+00 
 1.800000E+00 
 1.800000E+00 
 4.395349E-07 
 1.800002E+00 
 1.800000E+00 
 7.639208E-06 
 1.800000E+00 
-6.675841E-06 
 1.800000E+00 
 1.800000E+00 
-3.083980E-07 
 1.800000E+00 
 1.800000E+00 
 1.800000E+00 
-3.649162E-08 
 1.799999E+00 
-2.020458E-08 
 1.800000E+00 
 1.800000E+00 
 1.800000E+00 
-2.221024E-05 
 1.800000E+00 
 5.863002E-08 
 1.800000E+00 
 1.800000E+00 
 1.800001E+00 
-8.041112E-09 
 1.800000E+00 
 1.201127E-07 
 1.800003E+00 
 1.800000E+00 
 1.800000E+00 
-6.453685E-07 
 1.800000E+00 
 7.521802E-09 
 1.800000E+00 
 1.800000E+00 
 1.800000E+00 
 6.997129E-08 
 1.800000E+00 
 1.800000E+00 
 7.371439E-08 
 1.800000E+00 
-2.042439E-08 
 1.800000E+00 
 1.800000E+00 
 1.800000E+00 
 1.799999E+00 
-8.771623E-06 
 1.800000E+00 
 6.570900E-06 
 1.799999E+00 
 1.800000E+00 
 3.389461E-06 
 1.800000E+00 
 1.800000E+00 
 1.800000E+00 
 3.836858E-07 
 1.800000E+00 
-4.288240E-06 
 1.800000E+00 
 1.800000E+00 
 1.800000E+00 
 3.984840E-09 
 1.800001E+00 
 1.800000E+00 
 6.574771E-09 
 1.800000E+00 
 1.800000E+00 
 1.800000E+00 
 1.498717E-08 
 1.800000E+00 
-1.190006E-08 
 1.800000E+00 
 1.800000E+00 
 1.800002E+00 
-1.742964E-06 
 1.800000E+00 
 1.800000E+00 
 2.040457E-06 
 1.800000E+00 
 1.800000E+00 
 1.800000E+00 
 1.276670E-06 
 1.800000E+00 
 3.270096E-08 
 1.800000E+00 
 1.800000E+00 
 1.800000E+00 
 1.800001E+00 
-2.043808E-06 
 3.825068E-09 
 1.800000E+00 
 1.800000E+00 
 1.800000E+00 
 1.800000E+00 
 1.800000E+00 
-4.431233E-07 
 1.799999E+00 
-3.224476E-07 
 1.800005E+00 
 1.800002E+00 
-1.880540E-08 
 1.800000E+00 
 1.800000E+00 
 1.800000E+00 
 1.800000E+00 
-1.060507E-06 
 6.253516E-09 
 1.799998E+00 
 1.799998E+00 
 1.799998E+00 
 1.799998E+00 
 1.800001E+00 
 9.056083E-08 
 1.800000E+00 
-1.942576E-06 
 1.800000E+00 
 1.800000E+00 
 1.800000E+00 
 4.924173E-08 
 1.800000E+00 
 1.800000E+00 
 1.800000E+00 
-3.284237E-07 
 1.800000E+00 
-9.965054E-09 
 1.800000E+00 
 1.800000E+00 
 1.800000E+00 
 1.800000E+00 
 4.656687E-07 
 1.800000E+00 
 1.800000E+00 
 1.289670E-08 
 1.800000E+00 
 1.800000E+00 
 1.800000E+00 
 1.788194E-07 
 1.800000E+00 
 1.800000E+00 
 1.225571E-08 
 1.800000E+00 
 1.800000E+00 
 1.800000E+00 
-6.012106E-07 
 1.800007E+00 
 1.799998E+00 
 1.800000E+00 
 1.914379E-06 
 1.800000E+00 
 1.800000E+00 
-2.233717E-07 
 1.800000E+00 
 1.800000E+00 
 1.800006E+00 
 1.581565E-08 
 1.800000E+00 
 1.800000E+00 
 1.800000E+00 
 7.983324E-07 
 1.800000E+00 
 1.799999E+00 
-2.981290E-08 
 1.800000E+00 
 1.800000E+00 
 1.800000E+00 
 7.891594E-09 
 1.800000E+00 
 1.800000E+00 
 1.800000E+00 
 1.800000E+00 
 1.230700E-06 
 1.800000E+00 
 1.112945E-07 
 1.800000E+00 
 1.800000E+00 
 1.800000E+00 
 1.800000E+00 
 7.529604E-06 
 1.800000E+00 
 1.800000E+00 
 1.800000E+00 
-1.639016E-08 
 1.800001E+00 
 1.800000E+00 
-8.732332E-08 
 1.800000E+00 
 1.800000E+00 
 1.800000E+00 
 1.800000E+00 
 5.308374E-07 
 1.800002E+00 
 1.800000E+00 
 8.415518E-09 
 1.800000E+00 
 1.800000E+00 
 1.800000E+00 
 1.505803E-08 
 1.800000E+00 
 1.800000E+00 
 1.800000E+00 
 1.800000E+00 
-2.237828E-09 
 1.800000E+00 
 1.800008E+00 
-7.352013E-08 
 1.800000E+00 
 1.800000E+00 
 1.800000E+00 
 1.799998E+00 
-1.080012E-08 
 1.800003E+00 
 1.800000E+00 
-9.004739E-06 
 1.800000E+00 
 1.800000E+00 
 1.800000E+00 
 1.800000E+00 
 1.089328E-08 
 1.800000E+00 
 1.800000E+00 
 1.800000E+00 
 4.026109E-08 
 1.800000E+00 
 1.800000E+00 
-6.943468E-08 
 1.800000E+00 
 1.800000E+00 
 1.800000E+00 
 1.800000E+00 
 1.800000E+00 
-2.813244E-06 
 1.800000E+00 
 1.799998E+00 
 3.039262E-08 
 1.800000E+00 
 1.800000E+00 
 1.800000E+00 
 1.800000E+00 
 2.781204E-07 
 1.800007E+00 
 1.800000E+00 
 1.800000E+00 
 4.785651E-06 
 1.800001E+00 
 1.800000E+00 
 1.800000E+00 
 1.363560E-05 
 1.800001E+00 
 1.800000E+00 
 1.800000E+00 
 1.800000E+00 
 2.134977E-07 
 1.800000E+00 
 1.800000E+00 
 1.800002E+00 
 2.066962E-07 
 1.800000E+00 
 1.800000E+00 
 1.800000E+00 
-1.950424E-08 
 1.800000E+00 
 1.800000E+00 
 1.800000E+00 
 1.800000E+00 
-8.483740E-06 
 1.800000E+00 
 1.800000E+00 
 1.800000E+00 
 1.800000E+00 
 1.158491E-07 
 1.800000E+00 
 1.800000E+00 
-1.527900E-09 
 1.800000E+00 
 1.800000E+00 
 1.800000E+00 
 1.800000E+00 
 1.800000E+00 
 8.399856E-07 
 1.800000E+00 
 1.800000E+00 
 1.800000E+00 
 6.998157E-08 
 1.800000E+00 
 1.800000E+00 
 1.800000E+00 
 1.800001E+00 
 1.540639E-08 
 1.800000E+00 
 1.800000E+00 
 1.800000E+00 
 1.800000E+00 
 5.264005E-09 
 1.800000E+00 
 1.800000E+00 
 1.037878E-07 
 1.800000E+00 
 1.800000E+00 
 1.800000E+00 
 1.800000E+00 
 1.800000E+00 
 1.800000E+00 
-4.572956E-07 
 1.800000E+00 
 1.800000E+00 
-2.578059E-09 
 1.800000E+00 
 1.800000E+00 
 1.800000E+00 
 1.800000E+00 
 1.800000E+00 
-2.032261E-08 
 1.800000E+00 
 1.800000E+00 
 1.800000E+00 
 6.292919E-07 
 1.800000E+00 
 1.800000E+00 
 1.800000E+00 
 1.800000E+00 
 1.800005E+00 
 1.122577E-06 
 1.800000E+00 
 1.799999E+00 
 1.800000E+00 
-5.746463E-07 
 1.800000E+00 
 1.800000E+00 
 1.800000E+00 
 1.800000E+00 
 1.800006E+00 
-2.083344E-06 
 1.800000E+00 
 1.800000E+00 
 1.800000E+00 
 5.848580E-09 
 1.800000E+00 
 1.800000E+00 
 1.800000E+00 
 1.800000E+00 
 1.800000E+00 
-1.418111E-07 
 1.800001E+00 
 1.800000E+00 
 1.800000E+00 
 1.009830E-08 
 1.800000E+00 
 1.800000E+00 
 1.800000E+00 
 1.800000E+00 
 1.800001E+00 
-4.262906E-07 
 1.800000E+00 
 1.800000E+00 
 1.800000E+00 
 1.800000E+00 
 1.800000E+00 
 6.683528E-07 
 1.800000E+00 
 1.800000E+00 
 2.951463E-06 
 1.800000E+00 
 1.800000E+00 
 1.800000E+00 
 1.800000E+00 
 1.800000E+00 
 1.800000E+00 
 1.800000E+00 
-3.528035E-07 
 1.800000E+00 
 1.800008E+00 
 1.800000E+00 
-3.042842E-08 
 1.800001E+00 
 1.800001E+00 
 1.800001E+00 
 1.800007E+00 
-6.174157E-06 
 1.800000E+00 
 1.800000E+00 
 1.800000E+00 
 1.800000E+00 
 1.800000E+00 
 1.800005E+00 
 1.061506E-07 
 1.800000E+00 
 1.800000E+00 
 1.799996E+00 
 2.150723E-08 
 1.800000E+00 
 1.800000E+00 
 1.800000E+00 
 1.800000E+00 
 1.800000E+00 
 1.800000E+00 
 9.439361E-09 
 1.800000E+00 
 1.800000E+00 
 1.800000E+00 
 1.800005E+00 
 1.577347E-08 
 1.800000E+00 
 1.800000E+00 
 1.800000E+00 
 1.800000E+00 
 1.800000E+00 
 1.215338E-08 
 1.800000E+00 
 1.800000E+00 
 1.800000E+00 
 1.800000E+00 
 2.268182E-08 
 1.800000E+00 
 1.800000E+00 
 1.800000E+00 
 1.800000E+00 
 1.800000E+00 
 1.800000E+00 
 3.543983E-07 
 1.800000E+00 
 1.800000E+00 
 1.800000E+00 
 1.800000E+00 
 1.012980E-06 
 1.800000E+00 
 1.800000E+00 
 1.800000E+00 
 1.800000E+00 
 1.800000E+00 
 1.800000E+00 
-9.974234E-06 
 1.800000E+00 
 1.800000E+00 
 1.800000E+00 
 7.704925E-08 
 1.800000E+00 
 1.800000E+00 
 1.800000E+00 
 1.800000E+00 
 1.800000E+00 
 1.800000E+00 
 1.800000E+00 
 1.800000E+00 
 4.016957E-09 
 1.800000E+00 
 1.800000E+00 
 3.439099E-06 
 1.799999E+00 
 1.799999E+00 
 1.799999E+00 
 1.799999E+00 
 1.799999E+00 
 1.799999E+00 
 1.799999E+00 
 1.799999E+00 
 1.800000E+00 
 8.909334E-06 
 1.799999E+00 
-3.742733E-08 
 1.800000E+00 
 1.800000E+00 
 1.800000E+00 
 1.800000E+00 
 1.800000E+00 
 1.800000E+00 
 1.800000E+00 
 1.800000E+00 
 1.800000E+00 
 1.800000E+00 
 3.045832E-08 
 2.644064E-08 
 1.800000E+00 
 1.800000E+00 
 1.800000E+00 
 1.800000E+00 
 1.800000E+00 
 1.800000E+00 
 1.800000E+00 
 1.800000E+00 
 1.800000E+00 
 1.800000E+00 
 1.800000E+00 
 7.456123E-09 
 1.800000E+00 
 1.800000E+00 
 1.800000E+00 
 2.928395E-09 
 1.800000E+00 
 1.800000E+00 
 1.800000E+00 
 1.800000E+00 
 1.800000E+00 
 1.800000E+00 
 3.304040E-08 
 1.800000E+00 
 1.800000E+00 
 1.800000E+00 
 1.800000E+00 
 1.800000E+00 
 1.800000E+00 
-1.107277E-07 
 1.800000E+00 
 1.800000E+00 
 1.800000E+00 
 1.800000E+00 
 1.800007E+00 
-1.552153E-06 
 1.800001E+00 
 1.800001E+00 
 1.800001E+00 
 1.800001E+00 
 1.800001E+00 
 1.800001E+00 
 1.800000E+00 
 7.513866E-09 
 1.800000E+00 
 1.800000E+00 
 1.800000E+00 
 1.800000E+00 
 1.800000E+00 
 1.800001E+00 
-3.153089E-07 
 1.800000E+00 
 1.800000E+00 
 1.800000E+00 
 1.800002E+00 
 1.800000E+00 
 4.957921E-07 
 1.800000E+00 
 1.800000E+00 
 1.800000E+00 
 1.800000E+00 
 1.800000E+00 
 1.800000E+00 
 1.800000E+00 
 1.119900E-08 
 1.800000E+00 
 1.800000E+00 
 1.800000E+00 
 1.800000E+00 
 1.800000E+00 
 1.800000E+00 
-1.900957E-05 
 1.800000E+00 
 1.800000E+00 
 1.800000E+00 
 1.800000E+00 
 1.800000E+00 
 1.800000E+00 
 1.800000E+00 
-2.570645E-07 
 1.800003E+00 
 1.800003E+00 
 1.800003E+00 
 1.800003E+00 
 1.800000E+00 
 1.800000E+00 
-9.415878E-10 
 1.800000E+00 
 1.800000E+00 
 1.800000E+00 
 1.800000E+00 
 1.800000E+00 
 1.800000E+00 
 5.799999E-09 
 1.800000E+00 
 1.800000E+00 
 1.800000E+00 
 1.800000E+00 
 1.800000E+00 
 1.800000E+00 
 1.800000E+00 
 1.799999E+00 
-8.498826E-06 
 1.800000E+00 
 1.800000E+00 
 1.800000E+00 
 1.800000E+00 
 1.800000E+00 
-7.677041E-07 
 1.800006E+00 
 1.800006E+00 
 1.800006E+00 
 1.800006E+00 
 1.800006E+00 
 1.800006E+00 
 1.800006E+00 
 1.800000E+00 
 5.538063E-09 
 1.800000E+00 
 1.800000E+00 
 1.800000E+00 
 1.800000E+00 
 1.800000E+00 
 1.800000E+00 
 1.799999E+00 
-2.342142E-06 
 1.800000E+00 
 1.800000E+00 
 1.800000E+00 
 1.800000E+00 
 1.800000E+00 
 1.800000E+00 
 6.488619E-09 
 1.800000E+00 
 1.800000E+00 
 1.800000E+00 
 1.800000E+00 
 1.800000E+00 
 1.800000E+00 
 1.800000E+00 
 1.800000E+00 
 1.800000E+00 
-2.919950E-07 
 1.800000E+00 
 1.800000E+00 
 1.800008E+00 
 1.800002E+00 
 1.800007E+00 
 1.653623E-06 
 1.800000E+00 
 1.800000E+00 
 1.800000E+00 
 1.800000E+00 
 1.800000E+00 
 1.800000E+00 
 1.800000E+00 
 1.800000E+00 
 1.799999E+00 
 3.688946E-08 
 1.800000E+00 
 1.800000E+00 
 1.800000E+00 
 1.800000E+00 
 1.800000E+00 
 1.800000E+00 
-9.996629E-06 
 1.800000E+00 
 1.800000E+00 
 1.800000E+00 
 1.800000E+00 
 1.800000E+00 
 1.800000E+00 
 1.800000E+00 
 1.800000E+00 
 1.799999E+00 
 9.566408E-07 
 1.800000E+00 
 1.800000E+00 
 1.800000E+00 
 1.800000E+00 
 1.800000E+00 
 1.800000E+00 
 7.619287E-08 
 1.800000E+00 
 1.800000E+00 
 1.800000E+00 
 1.800000E+00 
 1.800000E+00 
 1.800000E+00 
 1.800000E+00 
 1.800000E+00 
 1.800000E+00 
 1.800000E+00 
-2.880384E-06 
 1.800000E+00 
 1.800000E+00 
 1.800000E+00 
 1.800000E+00 
 1.800000E+00 
-1.118005E-08 
 1.800000E+00 
 1.800000E+00 
 1.800000E+00 
 1.800000E+00 
 1.800000E+00 
 1.800000E+00 
 1.800000E+00 
 1.800000E+00 
 1.800000E+00 
 1.800000E+00 
-2.557055E-06 
 1.799998E+00 
 1.799998E+00 
 1.799998E+00 
 1.799998E+00 
 1.799998E+00 
 1.799998E+00 
 1.800000E+00 
 7.213807E-09 
 1.800000E+00 
 1.800000E+00 
 1.800000E+00 
 1.800000E+00 
 1.800000E+00 
 1.800000E+00 
 1.800000E+00 
 1.800000E+00 
 1.800000E+00 
-2.031574E-06 
 1.800000E+00 
 1.800000E+00 
 1.800000E+00 
 1.800000E+00 
 1.800000E+00 
 1.800000E+00 
 1.800000E+00 
 8.969657E-09 
 1.800000E+00 
 1.800000E+00 
 1.800000E+00 
 1.800000E+00 
 1.800000E+00 
 1.800000E+00 
 1.800000E+00 
 1.800000E+00 
 1.800000E+00 
 1.800000E+00 
 2.440567E-07 
 1.800000E+00 
 1.800000E+00 
 1.800000E+00 
 1.800000E+00 
 1.800000E+00 
 1.799999E+00 
-6.574714E-08 
 1.800000E+00 
 1.800000E+00 
 1.800000E+00 
 1.800000E+00 
 1.800000E+00 
 1.800000E+00 
 1.800000E+00 
 1.800000E+00 
 1.800000E+00 
 1.800000E+00 
 1.800000E+00 
-3.596219E-07 
 1.800000E+00 
 1.800000E+00 
 1.800000E+00 
 1.800000E+00 
 1.800000E+00 
 1.800000E+00 
-1.122211E-09 
 1.800000E+00 
 1.800000E+00 
 1.800000E+00 
 1.800000E+00 
 1.800000E+00 
 1.800000E+00 
 1.800000E+00 
 1.800000E+00 
 1.800000E+00 
 1.800000E+00 
 1.800001E+00 
 2.917081E-06 
 1.800000E+00 
 1.800000E+00 
 1.800000E+00 
 1.800000E+00 
 1.800000E+00 
 1.800000E+00 
 1.800000E+00 
 5.243546E-08 
 1.800000E+00 
 1.800000E+00 
 1.800000E+00 
 1.800000E+00 
 1.800000E+00 
 1.800000E+00 
 1.800000E+00 
 1.800000E+00 
 1.800000E+00 
 4.221730E-09 
 1.800000E+00 
 1.800000E+00 
 1.800000E+00 
 1.800000E+00 
 1.800000E+00 
 1.800000E+00 
 1.800000E+00 
 1.800000E+00 
 1.800000E+00 
 1.799999E+00 
-7.635456E-09 
 1.800000E+00 
 1.800000E+00 
 1.800000E+00 
 1.800000E+00 
 1.800000E+00 
 1.800000E+00 
 1.800000E+00 
 2.500012E-07 
 1.800000E+00 
 1.800000E+00 
 1.800000E+00 
 1.800000E+00 
 1.800000E+00 
 1.800000E+00 
 1.800000E+00 
 1.800000E+00 
 1.800000E+00 
 1.800000E+00 
 1.800000E+00 
-6.398416E-07 
 1.800000E+00 
 1.800000E+00 
 1.800000E+00 
 1.800000E+00 
 1.800000E+00 
 1.800000E+00 
 1.800007E+00 
 6.189463E-09 
 1.800000E+00 
 1.800000E+00 
 1.800000E+00 
 1.800000E+00 
 1.800000E+00 
 1.800000E+00 
 1.800000E+00 
 1.800000E+00 
 1.800000E+00 
 1.800000E+00 
 3.955209E-06 
 1.800000E+00 
 1.800000E+00 
 1.800000E+00 
 1.800000E+00 
 1.800000E+00 
 1.800000E+00 
 1.800000E+00 
 1.800000E+00 
 1.800000E+00 
 8.067379E-09 
 1.800000E+00 
 1.800000E+00 
 1.800000E+00 
 1.800000E+00 
 1.800000E+00 
 1.800000E+00 
 1.800000E+00 
 1.800000E+00 
 1.800000E+00 
-5.131278E-06 
 1.800000E+00 
 1.800000E+00 
 1.800000E+00 
 1.800000E+00 
 1.800000E+00 
 1.800000E+00 
 1.800000E+00 
 1.800000E+00 
 1.800000E+00 
-1.696238E-06 
 1.800000E+00 
 1.800000E+00 
 1.800000E+00 
 1.800000E+00 
 1.800000E+00 
 1.800000E+00 
 1.800000E+00 
 1.800000E+00 
 1.800000E+00 
 3.422114E-08 
 1.800000E+00 
 1.800000E+00 
 1.800000E+00 
 1.800000E+00 
 1.800000E+00 
 1.800000E+00 
 1.800000E+00 
 1.800000E+00 
 1.800000E+00 
-1.775094E-06 
 1.800000E+00 
 1.800000E+00 
 1.800000E+00 
 1.800000E+00 
 1.800000E+00 
 1.800000E+00 
 1.800000E+00 
 1.800000E+00 
 1.799999E+00 
 1.799998E+00 
-5.287171E-06 
 1.799999E+00 
 1.800000E+00 
 1.800000E+00 
 1.800000E+00 
 1.800000E+00 
 1.800000E+00 
 1.800000E+00 
-1.197520E-05 
 1.800000E+00 
 1.800000E+00 
 1.800000E+00 
 1.800000E+00 
 1.800000E+00 
 1.800000E+00 
 1.800000E+00 
 1.800000E+00 
 1.800000E+00 
 1.800000E+00 
 1.800000E+00 
 1.799998E+00 
 3.166416E-08 
 1.800000E+00 
 1.800000E+00 
 1.800000E+00 
 1.800000E+00 
 1.800000E+00 
-3.153050E-06 
 1.800000E+00 
 1.800000E+00 
 1.800000E+00 
 1.800000E+00 
 1.800000E+00 
 1.800000E+00 
 1.800000E+00 
 1.800000E+00 
 1.800000E+00 
 1.800000E+00 
 1.800000E+00 
 1.800000E+00 
 1.800000E+00 
 1.800000E+00 
 6.457326E-05 
 1.800000E+00 
 1.800000E+00 
 1.800000E+00 
 3.807053E-06 
 1.800000E+00 
 1.800000E+00 
 1.800000E+00 
 1.800000E+00 
 1.800000E+00 
 1.800000E+00 
 1.800000E+00 
 1.800000E+00 
 1.800000E+00 
 1.800000E+00 
 1.800000E+00 
 1.800000E+00 
 1.800000E+00 
 1.800000E+00 
 1.800000E+00 
 3.005460E-08 
 1.800000E+00 
 1.800000E+00 
 1.800000E+00 
 1.800000E+00 
 4.078067E-08 
 1.800000E+00 
 1.800000E+00 
 1.800000E+00 
 1.800000E+00 
 1.800000E+00 
 1.800000E+00 
 1.800000E+00 
 1.800000E+00 
 1.800000E+00 
 1.800000E+00 
 1.800000E+00 
 1.800000E+00 
 1.799999E+00 
 7.379214E-07 
 1.800000E+00 
 1.800000E+00 
 1.800000E+00 
 1.800000E+00 
-4.781306E-06 
 1.800000E+00 
 1.800000E+00 
 1.800000E+00 
 1.800000E+00 
 1.800000E+00 
 1.800000E+00 
 1.800000E+00 
 1.800000E+00 
 1.800000E+00 
 1.800000E+00 
 1.800000E+00 
 1.800000E+00 
 1.800000E+00 
-1.604125E-07 
 1.800005E+00 
 1.800005E+00 
 1.800005E+00 
 1.800005E+00 
 1.800000E+00 
 1.800000E+00 
 4.713366E-09 
 1.800000E+00 
 1.800000E+00 
 1.800000E+00 
 1.800000E+00 
 1.800000E+00 
 1.800000E+00 
 1.800000E+00 
 1.800000E+00 
 1.800000E+00 
 1.800000E+00 
 1.479553E-05 
 1.800000E+00 
 1.800000E+00 
 1.800000E+00 
 1.800000E+00 
 1.800000E+00 
 1.800000E+00 
 1.800001E+00 
-6.300328E-08 
 1.800000E+00 
 1.800000E+00 
 1.800000E+00 
 1.800000E+00 
 1.800000E+00 
 1.800000E+00 
 1.800000E+00 
 1.800000E+00 
 1.800000E+00 
 3.134438E-08 
 1.800000E+00 
 1.800000E+00 
 1.800000E+00 
 1.800000E+00 
 1.800000E+00 
 1.800000E+00 
 1.800000E+00 
 1.800000E+00 
 3.157177E-06 
 1.800000E+00 
 1.800000E+00 
 1.800000E+00 
 1.800000E+00 
 1.800000E+00 
 1.800000E+00 
 1.800000E+00 
 1.800000E+00 
 1.800001E+00 
 1.419550E-07 
 1.800000E+00 
 1.800000E+00 
 1.800000E+00 
 1.800000E+00 
 1.800000E+00 
 1.800000E+00 
 1.800000E+00 
 1.273956E-07 
 1.800000E+00 
 1.800000E+00 
 1.800000E+00 
 1.800000E+00 
 1.800000E+00 
 1.800000E+00 
 1.800000E+00 
 1.799996E+00 
-8.106067E-08 
 1.800000E+00 
 1.800000E+00 
 1.800000E+00 
 1.800000E+00 
 1.800000E+00 
 1.800000E+00 
 1.800000E+00 
 1.800000E+00 
 1.800001E+00 
-5.943083E-08 
 1.800000E+00 
 1.800000E+00 
 1.800000E+00 
 1.800000E+00 
 1.800000E+00 
 1.800000E+00 
-9.844930E-08 
 1.800000E+00 
 1.800000E+00 
 1.800000E+00 
 1.800000E+00 
 1.800000E+00 
 1.800000E+00 
 1.800000E+00 
 1.800000E+00 
 1.800000E+00 
-1.624736E-08 
 1.800000E+00 
 1.800000E+00 
 1.800000E+00 
 1.800000E+00 
 1.800000E+00 
 1.800000E+00 
 1.800000E+00 
-1.131472E-08 
 1.799999E+00 
 1.800000E+00 
 1.800000E+00 
 1.800000E+00 
 1.800000E+00 
 1.800000E+00 
 1.800000E+00 
 1.799999E+00 
 4.118848E-08 
 1.800000E+00 
 1.800000E+00 
 1.800000E+00 
 1.800000E+00 
 1.800000E+00 
 1.799999E+00 
 1.800000E+00 
 2.057285E-07 
 1.800000E+00 
 1.800000E+00 
 1.800000E+00 
 1.800000E+00 
 1.800000E+00 
 1.800000E+00 
 1.800000E+00 
-2.157239E-08 
 1.800000E+00 
 1.800000E+00 
 1.800000E+00 
 1.800000E+00 
 1.800000E+00 
 1.800000E+00 
 1.800000E+00 
 1.800000E+00 
-5.664728E-09 
 1.800007E+00 
 1.800007E+00 
 1.800007E+00 
 1.800000E+00 
 1.800000E+00 
-2.403687E-08 
 1.800000E+00 
 1.800000E+00 
 1.800000E+00 
 1.800000E+00 
 1.800000E+00 
 1.800000E+00 
 1.800000E+00 
 1.800000E+00 
 1.800000E+00 
 1.800000E+00 
 1.148747E-07 
 1.800000E+00 
 1.800000E+00 
 1.800000E+00 
 1.800000E+00 
-6.129552E-08 
 1.800000E+00 
 1.800000E+00 
 1.800000E+00 
 1.800000E+00 
 1.800000E+00 
 1.800000E+00 
 1.800000E+00 
 1.800000E+00 
 1.800000E+00 
-6.088585E-06 
 1.800000E+00 
 1.800000E+00 
 1.800000E+00 
 1.800000E+00 
 1.800000E+00 
 1.800000E+00 
 1.805750E-08 
 1.800000E+00 
 1.800000E+00 
 1.800000E+00 
 1.800000E+00 
 1.800000E+00 
 1.800000E+00 
 9.741664E-08 
 1.800000E+00 
 1.800000E+00 
 1.800000E+00 
 1.800000E+00 
 1.800000E+00 
 1.800000E+00 
 1.800000E+00 
 3.241696E-06 
 1.800000E+00 
 1.800000E+00 
 1.800000E+00 
 1.800000E+00 
 1.800000E+00 
 1.800007E+00 
 5.159287E-07 
 1.800000E+00 
 1.800000E+00 
 1.800000E+00 
 1.800000E+00 
 1.800000E+00 
 1.800000E+00 
 1.800000E+00 
 4.611260E-06 
 1.800000E+00 
 1.800000E+00 
 1.800000E+00 
 1.800000E+00 
 1.800000E+00 
 1.800000E+00 
 2.173380E-07 
 1.800000E+00 
 1.800000E+00 
 1.800000E+00 
 1.800000E+00 
 1.800000E+00 
 1.800000E+00 
 1.215916E-08 
 1.800000E+00 
 1.800000E+00 
 1.800000E+00 
 1.800000E+00 
 1.800000E+00 
 1.800000E+00 
 1.225371E-05 
 1.800000E+00 
 1.800000E+00 
 1.800000E+00 
 1.800000E+00 
 1.800000E+00 
 1.800000E+00 
 1.603096E-08 
 1.800000E+00 
 1.800000E+00 
 1.800000E+00 
 1.800000E+00 
 1.800001E+00 
 1.800000E+00 
 1.692748E-08 
 1.800000E+00 
 1.800000E+00 
 1.800000E+00 
 1.800000E+00 
 1.800000E+00 
 8.638309E-08 
 1.800000E+00 
 1.800000E+00 
 1.800000E+00 
 1.800000E+00 
 1.800000E+00 
 1.800000E+00 
 1.800000E+00 
 2.054738E-05 
 1.800000E+00 
 1.800000E+00 
 1.800000E+00 
 1.800000E+00 
 1.800000E+00 
 1.282783E-08 
 1.800000E+00 
 1.800000E+00 
 1.800000E+00 
 1.800000E+00 
 1.800000E+00 
 1.800001E+00 
-6.166201E-07 
 1.800000E+00 
 1.800000E+00 
 1.800000E+00 
 1.799999E+00 
 1.800000E+00 
 5.327933E-09 
 1.800000E+00 
 1.800000E+00 
 1.800000E+00 
 1.800000E+00 
 1.800000E+00 
 1.800000E+00 
 3.818268E-08 
 1.800000E+00 
 1.800000E+00 
 1.800000E+00 
 1.800000E+00 
 7.074398E-09 
 1.800001E+00 
 1.800001E+00 
 1.800001E+00 
 1.800001E+00 
 1.800001E+00 
 1.800001E+00 
 1.800000E+00 
 1.285924E-07 
 1.800000E+00 
 1.800000E+00 
 1.800000E+00 
 1.800000E+00 
-1.108603E-07 
 1.800000E+00 
 1.800000E+00 
 1.800000E+00 
 1.800000E+00 
 1.800000E+00 
 1.800000E+00 
-2.527375E-09 
 1.800000E+00 
 1.800000E+00 
 1.800000E+00 
 1.800000E+00 
 1.800000E+00 
-1.125493E-08 
 1.800000E+00 
 1.800000E+00 
 1.800000E+00 
 1.800000E+00 
 1.164821E-06 
 1.799999E+00 
 1.800000E+00 
 1.800000E+00 
 1.800000E+00 
 1.800000E+00 
 1.800000E+00 
 1.185092E-07 
 1.800000E+00 
 1.800000E+00 
 1.800000E+00 
 1.800000E+00 
 1.800007E+00 
-9.255291E-08 
 1.800000E+00 
 1.800000E+00 
 1.800000E+00 
 1.800000E+00 
 3.417043E-08 
 1.800000E+00 
 1.800000E+00 
 1.800000E+00 
 1.800000E+00 
 1.800001E+00 
 4.781098E-06 
 1.800000E+00 
 1.800000E+00 
 1.800000E+00 
 1.800000E+00 
 1.800000E+00 
 8.787305E-09 
 1.800007E+00 
 1.800007E+00 
 1.800007E+00 
 1.800007E+00 
 1.800000E+00 
 7.956973E-07 
 1.800000E+00 
 1.800000E+00 
 1.800000E+00 
 1.800000E+00 
-7.064401E-08 
 1.800001E+00 
 1.800001E+00 
 1.800000E+00 
 1.800005E+00 
 5.656486E-09 
 1.800000E+00 
 1.800000E+00 
 1.800000E+00 
 1.800000E+00 
 1.800000E+00 
 1.800000E+00 
 2.322230E-08 
 1.800000E+00 
 1.799999E+00 
 1.800000E+00 
 7.150897E-08 
 1.800000E+00 
 1.800000E+00 
 1.800000E+00 
 1.800000E+00 
 1.800007E+00 
 3.981660E-06 
 1.800000E+00 
 1.800000E+00 
 1.800000E+00 
 1.800000E+00 
 5.153200E-06 
 1.800000E+00 
 1.800000E+00 
 1.800000E+00 
 1.800000E+00 
 1.800000E+00 
 1.558141E-08 
 1.800000E+00 
 1.800000E+00 
 1.800000E+00 
 1.800000E+00 
 3.106806E-06 
 1.800000E+00 
 1.800000E+00 
 1.800000E+00 
-2.067560E-05 
 1.800008E+00 
 1.800008E+00 
 1.800008E+00 
 1.800008E+00 
 1.800008E+00 
 1.800000E+00 
 6.818486E-07 
 1.800000E+00 
 1.800000E+00 
 1.727014E-09 
 1.800005E+00 
 1.800006E+00 
 1.800006E+00 
 1.800006E+00 
 1.800006E+00 
 1.800000E+00 
-1.198302E-07 
 1.800000E+00 
 1.800000E+00 
 1.800000E+00 
 3.327812E-09 
 1.800000E+00 
 1.800000E+00 
 1.800000E+00 
 1.800000E+00 
 4.046190E-09 
 1.800000E+00 
 1.800000E+00 
 1.800000E+00 
 1.800000E+00 
-3.986100E-06 
 1.800000E+00 
 1.800000E+00 
 1.800000E+00 
 1.800000E+00 
 1.578130E-06 
 1.800000E+00 
 1.800000E+00 
 1.800000E+00 
 1.800000E+00 
 1.556617E-07 
 1.800000E+00 
 1.800000E+00 
 1.800000E+00 
 1.412681E-06 
 1.800000E+00 
 1.800000E+00 
 1.800000E+00 
 1.800000E+00 
 1.800000E+00 
 3.322137E-07 
 1.799999E+00 
 1.800000E+00 
 6.313943E-09 
 1.800000E+00 
 1.800000E+00 
 1.800000E+00 
 1.800000E+00 
 1.800000E+00 
-3.444397E-07 
 1.800000E+00 
 1.800000E+00 
 1.800000E+00 
 1.629028E-08 
 1.800000E+00 
 1.800000E+00 
 1.800000E+00 
 1.800000E+00 
-9.641302E-06 
 1.800000E+00 
 1.800000E+00 
 1.800000E+00 
 1.800000E+00 
 2.839657E-06 
 1.800000E+00 
 1.800000E+00 
 1.161402E-06 
 1.800000E+00 
 1.800000E+00 
 1.800000E+00 
 1.800000E+00 
 1.799999E+00 
 2.145491E-08 
 1.800000E+00 
 1.800000E+00 
 7.584194E-09 
 1.800000E+00 
 1.800000E+00 
 1.800000E+00 
 1.800000E+00 
 1.800007E+00 
 5.905222E-09 
 1.800000E+00 
 1.800000E+00 
-2.161668E-07 
 1.800000E+00 
 1.800000E+00 
 1.800000E+00 
 1.800000E+00 
 1.192000E-08 
 1.800000E+00 
 1.800000E+00 
 1.800000E+00 
-2.373541E-07 
 1.800000E+00 
 1.800000E+00 
 1.800000E+00 
 1.800000E+00 
 1.420157E-08 
 1.800000E+00 
 1.800000E+00 
 3.817012E-09 
 1.800000E+00 
 1.800000E+00 
 1.800000E+00 
 1.800000E+00 
 1.800000E+00 
-1.356390E-06 
 1.800000E+00 
-2.151144E-08 
 1.800000E+00 
 1.800000E+00 
 1.800000E+00 
 1.800000E+00 
 1.800000E+00 
-4.429598E-08 
 1.800000E+00 
 1.800000E+00 
 6.861545E-08 
 1.800000E+00 
 1.800000E+00 
 1.800000E+00 
 1.800000E+00 
-8.865167E-09 
 1.800000E+00 
 1.800000E+00 
 1.800000E+00 
-2.067368E-06 
 1.800000E+00 
 1.800000E+00 
-1.406874E-07 
 1.800007E+00 
 1.800007E+00 
 1.800007E+00 
 1.800000E+00 
 3.430355E-08 
 1.800000E+00 
 1.800000E+00 
 1.800000E+00 
-4.130885E-08 
 1.800000E+00 
 1.800000E+00 
 1.095666E-07 
 1.800000E+00 
 1.800000E+00 
 1.800000E+00 
 1.800000E+00 
 1.825332E-06 
 1.800000E+00 
 1.800000E+00 
 4.217408E-07 
 1.800000E+00 
 1.800000E+00 
 1.800000E+00 
 1.799999E+00 
 2.144201E-07 
 1.800000E+00 
 1.487928E-06 
 1.800000E+00 
 1.800000E+00 
 1.800000E+00 
 1.800000E+00 
 1.800000E+00 
 8.711746E-06 
 1.800000E+00 
 1.800010E+00 
-1.652471E-05 
 1.800000E+00 
 1.800000E+00 
 5.042577E-09 
 1.800000E+00 
 1.800000E+00 
 1.800000E+00 
 1.800007E+00 
 2.007775E-06 
 1.800000E+00 
 1.800000E+00 
-3.693370E-08 
 1.800000E+00 
 1.800000E+00 
 1.800000E+00 
 2.390259E-07 
 1.800000E+00 
 1.800000E+00 
-7.964994E-07 
 1.800007E+00 
 1.800007E+00 
 1.800007E+00 
 1.800000E+00 
 5.674413E-09 
 1.800000E+00 
 4.255700E-08 
 1.800000E+00 
 1.800000E+00 
 1.800000E+00 
 1.800000E+00 
-1.882462E-05 
 1.800000E+00 
 1.800000E+00 
 7.336111E-09 
 1.800001E+00 
 1.800001E+00 
 1.800008E+00 
-8.487012E-06 
 1.800001E+00 
 1.800000E+00 
-2.094294E-05 
 1.800000E+00 
 1.800000E+00 
 1.800000E+00 
 2.566766E-09 
 1.800000E+00 
 1.800000E+00 
-5.947949E-08 
 1.800000E+00 
 1.800000E+00 
 1.800000E+00 
 2.276291E-08 
 1.800000E+00 
 1.800000E+00 
 1.800000E+00 
 3.234585E-08 
 1.800000E+00 
 6.910936E-09 
 1.800000E+00 
 1.800000E+00 
 1.800000E+00 
 1.800000E+00 
-3.927554E-08 
 1.800000E+00 
 7.250081E-08 
 1.800000E+00 
 1.800000E+00 
 1.800000E+00 
 1.800000E+00 
-3.526876E-08 
 1.800000E+00 
 4.610079E-07 
 1.800000E+00 
 1.800000E+00 
 1.800000E+00 
 9.490288E-10 
 1.800002E+00 
 1.800000E+00 
 8.351584E-07 
 1.800000E+00 
 1.800000E+00 
 1.800000E+00 
 1.628821E-09 
 1.800000E+00 
 1.800000E+00 
-6.622346E-08 
 1.800000E+00 
 1.800000E+00 
 2.072639E-07 
 1.800000E+00 
 1.800000E+00 
 1.800000E+00 
 4.245381E-08 
 1.799999E+00 
 8.410427E-09 
 1.800000E+00 
 1.800000E+00 
 1.800000E+00 
 1.800000E+00 
-6.179305E-07 
 9.111033E-08 
 1.800007E+00 
 1.800007E+00 
 1.800007E+00 
 1.800007E+00 
-1.579053E-09 
 1.800002E+00 
 1.800000E+00 
 2.316680E-08 
 1.800000E+00 
 1.800000E+00 
-2.873044E-09 
 1.800000E+00 
 1.800000E+00 
-1.491220E-05 
 1.800000E+00 
 1.800000E+00 
 3.142274E-08 
 1.800000E+00 
 1.800000E+00 
 1.800000E+00 
 1.719312E-07 
 1.800000E+00 
-6.910922E-08 
 1.800000E+00 
 1.800000E+00 
 1.800000E+00 
 1.524811E-08 
 1.800000E+00 
 1.800000E+00 
 5.313405E-08 
 1.800000E+00 
 1.800000E+00 
 1.702216E-07 
 1.800000E+00 
-8.229579E-07 
 1.800000E+00 
 1.800000E+00 
 1.800000E+00 
 1.800004E+00 
-4.950044E-05 
-1.148710E-06 
 1.800000E+00 
 1.800000E+00 
 1.800000E+00 
 1.800000E+00 
 4.439503E-06 
 1.800000E+00 
 2.122671E-08 
 1.800000E+00 
 1.800000E+00 
 1.083242E-06 
 1.800000E+00 
 1.800007E+00 
 5.360361E-07 
 1.800000E+00 
 1.799999E+00 
 1.136958E-07 
 1.800000E+00 
 1.800000E+00 
 5.164846E-09 
 1.800000E+00 
 1.800000E+00 
-8.323127E-06 
 1.800000E+00 
 1.800000E+00 
 4.446619E-09 
 1.800000E+00 
 1.800000E+00 
-6.145780E-07 
 1.800000E+00 
 1.800000E+00 
 4.694038E-07 
 1.800000E+00 
 1.800000E+00 
 1.712292E-09 
 1.800000E+00 
 8.360694E-09 
 1.799999E+00 
 1.800000E+00 
 1.800000E+00 
-1.392714E-06 
 1.800000E+00 
 6.211182E-09 
 1.799999E+00 
 1.800000E+00 
 1.722679E-06 
 1.800000E+00 
 1.800000E+00 
-1.014775E-06 
 1.800000E+00 
 1.800000E+00 
 1.970980E-08 
 1.800000E+00 
 1.800000E+00 
 1.238030E-06 
 1.800000E+00 
-4.231937E-08 
 1.800000E+00 
 1.800000E+00 
 1.800000E+00 
 2.533545E-06 
 1.800006E+00 
 6.332903E-09 
 1.800000E+00 
 1.800000E+00 
 4.717269E-07 
 1.800000E+00 
 4.498153E-08 
 1.800000E+00 
 1.800000E+00 
 1.800000E+00 
 6.838481E-06 
 1.800000E+00 
 5.904299E-09 
 1.800000E+00 
 1.800000E+00 
 1.045363E-08 
 1.800000E+00 
 1.800003E+00 
-6.136672E-07 
 1.800000E+00 
 1.841648E-09 
 1.800000E+00 
 1.800000E+00 
-3.101824E-07 
 1.800000E+00 
 1.800001E+00 
 1.873553E-08 
 1.800000E+00 
-6.330069E-07 
 1.800000E+00 
 1.800000E+00 
-5.706250E-07 
 1.800000E+00 
 1.800000E+00 
 1.422109E-08 
 1.800000E+00 
 1.800000E+00 
-2.791061E-06 
-2.797810E-06 
 1.800000E+00 
 1.800000E+00 
 1.800000E+00 
 1.800000E+00 
-7.120079E-05 
 2.462513E-07 
 1.800000E+00 
 1.800000E+00 
-4.877180E-09 
 1.800000E+00 
 5.887965E-08 
 1.800000E+00 
 1.800000E+00 
 1.800005E+00 
-2.661430E-07 
-2.433645E-08 
 1.800000E+00 
 1.800000E+00 
 1.800000E+00 
 2.419295E-07 
 3.704298E-08 
 1.800000E+00 
 1.800000E+00 
 1.800000E+00 
 2.188327E-07 
 1.800000E+00 
 3.522481E-08 
 1.800001E+00 
 1.799997E+00 
 3.960557E-07 
 1.800000E+00 
 5.307838E-07 
 1.799998E+00 
 1.800000E+00 
-1.757119E-07 
 6.119025E-09 
 1.800007E+00 
 1.800007E+00 
 1.800007E+00 
 1.800000E+00 
-3.211160E-07 
 6.714330E-09 
 1.800000E+00 
 1.410582E-08 
 1.800007E+00 
 1.800007E+00 
 1.800000E+00 
 5.154403E-08 
 7.446250E-09 
 1.800000E+00 
 1.800000E+00 
 1.800001E+00 
 4.820206E-07 
 4.562552E-07 
 1.800000E+00 
 1.800000E+00 
 1.918809E-07 
 1.800007E+00 
 1.800000E+00 
-2.422224E-07 
 1.800000E+00 
 1.811619E-07 
 1.800000E+00 
 5.518667E-07 
 1.800000E+00 
 1.800000E+00 
 5.103381E-08 
 1.800000E+00 
 7.503200E-09 
 1.800000E+00 
 1.800000E+00 
-1.195708E-08 
 1.800005E+00 
 2.923652E-08 
 1.800000E+00 
 1.800000E+00 
 3.837623E-07 
 4.371203E-07 
 1.800002E+00 
 1.800002E+00 
 1.800000E+00 
-5.128442E-09 
-6.500621E-09 
 1.800000E+00 
 1.800000E+00 
-3.085777E-07 
 1.800000E+00 
 1.800000E+00 
 1.954173E-06 
 1.018656E-08 
 1.800000E+00 
 1.800000E+00 
 1.800000E+00 
-6.627293E-07 
-3.861414E-07 
 1.800000E+00 
 1.800000E+00 
-3.198627E-09 
-4.686318E-09 
 1.800000E+00 
 1.800000E+00 
 1.800000E+00 
 7.284946E-08 
 1.800002E+00 
-8.037519E-06 
 1.800000E+00 
-2.234304E-05 
 1.800000E+00 
 1.866822E-07 
 1.800000E+00 
 1.800000E+00 
 9.192281E-06 
 1.800000E+00 
-2.224571E-08 
 1.800008E+00 
 2.501349E-09 
 1.800000E+00 
 7.427510E-09 
 1.800000E+00 
 1.799999E+00 
 5.567961E-07 
 1.800001E+00 
 3.488942E-08 
 1.800000E+00 
-5.093658E-06 
 1.800000E+00 
 1.800000E+00 
-9.357117E-06 
 1.800000E+00 
-9.463060E-07 
 1.800000E+00 
 1.291066E-06 
 1.800002E+00 
-4.756117E-08 
 1.800000E+00 
-5.432247E-07 
 1.800000E+00 
 1.800000E+00 
 1.375215E-07 
 1.800000E+00 
 2.904036E-09 
 1.800000E+00 
 9.988077E-09 
 1.800000E+00 
 4.768355E-07 
 1.800007E+00 
 1.800000E+00 
 7.242107E-09 
 1.800000E+00 
 5.233269E-07 
 9.528532E-09 
 1.800000E+00 
 1.800000E+00 
 1.800000E+00 
 1.676905E-07 
 1.513491E-08 
 1.800000E+00 
-1.720874E-08 
 1.800006E+00 
 1.800000E+00 
-5.059610E-07 
 1.800000E+00 
-1.331965E-05 
-1.348232E-05 
 1.800000E+00 
 1.800000E+00 
 1.800000E+00 
-9.243556E-07 
-8.653723E-07 
 1.800000E+00 
 3.088919E-08 
 1.800000E+00 
 1.799999E+00 
 1.872910E-06 
-1.178126E-07 
 1.799999E+00 
 1.800000E+00 
 4.345429E-09 
 1.800000E+00 
-3.054161E-06 
 1.800000E+00 
-1.256910E-06 
 1.800000E+00 
-1.298325E-07 
 1.800000E+00 
 1.028427E-08 
 1.800001E+00 
 6.416427E-09 
 1.800000E+00 
 1.800000E+00 
 2.168938E-07 
 8.563155E-09 
 1.800000E+00 
 1.800000E+00 
 2.770286E-09 
 2.158128E-09 
 1.800000E+00 
 1.800000E+00 
-1.229716E-08 
 1.800000E+00 
-1.176908E-06 
 1.800007E+00 
 2.765831E-06 
 6.421635E-06 
 1.800000E+00 
 1.800000E+00 
 1.800000E+00 
 8.115570E-07 
 7.638636E-07 
 7.638636E-07 
 1.800000E+00 
 1.800000E+00 
 1.800000E+00 
-1.555247E-05 
 1.443298E-05 
 1.800000E+00 
-9.136225E-08 
 1.800000E+00 
 1.284310E-06 
 1.800000E+00 
 5.241841E-08 
 1.800000E+00 
 1.800000E+00 
-5.161588E-06 
-5.069250E-06 
 1.800000E+00 
 5.606826E-07 
 1.800003E+00 
 1.667908E-08 
 1.800006E+00 
 5.003749E-08 
 1.800000E+00 
 1.800000E+00 
-2.131247E-06 
 1.070437E-08 
 1.800000E+00 
 1.512012E-07 
 1.800000E+00 
 2.593369E-07 
 1.800000E+00 
 1.800007E+00 
-8.267989E-08 
-6.129111E-08 
 1.800000E+00 
-2.906067E-08 
 1.800000E+00 
-4.017884E-09 
 1.800000E+00 
 3.422775E-08 
 1.800000E+00 
-4.327861E-07 
 1.800000E+00 
 2.953481E-07 
 1.800000E+00 
 1.954568E-05 
 1.800000E+00 
-1.444879E-07 
 1.800000E+00 
 7.780754E-09 
 9.015815E-09 
 1.800000E+00 
 1.800000E+00 
 8.457869E-08 
 1.800000E+00 
 1.693675E-06 
 1.711968E-06 
 1.800000E+00 
 1.800000E+00 
-6.670018E-09 
-6.664554E-09 
 1.800000E+00 
 1.800000E+00 
 3.082950E-08 
 4.615285E-09 
 1.800000E+00 
 4.444528E-08 
 1.800007E+00 
 8.878655E-08 
 1.800000E+00 
 7.910814E-06 
 1.800000E+00 
 2.421849E-07 
 6.883525E-07 
 1.800000E+00 
 1.800000E+00 
 5.629692E-07 
 1.800000E+00 
 1.036886E-06 
 1.499496E-06 
 1.800000E+00 
-4.669976E-06 
 1.800000E+00 
-5.777992E-07 
 1.800000E+00 
-1.347857E-07 
 1.800000E+00 
 6.234743E-09 
 1.800000E+00 
 6.453957E-09 
 1.800000E+00 
-5.771973E-08 
-9.218985E-08 
 1.800000E+00 
 1.800000E+00 
 6.589400E-08 
-1.560451E-09 
 1.799998E+00 
-1.263856E-07 
 1.800000E+00 
-2.395963E-06 
 1.263558E-08 
 1.800000E+00 
 1.800000E+00 
-2.838434E-05 
-2.818766E-05 
 1.800000E+00 
 1.800000E+00 
 1.905666E-07 
 1.273408E-08 
 1.273367E-08 
 1.800000E+00 
 1.800000E+00 
-2.618713E-07 
 1.800000E+00 
 1.593044E-06 
 2.522929E-06 
 1.800000E+00 
 1.375513E-06 
 1.800000E+00 
-5.214400E-06 
 1.800000E+00 
 8.109694E-06 
 1.800004E+00 
-2.850237E-06 
 1.591369E-08 
 1.800000E+00 
 1.007832E-07 
 1.800000E+00 
 1.160759E-08 
 1.800000E+00 
 2.567731E-07 
 3.071573E-07 
 1.800001E+00 
 1.800000E+00 
-6.913570E-06 
 4.893862E-07 
 1.800000E+00 
 2.103575E-06 
 2.103368E-06 
 1.800000E+00 
 1.800000E+00 
-1.250551E-07 
-1.249135E-09 
 1.800000E+00 
-9.664231E-08 
 1.800000E+00 
-2.886962E-07 
-5.371927E-09 
 1.800000E+00 
-1.212136E-05 
 1.800000E+00 
 2.422243E-07 
 1.799998E+00 
 1.531871E-06 
 1.800000E+00 
 3.664709E-08 
-5.399208E-08 
 1.800004E+00 
 3.163054E-07 
 1.800000E+00 
 9.704763E-05 
 5.854635E-09 
 1.800000E+00 
-3.914322E-06 
 1.800000E+00 
-2.394555E-08 
 1.800000E+00 
-1.685147E-07 
 1.493120E-07 
 1.800000E+00 
 1.800000E+00 
 2.618940E-06 
-3.231887E-08 
-3.231887E-08 
 1.800000E+00 
 1.055997E-07 
 1.800000E+00 
 7.242694E-06 
 1.800000E+00 
-9.571102E-06 
-9.661340E-06 
 1.800000E+00 
 1.800001E+00 
-2.978343E-06 
-5.631508E-06 
-5.631497E-06 
 1.800000E+00 
 3.266858E-07 
 1.799998E+00 
 1.164019E-06 
 1.800008E+00 
-6.790306E-08 
-5.687929E-08 
 1.800000E+00 
-8.092187E-06 
 1.800007E+00 
-6.956145E-09 
 2.400262E-09 
 1.799999E+00 
 7.448537E-09 
 1.800000E+00 
-6.474187E-09 
-5.492645E-09 
 1.800000E+00 
 4.448173E-07 
 1.800000E+00 
 6.642686E-06 
 6.639517E-06 
 1.800002E+00 
-2.926102E-08 
 1.799999E+00 
-6.132222E-07 
 1.800000E+00 
-9.550314E-07 
-9.527315E-07 
-9.527319E-07 
 1.800000E+00 
 1.800000E+00 
-3.190771E-07 
-3.087967E-07 
-3.087969E-07 
 1.800000E+00 
 1.800000E+00 
-8.617543E-07 
 6.173273E-09 
 6.173260E-09 
 1.800000E+00 
 1.800000E+00 
 4.215562E-06 
-5.028740E-08 
-5.028738E-08 
 1.800000E+00 
-1.181822E-06 
 1.800000E+00 
 4.928430E-07 
 1.308206E-08 
 1.800000E+00 
 1.517959E-07 
 1.800000E+00 
 6.412017E-06 
 6.385143E-06 
 1.800000E+00 
 4.623322E-07 
 1.800000E+00 
 1.527233E-06 
 4.709324E-09 
 4.709312E-09 
 1.800000E+00 
 1.800000E+00 
-1.825500E-05 
-1.810443E-05 
-1.810443E-05 
 1.800000E+00 
 1.799999E+00 
 9.317228E-06 
 9.266860E-06 
 9.266860E-06 
 1.800000E+00 
-1.557473E-08 
 1.403641E-09 
 1.800000E+00 
-1.797883E-05 
 1.800000E+00 
 5.953000E-08 
 1.800000E+00 
 3.675231E-08 
 3.942208E-08 
 3.942207E-08 
 1.800000E+00 
-6.406516E-06 
 1.800000E+00 
-5.898446E-07 
 2.738398E-09 
 1.800000E+00 
 2.444607E-06 
 1.078675E-09 
 1.800000E+00 
 8.658217E-07 
 1.800001E+00 
 6.646331E-09 
 6.754716E-09 
 1.799998E+00 
 6.176770E-05 
 1.448436E-05 
 1.800000E+00 
 1.101068E-07 
 6.528535E-09 
 1.800001E+00 
 7.195832E-08 
 1.800000E+00 
-6.199593E-06 
 9.062341E-09 
 1.800000E+00 
 1.146197E-09 
 1.708517E-09 
 1.708530E-09 
 1.800000E+00 
 1.800000E+00 
-2.103876E-06 
-2.107466E-06 
-2.107466E-06 
 1.800000E+00 
 2.537380E-07 
 6.975316E-07 
 1.800000E+00 
 4.427703E-08 
 1.800003E+00 
-3.142685E-06 
 1.686315E-07 
 1.800007E+00 
 6.827161E-07 
 6.869514E-07 
 6.869466E-07 
 1.800000E+00 
 1.800000E+00 
-2.630759E-08 
-2.307669E-05 
-2.307669E-05 
-2.307668E-05 
 1.800007E+00 
 1.800000E+00 
 2.337183E-07 
 2.351417E-07 
 2.351411E-07 
 1.800000E+00 
 2.849979E-07 
 8.349678E-07 
 1.800000E+00 
 1.411088E-05 
 1.800000E+00 
-6.263511E-06 
-6.262027E-06 
-6.262045E-06 
 1.800000E+00 
-9.133213E-07 
-3.840101E-08 
 1.800000E+00 
 2.797112E-06 
 1.800000E+00 
-1.404733E-08 
-5.548934E-08 
-5.549120E-08 
 1.800001E+00 
-7.707338E-07 
-7.495286E-07 
 1.800000E+00 
 3.328360E-07 
 1.800000E+00 
-5.287602E-07 
-5.085515E-07 
-5.085008E-07 
 1.800000E+00 
 1.851572E-07 
 2.012705E-07 
 1.800000E+00 
 1.312794E-08 
 1.893191E-08 
 1.800000E+00 
-1.582147E-09 
 1.800000E+00 
 3.929941E-08 
 4.119779E-08 
 4.119779E-08 
 4.119891E-08 
 1.800000E+00 
 1.667089E-08 
 1.800000E+00 
 8.889064E-09 
 7.442977E-09 
 1.799999E+00 
-3.731926E-05 
 2.578382E-07 
 2.578368E-07 
 1.800000E+00 
 4.856618E-07 
 1.800000E+00 
 1.222376E-05 
-3.121976E-05 
-3.121976E-05 
 1.800006E+00 
 3.874976E-08 
 5.164231E-09 
 1.800000E+00 
 1.380798E-08 
 8.611740E-09 
 1.800000E+00 
-1.210757E-06 
-5.997229E-07 
 1.800000E+00 
 1.552051E-07 
 1.188250E-07 
 1.188295E-07 
 1.800000E+00 
 1.232040E-07 
 6.259201E-09 
 1.800000E+00 
 3.639664E-08 
-5.943608E-09 
 1.799998E+00 
-7.107412E-07 
-7.109698E-07 
 1.800000E+00 
 2.715635E-09 
 2.244234E-09 
 2.244341E-09 
 1.800003E+00 
 1.365382E-06 
 1.301488E-06 
 1.800006E+00 
 8.209571E-09 
 4.101031E-09 
 4.062634E-09 
 1.800000E+00 
 4.254054E-06 
 1.800000E+00 
 8.422076E-09 
 6.591533E-09 
 6.590326E-09 
 1.800000E+00 
-8.926304E-08 
-9.207956E-08 
-9.203034E-08 
 1.800000E+00 
 1.682940E-05 
-3.768256E-06 
 1.800000E+00 
 2.830637E-08 
 2.373527E-08 
 1.800000E+00 
 1.432034E-07 
-1.083143E-08 
-1.083149E-08 
 1.800000E+00 
 1.205432E-07 
 1.523134E-08 
 1.800000E+00 
-5.244843E-08 
 5.123262E-09 
 5.123256E-09 
 1.800000E+00 
 6.780096E-07 
 5.302584E-07 
 1.800000E+00 
-2.293666E-06 
 5.997868E-08 
 5.997865E-08 
 1.800000E+00 
-1.146854E-06 
 6.034823E-09 
 1.800000E+00 
 2.460443E-08 
 1.006899E-08 
 1.006898E-08 
 1.800000E+00 
-1.962108E-07 
-1.974010E-07 
 1.800004E+00 
 1.027341E-08 
 1.015506E-08 
 1.015833E-08 
 1.015392E-08 
 1.800000E+00 
 2.610707E-07 
 1.800000E+00 
-2.469446E-08 
-2.808652E-08 
-2.808824E-08 
-2.808817E-08 
 1.800000E+00 
 4.465227E-08 
 1.800000E+00 
 3.046243E-06 
 3.026932E-06 
 3.026932E-06 
 3.026931E-06 
 1.800000E+00 
 6.443384E-07 
 4.052792E-07 
 4.052801E-07 
 1.800000E+00 
-5.058799E-06 
 1.800000E+00 
 5.260485E-07 
 3.801263E-07 
 3.801264E-07 
 3.801263E-07 
 3.801268E-07 
 1.800000E+00 
 3.592947E-08 
 1.800006E+00 
 7.395467E-09 
 7.407977E-09 
 7.409456E-09 
 7.408342E-09 
 1.800006E+00 
 2.052613E-08 
 1.629249E-08 
 1.800000E+00 
-1.220744E-05 
-1.214044E-05 
-1.214044E-05 
 1.800000E+00 
 5.223117E-07 
 6.372001E-09 
 6.371297E-09 
 1.799999E+00 
 7.650200E-07 
 4.936025E-09 
 4.935512E-09 
 1.799998E+00 
 8.530864E-07 
 7.963414E-07 
 7.963391E-07 
 1.800000E+00 
 6.066136E-08 
 7.447568E-09 
 7.447780E-09 
 1.800000E+00 
 9.652857E-08 
 9.801691E-08 
 1.800000E+00 
-2.502550E-05 
-2.501228E-05 
-2.501228E-05 
-2.501228E-05 
-2.501228E-05 
 1.800000E+00 
 1.800000E+00 
-1.390017E-05 
 1.322555E-05 
 1.322555E-05 
 1.322555E-05 
 1.322555E-05 
 1.322555E-05 
 1.800000E+00 
-4.792003E-07 
 6.392475E-09 
 1.800000E+00 
 2.246701E-07 
 2.268311E-07 
 2.268311E-07 
 1.799999E+00 
-3.376762E-07 
-3.273521E-07 
-3.273520E-07 
-3.273506E-07 
 1.800000E+00 
-2.928378E-05 
-2.926650E-05 
 1.800000E+00 
-3.477614E-08 
 1.613150E-08 
 1.613120E-08 
 1.613151E-08 
 1.800000E+00 
-9.681486E-09 
-9.949547E-09 
 1.800000E+00 
 1.472070E-05 
 1.472518E-05 
 1.472518E-05 
 1.472518E-05 
 1.472518E-05 
 1.800000E+00 
 9.905866E-09 
 9.867468E-09 
 1.800000E+00 
 2.175511E-07 
 8.879014E-09 
 8.879211E-09 
 8.878243E-09 
 1.800000E+00 
-1.148742E-05 
 5.889793E-09 
 5.876270E-09 
 1.800000E+00 
-3.923074E-07 
 4.710369E-09 
 4.707403E-09 
 4.707394E-09 
 1.799998E+00 
-1.389668E-07 
 6.704169E-09 
 6.702066E-09 
 1.800001E+00 
 1.141771E-07 
 1.140898E-07 
 1.140893E-07 
 1.800000E+00 
-2.732618E-06 
 1.819759E-08 
 1.819761E-08 
 1.819766E-08 
 1.819766E-08 
 1.800000E+00 
 5.915006E-10 
 1.799997E+00 
 3.108121E-08 
-8.371068E-08 
-8.371929E-08 
-8.371883E-08 
-8.371883E-08 
-8.371877E-08 
 1.800001E+00 
-1.094602E-07 
-7.541082E-10 
-7.547748E-10 
 1.800000E+00 
 1.986246E-08 
 1.979294E-08 
 1.978835E-08 
 1.800000E+00 
 4.335990E-06 
 4.354010E-06 
 4.354029E-06 
 4.354009E-06 
 1.800000E+00 
-3.014826E-07 
-2.580327E-07 
-2.580328E-07 
-2.580327E-07 
 1.800000E+00 
-1.852586E-07 
 9.811538E-09 
 9.811307E-09 
 9.811419E-09 
 1.800000E+00 
 5.182809E-09 
 6.047901E-09 
 6.047645E-09 
 1.800000E+00 
-3.036926E-07 
-4.904874E-07 
-4.904901E-07 
-4.904902E-07 
 1.800000E+00 
 3.212700E-06 
 3.178071E-06 
 3.178070E-06 
 3.178070E-06 
 3.178063E-06 
 1.800000E+00 
-7.081532E-08 
 8.970159E-09 
 1.800000E+00 
-2.003020E-05 
-2.605920E-08 
-2.605951E-08 
-2.605915E-08 
-2.605919E-08 
-2.605922E-08 
 1.800000E+00 
 3.912932E-06 
 3.876720E-06 
 1.800007E+00 
 4.616938E-07 
 4.734395E-07 
 4.734395E-07 
 4.734395E-07 
 4.734395E-07 
 4.734395E-07 
 1.800000E+00 
-2.354955E-08 
-1.994429E-05 
-1.994429E-05 
 1.800008E+00 
-1.269149E-06 
 6.382760E-09 
 6.382976E-09 
 6.382973E-09 
 6.382731E-09 
 1.800000E+00 
-7.670151E-06 
-7.701407E-06 
-7.701407E-06 
 1.800000E+00 
 2.288963E-07 
 2.756656E-08 
 2.755930E-08 
 2.756659E-08 
 2.756481E-08 
 1.800000E+00 
-5.169677E-07 
 1.269191E-08 
 1.269165E-08 
 1.269188E-08 
 1.800000E+00 
-5.861625E-06 
 1.189743E-05 
 1.189743E-05 
 1.189743E-05 
 1.189743E-05 
 1.800000E+00 
 1.065400E-08 
 1.029601E-08 
 1.029510E-08 
 1.035747E-08 
 1.800000E+00 
 2.027490E-06 
 2.027777E-06 
 2.027779E-06 
 2.027780E-06 
 1.800004E+00 
 1.048139E-06 
 6.143595E-09 
 6.145104E-09 
 6.143768E-09 
 6.143768E-09 
 1.800000E+00 
 1.008916E-05 
 1.008197E-05 
 1.008197E-05 
 1.008197E-05 
 1.008197E-05 
 1.800000E+00 
 7.640289E-07 
 7.578316E-07 
 7.578317E-07 
 7.578316E-07 
 1.800000E+00 
 4.698633E-07 
 4.703808E-07 
 4.703801E-07 
 4.703802E-07 
 4.703790E-07 
 1.799998E+00 
 9.087510E-07 
 9.070918E-07 
 9.070919E-07 
 9.070916E-07 
 1.800000E+00 
-3.602556E-07 
 1.038826E-08 
 1.039003E-08 
 1.038842E-08 
 1.039021E-08 
 1.040063E-08 
 1.800000E+00 
 2.596565E-06 
-4.639899E-09 
-4.639897E-09 
-4.639913E-09 
 1.800000E+00 
 1.683696E-05 
 1.678160E-05 
 1.678160E-05 
 1.678160E-05 
 1.678160E-05 
 1.678160E-05 
 1.800000E+00 
-1.817672E-07 
 1.501768E-08 
 1.501762E-08 
 1.800000E+00 
 1.878325E-06 
 6.399865E-09 
 6.399924E-09 
 6.400009E-09 
 6.399961E-09 
 6.400198E-09 
 6.399933E-09 
 1.800000E+00 
-2.839571E-05 
 1.022464E-07 
 1.022465E-07 
 1.022455E-07 
 1.022464E-07 
 1.800000E+00 
-9.958954E-07 
-1.684122E-06 
-1.684123E-06 
-1.684124E-06 
 1.800000E+00 
-2.927877E-07 
 9.330214E-09 
 9.330220E-09 
 9.330749E-09 
 9.330210E-09 
 9.330024E-09 
 1.800000E+00 
 4.474186E-09 
 6.532678E-09 
 6.532688E-09 
 6.532581E-09 
 6.529931E-09 
 1.800000E+00 
 2.907206E-07 
 2.907344E-07 
 2.907344E-07 
 2.907346E-07 
 2.907344E-07 
 2.907341E-07 
 1.800000E+00 
 1.465979E-07 
-1.079367E-10 
-1.068566E-10 
-1.075028E-10 
-4.851764E-11 
 1.800000E+00 
 1.718821E-07 
-7.453491E-09 
-7.455582E-09 
-7.453495E-09 
-7.471762E-09 
-7.455160E-09 
 1.800000E+00 
 5.270322E-06 
-6.984001E-08 
-6.983989E-08 
-6.983998E-08 
-6.983988E-08 
 1.800000E+00 
 1.941900E-06 
 2.806292E-09 
 2.806327E-09 
 2.806190E-09 
 2.806363E-09 
 2.806356E-09 
 1.800007E+00 
-1.399752E-06 
-1.421224E-06 
-1.421224E-06 
-1.421224E-06 
-1.421224E-06 
-1.421227E-06 
 1.800005E+00 
 2.280705E-04 
 1.569953E-08 
 1.569937E-08 
 1.569956E-08 
 1.569957E-08 
 1.569940E-08 
 1.800000E+00 
-2.082668E-07 
 1.091622E-08 
 1.091591E-08 
 1.091801E-08 
 1.089851E-08 
 1.800000E+00 
-5.544461E-07 
 1.141915E-08 
 1.141921E-08 
 1.141917E-08 
 1.141922E-08 
 1.141918E-08 
 1.142162E-08 
 1.800000E+00 
 1.521052E-06 
 6.102523E-09 
 6.102350E-09 
 6.102359E-09 
 6.102357E-09 
 6.102356E-09 
 1.800000E+00 
-1.158513E-06 
-1.186927E-06 
-1.186939E-06 
-1.186933E-06 
-1.186927E-06 
-1.186929E-06 
 1.800000E+00 
 8.357539E-07 
 6.795423E-09 
 6.793673E-09 
 6.795419E-09 
 6.795410E-09 
 6.793475E-09 
 1.800007E+00 
-2.153526E-06 
 1.905271E-08 
 1.905259E-08 
 1.905172E-08 
 1.905263E-08 
 1.905259E-08 
 1.905249E-08 
 1.800000E+00 
 1.852168E-07 
 3.366079E-08 
 3.366018E-08 
 3.366083E-08 
 3.366070E-08 
 3.366127E-08 
 1.800007E+00 
 4.050002E-06 
-6.930436E-08 
-6.930494E-08 
-6.930415E-08 
-6.930440E-08 
-6.930437E-08 
-6.930445E-08 
 1.800000E+00 
 1.795950E-07 
 1.779725E-07 
 1.779719E-07 
 1.779725E-07 
 1.779725E-07 
 1.779725E-07 
 1.779702E-07 
 1.800000E+00 
 6.053310E-07 
 6.055845E-07 
 6.055840E-07 
 6.055829E-07 
 6.055841E-07 
 1.800000E+00 
 1.525912E-06 
 6.644946E-09 
 6.643848E-09 
 6.643911E-09 
 6.643718E-09 
 6.643870E-09 
 6.643909E-09 
 6.643614E-09 
 6.643524E-09 
 1.800000E+00 
-1.072325E-05 
-1.062687E-05 
-1.062686E-05 
-1.062686E-05 
-1.062686E-05 
-1.062686E-05 
 1.800000E+00 
 8.041725E-07 
 1.029229E-06 
 1.029229E-06 
 1.029229E-06 
 1.029229E-06 
 1.029229E-06 
 1.029229E-06 
 1.800000E+00 
 2.788140E-08 
 2.183783E-08 
 2.183833E-08 
 2.183803E-08 
 2.183826E-08 
 2.183690E-08 
 2.183835E-08 
 1.800000E+00 
 2.321418E-06 
-2.310149E-08 
-2.310178E-08 
-2.310296E-08 
-2.310173E-08 
-2.310173E-08 
-2.310050E-08 
 1.800000E+00 
 1.255509E-08 
 6.369090E-09 
 6.368851E-09 
 6.368970E-09 
 6.358417E-09 
 6.368872E-09 
 6.368943E-09 
 6.368957E-09 
 6.368972E-09 
 1.800000E+00 
-8.234428E-08 
-7.244745E-08 
-7.244759E-08 
-7.244755E-08 
-7.244856E-08 
 1.800000E+00 
 1.081590E-06 
 8.066263E-10 
 8.066445E-10 
 8.056080E-10 
 8.056480E-10 
 8.066310E-10 
 8.294432E-10 
 8.066623E-10 
 8.066917E-10 
 1.800007E+00 
 4.041293E-06 
-7.214175E-08 
-7.214225E-08 
-7.214183E-08 
-7.214188E-08 
-7.214199E-08 
-7.214177E-08 
-7.214165E-08 
 1.800000E+00 
-6.871386E-07 
-6.890365E-07 
-6.890367E-07 
-6.890365E-07 
-6.890367E-07 
-6.890369E-07 
 1.800000E+00 
 1.269606E-07 
 3.566993E-11 
 3.569793E-11 
 3.571445E-11 
 3.570571E-11 
 3.571676E-11 
 3.579666E-11 
 3.571319E-11 
 3.571081E-11 
 3.578502E-11 
 1.800000E+00 
 1.620379E-06 
 4.508149E-09 
 4.508123E-09 
 4.508268E-09 
 4.508313E-09 
 4.507852E-09 
 1.800000E+00 
 4.998516E-08 
 6.854511E-08 
 6.854629E-08 
 6.854914E-08 
 6.854537E-08 
 6.854519E-08 
 6.854536E-08 
 6.854524E-08 
 6.854537E-08 
 6.853752E-08 
 1.800007E+00 
-4.276286E-06 
-4.276995E-06 
-4.276994E-06 
-4.276995E-06 
-4.276995E-06 
-4.276994E-06 
 1.800000E+00 
-8.127016E-09 
-8.229691E-09 
-8.229679E-09 
-8.229693E-09 
-8.229182E-09 
-8.229601E-09 
-8.229703E-09 
-8.229692E-09 
-8.229718E-09 
-8.229723E-09 
 1.800000E+00 
-2.060928E-06 
 4.212161E-08 
 4.212161E-08 
 4.212160E-08 
 4.212156E-08 
 4.212199E-08 
 4.212257E-08 
 1.800001E+00 
 1.743303E-06 
 6.095344E-09 
 6.095343E-09 
 6.095220E-09 
 6.095240E-09 
 6.095195E-09 
 6.095253E-09 
 6.095336E-09 
 6.095332E-09 
 6.095393E-09 
 1.799998E+00 
-1.437876E-06 
 2.138242E-08 
 2.138138E-08 
 2.139515E-08 
 2.138213E-08 
 2.138210E-08 
 1.800007E+00 
-1.850336E-06 
-2.705007E-06 
-2.705000E-06 
-2.705008E-06 
-2.705007E-06 
-2.705005E-06 
-2.705007E-06 
-2.705007E-06 
-2.705007E-06 
-2.705006E-06 
-2.705007E-06 
 1.800000E+00 
 2.298529E-06 
 1.457955E-06 
 1.457955E-06 
 1.457956E-06 
 1.457956E-06 
 1.457955E-06 
 1.457955E-06 
 1.800000E+00 
-4.309010E-07 
-2.671019E-07 
-2.671112E-07 
-2.671115E-07 
-2.671116E-07 
-2.671106E-07 
-2.671115E-07 
-2.671115E-07 
-2.671115E-07 
-2.671116E-07 
 1.800000E+00 
-2.915871E-07 
 4.948177E-07 
 4.948173E-07 
 4.948169E-07 
 4.948178E-07 
 4.948155E-07 
 4.948169E-07 
 1.800000E+00 
 5.033372E-06 
 5.039765E-06 
 5.039764E-06 
 5.039765E-06 
 5.039765E-06 
 5.039765E-06 
 5.039765E-06 
 5.039767E-06 
 5.039765E-06 
 5.039765E-06 
 5.039765E-06 
 1.800000E+00 
 9.389095E-08 
 8.435610E-08 
 8.435612E-08 
 8.435608E-08 
 8.435618E-08 
 8.435607E-08 
 8.435608E-08 
 1.800003E+00 
 8.290454E-05 
 1.169341E-05 
 1.169341E-05 
 1.169341E-05 
 1.169344E-05 
 1.169341E-05 
 1.169341E-05 
 1.169341E-05 
 1.169342E-05 
 1.169341E-05 
 1.800002E+00 
 2.782899E-09 
 6.008822E-09 
 6.009086E-09 
 6.008965E-09 
 6.009597E-09 
 6.009075E-09 
 6.009100E-09 
 6.009114E-09 
 6.009071E-09 
 1.800000E+00 
 1.039657E-06 
 1.041429E-06 
 1.041429E-06 
 1.041428E-06 
 1.041429E-06 
 1.041429E-06 
 1.041428E-06 
 1.041429E-06 
 1.800000E+00 
-3.611155E-08 
 7.445496E-09 
 7.445578E-09 
 7.445558E-09 
 7.445577E-09 
 7.445575E-09 
 7.444814E-09 
 7.445506E-09 
 7.445563E-09 
 7.445557E-09 
 7.446524E-09 
 1.800000E+00 
 6.600705E-07 
 8.904705E-09 
 8.904655E-09 
 8.904820E-09 
 8.904763E-09 
 8.902981E-09 
 1.800000E+00 
 3.757219E-07 
-5.827992E-09 
-5.827784E-09 
-5.827814E-09 
-5.827810E-09 
-5.827789E-09 
-5.827588E-09 
-5.827824E-09 
-5.828268E-09 
-5.827951E-09 
-5.827831E-09 
-5.828107E-09 
 1.800008E+00 
 1.108853E-07 
 1.150370E-07 
 1.150371E-07 
 1.150368E-07 
 1.150370E-07 
 1.150370E-07 
 1.150370E-07 
 1.150370E-07 
 1.800000E+00 
-3.064853E-07 
-8.859977E-09 
-8.859258E-09 
-8.859247E-09 
-8.859242E-09 
-8.860257E-09 
-8.860275E-09 
-8.859108E-09 
-8.859295E-09 
 1.800000E+00 
-3.439820E-07 
 2.042362E-08 
 2.042409E-08 
 2.042398E-08 
 2.042411E-08 
 2.042410E-08 
 2.042438E-08 
 2.042407E-08 
 2.042411E-08 
 1.800000E+00 
-2.518918E-08 
-1.647154E-07 
-1.647115E-07 
-1.647155E-07 
-1.647160E-07 
-1.647155E-07 
-1.647155E-07 
-1.647151E-07 
-1.647155E-07 
 1.800000E+00 
-4.975950E-06 
 6.234895E-08 
 6.234893E-08 
 6.234990E-08 
 6.234930E-08 
 6.234949E-08 
 6.234896E-08 
 6.234897E-08 
 6.234807E-08 
 1.800000E+00 
-3.804519E-07 
 9.046666E-09 
 9.046378E-09 
 9.046727E-09 
 9.046587E-09 
 9.046580E-09 
 9.046656E-09 
 9.045851E-09 
 9.046664E-09 
 9.046739E-09 
 1.800000E+00 
 1.286721E-06 
 5.506497E-09 
 5.506788E-09 
 5.506313E-09 
 5.506142E-09 
 5.506495E-09 
 5.505987E-09 
 1.800000E+00 
-2.974730E-08 
 9.845114E-09 
 9.845342E-09 
 9.845329E-09 
 9.845324E-09 
 9.845327E-09 
 9.845332E-09 
 9.845297E-09 
 9.848973E-09 
 9.845337E-09 
 9.845320E-09 
 1.800000E+00 
-5.700082E-08 
-2.130153E-07 
-2.130158E-07 
-2.130153E-07 
-2.130154E-07 
-2.130139E-07 
-2.130153E-07 
-2.130153E-07 
 1.799999E+00 
-1.028715E-06 
 6.605676E-09 
 6.605681E-09 
 6.605754E-09 
 6.605593E-09 
 6.605609E-09 
 6.605809E-09 
 6.605806E-09 
 6.605648E-09 
 1.800000E+00 
-3.942640E-06 
 3.710755E-08 
 3.710756E-08 
 3.710722E-08 
 3.710791E-08 
 3.710759E-08 
 3.710775E-08 
 3.710757E-08 
 1.800001E+00 
-8.168917E-08 
-3.735671E-09 
-3.735775E-09 
-3.735672E-09 
-3.735641E-09 
-3.736056E-09 
-3.735446E-09 
-3.735900E-09 
-3.735662E-09 
-3.735116E-09 
 1.800000E+00 
-6.368486E-06 
-6.369057E-06 
-6.369057E-06 
-6.369057E-06 
-6.369057E-06 
-6.369060E-06 
-6.369057E-06 
 1.800000E+00 
-4.143498E-07 
-4.143931E-07 
-4.143935E-07 
-4.143933E-07 
-4.143934E-07 
-4.143932E-07 
-4.143934E-07 
-4.143941E-07 
-4.143933E-07 
-4.143942E-07 
 1.800000E+00 
-8.596570E-08 
 1.292768E-09 
 1.291654E-09 
 1.292756E-09 
 1.292760E-09 
 1.292724E-09 
 1.292765E-09 
 1.293210E-09 
 1.800000E+00 
 9.538519E-07 
 1.174756E-06 
 1.174756E-06 
 1.174756E-06 
 1.174756E-06 
 1.174756E-06 
 1.174756E-06 
 1.174756E-06 
 1.800000E+00 
 1.094927E-06 
 6.052762E-09 
 6.052965E-09 
 6.052781E-09 
 6.052770E-09 
 6.052793E-09 
 6.051000E-09 
 6.052747E-09 
 6.052783E-09 
 1.800000E+00 
-7.051776E-06 
 1.020732E-05 
 1.020732E-05 
 1.020732E-05 
 1.020732E-05 
 1.020732E-05 
 1.020732E-05 
 1.020732E-05 
 1.800000E+00 
 6.336430E-09 
 7.228316E-09 
 7.217210E-09 
 7.214172E-09 
 7.217212E-09 
 7.217043E-09 
 7.217187E-09 
 7.216637E-09 
 1.800001E+00 
 4.433259E-07 
 8.995123E-09 
 9.003037E-09 
 9.002977E-09 
 9.003526E-09 
 9.002485E-09 
 9.003107E-09 
 9.003734E-09 
 1.800007E+00 
-1.115923E-06 
-1.133307E-06 
-1.133307E-06 
-1.133307E-06 
-1.133306E-06 
-1.133307E-06 
-1.133307E-06 
-1.133307E-06 
 1.800000E+00 
 1.836869E-06 
-2.126295E-08 
-2.126248E-08 
-2.126296E-08 
-2.126310E-08 
-2.126288E-08 
-2.126306E-08 
 1.800000E+00 
 9.499985E-08 
 5.745421E-09 
 5.745338E-09 
 5.747309E-09 
 5.745409E-09 
 5.745358E-09 
 5.745417E-09 
 5.744732E-09 
 5.756893E-09 
 5.744361E-09 
 1.800000E+00 
-2.497368E-07 
-2.842350E-07 
-2.842372E-07 
-2.842335E-07 
 1.800000E+00 
 1.219800E-06 
-2.384052E-08 
-2.380636E-08 
-2.380636E-08 
-2.380629E-08 
-2.380631E-08 
-2.380616E-08 
-2.380638E-08 
-2.380645E-08 
-2.380636E-08 
-2.380792E-08 
-2.380547E-08 
 1.799998E+00 
-5.313462E-06 
-5.454745E-06 
-5.454745E-06 
 1.800000E+00 
-6.414730E-07 
-9.296671E-07 
-9.296669E-07 
-9.296686E-07 
-9.296669E-07 
-9.296724E-07 
-9.296692E-07 
-9.296634E-07 
-9.296671E-07 
-9.296670E-07 
-9.296668E-07 
 1.800000E+00 
-4.001926E-06 
-4.256810E-06 
-4.256810E-06 
-4.256810E-06 
-4.256810E-06 
 1.800000E+00 
 8.679975E-07 
 8.203321E-07 
 8.203321E-07 
 8.203321E-07 
 8.203321E-07 
 8.203321E-07 
 8.203322E-07 
 8.203321E-07 
 8.203293E-07 
 1.800000E+00 
 6.591078E-07 
 6.510342E-07 
 6.510226E-07 
 6.510214E-07 
 6.510213E-07 
 1.800000E+00 
 7.682099E-09 
 1.043250E-08 
 1.042955E-08 
 1.043331E-08 
 1.043252E-08 
 1.043253E-08 
 1.043260E-08 
 1.043295E-08 
 1.043257E-08 
 1.800000E+00 
-1.524396E-06 
-7.646831E-07 
-7.646831E-07 
-7.646831E-07 
 1.800000E+00 
 6.502587E-09 
 6.483041E-09 
 6.482910E-09 
 6.483011E-09 
 6.481968E-09 
 6.482973E-09 
 6.483062E-09 
 6.483060E-09 
 6.483848E-09 
 6.483061E-09 
 1.800000E+00 
-2.407732E-07 
 1.429900E-07 
 1.429954E-07 
 1.429898E-07 
 1.429884E-07 
 1.799998E+00 
-4.372328E-07 
 1.030987E-08 
 1.030986E-08 
 1.031027E-08 
 1.030982E-08 
 1.031022E-08 
 1.030994E-08 
 1.800000E+00 
 4.655106E-07 
 2.726024E-07 
 2.726022E-07 
 2.726023E-07 
 2.726024E-07 
 2.726023E-07 
 1.800000E+00 
-8.487755E-09 
-4.425208E-09 
-4.425237E-09 
-4.425254E-09 
-4.425233E-09 
-4.425259E-09 
 1.800000E+00 
-2.676802E-07 
-3.932901E-08 
-3.933278E-08 
-3.933290E-08 
-3.933289E-08 
-3.933290E-08 
-3.933289E-08 
-3.933290E-08 
 1.800000E+00 
-6.759524E-07 
-6.737245E-07 
-6.737245E-07 
-6.737244E-07 
 1.800000E+00 
 4.300167E-06 
-3.704471E-08 
-3.704464E-08 
-3.705901E-08 
-3.704465E-08 
-3.704468E-08 
-3.704464E-08 
-3.704490E-08 
 1.800007E+00 
-1.648159E-08 
-1.145351E-08 
-1.145363E-08 
-1.145672E-08 
-1.145364E-08 
 1.800003E+00 
-1.317214E-07 
 1.754547E-07 
 1.754547E-07 
 1.754547E-07 
 1.754547E-07 
 1.754552E-07 
 1.754544E-07 
 1.800007E+00 
-1.056891E-05 
-1.053338E-05 
-1.053338E-05 
-1.053339E-05 
 1.800000E+00 
 2.378700E-07 
 2.179558E-07 
 2.179546E-07 
 2.179553E-07 
 2.179565E-07 
 2.179554E-07 
 2.179553E-07 
 2.179552E-07 
 1.800000E+00 
-9.351299E-06 
 2.136533E-05 
 2.136532E-05 
 2.136532E-05 
 1.800000E+00 
 6.347162E-09 
 6.423054E-09 
 6.423285E-09 
 6.423075E-09 
 6.419649E-09 
 6.423321E-09 
 6.423283E-09 
 1.800000E+00 
 2.532915E-07 
 1.101691E-07 
 1.101691E-07 
 1.101692E-07 
 1.799998E+00 
 2.346368E-06 
 2.350090E-06 
 2.350089E-06 
 2.350091E-06 
 2.350090E-06 
 2.350090E-06 
 2.350090E-06 
 1.800000E+00 
 2.992922E-09 
 6.021395E-09 
 6.020200E-09 
 6.020573E-09 
 1.800000E+00 
 2.953143E-06 
-2.649544E-07 
-2.649544E-07 
-2.649545E-07 
-2.649544E-07 
-2.649544E-07 
-2.649548E-07 
 1.800008E+00 
 5.455577E-07 
-1.721335E-08 
-1.721336E-08 
-1.721321E-08 
 1.800000E+00 
-2.409729E-06 
 1.547817E-08 
 1.548121E-08 
 1.547819E-08 
 1.547824E-08 
 1.800002E+00 
-2.925090E-08 
-3.348165E-08 
-3.348092E-08 
-3.348064E-08 
-3.343525E-08 
-3.348062E-08 
 1.800000E+00 
 4.252338E-07 
 4.268001E-07 
 4.268005E-07 
 4.268006E-07 
 4.268007E-07 
 1.800000E+00 
 5.895625E-07 
 1.824872E-08 
 1.824799E-08 
 1.824872E-08 
 1.824878E-08 
 1.800000E+00 
-9.906441E-08 
 8.601229E-09 
 8.599708E-09 
 8.601166E-09 
 1.800000E+00 
 9.833736E-07 
 6.505473E-09 
 6.505428E-09 
 6.506044E-09 
 6.505550E-09 
 6.505772E-09 
 1.799998E+00 
 1.099522E-07 
 8.681753E-08 
 8.681788E-08 
 8.681778E-08 
 1.800000E+00 
 1.106561E-09 
 5.447338E-09 
 5.447345E-09 
 5.447410E-09 
 5.447335E-09 
 5.447775E-09 
 1.800000E+00 
 1.573772E-07 
 9.068692E-09 
 9.052439E-09 
 1.800004E+00 
 1.249063E-08 
 8.625764E-09 
 8.625836E-09 
 8.625763E-09 
 8.625776E-09 
 8.625701E-09 
 1.800000E+00 
 3.510049E-07 
 3.504981E-07 
 3.504980E-07 
 3.504963E-07 
 1.800000E+00 
-3.071291E-05 
-3.071011E-05 
-3.071011E-05 
-3.071011E-05 
 1.800000E+00 
-2.321216E-07 
-2.093921E-07 
-2.093933E-07 
-2.093955E-07 
-2.093957E-07 
-2.093956E-07 
 1.800000E+00 
-9.138694E-07 
-9.133991E-07 
 1.800000E+00 
-6.103989E-07 
-5.891290E-07 
-5.891326E-07 
-5.891327E-07 
-5.891328E-07 
-5.891325E-07 
-5.891328E-07 
 1.800000E+00 
-1.985522E-06 
 1.013438E-08 
 1.013538E-08 
 1.800001E+00 
-5.030508E-07 
 2.203251E-09 
 2.203232E-09 
 2.203323E-09 
 1.800000E+00 
-9.731368E-06 
 1.842089E-05 
 1.842089E-05 
 1.842089E-05 
 1.842089E-05 
 1.800000E+00 
-1.023546E-06 
 8.710556E-09 
 8.710545E-09 
 8.710545E-09 
 1.800000E+00 
 7.447738E-07 
 7.454577E-07 
 7.454587E-07 
 1.800003E+00 
 1.768288E-08 
 4.528847E-09 
 4.528852E-09 
 4.528854E-09 
 4.528752E-09 
 4.528946E-09 
 1.800000E+00 
 6.616162E-07 
 6.618452E-07 
 1.800000E+00 
 3.935284E-08 
 4.379477E-08 
 4.379483E-08 
 4.379502E-08 
 4.379482E-08 
 4.379523E-08 
 1.800000E+00 
 3.049361E-08 
 1.523635E-08 
 1.800000E+00 
-7.524877E-06 
-7.891178E-06 
-7.891178E-06 
-7.891178E-06 
-7.891178E-06 
 1.800000E+00 
-2.819628E-07 
 5.073560E-09 
 5.071433E-09 
 5.072245E-09 
 1.800000E+00 
 8.219721E-09 
-5.697381E-08 
-5.697322E-08 
 1.800007E+00 
 4.014831E-07 
 4.041541E-07 
 4.041546E-07 
 4.041541E-07 
 4.041559E-07 
 1.800000E+00 
-1.504119E-06 
-1.504149E-06 
 1.800000E+00 
 9.397712E-07 
 6.185932E-09 
 6.188167E-09 
 6.186394E-09 
 6.185718E-09 
 1.800000E+00 
-7.665981E-07 
-7.491763E-07 
-7.491762E-07 
-7.491763E-07 
 1.800000E+00 
 1.600378E-07 
 1.598572E-07 
 1.800000E+00 
 8.502013E-06 
 8.450556E-06 
 8.450553E-06 
 8.450554E-06 
 8.450554E-06 
 1.800000E+00 
 1.312511E-05 
 1.310623E-05 
 1.310623E-05 
 1.800000E+00 
 1.156923E-07 
-9.492252E-08 
-9.492230E-08 
-9.492227E-08 
 1.800000E+00 
 2.676096E-06 
 2.675085E-06 
 1.800000E+00 
-1.113860E-07 
-1.352536E-07 
-1.352545E-07 
-1.352536E-07 
-1.352536E-07 
 1.800000E+00 
 9.989887E-08 
 6.522113E-08 
 6.521985E-08 
 1.800000E+00 
-2.828192E-08 
-2.832359E-08 
-2.832366E-08 
 1.800000E+00 
 7.361750E-07 
 7.347915E-07 
 7.347953E-07 
 7.347953E-07 
 1.800000E+00 
-8.536992E-06 
-8.527984E-06 
 1.800000E+00 
-1.786432E-06 
 1.206754E-08 
 1.206815E-08 
 1.206796E-08 
 1.206788E-08 
 1.800000E+00 
 2.026334E-06 
 2.027770E-06 
 1.799998E+00 
 8.343792E-06 
 8.348010E-06 
 8.348011E-06 
 8.348011E-06 
 1.800000E+00 
-5.781163E-08 
 1.426109E-08 
 1.800000E+00 
 3.028363E-07 
 2.973961E-09 
 2.973795E-09 
 2.974199E-09 
 2.972960E-09 
 1.799998E+00 
 1.800000E+00 
 1.805390E-07 
-5.054269E-08 
-5.051539E-08 
-5.051536E-08 
-5.051543E-08 
-5.051533E-08 
-5.051577E-08 
 1.800000E+00 
 1.800000E+00 
 1.842529E-06 
-9.224644E-09 
-9.224663E-09 
-9.224424E-09 
-9.224274E-09 
 1.800000E+00 
-2.241115E-06 
-2.211286E-06 
 1.800000E+00 
 1.419681E-06 
 6.321353E-09 
 6.321339E-09 
 1.800000E+00 
 1.063355E-07 
 5.604213E-08 
 5.604429E-08 
 5.604486E-08 
 1.800000E+00 
-1.302107E-07 
 1.800000E+00 
-1.936803E-05 
-1.920630E-05 
-1.920629E-05 
-1.920630E-05 
-1.920630E-05 
 1.799999E+00 
 3.549503E-07 
 1.800000E+00 
 1.703093E-06 
 1.624700E-06 
 1.624700E-06 
 1.624698E-06 
 1.800000E+00 
-3.227118E-07 
 4.757778E-09 
 4.757326E-09 
 1.800000E+00 
 5.721322E-07 
 1.113122E-08 
 1.800000E+00 
-3.227662E-06 
 3.058920E-07 
 3.058920E-07 
 3.058921E-07 
 1.800000E+00 
 7.232395E-09 
 1.800000E+00 
-4.272741E-08 
-3.733796E-08 
-3.734787E-08 
-3.733819E-08 
 1.800000E+00 
-4.046605E-07 
-8.365454E-08 
 1.800000E+00 
-1.038194E-06 
 9.304523E-09 
 9.306324E-09 
 9.304391E-09 
 1.800000E+00 
 1.800000E+00 
 8.868895E-08 
 3.583874E-09 
 3.583881E-09 
 3.583892E-09 
 3.583908E-09 
 3.584904E-09 
 1.800000E+00 
 1.799998E+00 
-1.773581E-07 
-1.851364E-07 
-1.851367E-07 
-1.851367E-07 
 1.800000E+00 
-1.135410E-06 
-1.437562E-06 
 1.800000E+00 
 6.631586E-09 
 6.382918E-09 
 6.382953E-09 
 1.800000E+00 
-1.585966E-05 
-1.585267E-05 
 1.800000E+00 
 1.995869E-05 
 1.987066E-05 
 1.987066E-05 
 1.800000E+00 
 1.458074E-08 
 9.692403E-09 
 9.691782E-09 
 1.799999E+00 
 1.123343E-08 
 1.800000E+00 
-1.004261E-07 
-2.982651E-07 
-2.982668E-07 
-2.982675E-07 
 1.800000E+00 
 6.901933E-09 
 1.799997E+00 
 1.077308E-06 
-5.511966E-08 
-5.511977E-08 
-5.511836E-08 
 1.800000E+00 
 1.800000E+00 
-2.098050E-08 
-5.602063E-10 
-5.602022E-10 
-5.595582E-10 
-5.603166E-10 
 1.800005E+00 
-2.224355E-07 
 1.800000E+00 
 2.982176E-07 
 1.480727E-07 
 1.480661E-07 
 1.799999E+00 
-2.000919E-08 
-1.070913E-08 
 1.800000E+00 
-3.418709E-05 
 9.161770E-09 
 1.800000E+00 
 2.916451E-06 
 3.549287E-06 
 3.549287E-06 
 1.800000E+00 
 4.091066E-08 
 1.001019E-08 
 1.800000E+00 
 2.657217E-08 
 1.735960E-08 
 1.800000E+00 
 2.880108E-07 
 3.464428E-07 
 1.800000E+00 
 5.618569E-07 
 1.097188E-06 
 1.097188E-06 
 1.800000E+00 
-1.905958E-06 
 9.970881E-09 
 1.799999E+00 
 1.694329E-08 
 1.709232E-08 
 1.800000E+00 
-2.463978E-06 
-2.441857E-06 
 1.800000E+00 
 7.117638E-06 
-4.009626E-07 
-4.009626E-07 
 1.800000E+00 
 3.091712E-08 
 1.800000E+00 
 1.231612E-07 
 9.800846E-08 
 9.800841E-08 
 1.800000E+00 
 4.806822E-09 
 5.107955E-09 
 1.800000E+00 
-2.160818E-07 
 2.466694E-08 
 1.800000E+00 
 8.326800E-06 
-1.226006E-06 
 1.800000E+00 
 3.207337E-06 
-2.794767E-08 
-2.794813E-08 
 1.800000E+00 
 1.800000E+00 
 9.114596E-09 
 9.437330E-09 
 9.437351E-09 
 9.437308E-09 
 1.800000E+00 
-4.089471E-08 
 1.289360E-08 
 1.800000E+00 
 1.800000E+00 
 1.748775E-08 
 2.577388E-08 
 2.577384E-08 
 2.577392E-08 
 1.800000E+00 
 2.224805E-07 
 2.979621E-07 
 1.800000E+00 
 1.783885E-07 
 1.800000E+00 
 8.207480E-07 
 2.828549E-07 
 2.828557E-07 
 1.800000E+00 
 5.833850E-06 
 1.800000E+00 
-1.124679E-07 
-7.993315E-08 
 1.800000E+00 
-2.939813E-06 
 3.888632E-08 
 3.888762E-08 
 1.800000E+00 
 1.800000E+00 
 1.869361E-07 
 1.845981E-07 
 1.845981E-07 
 1.845977E-07 
 1.800000E+00 
 1.101323E-09 
 1.800000E+00 
 2.645087E-06 
 2.557854E-06 
 1.800000E+00 
 7.098653E-09 
 1.800000E+00 
 2.502754E-07 
 1.429587E-08 
 1.429859E-08 
 1.800000E+00 
 3.444014E-06 
 3.685418E-06 
 1.800000E+00 
 1.956623E-07 
 1.800000E+00 
 3.239758E-07 
 8.579896E-09 
 1.800000E+00 
 7.463979E-06 
-1.284669E-05 
 1.800000E+00 
-4.676432E-07 
 6.449033E-09 
 1.800000E+00 
-1.651496E-05 
-1.647410E-05 
 1.800000E+00 
 1.142718E-05 
 1.800000E+00 
-6.794622E-06 
-6.667020E-06 
 1.800000E+00 
-1.780524E-08 
-1.481224E-08 
 1.800004E+00 
 4.643133E-07 
 4.167383E-07 
 1.800000E+00 
 3.111639E-07 
 1.800000E+00 
 1.244140E-05 
 1.589660E-05 
 1.800000E+00 
 6.342604E-07 
 5.501096E-09 
 1.800002E+00 
 2.621715E-07 
 5.730607E-07 
 1.799999E+00 
-1.103450E-08 
 1.800000E+00 
 3.888168E-09 
 5.959724E-09 
 1.800000E+00 
-1.065873E-06 
-1.088502E-06 
 1.800000E+00 
 8.701247E-08 
 1.800000E+00 
 1.057243E-06 
 1.317209E-06 
 1.800000E+00 
 9.961104E-09 
 9.781789E-09 
 1.800000E+00 
 1.402580E-08 
 1.800000E+00 
-2.990861E-07 
-2.944807E-07 
 1.800000E+00 
-2.048055E-07 
 1.157024E-07 
 1.800000E+00 
-2.004921E-08 
 1.800000E+00 
 3.608231E-08 
 3.611775E-08 
 1.800000E+00 
 1.471454E-06 
 1.800000E+00 
-1.615790E-08 
-1.718018E-08 
 1.800000E+00 
-2.366697E-06 
 1.638552E-08 
 1.800000E+00 
 1.029656E-07 
 1.800000E+00 
-1.114523E-07 
-1.118217E-07 
 1.800000E+00 
 5.573657E-08 
 1.800003E+00 
 1.057086E-05 
 1.054123E-05 
 1.799999E+00 
 3.011461E-08 
 1.800000E+00 
 3.542891E-05 
 2.775401E-08 
 1.800000E+00 
 5.354009E-07 
 2.993443E-07 
 1.800000E+00 
 1.800000E+00 
 3.896103E-06 
 3.812973E-06 
 3.812973E-06 
 1.800000E+00 
 2.045661E-07 
 1.800000E+00 
-2.501659E-07 
 1.800000E+00 
 1.619065E-06 
 1.602704E-06 
 1.800000E+00 
 1.644491E-07 
 1.800000E+00 
 5.400496E-08 
 6.670931E-08 
 1.800000E+00 
-2.546664E-06 
 1.372563E-05 
 1.800000E+00 
 1.800000E+00 
-5.383969E-08 
-2.587676E-09 
-2.587608E-09 
 1.800000E+00 
 1.800000E+00 
 4.083000E-08 
 3.783898E-08 
 1.800000E+00 
 1.540627E-07 
 1.119101E-07 
 1.800003E+00 
 1.800000E+00 
 3.790598E-07 
-1.259530E-08 
-1.259523E-08 
 1.800000E+00 
 1.799999E+00 
 5.942558E-07 
 3.666960E-07 
 1.800000E+00 
-1.525858E-07 
 4.211428E-09 
 1.800000E+00 
 2.247219E-08 
 1.800000E+00 
 4.468062E-08 
 1.800000E+00 
 4.816203E-08 
 1.800000E+00 
-5.242077E-07 
-9.516529E-08 
 1.800000E+00 
 2.433312E-07 
 2.396579E-07 
 1.800000E+00 
 1.800000E+00 
 6.989200E-07 
 7.113002E-07 
 1.799999E+00 
 6.918250E-08 
 1.800000E+00 
-2.174793E-07 
 3.022684E-08 
 1.800000E+00 
-4.505998E-08 
 1.800000E+00 
 3.258875E-06 
 1.800006E+00 
-1.172619E-05 
 1.800001E+00 
-1.270249E-06 
 6.545969E-09 
 1.800000E+00 
-5.311099E-07 
 1.800004E+00 
 9.454379E-08 
 4.334347E-08 
 1.800000E+00 
 1.800000E+00 
 9.536229E-10 
 8.624985E-09 
 1.800000E+00 
 3.285419E-07 
 1.800000E+00 
 1.971723E-08 
 3.870959E-08 
 1.799999E+00 
 1.800000E+00 
-1.176933E-06 
 8.449728E-09 
 1.800000E+00 
 7.563810E-06 
 1.800000E+00 
 8.409799E-08 
 8.409477E-08 
 1.800000E+00 
 1.800000E+00 
-2.723185E-06 
 1.441314E-08 
 1.800000E+00 
 2.195036E-06 
 1.800000E+00 
-1.988161E-06 
 5.418972E-08 
 1.800000E+00 
 1.800000E+00 
 8.667970E-09 
 8.644728E-09 
 1.800007E+00 
 1.799997E+00 
 1.565169E-06 
 4.912906E-09 
 4.912698E-09 
 1.800000E+00 
 1.800000E+00 
-1.626420E-05 
 1.800006E+00 
-1.078065E-07 
-1.034569E-07 
 1.800000E+00 
 1.800000E+00 
 2.956727E-06 
 3.010905E-06 
 1.800000E+00 
 1.138341E-08 
 1.800001E+00 
 1.839210E-08 
 8.939647E-09 
 1.800005E+00 
 1.800000E+00 
 7.825165E-08 
 1.800000E+00 
 7.668737E-08 
 3.839281E-07 
 1.800000E+00 
 1.800000E+00 
-4.691230E-07 
 3.662384E-10 
 1.800000E+00 
 9.602751E-09 
 1.800000E+00 
-1.060225E-08 
-9.176755E-09 
 1.800000E+00 
 1.800000E+00 
 1.781346E-07 
 1.799997E+00 
 5.789274E-07 
 1.800000E+00 
-1.470808E-06 
 9.042075E-09 
 1.800000E+00 
 1.800000E+00 
-6.731184E-07 
-2.066265E-08 
 1.800000E+00 
-1.642795E-09 
 1.800000E+00 
 1.800000E+00 
 1.508531E-06 
 5.158534E-09 
 1.800001E+00 
 4.791898E-08 
 1.800000E+00 
-2.244743E-06 
 1.800000E+00 
-2.501287E-06 
 1.800001E+00 
-3.557594E-08 
 1.800000E+00 
-6.635803E-07 
-8.449604E-07 
 1.800000E+00 
 1.800000E+00 
 3.580503E-06 
 1.800000E+00 
 8.473526E-09 
 1.799999E+00 
 1.274085E-08 
 1.248395E-08 
 1.800000E+00 
 1.800000E+00 
-1.218476E-07 
 1.800000E+00 
 9.664394E-07 
 1.800000E+00 
-1.579132E-06 
-9.998042E-07 
 1.800000E+00 
 1.800000E+00 
-8.287105E-06 
 1.800000E+00 
 6.875920E-07 
 5.736346E-07 
 1.800000E+00 
 1.800000E+00 
 4.265134E-09 
 1.800000E+00 
 5.267909E-08 
 6.549754E-08 
 1.800000E+00 
 1.800000E+00 
-1.531786E-07 
 1.800000E+00 
 1.848354E-08 
 1.800000E+00 
 5.152100E-06 
 5.362498E-06 
 1.800000E+00 
 1.800000E+00 
-9.359413E-07 
 1.799997E+00 
-1.602125E-08 
 1.800000E+00 
 1.601291E-08 
 1.800000E+00 
-8.303796E-08 
 1.800003E+00 
 1.436193E-07 
 1.800000E+00 
 1.800000E+00 
 8.766854E-07 
 5.404972E-09 
 1.800000E+00 
 7.242759E-09 
 1.799999E+00 
-2.275488E-05 
 1.800000E+00 
 1.800000E+00 
 4.673411E-06 
 4.641210E-06 
 1.800000E+00 
 1.800007E+00 
-6.173626E-08 
 1.800000E+00 
 3.808516E-08 
 1.296706E-08 
 1.800006E+00 
 1.800006E+00 
 1.800000E+00 
 2.187130E-05 
 2.184239E-05 
 2.184239E-05 
 1.800000E+00 
 1.800000E+00 
 1.800000E+00 
 5.027210E-06 
 4.642506E-06 
 1.800000E+00 
 1.800000E+00 
 2.704628E-07 
 1.800003E+00 
 8.349653E-07 
 5.097306E-07 
 1.800000E+00 
 1.800000E+00 
-2.164569E-07 
 1.800000E+00 
 1.800000E+00 
 7.929948E-07 
 6.411110E-09 
 1.800000E+00 
-1.377303E-07 
 1.800000E+00 
 1.799999E+00 
-1.522242E-08 
 1.800000E+00 
 1.108300E-07 
 1.800000E+00 
 9.128714E-07 
 1.800005E+00 
 2.661211E-06 
 1.800000E+00 
-4.814950E-08 
 1.800000E+00 
 1.800000E+00 
-1.116095E-06 
 1.800000E+00 
 3.137266E-06 
 3.137118E-06 
 1.800000E+00 
 1.800000E+00 
 1.800000E+00 
-1.197393E-06 
 1.231024E-08 
 1.800000E+00 
 1.800000E+00 
 1.461851E-07 
 1.800000E+00 
 1.736331E-07 
 1.800000E+00 
 9.132837E-07 
 1.800000E+00 
 1.503949E-09 
 1.800000E+00 
 1.800000E+00 
 1.848205E-06 
 1.800000E+00 
-1.575800E-07 
 1.800000E+00 
-3.910158E-09 
 1.800000E+00 
 2.142569E-08 
 1.800000E+00 
 1.800000E+00 
 7.430950E-08 
 1.800000E+00 
-1.919127E-06 
 1.800000E+00 
 8.540240E-09 
 1.800001E+00 
 1.800003E+00 
 4.108471E-06 
 4.650358E-06 
 1.800007E+00 
 1.800007E+00 
 1.800000E+00 
 2.088084E-09 
-2.286973E-09 
 1.800000E+00 
 1.800000E+00 
 8.939659E-07 
 1.799999E+00 
 4.385522E-06 
 1.800000E+00 
 1.800000E+00 
-7.807312E-07 
-5.085378E-08 
 1.800000E+00 
 1.800000E+00 
 1.800000E+00 
 2.708491E-06 
-1.064848E-05 
 1.800000E+00 
 1.800000E+00 
 3.840716E-07 
 1.800000E+00 
 1.720587E-06 
 1.800000E+00 
 1.800007E+00 
-2.279096E-06 
-2.037594E-06 
 1.800000E+00 
 1.800000E+00 
 1.800000E+00 
-3.783079E-07 
 1.800000E+00 
-7.303394E-07 
 1.800000E+00 
 6.847827E-06 
 1.800000E+00 
 1.800000E+00 
-1.800719E-06 
 9.296983E-07 
 1.800000E+00 
 1.800000E+00 
 1.800000E+00 
 6.350250E-09 
 1.800000E+00 
 5.949293E-09 
 1.799999E+00 
-1.601744E-06 
 1.800000E+00 
 1.800000E+00 
 6.179686E-09 
 1.800000E+00 
 8.759393E-07 
 1.800000E+00 
 1.800000E+00 
 1.341584E-08 
 1.800000E+00 
 1.807156E-08 
 1.800000E+00 
 1.800001E+00 
 6.406841E-08 
 1.800000E+00 
 2.882259E-06 
 1.800000E+00 
 1.247567E-08 
 1.800000E+00 
 1.800000E+00 
 1.800000E+00 
-1.881748E-07 
-1.974028E-08 
 1.800000E+00 
 1.800000E+00 
 1.800000E+00 
-8.403959E-07 
 9.657991E-09 
 1.800000E+00 
 1.800000E+00 
 7.602681E-09 
 1.800000E+00 
 1.800000E+00 
 1.235108E-08 
 1.800000E+00 
 1.800000E+00 
-1.959373E-06 
 3.812498E-09 
 1.800004E+00 
 1.800004E+00 
 1.800000E+00 
-9.198841E-06 
 1.800000E+00 
-1.349638E-07 
 1.800000E+00 
 1.800000E+00 
 2.852702E-07 
 1.800000E+00 
 1.385741E-07 
 1.800000E+00 
 1.800000E+00 
 3.883289E-06 
 1.800000E+00 
 1.258848E-08 
 1.800000E+00 
 1.800000E+00 
 4.222300E-08 
 1.800000E+00 
 1.800000E+00 
-1.702130E-05 
 1.800000E+00 
 1.800000E+00 
 2.476719E-06 
 2.475449E-06 
 1.800000E+00 
 1.800000E+00 
 1.800000E+00 
 3.026700E-06 
 1.800001E+00 
 1.800006E+00 
 1.062238E-08 
 1.800000E+00 
 4.292155E-08 
 1.800000E+00 
 4.078986E-09 
 1.800000E+00 
 1.800000E+00 
 1.800000E+00 
 7.219478E-08 
 1.800000E+00 
-8.419797E-09 
 1.800000E+00 
 1.800000E+00 
-7.912235E-07 
 1.800000E+00 
 1.800008E+00 
 9.443640E-09 
 1.800000E+00 
 8.966515E-09 
 1.800000E+00 
 1.800000E+00 
 1.622651E-06 
 1.800000E+00 
 1.800000E+00 
 1.330216E-08 
 1.800000E+00 
 1.800000E+00 
-7.340459E-08 
 1.800002E+00 
-1.651045E-06 
 1.800002E+00 
 1.800002E+00 
 1.800000E+00 
 1.403266E-08 
 1.800000E+00 
-2.688770E-06 
 1.800000E+00 
 1.800000E+00 
-4.403999E-06 
 1.799999E+00 
-2.497289E-08 
 1.800000E+00 
 1.800000E+00 
 1.800000E+00 
 2.640463E-06 
 1.800000E+00 
 1.800000E+00 
 2.629219E-09 
 1.800000E+00 
 1.783946E-06 
 1.800000E+00 
 1.799999E+00 
-4.600568E-06 
 1.799999E+00 
 1.800000E+00 
 3.520467E-07 
 1.800000E+00 
 1.800000E+00 
-4.532625E-09 
 1.800000E+00 
 1.800000E+00 
 4.756037E-08 
 1.800007E+00 
 1.800000E+00 
 1.798272E-08 
 1.800000E+00 
 1.800000E+00 
 9.623792E-09 
 1.800000E+00 
 6.230002E-09 
 1.800000E+00 
 1.800000E+00 
 1.799999E+00 
 3.435404E-08 
 1.800000E+00 
 1.800000E+00 
 6.657780E-06 
 1.800000E+00 
-1.066631E-05 
 1.800000E+00 
 1.800000E+00 
 1.800000E+00 
 7.092016E-06 
 1.800004E+00 
 1.800000E+00 
-3.828042E-07 
 1.800000E+00 
 1.800000E+00 
 6.778912E-08 
 1.800000E+00 
 1.510204E-08 
 1.800000E+00 
 1.800000E+00 
 1.800000E+00 
 3.485869E-09 
 1.800000E+00 
 1.800000E+00 
-2.359215E-06 
 1.799999E+00 
 1.800002E+00 
 9.902402E-09 
 1.800000E+00 
 1.800000E+00 
-3.499085E-08 
 1.800003E+00 
 1.800003E+00 
 1.800001E+00 
-7.122221E-07 
-1.653683E-07 
 1.800000E+00 
 1.800000E+00 
 1.800000E+00 
 1.800000E+00 
 1.800000E+00 
-2.305278E-06 
 1.474646E-08 
 1.800000E+00 
 1.800000E+00 
 1.800000E+00 
 5.431928E-06 
 1.800000E+00 
 1.800000E+00 
 2.037329E-05 
 1.800000E+00 
 1.800000E+00 
-2.242805E-08 
 1.800000E+00 
 1.800000E+00 
 1.800002E+00 
 2.374373E-08 
 1.800000E+00 
 2.969092E-09 
 1.800000E+00 
 1.800000E+00 
 1.800000E+00 
-2.394347E-06 
 1.800000E+00 
 1.800000E+00 
 1.800000E+00 
-1.387799E-07 
 1.800000E+00 
 1.538248E-05 
 1.800000E+00 
 1.800000E+00 
 1.800000E+00 
-9.568122E-08 
 1.799999E+00 
 1.800000E+00 
 6.128609E-08 
 1.800000E+00 
 1.799997E+00 
 1.799998E+00 
-1.029815E-06 
 1.800000E+00 
-1.498104E-07 
 1.800000E+00 
 1.800000E+00 
 1.800000E+00 
 1.800000E+00 
-1.874380E-05 
 1.800000E+00 
 2.057024E-07 
 1.800000E+00 
 1.800000E+00 
 1.800000E+00 
-3.018527E-07 
 1.800000E+00 
 1.800000E+00 
 1.800000E+00 
 5.676457E-07 
 1.800000E+00 
 8.289348E-09 
 1.800000E+00 
 1.800000E+00 
 1.800000E+00 
 1.800000E+00 
 1.256678E-08 
 1.800000E+00 
 1.800000E+00 
 1.133671E-07 
 1.800000E+00 
 1.800000E+00 
-3.255601E-08 
 1.800000E+00 
 1.800000E+00 
 1.800000E+00 
-1.659245E-08 
 1.800000E+00 
 1.800000E+00 
 1.800000E+00 
 5.218470E-08 
 1.800000E+00 
 2.771843E-06 
 1.800000E+00 
 1.800000E+00 
 1.800000E+00 
 1.800000E+00 
 6.663054E-07 
 1.800000E+00 
 1.800000E+00 
-2.730147E-06 
 1.800000E+00 
 1.800000E+00 
 1.800000E+00 
-4.526480E-09 
 1.800000E+00 
 1.800000E+00 
 1.799998E+00 
-5.877588E-07 
 1.800000E+00 
 5.188147E-06 
 1.800000E+00 
 1.800000E+00 
 1.800000E+00 
 1.800000E+00 
 1.800000E+00 
 1.507390E-08 
 1.800000E+00 
 2.968304E-08 
 1.800000E+00 
 1.800000E+00 
 1.800000E+00 
-2.536703E-09 
 1.800000E+00 
 1.800000E+00 
 1.800000E+00 
 1.800000E+00 
-4.503956E-09 
 1.800000E+00 
-7.165222E-07 
 1.800000E+00 
 1.800000E+00 
 1.800000E+00 
 1.800007E+00 
 7.283712E-08 
 1.799998E+00 
 1.800000E+00 
 6.690776E-08 
 1.800000E+00 
 1.800000E+00 
 1.800000E+00 
 1.800000E+00 
 1.742105E-08 
 1.800000E+00 
 1.800000E+00 
-4.860999E-08 
 1.800000E+00 
 1.800000E+00 
 1.800000E+00 
-1.613907E-08 
 1.800000E+00 
 1.800000E+00 
 1.800000E+00 
 8.662091E-11 
 1.800004E+00 
 1.800004E+00 
 1.800000E+00 
 1.000920E-07 
 1.800005E+00 
 1.800005E+00 
 1.800000E+00 
-6.421278E-06 
 1.800000E+00 
 1.800000E+00 
 1.800001E+00 
-2.830731E-06 
 1.800000E+00 
 1.800000E+00 
 1.800000E+00 
 2.146597E-07 
 1.800000E+00 
 1.800000E+00 
 1.800000E+00 
 1.799999E+00 
-2.069712E-05 
 1.800000E+00 
-1.459301E-07 
 1.800007E+00 
 1.800006E+00 
 1.800006E+00 
 1.800006E+00 
 1.800000E+00 
 5.165734E-08 
 1.800000E+00 
 1.800000E+00 
 1.800000E+00 
 3.360189E-07 
 1.800000E+00 
 1.800000E+00 
 1.157385E-09 
 1.800000E+00 
 1.800000E+00 
 1.800000E+00 
 1.800001E+00 
 2.584978E-08 
 1.800000E+00 
 1.800000E+00 
 1.800000E+00 
 6.067760E-09 
 1.800000E+00 
 1.800000E+00 
 1.800000E+00 
 1.800000E+00 
 9.423147E-10 
 1.800000E+00 
 1.800006E+00 
 8.431324E-09 
 1.800000E+00 
 1.800000E+00 
 1.800000E+00 
 1.800000E+00 
 1.800000E+00 
 6.391536E-06 
 1.800000E+00 
 1.800000E+00 
-2.975440E-07 
 1.800000E+00 
 1.800000E+00 
 1.800000E+00 
 1.800000E+00 
 1.870801E-08 
 1.800000E+00 
 1.800000E+00 
 1.800000E+00 
-6.316434E-08 
 1.800000E+00 
 1.800000E+00 
 1.800000E+00 
 1.800000E+00 
 5.334982E-07 
 1.800000E+00 
 1.800000E+00 
 1.800000E+00 
 4.333670E-06 
 1.800001E+00 
 1.800001E+00 
 1.800001E+00 
 1.800000E+00 
 3.434734E-09 
 1.800000E+00 
 1.800000E+00 
 1.800000E+00 
 1.800000E+00 
-2.198713E-05 
 1.800000E+00 
 1.800000E+00 
-2.192856E-08 
 1.800000E+00 
 1.800000E+00 
 1.800000E+00 
 1.800000E+00 
 1.800000E+00 
-2.468884E-06 
 1.800000E+00 
 1.800000E+00 
 1.800000E+00 
 1.800000E+00 
 9.486450E-09 
 1.799997E+00 
 1.800000E+00 
-7.159384E-06 
 1.800000E+00 
 1.800000E+00 
 1.800000E+00 
 1.800000E+00 
 1.800000E+00 
 1.800001E+00 
 9.851659E-09 
 1.800000E+00 
 1.800000E+00 
 6.451108E-09 
 1.800000E+00 
 1.800000E+00 
 1.800000E+00 
 1.800000E+00 
 1.800000E+00 
 1.673924E-08 
 1.800000E+00 
 1.800000E+00 
 1.800000E+00 
 2.589239E-06 
 1.800000E+00 
 1.800000E+00 
 1.800000E+00 
 1.800000E+00 
 1.800000E+00 
-6.287281E-08 
 1.800000E+00 
 1.800000E+00 
 1.800000E+00 
-3.352591E-08 
 1.800000E+00 
 1.800000E+00 
 1.800000E+00 
 1.800000E+00 
 1.800000E+00 
 1.798415E-09 
 1.800000E+00 
 1.800000E+00 
 1.800000E+00 
-3.110848E-07 
 1.800000E+00 
 1.800000E+00 
 1.800000E+00 
 1.800000E+00 
 1.800000E+00 
 9.158670E-08 
 1.800001E+00 
 1.800000E+00 
 1.800000E+00 
-2.599298E-05 
 1.800000E+00 
 1.800000E+00 
 1.800000E+00 
 1.800000E+00 
 1.800000E+00 
 1.800000E+00 
 6.502245E-06 
 1.800000E+00 
 1.800000E+00 
 3.586066E-09 
 1.800002E+00 
 1.800000E+00 
 1.800000E+00 
 1.800000E+00 
 1.800000E+00 
 1.800000E+00 
 1.800000E+00 
 7.433010E-09 
 1.800000E+00 
 1.800000E+00 
-8.340694E-09 
 1.800000E+00 
 1.800000E+00 
 1.800000E+00 
 1.800000E+00 
 1.800000E+00 
 1.800003E+00 
-2.812749E-07 
 1.800000E+00 
 1.800000E+00 
 1.800000E+00 
 1.800000E+00 
 4.455221E-08 
 1.800000E+00 
 1.800000E+00 
 1.800000E+00 
 1.799998E+00 
-5.260221E-09 
 1.800000E+00 
 1.800000E+00 
 1.800000E+00 
 1.800000E+00 
 1.800002E+00 
 1.169669E-08 
 1.800000E+00 
 1.800000E+00 
 1.800000E+00 
 1.800000E+00 
 1.800000E+00 
 4.242400E-07 
 1.800000E+00 
 1.800000E+00 
 1.800000E+00 
 1.799998E+00 
-1.152224E-06 
 1.800000E+00 
 1.800000E+00 
 1.800000E+00 
 1.800000E+00 
 1.800000E+00 
 1.397820E-08 
 1.800000E+00 
 1.800000E+00 
 1.800000E+00 
 1.800000E+00 
 1.800000E+00 
 2.842465E-08 
 1.800000E+00 
 1.800000E+00 
 1.800000E+00 
 1.800000E+00 
 1.800001E+00 
-4.202989E-07 
 1.800000E+00 
 1.800000E+00 
 1.800000E+00 
 1.800000E+00 
 1.799999E+00 
-4.366880E-08 
 1.800000E+00 
 1.800000E+00 
 1.800000E+00 
 1.800000E+00 
 1.469255E-05 
 1.800000E+00 
 1.800000E+00 
 1.800000E+00 
 1.800000E+00 
 1.800000E+00 
 1.800000E+00 
-5.211120E-08 
 1.800000E+00 
 1.800000E+00 
 1.800000E+00 
 1.800000E+00 
 1.800000E+00 
-2.265154E-05 
 1.800000E+00 
 1.800000E+00 
 1.800000E+00 
 1.800000E+00 
 1.800007E+00 
-7.373706E-08 
 1.800001E+00 
 1.800001E+00 
 1.800001E+00 
 1.800001E+00 
 1.800001E+00 
 1.800000E+00 
 1.621510E-05 
 1.800000E+00 
 1.800000E+00 
 1.800000E+00 
 1.800000E+00 
-2.223384E-06 
 1.800000E+00 
 1.800000E+00 
 1.800000E+00 
 1.800000E+00 
 1.800000E+00 
 1.800000E+00 
 1.800000E+00 
 2.193948E-08 
 1.800000E+00 
 1.800000E+00 
 1.800000E+00 
 1.800000E+00 
 1.580501E-07 
 1.800000E+00 
 1.800000E+00 
 1.800000E+00 
 1.800000E+00 
 1.800000E+00 
 1.800000E+00 
 1.800007E+00 
 1.637393E-07 
 1.800000E+00 
 1.800000E+00 
 1.800000E+00 
 1.800003E+00 
-1.601185E-07 
 1.799997E+00 
 1.799997E+00 
 1.799997E+00 
 1.799997E+00 
 1.799997E+00 
 1.799997E+00 
 1.800000E+00 
 1.800000E+00 
 2.034423E-08 
 1.800000E+00 
 1.799998E+00 
 1.800000E+00 
 8.192581E-09 
 1.800000E+00 
 1.800000E+00 
 1.800000E+00 
 1.800000E+00 
 1.800000E+00 
 1.800000E+00 
 1.800000E+00 
 1.800000E+00 
 3.590340E-08 
 1.800003E+00 
 1.800003E+00 
 1.800003E+00 
 1.800003E+00 
 1.800000E+00 
 1.504069E-06 
 1.800000E+00 
 1.800000E+00 
 1.800000E+00 
 1.800000E+00 
 1.800000E+00 
 1.800000E+00 
 1.800000E+00 
 6.974853E-07 
 1.800000E+00 
 1.800000E+00 
 1.800000E+00 
 1.800000E+00 
 1.799999E+00 
-1.341658E-07 
 1.800000E+00 
 1.800000E+00 
 1.800000E+00 
 1.800000E+00 
 1.800000E+00 
 1.800000E+00 
 1.800000E+00 
-1.158453E-06 
 1.800000E+00 
 1.800000E+00 
 1.800000E+00 
 1.800000E+00 
 1.800000E+00 
 1.800001E+00 
-2.757160E-08 
 1.800001E+00 
 1.800001E+00 
 1.800001E+00 
 1.800001E+00 
 1.800000E+00 
 1.800000E+00 
 3.881625E-09 
 1.800000E+00 
 1.800000E+00 
 1.800000E+00 
 1.800000E+00 
 1.800000E+00 
 1.800000E+00 
 1.800000E+00 
 6.101809E-07 
 1.800000E+00 
 1.800000E+00 
 1.800000E+00 
 1.800000E+00 
 1.800000E+00 
 1.800000E+00 
 1.799999E+00 
 4.018794E-07 
 1.800000E+00 
 1.800000E+00 
 1.800000E+00 
 1.800000E+00 
 1.800000E+00 
 8.957159E-06 
 1.800000E+00 
 1.800000E+00 
 1.800000E+00 
 1.800000E+00 
 1.800000E+00 
 1.800000E+00 
 1.800000E+00 
 1.800000E+00 
 1.800000E+00 
-8.036263E-07 
 1.800000E+00 
 1.800000E+00 
 1.800000E+00 
 1.799999E+00 
 1.800000E+00 
 1.847945E-08 
 1.800000E+00 
 1.800000E+00 
 1.800000E+00 
 1.800000E+00 
 1.800000E+00 
 1.800000E+00 
 1.800000E+00 
 1.800000E+00 
 1.800000E+00 
 1.826639E-07 
 1.800000E+00 
 1.800000E+00 
 1.800000E+00 
 1.800001E+00 
 9.616456E-06 
 1.800000E+00 
 1.800000E+00 
 1.800000E+00 
 1.800000E+00 
 1.800000E+00 
 1.800000E+00 
 1.800000E+00 
 1.800000E+00 
 1.800000E+00 
 1.800000E+00 
 1.800000E+00 
 1.899930E-08 
 1.800000E+00 
 1.800000E+00 
 1.800000E+00 
-8.497711E-07 
 1.800000E+00 
 1.800000E+00 
 1.800000E+00 
 1.800000E+00 
 1.800000E+00 
 1.800000E+00 
 1.800000E+00 
 1.800000E+00 
 1.800000E+00 
 1.800000E+00 
 1.800000E+00 
 1.800007E+00 
 1.769007E-06 
 1.800000E+00 
 1.800000E+00 
 1.494135E-07 
 1.800000E+00 
 1.800000E+00 
 1.800000E+00 
 1.800000E+00 
 1.800000E+00 
 1.800000E+00 
 1.800000E+00 
 1.800000E+00 
 1.800000E+00 
 1.800000E+00 
 1.800000E+00 
 1.800000E+00 
 1.800000E+00 
-9.873335E-09 
 1.800000E+00 
 1.800000E+00 
 1.800000E+00 
 1.800000E+00 
-6.735164E-07 
 1.800000E+00 
 1.800000E+00 
 1.800000E+00 
 1.800000E+00 
 1.800000E+00 
 1.800000E+00 
 1.800000E+00 
 1.800000E+00 
 1.800000E+00 
 1.800000E+00 
-4.114775E-08 
 1.800001E+00 
 1.800001E+00 
 1.800001E+00 
 1.800001E+00 
 1.800001E+00 
 1.799999E+00 
 1.799999E+00 
-3.016224E-07 
 1.800000E+00 
 1.800000E+00 
 1.800000E+00 
 1.800000E+00 
 1.800000E+00 
 1.800000E+00 
 1.800001E+00 
-6.221607E-06 
 1.800000E+00 
 1.800000E+00 
 1.800000E+00 
 1.800000E+00 
 1.800000E+00 
 1.800000E+00 
 1.800000E+00 
 1.800000E+00 
 1.800000E+00 
 1.800000E+00 
 8.796650E-09 
 1.800000E+00 
 1.800000E+00 
 1.800000E+00 
 1.800000E+00 
 1.800000E+00 
 1.800000E+00 
 6.268720E-09 
 1.800000E+00 
 1.800000E+00 
 1.800000E+00 
 1.800000E+00 
 1.800000E+00 
 1.800000E+00 
 1.800000E+00 
 1.800000E+00 
 1.800000E+00 
 1.800000E+00 
 7.295200E-09 
 1.800000E+00 
 1.800000E+00 
 1.800000E+00 
 1.800000E+00 
 1.800000E+00 
 1.800000E+00 
 1.800000E+00 
-1.267968E-07 
 1.800000E+00 
 1.800000E+00 
 1.800000E+00 
 1.800000E+00 
 1.800000E+00 
 1.800000E+00 
 1.800000E+00 
 1.800000E+00 
 1.800000E+00 
 2.105418E-06 
 1.800000E+00 
 1.800000E+00 
 1.800000E+00 
 1.800000E+00 
 1.800000E+00 
 1.800000E+00 
 1.800000E+00 
 1.800000E+00 
 3.295338E-09 
 1.800000E+00 
 1.800000E+00 
 1.800000E+00 
 1.800000E+00 
 1.800000E+00 
 1.800000E+00 
 1.800000E+00 
 1.800000E+00 
 1.799999E+00 
-3.773783E-09 
 1.800006E+00 
 1.800006E+00 
 1.800006E+00 
 1.800006E+00 
 1.800006E+00 
 1.800006E+00 
 1.800006E+00 
 1.800006E+00 
 1.800000E+00 
 1.929287E-08 
 1.800000E+00 
 1.800000E+00 
 1.800000E+00 
 1.800000E+00 
 1.800000E+00 
 1.800000E+00 
 1.800000E+00 
 1.800000E+00 
 4.010462E-08 
 1.800000E+00 
 1.800000E+00 
 1.800000E+00 
 1.800000E+00 
 1.800000E+00 
 1.800000E+00 
 1.800000E+00 
 1.800000E+00 
 1.800000E+00 
-1.554217E-07 
 1.800000E+00 
 1.800000E+00 
 1.800000E+00 
 1.800000E+00 
 1.800000E+00 
 1.800000E+00 
 1.800000E+00 
 1.800000E+00 
 1.800000E+00 
 2.682561E-08 
 1.800000E+00 
 1.800000E+00 
 1.800000E+00 
 1.800000E+00 
 1.800000E+00 
 1.800000E+00 
 1.800000E+00 
 1.800000E+00 
 1.800000E+00 
 5.021031E-09 
 1.800000E+00 
 1.800000E+00 
 1.800000E+00 
 1.800000E+00 
 1.800000E+00 
 1.800000E+00 
 1.800000E+00 
 1.800001E+00 
 4.516688E-09 
 1.800000E+00 
 1.800000E+00 
 1.800000E+00 
 1.800000E+00 
 1.800000E+00 
 1.800000E+00 
 1.800000E+00 
 1.800000E+00 
 1.800000E+00 
 1.800000E+00 
 1.800000E+00 
 5.628441E-07 
 1.800000E+00 
 1.800000E+00 
 1.800000E+00 
 1.799999E+00 
 1.800000E+00 
 1.800000E+00 
-1.246667E-07 
 1.800000E+00 
 1.800000E+00 
 1.800000E+00 
 1.800000E+00 
 1.800000E+00 
 1.800000E+00 
 1.800000E+00 
 1.800000E+00 
 1.800000E+00 
 1.800000E+00 
 1.800000E+00 
 1.800000E+00 
 1.561395E-05 
 1.800000E+00 
 1.800000E+00 
 1.800000E+00 
 1.800000E+00 
 1.800000E+00 
 1.800000E+00 
 1.800000E+00 
-5.204202E-09 
 1.800000E+00 
 1.800000E+00 
 1.800000E+00 
 1.800000E+00 
 1.800000E+00 
 1.800000E+00 
 1.800000E+00 
 1.800000E+00 
 1.800000E+00 
 1.800000E+00 
 1.800000E+00 
 1.509342E-06 
 1.800000E+00 
 1.800000E+00 
 1.800000E+00 
 1.800000E+00 
 1.800000E+00 
 1.800000E+00 
 1.800000E+00 
-1.975580E-07 
 1.800000E+00 
 1.800000E+00 
 1.800000E+00 
 1.800000E+00 
 1.800000E+00 
 1.800000E+00 
 1.800000E+00 
 1.800000E+00 
 1.800000E+00 
 1.800000E+00 
 7.342248E-08 
 1.800000E+00 
 1.800000E+00 
 1.800000E+00 
 1.800000E+00 
 1.800000E+00 
 1.800000E+00 
 1.800000E+00 
 1.800000E+00 
 1.800000E+00 
 1.800000E+00 
-1.203508E-08 
 1.799999E+00 
 1.799999E+00 
 1.799999E+00 
 1.799999E+00 
 1.799999E+00 
 1.800000E+00 
 1.800000E+00 
 2.428139E-08 
 1.800000E+00 
 1.800000E+00 
 1.800000E+00 
 1.800000E+00 
 1.800000E+00 
 1.800000E+00 
 1.800000E+00 
 1.800000E+00 
 1.800000E+00 
 1.800000E+00 
 1.800000E+00 
-3.995455E-09 
 1.800000E+00 
 1.800000E+00 
 1.800000E+00 
 1.800000E+00 
 1.800000E+00 
 1.800000E+00 
 1.800000E+00 
 1.799999E+00 
 6.554834E-07 
 1.800000E+00 
 1.800000E+00 
 1.800000E+00 
 1.800000E+00 
 1.800000E+00 
 1.800000E+00 
 1.800000E+00 
 1.799999E+00 
 1.800005E+00 
-3.119318E-08 
 1.800006E+00 
 1.800006E+00 
 1.800006E+00 
 1.800006E+00 
 1.800006E+00 
 1.800006E+00 
 1.800006E+00 
 1.800006E+00 
 1.800000E+00 
 9.774669E-08 
 1.800000E+00 
 1.800000E+00 
 1.800000E+00 
 1.800000E+00 
 1.800000E+00 
 1.800000E+00 
 1.800000E+00 
 1.800000E+00 
 1.800000E+00 
 1.268473E-08 
 1.799999E+00 
 1.799999E+00 
 1.799999E+00 
 1.799999E+00 
 1.799999E+00 
 1.799999E+00 
 1.799999E+00 
 1.800000E+00 
 1.800000E+00 
 2.738072E-06 
 1.800000E+00 
 1.800000E+00 
 1.800000E+00 
 1.800000E+00 
 1.800000E+00 
 1.800000E+00 
 1.800000E+00 
 1.800000E+00 
-3.018445E-08 
 1.800000E+00 
 1.800000E+00 
 1.800000E+00 
 1.800000E+00 
 1.800000E+00 
 1.800000E+00 
 1.800000E+00 
 1.800000E+00 
 1.800000E+00 
 1.800000E+00 
-7.947644E-06 
 1.800000E+00 
 1.800000E+00 
 1.800000E+00 
 1.800000E+00 
 1.800000E+00 
 1.800000E+00 
 1.800000E+00 
-1.771681E-05 
 1.799997E+00 
 1.799997E+00 
 1.799997E+00 
 1.799997E+00 
 1.799997E+00 
 1.799997E+00 
 1.799997E+00 
 1.799997E+00 
 1.800000E+00 
 1.800007E+00 
 1.858360E-07 
 1.800000E+00 
 1.800000E+00 
 1.800000E+00 
 1.800000E+00 
 1.800000E+00 
 1.800000E+00 
 1.800004E+00 
-1.172311E-07 
 1.800000E+00 
 1.800000E+00 
 1.800000E+00 
 1.800000E+00 
 1.800000E+00 
 1.800000E+00 
 1.800000E+00 
 1.800000E+00 
 1.800000E+00 
 1.800000E+00 
 1.877884E-06 
 1.800000E+00 
 1.800000E+00 
 1.800000E+00 
 1.800000E+00 
 1.800000E+00 
 1.800000E+00 
 1.800000E+00 
-1.921531E-05 
 1.800000E+00 
 1.800000E+00 
 1.800000E+00 
 1.800000E+00 
 1.800000E+00 
 1.800000E+00 
 1.800000E+00 
 1.800000E+00 
 1.800008E+00 
-9.839965E-08 
 1.800007E+00 
 1.800007E+00 
 1.800007E+00 
 1.800007E+00 
 1.800007E+00 
 1.800007E+00 
 1.800000E+00 
-4.046306E-08 
 1.800000E+00 
 1.800000E+00 
 1.800000E+00 
 1.800000E+00 
 1.800000E+00 
 1.800000E+00 
 1.800000E+00 
 1.800000E+00 
 1.800000E+00 
 1.800000E+00 
-3.086860E-08 
 1.800001E+00 
 1.800000E+00 
 1.800000E+00 
 1.800007E+00 
 1.800000E+00 
-3.400497E-08 
 1.800000E+00 
 1.800000E+00 
 1.800000E+00 
 1.800000E+00 
 1.800000E+00 
 1.800000E+00 
 1.800000E+00 
 1.800000E+00 
 1.800000E+00 
 1.800000E+00 
 1.800000E+00 
-1.794897E-09 
 1.800000E+00 
 1.800000E+00 
 1.800000E+00 
 1.800000E+00 
 1.800000E+00 
-1.730470E-06 
 1.800000E+00 
 1.800000E+00 
 1.800000E+00 
 1.800000E+00 
 1.800000E+00 
 1.800000E+00 
 1.800000E+00 
 1.800000E+00 
 1.800000E+00 
 1.800000E+00 
 2.244077E-08 
 1.800000E+00 
 1.800000E+00 
 1.800000E+00 
 1.800000E+00 
 1.800000E+00 
 1.800000E+00 
-3.849679E-06 
 1.800000E+00 
 1.800000E+00 
 1.800000E+00 
 1.800000E+00 
 1.800000E+00 
 1.800000E+00 
 1.800000E+00 
 1.800000E+00 
 7.432836E-09 
 1.800000E+00 
 1.800000E+00 
 1.800000E+00 
 1.800000E+00 
 1.800000E+00 
 1.800000E+00 
 1.800000E+00 
-1.027600E-08 
 1.800006E+00 
 1.800006E+00 
 1.800006E+00 
 1.800006E+00 
 1.800006E+00 
 1.800006E+00 
 1.800000E+00 
 1.800000E+00 
-1.317102E-08 
 1.800000E+00 
 1.800000E+00 
 1.800000E+00 
 1.800000E+00 
 1.800001E+00 
 1.800009E+00 
 4.260664E-09 
 1.799999E+00 
 1.800000E+00 
 1.800000E+00 
 1.800000E+00 
 1.800000E+00 
 1.800000E+00 
 1.800000E+00 
 1.800000E+00 
 8.410284E-07 
 1.800001E+00 
 1.800001E+00 
 1.800001E+00 
 1.800001E+00 
 1.800000E+00 
 1.800000E+00 
 2.612405E-07 
 1.800000E+00 
 1.800000E+00 
 1.800000E+00 
 1.800000E+00 
 1.800000E+00 
 1.800000E+00 
 1.800000E+00 
 1.800000E+00 
-1.028040E-07 
 1.800000E+00 
 1.800000E+00 
 1.800000E+00 
 1.799999E+00 
 1.800001E+00 
 7.453027E-09 
 1.800000E+00 
 1.800000E+00 
 1.800000E+00 
 1.800000E+00 
 1.800000E+00 
 1.800000E+00 
 1.800000E+00 
 1.800000E+00 
 1.800000E+00 
 1.749874E-08 
 1.800000E+00 
 1.800000E+00 
 1.800000E+00 
 1.800000E+00 
 3.197207E-07 
 1.800001E+00 
 1.800001E+00 
 1.800001E+00 
 1.800001E+00 
 1.800001E+00 
 1.800001E+00 
 1.800001E+00 
 1.800001E+00 
 1.800000E+00 
 7.011862E-09 
 1.800000E+00 
 1.800000E+00 
 1.800000E+00 
 1.800000E+00 
 5.215076E-08 
 1.800000E+00 
 1.800000E+00 
 1.800000E+00 
 1.800000E+00 
 1.800000E+00 
 1.800000E+00 
 1.800000E+00 
 1.799999E+00 
-1.804965E-10 
 1.799999E+00 
 1.800000E+00 
 1.800000E+00 
 1.800000E+00 
 1.800000E+00 
 1.800000E+00 
-2.894997E-07 
 1.800000E+00 
 1.800000E+00 
 1.800000E+00 
 1.800000E+00 
 1.800007E+00 
 2.285960E-08 
 1.799999E+00 
 1.800000E+00 
 1.800000E+00 
 1.800000E+00 
 1.800000E+00 
 1.800000E+00 
 1.799999E+00 
 1.800000E+00 
 5.095151E-08 
 1.800003E+00 
 1.800000E+00 
 1.800000E+00 
 1.194270E-08 
 1.800000E+00 
 1.800000E+00 
 1.800000E+00 
 1.800000E+00 
 1.800000E+00 
 1.800000E+00 
 1.800000E+00 
 1.800000E+00 
 1.800000E+00 
-2.750454E-07 
 1.800000E+00 
 1.800000E+00 
 1.800000E+00 
 1.800000E+00 
-1.254907E-07 
 1.800000E+00 
 1.800000E+00 
 1.800000E+00 
 1.800000E+00 
 1.800000E+00 
 1.800000E+00 
 1.895367E-07 
 1.800000E+00 
 1.800000E+00 
 1.800000E+00 
 1.800000E+00 
 1.800000E+00 
 1.800000E+00 
 1.450558E-08 
 1.800000E+00 
 1.800000E+00 
 1.800000E+00 
 1.800003E+00 
 1.800000E+00 
 4.028299E-09 
 1.800000E+00 
 1.800000E+00 
 1.800000E+00 
 1.800000E+00 
 1.800000E+00 
 1.800000E+00 
 1.557873E-08 
 1.800000E+00 
 1.800000E+00 
 1.800000E+00 
 1.800000E+00 
 1.800000E+00 
-6.277200E-07 
 1.800000E+00 
 1.800000E+00 
 1.800000E+00 
 1.800000E+00 
 1.800000E+00 
 1.721037E-08 
 1.800007E+00 
 1.800007E+00 
 1.800007E+00 
 1.800007E+00 
 1.800007E+00 
 1.800000E+00 
 1.610915E-05 
 1.800000E+00 
 1.800000E+00 
 1.800000E+00 
 1.800000E+00 
 1.800000E+00 
-4.407010E-07 
 1.800000E+00 
 1.800000E+00 
 1.800000E+00 
 1.800000E+00 
 1.800002E+00 
 7.449808E-09 
 1.800000E+00 
 1.800000E+00 
 1.800000E+00 
 1.800000E+00 
 1.800000E+00 
 1.448380E-08 
 1.800000E+00 
 1.800000E+00 
 1.800000E+00 
 1.800000E+00 
 1.800000E+00 
 5.440491E-09 
 1.800000E+00 
 1.800000E+00 
 1.800000E+00 
 1.800000E+00 
 1.800000E+00 
-1.455366E-08 
 1.800000E+00 
 1.800000E+00 
 1.800000E+00 
 1.800000E+00 
 1.800000E+00 
 2.949694E-09 
 1.800000E+00 
 1.800000E+00 
 1.800000E+00 
 1.800000E+00 
 1.800000E+00 
 3.372054E-08 
 1.800000E+00 
 1.800000E+00 
 1.800000E+00 
 1.800000E+00 
 4.786795E-07 
 1.800002E+00 
 1.800002E+00 
 1.800002E+00 
 1.800002E+00 
 1.800000E+00 
 1.143431E-06 
 1.800000E+00 
 1.800000E+00 
 1.800000E+00 
 1.800000E+00 
 1.800000E+00 
 1.053678E-07 
 1.800000E+00 
 1.800000E+00 
 1.800000E+00 
 1.800000E+00 
 3.415381E-06 
 1.800000E+00 
 1.800000E+00 
 1.800000E+00 
 1.800000E+00 
 1.800000E+00 
-1.217705E-06 
 1.800000E+00 
 1.800000E+00 
 1.800000E+00 
 1.800000E+00 
 1.224317E-05 
 1.800000E+00 
 1.800000E+00 
 1.800000E+00 
 1.800000E+00 
 1.800000E+00 
 6.080486E-08 
 1.800000E+00 
 1.800000E+00 
 1.800000E+00 
 1.800000E+00 
 2.820764E-07 
 1.800000E+00 
 1.800000E+00 
 1.800000E+00 
 1.800000E+00 
 1.800000E+00 
 2.414489E-07 
 1.800000E+00 
 1.800000E+00 
 1.800000E+00 
 5.657991E-07 
 1.800000E+00 
 1.800000E+00 
 1.800000E+00 
 1.800000E+00 
 1.800000E+00 
 4.535477E-07 
 1.800000E+00 
 1.800000E+00 
 1.800000E+00 
 1.800000E+00 
 9.757177E-10 
 1.800000E+00 
 1.800000E+00 
 1.800000E+00 
 1.800000E+00 
-1.894980E-06 
 1.799999E+00 
 1.799999E+00 
 1.799999E+00 
 1.800000E+00 
 4.989989E-09 
 1.800000E+00 
 1.800000E+00 
 1.800000E+00 
 1.800000E+00 
 1.016677E-09 
 1.800000E+00 
 1.800000E+00 
 1.800000E+00 
 1.800000E+00 
 1.800000E+00 
 2.288083E-08 
 1.800000E+00 
 1.800007E+00 
 5.282843E-07 
 1.800000E+00 
 1.800000E+00 
 1.800000E+00 
 1.800000E+00 
 1.800000E+00 
 1.800000E+00 
 2.965154E-07 
 1.800000E+00 
 1.800000E+00 
-1.366237E-07 
 1.800007E+00 
 1.800007E+00 
 1.800007E+00 
 1.800007E+00 
 1.799999E+00 
 1.127365E-06 
 1.800000E+00 
 1.800000E+00 
 1.800007E+00 
 7.210001E-09 
 1.800000E+00 
 1.800000E+00 
 1.800000E+00 
 1.800000E+00 
 1.800005E+00 
 1.788457E-06 
 1.800004E+00 
 6.112856E-08 
 1.800001E+00 
 1.800001E+00 
 1.800001E+00 
 1.800001E+00 
 1.800001E+00 
 1.800001E+00 
 1.800000E+00 
-8.817420E-08 
 1.800000E+00 
 9.584519E-09 
 1.800000E+00 
 1.800000E+00 
 1.800000E+00 
 1.800000E+00 
 1.800000E+00 
 1.800000E+00 
 3.615967E-08 
 7.211950E-09 
 1.800000E+00 
 1.800000E+00 
 1.800000E+00 
 1.800000E+00 
 1.800000E+00 
 1.800000E+00 
 1.800000E+00 
-3.498904E-08 
 1.800000E+00 
 1.800000E+00 
 7.429479E-08 
 1.800000E+00 
 1.800000E+00 
 1.800000E+00 
 1.800000E+00 
-3.427250E-07 
 1.800000E+00 
 1.800000E+00 
-1.996417E-05 
 1.800001E+00 
 1.800001E+00 
 1.800001E+00 
 1.800001E+00 
 1.800000E+00 
 4.911938E-08 
 1.800000E+00 
 1.800000E+00 
 1.800000E+00 
-2.045501E-06 
 1.800007E+00 
 1.800000E+00 
 1.078502E-05 
 1.800000E+00 
 1.800000E+00 
 1.800000E+00 
 1.800000E+00 
 1.800000E+00 
 1.331948E-05 
 1.800007E+00 
 1.800000E+00 
 1.040598E-07 
 1.800000E+00 
 1.800000E+00 
 1.800000E+00 
 1.800000E+00 
 2.705139E-07 
 1.800000E+00 
 1.799999E+00 
 1.800002E+00 
 7.461915E-09 
 1.800000E+00 
 1.800000E+00 
 8.478131E-07 
 1.800004E+00 
 1.800004E+00 
 1.800004E+00 
 1.800004E+00 
 1.800000E+00 
 2.900092E-08 
 1.800000E+00 
 1.800000E+00 
-1.164720E-07 
 1.800000E+00 
 1.800000E+00 
 1.800000E+00 
 1.543614E-08 
 1.800000E+00 
 1.800000E+00 
 1.800000E+00 
 1.800001E+00 
 1.785277E-07 
 1.800000E+00 
 9.231716E-09 
 1.800001E+00 
 1.800001E+00 
 1.800001E+00 
 1.800001E+00 
 1.800000E+00 
 8.953724E-07 
 1.799997E+00 
 1.800000E+00 
 1.696215E-08 
 1.800000E+00 
 1.800000E+00 
 1.800000E+00 
 6.253113E-08 
 1.800000E+00 
 1.800000E+00 
 1.800000E+00 
 1.800007E+00 
 9.015281E-07 
 1.800000E+00 
-1.117302E-07 
 1.800000E+00 
 1.800000E+00 
 1.800000E+00 
 1.800000E+00 
 4.078953E-08 
 1.800000E+00 
 1.800000E+00 
 1.800000E+00 
 8.667713E-06 
 1.800000E+00 
 1.800000E+00 
-1.843658E-07 
 1.800000E+00 
 1.800000E+00 
 1.800000E+00 
-1.263441E-06 
 1.800000E+00 
 1.800000E+00 
 1.800000E+00 
 4.854137E-07 
 1.800000E+00 
 1.800000E+00 
 1.800000E+00 
 7.880033E-07 
 1.800007E+00 
 1.800002E+00 
 5.864842E-09 
 1.800000E+00 
 1.800000E+00 
 1.800000E+00 
-1.385417E-08 
 1.799996E+00 
 1.800000E+00 
 1.800000E+00 
-1.372030E-06 
 1.800000E+00 
 1.800000E+00 
 1.800000E+00 
-5.363536E-07 
 1.800000E+00 
 5.635699E-08 
 1.799999E+00 
 1.800000E+00 
 1.800000E+00 
 1.800000E+00 
 2.788597E-08 
 1.800000E+00 
 1.799999E+00 
-5.438047E-07 
 1.800000E+00 
 1.800000E+00 
 1.800000E+00 
 3.405916E-08 
 1.800006E+00 
 1.800000E+00 
-3.837074E-06 
 1.800000E+00 
 1.800000E+00 
 1.800002E+00 
-1.786811E-08 
 1.800001E+00 
 1.800000E+00 
 1.800007E+00 
-4.703827E-07 
 1.800000E+00 
-5.403901E-08 
 1.800000E+00 
 1.800000E+00 
 1.800000E+00 
 1.800000E+00 
-1.331014E-08 
 1.800000E+00 
-8.818336E-08 
 1.800000E+00 
 1.800000E+00 
 1.800000E+00 
 3.562945E-07 
 1.800000E+00 
 1.800000E+00 
 1.800006E+00 
 1.238018E-05 
 1.800001E+00 
 1.800000E+00 
-1.837933E-08 
 1.800000E+00 
 1.800000E+00 
-3.093192E-07 
 1.800000E+00 
 1.800000E+00 
 1.800000E+00 
 1.129913E-07 
 1.800000E+00 
 1.800000E+00 
-2.587400E-06 
 1.800000E+00 
 1.800000E+00 
 4.109019E-07 
 1.800006E+00 
 1.800000E+00 
 1.800000E+00 
-2.795399E-05 
 1.800000E+00 
-1.282668E-07 
 1.800000E+00 
 1.800000E+00 
 1.800000E+00 
 1.800000E+00 
-5.825697E-06 
 1.800000E+00 
-3.013962E-06 
 1.800000E+00 
 1.800000E+00 
 1.800008E+00 
 4.099822E-07 
 1.800000E+00 
 2.721047E-08 
 1.800007E+00 
 1.800007E+00 
 1.800007E+00 
 1.800001E+00 
 2.193710E-06 
 1.800000E+00 
-4.478976E-06 
 1.800000E+00 
 1.800000E+00 
 2.286209E-08 
 1.800000E+00 
 1.800000E+00 
 1.800000E+00 
 6.406034E-06 
 1.800000E+00 
 1.800006E+00 
 3.955694E-06 
 1.800000E+00 
 2.473155E-06 
 1.800000E+00 
 1.800000E+00 
 1.800000E+00 
 1.800000E+00 
 8.012602E-07 
 8.485491E-09 
 1.800000E+00 
 1.800000E+00 
 1.800000E+00 
 1.800000E+00 
-1.533219E-06 
 1.800000E+00 
 2.115152E-06 
 1.800000E+00 
 1.800000E+00 
 6.432456E-09 
 1.800000E+00 
 1.800000E+00 
 1.799999E+00 
 9.769564E-06 
 1.004481E-05 
 1.800000E+00 
 1.800000E+00 
 1.800000E+00 
 1.800000E+00 
 3.500278E-07 
 1.800000E+00 
 1.800000E+00 
-7.696587E-08 
 1.800000E+00 
 7.929581E-06 
 1.800000E+00 
 1.800000E+00 
 2.057667E-06 
 1.800000E+00 
 1.800000E+00 
 1.800000E+00 
 4.099713E-07 
 1.800000E+00 
 6.664026E-08 
 1.800000E+00 
 1.800000E+00 
-3.007213E-07 
 1.800000E+00 
 1.800000E+00 
 3.081583E-06 
 1.800000E+00 
 1.799999E+00 
 7.709211E-08 
 1.800000E+00 
 1.800006E+00 
 2.283759E-07 
 1.800000E+00 
 1.800000E+00 
 6.005400E-08 
 1.800000E+00 
 1.800000E+00 
 4.884092E-05 
 1.800000E+00 
 6.078545E-07 
 1.800000E+00 
 1.800000E+00 
 1.800000E+00 
 6.600773E-06 
 1.800003E+00 
-6.864164E-08 
 1.800005E+00 
 1.800000E+00 
-5.221888E-07 
 1.800000E+00 
 1.800000E+00 
-5.495167E-07 
 1.800000E+00 
 1.800000E+00 
 5.147132E-07 
 1.800000E+00 
-4.458938E-06 
 1.799999E+00 
 1.800000E+00 
-8.895254E-06 
 1.800000E+00 
 1.800000E+00 
 1.800006E+00 
-2.376448E-09 
 8.855734E-09 
 1.800000E+00 
 1.800000E+00 
 1.800000E+00 
-4.822389E-08 
 1.800000E+00 
-1.705110E-06 
 1.800000E+00 
 1.800000E+00 
 5.406715E-09 
 1.800000E+00 
 1.800000E+00 
 9.405054E-08 
 1.800000E+00 
 1.800000E+00 
 1.846408E-07 
 1.845745E-07 
 1.800000E+00 
 1.800000E+00 
 1.800000E+00 
 1.800000E+00 
-5.677530E-08 
 2.254506E-08 
 1.800000E+00 
 1.800000E+00 
 1.800000E+00 
-6.684443E-06 
 1.282043E-07 
 1.800000E+00 
 1.800000E+00 
 1.800000E+00 
 8.551169E-08 
 1.800000E+00 
 2.185508E-07 
 1.800000E+00 
 1.800000E+00 
 2.198942E-08 
 1.800000E+00 
 1.800000E+00 
-2.896613E-05 
-2.893883E-05 
 1.800000E+00 
 1.800000E+00 
 1.800000E+00 
-2.700596E-06 
 1.800000E+00 
 1.800000E+00 
 1.015450E-06 
 6.393368E-07 
 1.800000E+00 
 1.800000E+00 
 1.800000E+00 
-2.237893E-06 
 1.800000E+00 
 6.498164E-08 
 1.800000E+00 
 1.800000E+00 
 1.326679E-08 
 1.800000E+00 
-1.153251E-08 
 1.800000E+00 
 2.002189E-08 
 1.800000E+00 
 1.800000E+00 
 1.800000E+00 
 8.871163E-07 
 8.864926E-07 
 1.800000E+00 
 1.800000E+00 
 1.800000E+00 
 4.073306E-07 
 4.154540E-07 
 1.800000E+00 
 1.800000E+00 
 1.800000E+00 
-1.315059E-08 
 1.800006E+00 
-1.192555E-05 
 1.800000E+00 
-1.722367E-05 
 1.800000E+00 
 1.800000E+00 
-3.090614E-06 
 1.800006E+00 
-3.845534E-07 
 1.800000E+00 
 1.800000E+00 
-1.641031E-08 
 6.035940E-09 
 1.800000E+00 
 1.800000E+00 
 1.800000E+00 
-1.237346E-05 
 1.800001E+00 
-3.510437E-06 
 1.800000E+00 
 1.800000E+00 
 1.586560E-07 
 1.800000E+00 
 1.381428E-07 
 1.800000E+00 
 4.863910E-06 
 1.800000E+00 
 1.800000E+00 
-1.454285E-08 
 1.800000E+00 
 6.512484E-08 
 1.800000E+00 
-1.339870E-05 
 1.800000E+00 
 1.800000E+00 
-3.922685E-06 
 1.800000E+00 
 1.800000E+00 
 7.047061E-06 
-2.341464E-05 
 1.800000E+00 
 1.800000E+00 
-1.446421E-07 
 1.800000E+00 
 1.800000E+00 
-1.724646E-07 
-1.750758E-07 
 1.800000E+00 
 1.800000E+00 
 1.800007E+00 
 6.838063E-08 
-3.094349E-08 
 1.800000E+00 
 1.800000E+00 
-2.600048E-08 
 1.800000E+00 
 1.209682E-08 
 1.800000E+00 
 5.959239E-06 
 1.800000E+00 
 1.800007E+00 
 1.091656E-05 
 1.800000E+00 
-9.544025E-08 
 1.800000E+00 
 9.437466E-09 
 1.800000E+00 
 1.800000E+00 
-1.023264E-06 
 1.800000E+00 
-1.195794E-06 
 1.800000E+00 
-5.573690E-08 
 1.800000E+00 
 4.018968E-06 
 1.800000E+00 
 1.800000E+00 
-2.825230E-08 
 1.800000E+00 
-1.252410E-06 
 1.800000E+00 
-5.876086E-06 
 1.800007E+00 
 1.800000E+00 
-2.070230E-08 
 1.800000E+00 
-4.849224E-08 
 8.942751E-09 
 1.800000E+00 
 1.800000E+00 
 1.800000E+00 
-2.467395E-07 
-3.470802E-08 
 1.800000E+00 
 1.800000E+00 
-3.753734E-07 
 1.800000E+00 
-2.989920E-05 
 1.800000E+00 
 5.596675E-09 
 1.800000E+00 
-1.511544E-07 
 1.800000E+00 
 1.800000E+00 
 1.259882E-08 
-2.562135E-07 
 1.800000E+00 
 1.800000E+00 
-1.681092E-06 
 1.800000E+00 
-6.378376E-07 
 1.800000E+00 
 5.270683E-09 
 1.800000E+00 
 1.800000E+00 
-3.747093E-06 
 3.230326E-08 
 1.800000E+00 
 1.800000E+00 
-1.034315E-07 
 1.800000E+00 
 3.966230E-08 
 1.800001E+00 
 4.223176E-07 
 1.800000E+00 
-9.447645E-08 
 1.800000E+00 
-6.689928E-07 
 1.799999E+00 
 1.800004E+00 
 4.010420E-08 
 4.027494E-08 
 1.800000E+00 
 1.800002E+00 
 6.967508E-08 
 1.800000E+00 
-1.877094E-06 
 1.144623E-08 
 1.800000E+00 
 1.800000E+00 
 1.800000E+00 
 2.378591E-06 
 2.377848E-06 
 1.800000E+00 
 5.400132E-06 
 1.800001E+00 
 2.014805E-05 
 1.799999E+00 
 1.800000E+00 
 6.149154E-06 
-8.303341E-08 
 1.800000E+00 
 1.800000E+00 
-1.515725E-07 
-1.540211E-07 
 1.800000E+00 
 1.799999E+00 
 4.763360E-09 
 4.621387E-09 
 1.799999E+00 
 1.799999E+00 
 2.007597E-08 
 1.800000E+00 
 5.959993E-09 
 1.800000E+00 
-7.569539E-07 
 1.800000E+00 
 4.616407E-08 
 1.799999E+00 
 3.188293E-08 
 1.800000E+00 
-6.356161E-08 
 1.800002E+00 
 3.649096E-07 
 1.800000E+00 
 6.240767E-09 
 1.800000E+00 
-1.007817E-07 
 1.800000E+00 
 7.502776E-09 
 1.800000E+00 
-5.103300E-06 
 1.800008E+00 
 1.800000E+00 
 2.891872E-07 
 8.885232E-08 
 1.800000E+00 
-7.612021E-08 
 1.800000E+00 
-3.141215E-09 
 1.800000E+00 
 1.123476E-08 
 1.800000E+00 
-5.846050E-07 
 1.800000E+00 
 5.670780E-09 
 1.800000E+00 
-5.992126E-08 
 1.800001E+00 
 1.435299E-08 
 1.800000E+00 
 2.802054E-09 
 1.800000E+00 
 8.418348E-07 
 1.800000E+00 
 1.305876E-08 
 1.800000E+00 
 4.310164E-08 
 1.800000E+00 
 7.010953E-09 
 1.800000E+00 
 3.144152E-09 
 7.510750E-09 
 1.800002E+00 
 1.800000E+00 
 7.024629E-07 
 1.800000E+00 
 7.674881E-07 
 7.723960E-07 
 1.800000E+00 
 1.800000E+00 
 3.379091E-08 
 3.297633E-08 
 1.800000E+00 
 1.800000E+00 
 4.517762E-07 
-3.234301E-09 
 1.800000E+00 
-1.035413E-07 
 1.800000E+00 
 4.076366E-06 
 1.800000E+00 
 9.123438E-09 
 1.800000E+00 
 3.072373E-07 
 1.800000E+00 
 4.828535E-08 
-7.888881E-09 
 1.800000E+00 
 1.800000E+00 
-1.679112E-06 
 1.800000E+00 
 2.867632E-06 
-1.191132E-09 
 1.800000E+00 
-3.755277E-09 
 1.800000E+00 
 3.359723E-08 
 1.800000E+00 
 8.606903E-09 
 1.800000E+00 
 7.012020E-07 
 1.800000E+00 
 8.196055E-06 
 3.494287E-06 
 1.800000E+00 
 1.800000E+00 
-4.780307E-06 
 2.476546E-07 
 1.800000E+00 
-8.871840E-06 
 1.800000E+00 
 1.272175E-08 
 1.800000E+00 
 1.088910E-08 
 1.800000E+00 
-7.404080E-06 
-7.404073E-06 
 1.800003E+00 
 1.800000E+00 
-4.770532E-07 
 6.039515E-09 
 1.800000E+00 
-1.173532E-07 
 1.800003E+00 
 6.156954E-07 
 1.800001E+00 
-8.364965E-07 
 3.170071E-08 
 1.800000E+00 
 1.800000E+00 
 8.622272E-07 
 3.411151E-09 
 1.800000E+00 
-5.471106E-09 
-6.295126E-09 
 1.800000E+00 
 1.800000E+00 
-5.187645E-08 
-5.115910E-08 
 1.800000E+00 
 1.800000E+00 
 9.496303E-07 
 4.732319E-09 
 4.733779E-09 
 1.800006E+00 
 1.800004E+00 
-1.451906E-05 
 1.525743E-05 
 1.800006E+00 
-6.558359E-06 
 1.800000E+00 
 1.183553E-08 
 1.800000E+00 
-3.523886E-07 
 1.405566E-08 
 1.800000E+00 
 1.800000E+00 
 1.225086E-06 
 1.619375E-06 
 1.619377E-06 
 1.800000E+00 
 1.800000E+00 
 2.658611E-06 
 2.606244E-06 
 1.800000E+00 
 7.845297E-08 
 1.800000E+00 
-4.463089E-07 
 1.800000E+00 
 1.641416E-06 
 1.654887E-06 
 1.800000E+00 
 1.254055E-07 
 1.800000E+00 
 1.392134E-08 
-4.748178E-09 
 1.800000E+00 
 1.800000E+00 
-5.671039E-08 
-4.871045E-08 
-4.871042E-08 
 1.800006E+00 
 1.800000E+00 
 1.501547E-05 
 1.495664E-05 
 1.800000E+00 
-5.038316E-08 
-1.057608E-10 
 1.800000E+00 
 1.800007E+00 
-1.750472E-08 
-2.074182E-08 
 1.800000E+00 
 5.557367E-09 
 5.567714E-09 
 1.800000E+00 
 9.854516E-08 
 1.800000E+00 
 3.225189E-07 
 1.800000E+00 
-6.456588E-06 
-6.566792E-06 
 1.800000E+00 
 1.018151E-08 
 1.800000E+00 
-1.868850E-06 
 1.001670E-06 
 1.800000E+00 
 1.884738E-08 
 1.800000E+00 
 8.731443E-08 
 5.773188E-09 
 1.800000E+00 
 1.800000E+00 
-4.035951E-06 
 5.157105E-08 
 5.157071E-08 
 1.800000E+00 
-1.073923E-08 
 1.800000E+00 
 7.362768E-09 
 7.436252E-09 
 1.800000E+00 
 1.800000E+00 
-2.117381E-07 
 5.708144E-09 
 5.708447E-09 
 1.800000E+00 
-4.747217E-07 
 1.800000E+00 
 1.134122E-06 
-3.507460E-09 
 1.800000E+00 
 3.030569E-06 
 1.800000E+00 
 2.155743E-08 
 1.800000E+00 
 6.266725E-09 
 6.046435E-09 
 6.048129E-09 
 1.800000E+00 
 1.800000E+00 
-6.836158E-06 
-6.732656E-06 
-6.732657E-06 
 1.800000E+00 
 1.800000E+00 
 1.748731E-07 
 1.744930E-07 
 1.744921E-07 
 1.800007E+00 
-2.837388E-07 
 1.800000E+00 
-8.649211E-09 
-8.379446E-09 
 1.800000E+00 
 1.045485E-08 
 1.800000E+00 
-3.857422E-08 
-1.472437E-08 
 1.799997E+00 
 1.311323E-05 
 1.800008E+00 
-2.820398E-05 
-2.820981E-05 
-2.820982E-05 
 1.799996E+00 
 1.800000E+00 
-2.907197E-06 
-2.907081E-06 
-2.907081E-06 
 1.800000E+00 
 6.386661E-07 
 1.800000E+00 
 3.732009E-07 
 3.750284E-07 
 1.800000E+00 
 2.034736E-08 
 1.800008E+00 
 1.411369E-07 
 1.593591E-07 
 1.800000E+00 
 1.423085E-06 
 6.421229E-09 
 1.800001E+00 
-1.684328E-06 
 8.494997E-09 
 1.800000E+00 
 2.917069E-08 
 1.800000E+00 
-1.068681E-08 
-9.964159E-09 
 1.800000E+00 
-4.038435E-08 
-4.195544E-08 
 1.800000E+00 
 1.785908E-06 
 1.107481E-06 
 1.800006E+00 
 7.800571E-06 
 1.800000E+00 
 1.577813E-07 
 1.757257E-08 
 1.800000E+00 
 7.762146E-08 
 3.560479E-08 
 1.800000E+00 
-1.539717E-06 
 9.024209E-09 
 1.800000E+00 
 1.756880E-06 
 2.816999E-09 
 1.800000E+00 
-6.685313E-08 
 1.800000E+00 
 1.726819E-05 
-2.626047E-07 
 1.800000E+00 
-8.506052E-06 
-8.488165E-06 
-8.488164E-06 
 1.800000E+00 
 1.800000E+00 
 6.105984E-07 
 6.331418E-09 
 6.331589E-09 
 1.799998E+00 
 2.155182E-08 
 2.757447E-08 
 1.800000E+00 
 4.887855E-08 
 1.800000E+00 
-2.529249E-07 
 1.287794E-09 
 1.287575E-09 
 1.800000E+00 
 3.263778E-07 
 1.800000E+00 
-1.072534E-06 
-5.002425E-07 
-5.002423E-07 
 1.800000E+00 
 1.041328E-08 
 1.800000E+00 
-6.118383E-09 
 5.876267E-09 
 1.800000E+00 
-3.440745E-10 
-2.240130E-07 
-2.240186E-07 
 1.800000E+00 
 1.799999E+00 
-1.224691E-06 
 9.270869E-09 
 9.270989E-09 
 9.270435E-09 
 1.800000E+00 
-3.650087E-09 
 1.800000E+00 
-4.331662E-08 
 4.955342E-09 
 4.956197E-09 
 1.800000E+00 
 1.800000E+00 
-2.293200E-05 
-4.939639E-08 
-4.939591E-08 
-4.939594E-08 
 1.800000E+00 
-4.452315E-08 
 8.986969E-09 
 1.800007E+00 
 5.138227E-08 
 1.800006E+00 
 8.539657E-06 
 8.929425E-06 
 8.929425E-06 
 1.800000E+00 
 4.115624E-07 
 1.800000E+00 
-2.425722E-06 
-2.530646E-06 
-2.530641E-06 
 1.800000E+00 
 1.258170E-08 
 2.400908E-08 
 1.800000E+00 
 3.850687E-07 
 3.851601E-07 
 1.800000E+00 
-7.824682E-06 
-7.964038E-06 
 1.800000E+00 
 7.373517E-06 
-2.173099E-07 
-2.173089E-07 
 1.800000E+00 
 7.680022E-06 
 1.800000E+00 
-1.217328E-07 
 3.725460E-09 
 3.725446E-09 
 3.725723E-09 
 1.800000E+00 
 1.800000E+00 
 3.785896E-06 
 3.700457E-06 
 3.700457E-06 
 3.700457E-06 
 1.800001E+00 
 1.194247E-09 
 1.800000E+00 
-5.023282E-06 
 2.419261E-07 
 2.419253E-07 
 1.800000E+00 
-6.206307E-06 
 8.583949E-06 
 8.583949E-06 
 1.800000E+00 
 1.800007E+00 
 8.325642E-07 
 2.477605E-07 
 2.477605E-07 
 2.477605E-07 
 2.477605E-07 
 1.800000E+00 
 4.690176E-08 
 1.800000E+00 
-4.852332E-07 
-4.736841E-07 
 1.799998E+00 
-8.673070E-07 
-1.741342E-05 
-1.741342E-05 
 1.800000E+00 
 7.007937E-07 
 7.007670E-07 
 7.007676E-07 
 1.800000E+00 
-1.273661E-06 
 1.800001E+00 
 6.574010E-08 
 1.013064E-08 
 1.012976E-08 
 1.013013E-08 
 1.800000E+00 
-5.501610E-08 
 1.800000E+00 
 5.006079E-08 
 4.565615E-07 
 4.565620E-07 
 1.800000E+00 
-1.076649E-07 
-7.743083E-08 
-7.743083E-08 
 1.799999E+00 
-1.301504E-06 
-1.423275E-06 
 1.800000E+00 
-8.741263E-08 
 7.441690E-09 
 1.799998E+00 
 1.028217E-06 
 1.024985E-06 
 1.024985E-06 
 1.024985E-06 
 1.800000E+00 
 1.856286E-08 
 1.800000E+00 
 1.664621E-07 
 1.766279E-09 
 1.766299E-09 
 1.765882E-09 
 1.800000E+00 
 2.436422E-09 
 1.800005E+00 
-7.361366E-08 
 1.102806E-08 
 1.108607E-08 
 1.102757E-08 
 1.799999E+00 
 1.098909E-06 
-4.625270E-08 
-4.625271E-08 
 1.800000E+00 
 1.298555E-08 
 1.800002E+00 
-3.036350E-06 
-3.036597E-06 
-3.036600E-06 
-3.036598E-06 
 1.800000E+00 
 7.629524E-08 
 6.324876E-09 
 1.800000E+00 
 9.325340E-09 
 1.077233E-08 
 1.077231E-08 
 1.077132E-08 
 1.800000E+00 
-3.038078E-05 
 1.800000E+00 
-1.012693E-07 
 7.731912E-09 
 7.730595E-09 
 7.730636E-09 
 1.800000E+00 
-1.770163E-06 
 8.992755E-09 
 8.992742E-09 
 1.800000E+00 
 9.054986E-08 
 1.800000E+00 
-2.269784E-09 
-1.505306E-09 
-1.505293E-09 
-1.501440E-09 
-1.510607E-09 
 1.800001E+00 
-1.075667E-06 
-5.489259E-07 
 1.800000E+00 
 3.832282E-06 
 3.891158E-06 
 3.891157E-06 
 1.800000E+00 
 8.131515E-07 
-6.526874E-08 
-6.526895E-08 
 1.800002E+00 
 2.343373E-07 
-2.187075E-07 
-2.187087E-07 
 1.800000E+00 
-1.359212E-09 
 8.573353E-09 
 8.572944E-09 
 1.800000E+00 
 5.435014E-07 
 5.653902E-07 
 5.653904E-07 
 1.800000E+00 
-2.501699E-06 
 1.158310E-08 
 1.158317E-08 
 1.800000E+00 
-2.832165E-07 
-2.828746E-07 
-2.828333E-07 
 1.800000E+00 
-1.459871E-06 
-1.457743E-06 
-1.457736E-06 
 1.800004E+00 
-1.914715E-08 
 3.611005E-09 
 3.610326E-09 
 1.800000E+00 
-1.520505E-08 
-2.410537E-08 
-2.410535E-08 
-2.410543E-08 
 1.800000E+00 
 1.677904E-06 
-1.049843E-09 
 1.800000E+00 
 4.329684E-05 
 1.684684E-05 
 1.684684E-05 
 1.684684E-05 
 1.800000E+00 
 2.709566E-07 
 1.886012E-08 
 1.885991E-08 
 1.886003E-08 
 1.800000E+00 
-3.337550E-08 
 1.799999E+00 
-2.593638E-08 
-3.091530E-08 
-3.091665E-08 
-3.091756E-08 
-3.091665E-08 
-3.091657E-08 
 1.800000E+00 
 2.015614E-07 
 1.800000E+00 
 5.691439E-08 
 6.575961E-08 
 6.575960E-08 
 6.575961E-08 
 6.575961E-08 
 1.800000E+00 
-1.102051E-06 
 8.485502E-09 
 8.483913E-09 
 1.800000E+00 
 1.533386E-06 
 1.464537E-06 
 1.464537E-06 
 1.800000E+00 
-5.802570E-09 
 3.745081E-09 
 3.746445E-09 
 3.745575E-09 
 1.800000E+00 
 7.652686E-07 
 1.768351E-09 
 1.768374E-09 
 1.767649E-09 
 1.800000E+00 
-1.943367E-07 
-9.103020E-09 
 1.800001E+00 
 2.646131E-07 
 9.623796E-09 
 9.623804E-09 
 9.622566E-09 
 9.623802E-09 
 1.800000E+00 
 9.235372E-09 
 9.822502E-09 
 9.822664E-09 
 1.800000E+00 
 1.277816E-06 
 5.616603E-09 
 5.616551E-09 
 5.616666E-09 
 1.800000E+00 
 1.107530E-06 
 6.614112E-09 
 6.615412E-09 
 1.800000E+00 
 2.124616E-07 
 2.118572E-07 
 2.118601E-07 
 2.118566E-07 
 2.118566E-07 
 1.800000E+00 
 2.040591E-07 
-4.778050E-09 
-4.698952E-09 
 1.800000E+00 
 8.913107E-07 
 6.026571E-09 
 6.027072E-09 
 6.026404E-09 
 1.800000E+00 
-6.415369E-07 
-6.417425E-07 
-6.417412E-07 
 1.799999E+00 
 6.672869E-09 
 6.095480E-09 
 6.095474E-09 
 6.095360E-09 
 6.095515E-09 
 1.800000E+00 
-1.166605E-07 
-1.232855E-07 
-1.232850E-07 
-1.232854E-07 
 1.800000E+00 
 3.690901E-06 
 4.162780E-06 
 4.162780E-06 
 1.800000E+00 
 1.255763E-07 
-2.200857E-09 
-2.200739E-09 
-2.200345E-09 
-2.200731E-09 
 1.800000E+00 
 5.210841E-07 
-2.962678E-05 
-2.962678E-05 
-2.962678E-05 
 1.800000E+00 
 5.636365E-07 
 5.508745E-07 
 5.508742E-07 
 5.508756E-07 
 1.800000E+00 
 3.808550E-07 
 3.406508E-07 
 3.406509E-07 
 3.406519E-07 
 1.800000E+00 
-4.887804E-07 
-1.183249E-07 
-1.183201E-07 
-1.183190E-07 
 1.800003E+00 
-3.343091E-08 
 1.153534E-08 
 1.153531E-08 
 1.153534E-08 
 1.153513E-08 
 1.800000E+00 
 9.277063E-08 
 3.929135E-09 
 3.929809E-09 
 3.928869E-09 
 1.800000E+00 
 2.338551E-06 
 3.017257E-06 
 3.017257E-06 
 3.017255E-06 
 1.800000E+00 
-1.520155E-08 
-1.397506E-08 
-1.397524E-08 
-1.397541E-08 
-1.396166E-08 
 1.800001E+00 
-4.099654E-06 
 3.721132E-06 
 3.721132E-06 
 3.721132E-06 
 1.800000E+00 
 2.258088E-07 
 2.272971E-07 
 2.272970E-07 
 2.272968E-07 
 2.272976E-07 
 1.800000E+00 
-4.194852E-07 
 9.062054E-09 
 9.062788E-09 
 9.062714E-09 
 9.062769E-09 
 1.800000E+00 
 1.060548E-08 
 8.456612E-09 
 8.456333E-09 
 1.800007E+00 
 1.771507E-06 
 6.465492E-09 
 6.465517E-09 
 6.465393E-09 
 6.465425E-09 
 6.465510E-09 
 6.465545E-09 
 1.800000E+00 
-3.809994E-08 
 1.316160E-09 
 1.800000E+00 
 2.227622E-08 
 2.359410E-08 
 2.359414E-08 
 2.359411E-08 
 2.359412E-08 
 2.359409E-08 
 2.359482E-08 
 2.359071E-08 
 1.800008E+00 
 1.153914E-08 
 4.580809E-09 
 1.800000E+00 
 1.525049E-07 
 2.341863E-09 
 2.344341E-09 
 2.341653E-09 
 2.341873E-09 
 2.341736E-09 
 2.341887E-09 
 2.341737E-09 
 1.800000E+00 
 5.369669E-08 
 1.800007E+00 
 1.367375E-07 
-5.669899E-09 
-5.669972E-09 
-5.669948E-09 
-5.659107E-09 
-5.668884E-09 
-5.669974E-09 
-5.670158E-09 
-5.670316E-09 
 1.800000E+00 
-2.114576E-06 
-2.796125E-06 
-2.796125E-06 
 1.800000E+00 
-4.371109E-06 
-4.708715E-06 
-4.708715E-06 
-4.708714E-06 
-4.708715E-06 
-4.708715E-06 
-4.708717E-06 
 1.800000E+00 
-2.061727E-07 
 9.157937E-09 
 9.138094E-09 
 1.800000E+00 
 5.222541E-06 
-8.433120E-08 
-8.433125E-08 
-8.433130E-08 
-8.433124E-08 
-8.433124E-08 
-8.433134E-08 
 1.800000E+00 
-3.551340E-09 
-9.485494E-09 
-9.485510E-09 
-9.486332E-09 
-9.485479E-09 
 1.800000E+00 
-1.963933E-05 
-1.973242E-05 
-1.973242E-05 
-1.973242E-05 
-1.973242E-05 
 1.800000E+00 
 1.395800E-06 
 6.069783E-09 
 6.069793E-09 
 6.069807E-09 
 6.069823E-09 
 6.069899E-09 
 6.069795E-09 
 1.800000E+00 
 1.316414E-05 
 1.311375E-05 
 1.311375E-05 
 1.311375E-05 
 1.800000E+00 
-4.153997E-07 
 1.598596E-08 
 1.598578E-08 
 1.598577E-08 
 1.598592E-08 
 1.598376E-08 
 1.598597E-08 
 1.800000E+00 
 5.026186E-06 
 4.934813E-06 
 4.934813E-06 
 4.934813E-06 
 4.934813E-06 
 1.800000E+00 
 4.871490E-07 
 5.692207E-09 
 5.692204E-09 
 5.692035E-09 
 5.692415E-09 
 5.692209E-09 
 1.800000E+00 
 1.290085E-07 
 1.390412E-07 
 1.390410E-07 
 1.390402E-07 
 1.390410E-07 
 1.390410E-07 
 1.390401E-07 
 1.800008E+00 
-9.125248E-11 
 1.948660E-09 
 1.948633E-09 
 1.951812E-09 
 1.800000E+00 
-9.265524E-06 
-9.270069E-06 
-9.270066E-06 
-9.270066E-06 
-9.270066E-06 
-9.270066E-06 
-9.270066E-06 
-9.270067E-06 
-9.270067E-06 
 1.800000E+00 
-5.180297E-08 
-5.966656E-08 
-5.966655E-08 
 1.800000E+00 
-1.536528E-07 
 1.325492E-07 
 1.325378E-07 
 1.325380E-07 
 1.325406E-07 
 1.325376E-07 
 1.325377E-07 
 1.325379E-07 
 1.325378E-07 
 1.325378E-07 
 1.800002E+00 
 7.759248E-08 
 7.732259E-08 
 1.800004E+00 
-1.383332E-06 
-1.978066E-06 
-1.978067E-06 
-1.978066E-06 
-1.978066E-06 
-1.978062E-06 
-1.978066E-06 
-1.978065E-06 
-1.978066E-06 
-1.978065E-06 
-1.978066E-06 
 1.799998E+00 
-6.965343E-07 
-6.973852E-07 
-6.973852E-07 
-6.973889E-07 
 1.799998E+00 
-1.814798E-07 
-1.784953E-07 
-1.785013E-07 
-1.784871E-07 
-1.784875E-07 
-1.784870E-07 
-1.784870E-07 
-1.784892E-07 
 1.800000E+00 
 1.428976E-08 
-1.301546E-08 
-1.301531E-08 
-1.301539E-08 
-1.301535E-08 
-1.301565E-08 
 1.800000E+00 
 1.305977E-06 
 6.099044E-07 
 6.099044E-07 
 6.099041E-07 
 6.099044E-07 
 6.099043E-07 
 6.099042E-07 
 1.800000E+00 
 4.708032E-06 
 4.668495E-06 
 4.668495E-06 
 4.668495E-06 
 4.668495E-06 
 4.668495E-06 
 4.668495E-06 
 1.800000E+00 
 3.096777E-06 
-6.266542E-09 
-6.266507E-09 
-6.266855E-09 
-6.266845E-09 
-6.266540E-09 
-6.266550E-09 
 1.800000E+00 
-8.227888E-07 
-8.227757E-07 
-8.227757E-07 
-8.227757E-07 
-8.227757E-07 
-8.227757E-07 
-8.227757E-07 
-8.227757E-07 
 1.800000E+00 
 3.927038E-09 
 3.888930E-09 
 3.888696E-09 
 3.888836E-09 
 3.888952E-09 
 3.888949E-09 
 1.800000E+00 
 4.032749E-06 
 4.172361E-06 
 4.172359E-06 
 4.172361E-06 
 4.172361E-06 
 4.172361E-06 
 4.172360E-06 
 4.172361E-06 
 1.800000E+00 
 1.747544E-08 
 8.630210E-09 
 8.630356E-09 
 8.630348E-09 
 8.632916E-09 
 8.628529E-09 
 8.630762E-09 
 8.630382E-09 
 1.800000E+00 
 4.095673E-06 
-1.314542E-05 
-1.314542E-05 
-1.314542E-05 
-1.314542E-05 
-1.314542E-05 
-1.314542E-05 
 1.800000E+00 
 1.229472E-05 
-9.693835E-07 
-9.694026E-07 
-9.694023E-07 
-9.694027E-07 
-9.694025E-07 
-9.694001E-07 
-9.694026E-07 
 1.800000E+00 
-1.518678E-08 
-7.872059E-09 
-7.885072E-09 
-7.872148E-09 
-7.872117E-09 
-7.872081E-09 
-7.872053E-09 
 1.800000E+00 
-2.978695E-07 
 6.598838E-09 
 6.599651E-09 
 6.598844E-09 
 6.598620E-09 
 6.596120E-09 
 6.598839E-09 
 6.598845E-09 
 6.616433E-09 
 1.800000E+00 
 4.410223E-08 
 9.055178E-09 
 9.054946E-09 
 9.054918E-09 
 9.054898E-09 
 9.054707E-09 
 9.054932E-09 
 1.800004E+00 
 8.749615E-06 
-5.370841E-07 
-5.370842E-07 
-5.370841E-07 
-5.370841E-07 
-5.370843E-07 
-5.370842E-07 
-5.370841E-07 
-5.370841E-07 
 1.800000E+00 
-1.841439E-08 
-1.841170E-08 
-1.841223E-08 
-1.841100E-08 
-1.841110E-08 
-1.841143E-08 
-1.841108E-08 
 1.799999E+00 
 1.694622E-07 
 1.702299E-07 
 1.702298E-07 
 1.702311E-07 
 1.702300E-07 
 1.702297E-07 
 1.702297E-07 
 1.702298E-07 
 1.702298E-07 
 1.702297E-07 
 1.800000E+00 
-3.882631E-08 
 1.114344E-08 
 1.113913E-08 
 1.114248E-08 
 1.113481E-08 
 1.114247E-08 
 1.800000E+00 
 3.351798E-07 
 3.390813E-07 
 3.390813E-07 
 3.390813E-07 
 3.390812E-07 
 3.390813E-07 
 3.390812E-07 
 3.390812E-07 
 3.390800E-07 
 3.390804E-07 
 3.390813E-07 
 1.800000E+00 
 9.109530E-06 
 9.125326E-06 
 9.125326E-06 
 9.125326E-06 
 9.125326E-06 
 9.125326E-06 
 1.800000E+00 
-8.609382E-07 
-8.777951E-07 
-8.778030E-07 
-8.778033E-07 
-8.778031E-07 
-8.777984E-07 
-8.778030E-07 
-8.778030E-07 
-8.778030E-07 
-8.778035E-07 
-8.777947E-07 
 1.800000E+00 
 1.582939E-06 
 5.767486E-09 
 5.765737E-09 
 5.765374E-09 
 5.765737E-09 
 5.764361E-09 
 1.800000E+00 
-1.965936E-07 
-1.714353E-07 
-1.714353E-07 
-1.714353E-07 
-1.714353E-07 
-1.714353E-07 
-1.714348E-07 
-1.714353E-07 
-1.714353E-07 
-1.714354E-07 
-1.714346E-07 
-1.714353E-07 
 1.800000E+00 
 3.399047E-07 
 8.677156E-09 
 8.676600E-09 
 8.683957E-09 
 8.677207E-09 
 1.800000E+00 
-2.291464E-07 
-4.749807E-07 
-4.749805E-07 
-4.749808E-07 
-4.749808E-07 
-4.749809E-07 
-4.749807E-07 
-4.749807E-07 
-4.749804E-07 
-4.749808E-07 
-4.749808E-07 
-4.749809E-07 
-4.749808E-07 
 1.800000E+00 
 6.186919E-09 
 6.320843E-09 
 6.322339E-09 
 6.322251E-09 
 6.322325E-09 
 1.800000E+00 
-2.211075E-05 
-2.197202E-05 
-2.197202E-05 
-2.197202E-05 
-2.197201E-05 
-2.197203E-05 
-2.197202E-05 
-2.197202E-05 
-2.197202E-05 
-2.197202E-05 
-2.197202E-05 
-2.197203E-05 
 1.800000E+00 
 1.233518E-05 
 3.744333E-08 
 3.744331E-08 
 3.744281E-08 
 3.744371E-08 
 3.744234E-08 
 3.744331E-08 
 1.800000E+00 
-1.052155E-08 
-7.618657E-09 
-7.618585E-09 
-7.618533E-09 
-7.618289E-09 
-7.618549E-09 
-7.618556E-09 
-7.618539E-09 
-7.618537E-09 
-7.618541E-09 
 1.800000E+00 
-7.683317E-05 
 3.345614E-08 
 3.345610E-08 
 3.346241E-08 
 3.345612E-08 
 3.345608E-08 
 3.345615E-08 
 3.345618E-08 
 3.345631E-08 
 1.800000E+00 
-1.742681E-06 
-1.741841E-06 
-1.741840E-06 
-1.741841E-06 
-1.741842E-06 
-1.741841E-06 
-1.741840E-06 
-1.741840E-06 
 1.800000E+00 
-4.730278E-06 
 1.044751E-06 
 1.044746E-06 
 1.044751E-06 
 1.044727E-06 
 1.044752E-06 
 1.044752E-06 
 1.044751E-06 
 1.044751E-06 
 1.044749E-06 
 1.044751E-06 
 1.800000E+00 
-1.290159E-06 
-1.323003E-06 
-1.323002E-06 
-1.323002E-06 
-1.323002E-06 
-1.323002E-06 
-1.323002E-06 
 1.799999E+00 
 6.060674E-06 
-1.645966E-07 
-1.645930E-07 
-1.645965E-07 
-1.645947E-07 
-1.645962E-07 
-1.645966E-07 
-1.645959E-07 
-1.645965E-07 
-1.645964E-07 
-1.645965E-07 
 1.800007E+00 
 1.845769E-08 
 1.161554E-08 
 1.161325E-08 
 1.161581E-08 
 1.161615E-08 
 1.161598E-08 
 1.161565E-08 
 1.161777E-08 
 1.800000E+00 
 1.769365E-07 
 1.562048E-07 
 1.562066E-07 
 1.562078E-07 
 1.562066E-07 
 1.562066E-07 
 1.562058E-07 
 1.562071E-07 
 1.562066E-07 
 1.800000E+00 
-8.808023E-07 
 6.539762E-09 
 6.540524E-09 
 6.539809E-09 
 6.539311E-09 
 6.539791E-09 
 6.539863E-09 
 6.539872E-09 
 6.539867E-09 
 1.800000E+00 
-1.288676E-06 
 1.062039E-08 
 1.062015E-08 
 1.062020E-08 
 1.062017E-08 
 1.062016E-08 
 1.062015E-08 
 1.062108E-08 
 1.061900E-08 
 1.062017E-08 
 1.800000E+00 
-2.856888E-06 
 1.599073E-08 
 1.598151E-08 
 1.600483E-08 
 1.599028E-08 
 1.598866E-08 
 1.599074E-08 
 1.800000E+00 
 1.610149E-09 
 6.468729E-09 
 6.482361E-09 
 6.469150E-09 
 6.469100E-09 
 6.468461E-09 
 6.469132E-09 
 6.469135E-09 
 6.469140E-09 
 6.469532E-09 
 6.469146E-09 
 1.800000E+00 
 1.424181E-05 
 1.422932E-05 
 1.422932E-05 
 1.422932E-05 
 1.422932E-05 
 1.422932E-05 
 1.422932E-05 
 1.422932E-05 
 1.800000E+00 
 4.488152E-07 
 7.787833E-09 
 7.787913E-09 
 7.785088E-09 
 7.788035E-09 
 7.788104E-09 
 7.788015E-09 
 7.788040E-09 
 1.800000E+00 
 9.287457E-07 
 8.736968E-07 
 8.736968E-07 
 8.736977E-07 
 8.736970E-07 
 8.736969E-07 
 8.736960E-07 
 8.736969E-07 
 8.736968E-07 
 8.736972E-07 
 1.800000E+00 
-1.938243E-07 
-8.229984E-08 
-8.229953E-08 
-8.229925E-08 
-8.229972E-08 
-8.229967E-08 
-8.229969E-08 
-8.229834E-08 
 1.800002E+00 
 3.557666E-06 
 3.132602E-06 
 3.132602E-06 
 3.132598E-06 
 3.132602E-06 
 3.132602E-06 
 3.132602E-06 
 3.132602E-06 
 3.132602E-06 
 1.800000E+00 
-9.287285E-08 
-8.923477E-08 
-8.923472E-08 
-8.923449E-08 
-8.923473E-08 
-8.924220E-08 
-8.923467E-08 
-8.923468E-08 
 1.800000E+00 
 1.212422E-06 
 5.057705E-09 
 5.057704E-09 
 5.057941E-09 
 5.057719E-09 
 5.057720E-09 
 5.057730E-09 
 5.058079E-09 
 5.057721E-09 
 1.800000E+00 
 1.660156E-06 
 3.044183E-09 
 3.044169E-09 
 3.041813E-09 
 3.044081E-09 
 3.044127E-09 
 3.042176E-09 
 3.044145E-09 
 1.800000E+00 
-7.718084E-07 
-7.711280E-07 
-7.711281E-07 
-7.711285E-07 
-7.711280E-07 
-7.711272E-07 
-7.711281E-07 
-7.711309E-07 
 1.799999E+00 
 8.381921E-07 
 5.571429E-09 
 5.571530E-09 
 5.571544E-09 
 5.572395E-09 
 5.571534E-09 
 5.576916E-09 
 5.571499E-09 
 5.571534E-09 
 1.799999E+00 
 8.272581E-07 
 8.271037E-07 
 8.271040E-07 
 8.271037E-07 
 8.271066E-07 
 8.271037E-07 
 8.271037E-07 
 1.800000E+00 
-1.929430E-06 
 2.308230E-08 
 2.308183E-08 
 2.308199E-08 
 2.308228E-08 
 2.308266E-08 
 2.308230E-08 
 2.308223E-08 
 2.308231E-08 
 1.800000E+00 
-1.203628E-07 
-1.220750E-07 
-1.220750E-07 
-1.220750E-07 
-1.220750E-07 
-1.220751E-07 
-1.220750E-07 
 1.800000E+00 
-2.697856E-07 
-2.708044E-07 
-2.708044E-07 
-2.708044E-07 
-2.708042E-07 
-2.708044E-07 
-2.708044E-07 
-2.708043E-07 
 1.800001E+00 
 5.838357E-07 
 5.840627E-07 
 5.840628E-07 
 5.840628E-07 
 5.840627E-07 
 5.840590E-07 
 5.840634E-07 
 5.840628E-07 
 1.800000E+00 
-8.703730E-08 
-8.694551E-08 
-8.694442E-08 
-8.694445E-08 
-8.694457E-08 
-8.694444E-08 
-8.694466E-08 
-8.694444E-08 
 1.800000E+00 
-1.887226E-06 
-9.094655E-07 
-9.094651E-07 
-9.094655E-07 
-9.094655E-07 
-9.094655E-07 
 1.800000E+00 
 7.390532E-06 
 7.297243E-06 
 7.297243E-06 
 7.297243E-06 
 7.297244E-06 
 7.297243E-06 
 7.297243E-06 
 7.297243E-06 
 7.297243E-06 
 7.297243E-06 
 1.800002E+00 
 5.289854E-09 
 6.513408E-09 
 6.513398E-09 
 6.513031E-09 
 1.800000E+00 
-2.460995E-07 
-1.846122E-07 
-1.846123E-07 
-1.846122E-07 
-1.846122E-07 
-1.846109E-07 
-1.846122E-07 
-1.846122E-07 
-1.846151E-07 
-1.846124E-07 
 1.800000E+00 
-1.333450E-06 
 1.708358E-07 
 1.708356E-07 
 1.708358E-07 
 1.708358E-07 
 1.800000E+00 
-8.077279E-08 
 1.522630E-07 
 1.522600E-07 
 1.522911E-07 
 1.522629E-07 
 1.522629E-07 
 1.522631E-07 
 1.522631E-07 
 1.522631E-07 
 1.800000E+00 
-2.532841E-06 
 3.503414E-08 
 3.503409E-08 
 3.503409E-08 
 3.503411E-08 
 1.800000E+00 
-3.025140E-05 
 1.122735E-08 
 1.121958E-08 
 1.121975E-08 
 1.121864E-08 
 1.121956E-08 
 1.121934E-08 
 1.121958E-08 
 1.121931E-08 
 1.800007E+00 
 2.360819E-08 
 1.107231E-08 
 1.107237E-08 
 1.106691E-08 
 1.799997E+00 
 3.196368E-06 
-1.183021E-07 
-1.183022E-07 
-1.183032E-07 
-1.183019E-07 
-1.182749E-07 
-1.183021E-07 
-1.183021E-07 
-1.183021E-07 
 1.800000E+00 
-3.423787E-09 
 7.478703E-09 
 7.478880E-09 
 7.473631E-09 
 7.478504E-09 
 1.800000E+00 
-3.353385E-08 
 1.873761E-07 
 1.873728E-07 
 1.873774E-07 
 1.873761E-07 
 1.873761E-07 
 1.873763E-07 
 1.800000E+00 
-2.732544E-06 
 1.880576E-08 
 1.880509E-08 
 1.880591E-08 
 1.880575E-08 
 1.880665E-08 
 1.880575E-08 
 1.800000E+00 
-1.920826E-08 
-1.564392E-08 
-1.564389E-08 
-1.564389E-08 
-1.564415E-08 
 1.800000E+00 
 4.626705E-06 
 4.629468E-06 
 4.629470E-06 
 4.629470E-06 
 4.629470E-06 
 4.629469E-06 
 4.629470E-06 
 1.800000E+00 
 1.430001E-06 
 1.426476E-06 
 1.426476E-06 
 1.426476E-06 
 1.426477E-06 
 1.426476E-06 
 1.800000E+00 
-1.002285E-06 
 1.058157E-07 
 1.058176E-07 
 1.058167E-07 
 1.058187E-07 
 1.058166E-07 
 1.800000E+00 
-4.409340E-06 
-4.427646E-06 
-4.427646E-06 
-4.427646E-06 
-4.427645E-06 
 1.800000E+00 
-1.047378E-06 
 7.654320E-09 
 7.655829E-09 
 7.655594E-09 
 7.655208E-09 
 7.655628E-09 
 7.655623E-09 
 1.800000E+00 
 6.817486E-07 
 6.563005E-07 
 6.562988E-07 
 6.563000E-07 
 6.562982E-07 
 6.563000E-07 
 1.800000E+00 
-3.485701E-07 
-3.053979E-07 
-3.053956E-07 
-3.053955E-07 
 1.800000E+00 
-1.658144E-06 
-2.303937E-06 
-2.303937E-06 
-2.303938E-06 
-2.303937E-06 
-2.303937E-06 
-2.303938E-06 
-2.303938E-06 
 1.800000E+00 
 1.768954E-08 
 1.877526E-08 
 1.877415E-08 
 1.800000E+00 
 4.422340E-08 
 4.420633E-08 
 4.420650E-08 
 4.420632E-08 
 4.420631E-08 
 4.420707E-08 
 4.420634E-08 
 1.800000E+00 
-4.643753E-07 
 2.356544E-08 
 2.356531E-08 
 2.356525E-08 
 2.356519E-08 
 1.800000E+00 
 3.206472E-07 
 3.065792E-07 
 3.065795E-07 
 3.065795E-07 
 3.065796E-07 
 1.800000E+00 
-1.209129E-08 
 1.902379E-09 
 1.902166E-09 
 1.902596E-09 
 1.901843E-09 
 1.897402E-09 
 1.800000E+00 
-7.134662E-07 
-9.557169E-07 
-9.557163E-07 
-9.557182E-07 
-9.553386E-07 
 1.800000E+00 
 9.268923E-06 
-6.749079E-07 
-6.749078E-07 
-6.749077E-07 
 1.800000E+00 
 2.674836E-06 
 2.419257E-06 
 2.419258E-06 
 2.419257E-06 
 2.419257E-06 
 2.419257E-06 
 2.419256E-06 
 1.800000E+00 
-6.217837E-08 
 1.064304E-08 
 1.800000E+00 
 1.314157E-07 
 4.494470E-09 
 4.443118E-09 
 4.495078E-09 
 4.494473E-09 
 4.494471E-09 
 4.494694E-09 
 4.494492E-09 
 1.800000E+00 
-8.858486E-08 
-4.256792E-08 
-4.256794E-08 
 1.800000E+00 
-1.322605E-05 
-1.324084E-05 
-1.324084E-05 
-1.324084E-05 
-1.324084E-05 
-1.324087E-05 
 1.800000E+00 
-8.143590E-09 
 9.187220E-09 
 9.187639E-09 
 9.142112E-09 
 1.800000E+00 
 4.790687E-05 
 4.997529E-06 
 4.997530E-06 
 4.997529E-06 
 1.800001E+00 
 1.174873E-06 
 5.883287E-09 
 5.883299E-09 
 5.884305E-09 
 5.882839E-09 
 5.883307E-09 
 1.799999E+00 
 1.328628E-06 
 6.627663E-09 
 6.627996E-09 
 6.627833E-09 
 1.800000E+00 
-1.161898E-06 
-4.844619E-07 
-4.844621E-07 
-4.844669E-07 
 1.800000E+00 
-9.246047E-07 
-1.519324E-06 
-1.519324E-06 
-1.519324E-06 
-1.519325E-06 
 1.800000E+00 
 4.991149E-08 
 3.111138E-08 
 3.111228E-08 
 3.111230E-08 
 1.800000E+00 
 1.442221E-07 
 1.453698E-07 
 1.453690E-07 
 1.453688E-07 
 1.453688E-07 
 1.799999E+00 
-4.738224E-07 
-4.750919E-07 
-4.750938E-07 
 1.800000E+00 
-1.214966E-06 
 1.742228E-08 
 1.742236E-08 
 1.742236E-08 
 1.742236E-08 
 1.742327E-08 
 1.800000E+00 
 1.405284E-07 
 1.375321E-07 
 1.375323E-07 
 1.800003E+00 
 1.155514E-06 
 1.441638E-06 
 1.441637E-06 
 1.441639E-06 
 1.800000E+00 
 3.889879E-08 
-3.230020E-09 
-3.227624E-09 
-3.227557E-09 
-3.227587E-09 
 1.800000E+00 
 4.315094E-06 
 4.811391E-06 
 4.811390E-06 
 1.800000E+00 
 7.794706E-09 
 9.040955E-09 
 9.041735E-09 
 9.041712E-09 
 9.041324E-09 
 1.800000E+00 
 4.405725E-08 
 2.644614E-08 
 2.644613E-08 
 2.644640E-08 
 1.800000E+00 
-1.675148E-08 
 3.078037E-09 
 3.076114E-09 
 1.800000E+00 
 5.139581E-08 
 1.028886E-08 
 1.028907E-08 
 1.028924E-08 
 1.800000E+00 
 1.323063E-07 
 4.700683E-09 
 4.701172E-09 
 4.701075E-09 
 4.701174E-09 
 1.800006E+00 
 7.647000E-09 
 9.331809E-09 
 1.800000E+00 
 1.983509E-07 
 4.677441E-08 
 4.677447E-08 
 4.677447E-08 
 4.682982E-08 
 1.800000E+00 
-2.011607E-08 
 8.994953E-09 
 8.995573E-09 
 8.993316E-09 
 1.800000E+00 
-8.419809E-07 
-8.657303E-07 
 1.800000E+00 
 9.202825E-07 
 7.453885E-09 
 7.454608E-09 
 7.453467E-09 
 7.453418E-09 
 7.453327E-09 
 1.800000E+00 
 8.989794E-09 
 1.800000E+00 
 2.220129E-06 
-6.702087E-09 
-6.702146E-09 
-6.702032E-09 
-6.702099E-09 
-6.702156E-09 
 1.800000E+00 
-5.626256E-07 
 1.800000E+00 
 2.448605E-06 
 4.747493E-09 
 4.747529E-09 
 4.747581E-09 
 4.747502E-09 
 4.746940E-09 
 1.800000E+00 
-1.067515E-07 
-3.356660E-07 
 1.800000E+00 
 1.141890E-06 
 2.145009E-09 
 2.140582E-09 
 2.142090E-09 
 1.800000E+00 
 1.041221E-06 
 1.041578E-06 
 1.041579E-06 
 1.799997E+00 
-5.875445E-10 
-5.139185E-10 
-5.146439E-10 
 1.800000E+00 
 4.890641E-08 
 6.503619E-09 
 6.503861E-09 
 6.503884E-09 
 6.503873E-09 
 1.800000E+00 
 1.800000E+00 
-5.082516E-07 
-6.607144E-07 
-6.607150E-07 
-6.607157E-07 
-6.607157E-07 
-6.607157E-07 
-6.607157E-07 
 1.800000E+00 
 3.298752E-08 
 1.800000E+00 
-1.746033E-08 
-1.523383E-07 
-1.523450E-07 
-1.523351E-07 
 1.800000E+00 
-1.967654E-06 
 2.847808E-08 
 2.848259E-08 
 1.800000E+00 
-2.905852E-07 
-3.174024E-07 
-3.174024E-07 
 1.800000E+00 
 7.457228E-08 
 1.142207E-07 
 1.142205E-07 
 1.800000E+00 
-9.055470E-06 
-9.386995E-06 
-9.386994E-06 
-9.386997E-06 
 1.800000E+00 
 6.837010E-09 
 6.801760E-09 
 1.800000E+00 
-7.245791E-07 
 8.606044E-09 
 8.607131E-09 
 1.800000E+00 
 1.078181E-06 
 1.554049E-06 
 1.554048E-06 
 1.554049E-06 
 1.800000E+00 
 5.990670E-06 
 1.800001E+00 
 3.509437E-06 
-6.472626E-08 
-6.472629E-08 
-6.472624E-08 
-6.473448E-08 
 1.800000E+00 
-1.038315E-05 
-1.039311E-05 
 1.800000E+00 
 9.322071E-07 
 9.194213E-09 
 9.194233E-09 
 1.800000E+00 
-4.877708E-07 
 1.907427E-08 
 1.907433E-08 
 1.800000E+00 
 1.313703E-06 
 6.090448E-09 
 6.090501E-09 
 1.800000E+00 
-4.399085E-07 
 1.280896E-08 
 1.280895E-08 
 1.800000E+00 
-2.674886E-05 
-2.675380E-05 
 1.800001E+00 
 7.924417E-08 
 2.077958E-07 
 2.077958E-07 
 1.800000E+00 
 1.469381E-05 
-3.170022E-05 
-3.170022E-05 
 1.800000E+00 
-2.409019E-07 
-2.006245E-08 
-2.006245E-08 
 1.800000E+00 
-2.745965E-08 
-6.567291E-09 
 1.800000E+00 
 7.582598E-08 
 7.590717E-08 
 7.590732E-08 
 1.800000E+00 
 3.770181E-08 
 4.414732E-08 
 4.414764E-08 
 1.800006E+00 
 2.313879E-07 
 9.606649E-08 
 1.800000E+00 
 2.071085E-08 
 2.199380E-08 
 2.199115E-08 
 1.800000E+00 
 2.293648E-07 
-2.528789E-08 
 1.800000E+00 
 1.164136E-07 
 4.682409E-09 
 4.683053E-09 
 4.683056E-09 
 1.800007E+00 
 5.453234E-07 
 1.800000E+00 
-6.287294E-08 
 3.603388E-08 
 3.602949E-08 
 1.800000E+00 
 6.222537E-07 
 1.108206E-08 
 1.108201E-08 
 1.800000E+00 
 1.684604E-08 
 1.682874E-08 
 1.800000E+00 
 3.559006E-06 
 3.104239E-06 
 3.104238E-06 
 1.800002E+00 
-1.226580E-06 
 1.044423E-08 
 1.800000E+00 
-5.275415E-05 
 9.133973E-09 
 1.800000E+00 
 1.779167E-06 
 6.386724E-09 
 6.375674E-09 
 6.375511E-09 
 1.800000E+00 
 1.799999E+00 
-1.020798E-06 
-4.348626E-07 
-4.348626E-07 
-4.348634E-07 
-4.348625E-07 
 1.800000E+00 
 1.800000E+00 
 9.452584E-09 
 5.266985E-09 
 5.267069E-09 
 5.267078E-09 
 1.800000E+00 
-4.724246E-07 
 6.530454E-09 
 1.800000E+00 
 8.077412E-06 
 8.493826E-06 
 1.800000E+00 
-8.105859E-06 
 1.236349E-05 
 1.800000E+00 
 1.998559E-06 
 1.939841E-06 
 1.939841E-06 
 1.800002E+00 
 1.432679E-08 
 7.445816E-09 
 1.800007E+00 
 5.224956E-07 
 4.873833E-07 
 1.800000E+00 
 9.809527E-07 
 9.802688E-07 
 9.802689E-07 
 1.800000E+00 
-3.674848E-07 
 1.800000E+00 
 3.176877E-08 
 3.178486E-08 
 3.178309E-08 
 1.799999E+00 
 5.071109E-08 
 5.145114E-08 
 1.800000E+00 
 7.231378E-09 
 6.536961E-09 
 1.800005E+00 
 1.938336E-06 
 1.935160E-06 
 1.935159E-06 
 1.800000E+00 
 5.542802E-09 
 1.800000E+00 
-5.957228E-06 
-5.800606E-06 
-5.800600E-06 
 1.800000E+00 
 2.029555E-09 
 1.800006E+00 
-6.270724E-06 
-8.680229E-06 
-8.680231E-06 
 1.800000E+00 
 9.289722E-07 
 1.109951E-06 
 1.800000E+00 
 7.921095E-09 
 8.070282E-09 
 1.800007E+00 
 5.473999E-06 
-1.191047E-07 
 1.800000E+00 
 1.673954E-05 
 1.671892E-05 
 1.800000E+00 
 1.653367E-06 
 1.650454E-06 
 1.800000E+00 
-4.544449E-08 
 9.321398E-09 
 1.800000E+00 
-6.205413E-08 
 1.038971E-08 
 1.800000E+00 
 8.022582E-08 
-8.745216E-08 
 1.800000E+00 
-4.960977E-06 
-5.072361E-06 
 1.800000E+00 
 1.922400E-06 
 4.957558E-09 
 1.800000E+00 
 9.533355E-07 
 1.015764E-06 
 1.800002E+00 
-1.038377E-06 
-1.035635E-06 
 1.800000E+00 
-3.877109E-07 
 1.800000E+00 
-2.551594E-06 
 1.900225E-08 
 1.900219E-08 
 1.800000E+00 
 3.165117E-08 
 2.635142E-08 
 1.800000E+00 
-1.655619E-08 
 1.800001E+00 
-3.499835E-05 
 2.402396E-07 
 2.402394E-07 
 1.800007E+00 
 2.352731E-07 
 1.799999E+00 
 2.485129E-07 
 2.485130E-07 
 1.800000E+00 
 1.739570E-06 
 1.716464E-06 
 1.800000E+00 
 6.354187E-07 
 1.800000E+00 
 3.534464E-09 
 4.269924E-09 
 4.269705E-09 
 1.800007E+00 
-2.218869E-08 
 1.800000E+00 
-2.807434E-05 
 6.376443E-09 
 6.376509E-09 
 1.800000E+00 
 1.800000E+00 
-1.417903E-06 
-1.421501E-06 
-1.421501E-06 
 1.800000E+00 
-1.249013E-09 
 1.943915E-08 
 1.799998E+00 
 1.800000E+00 
 1.767697E-08 
-2.648323E-07 
-2.648321E-07 
-2.648321E-07 
 1.800000E+00 
 1.800000E+00 
 1.484366E-07 
-5.380834E-09 
-5.380888E-09 
 1.800000E+00 
 1.800000E+00 
 3.682545E-06 
 1.980206E-05 
 1.980206E-05 
 1.980206E-05 
 1.800000E+00 
 1.800000E+00 
 6.785478E-06 
 6.766575E-06 
 1.800000E+00 
 1.853845E-07 
 3.272523E-09 
 1.800000E+00 
-2.107371E-08 
 1.800000E+00 
 4.601009E-07 
 2.030005E-07 
 2.029999E-07 
 1.800000E+00 
 1.800000E+00 
 3.781614E-07 
 6.926436E-08 
 6.926514E-08 
 1.800000E+00 
 5.073651E-07 
 1.800000E+00 
-4.463403E-10 
 1.800001E+00 
-6.106556E-06 
-6.164998E-06 
-6.164998E-06 
 1.800000E+00 
 1.800001E+00 
 1.806968E-09 
 6.375065E-09 
 6.375546E-09 
 1.800000E+00 
 1.220610E-07 
 1.800003E+00 
-7.028060E-08 
 3.361238E-09 
 1.800000E+00 
 1.800000E+00 
-2.029790E-07 
 6.579386E-09 
 6.579523E-09 
 1.800000E+00 
 6.007129E-08 
 2.471933E-08 
 1.800000E+00 
 1.800000E+00 
 8.226063E-09 
 1.848313E-09 
 1.848393E-09 
 1.800000E+00 
 1.800000E+00 
 4.799793E-06 
 4.801402E-06 
 4.801402E-06 
 1.800000E+00 
 1.800000E+00 
-2.662474E-05 
-2.671961E-05 
-2.671962E-05 
 1.800000E+00 
 1.800000E+00 
 1.429489E-09 
-3.401140E-09 
-3.402493E-09 
 1.800000E+00 
 1.800000E+00 
 2.599604E-08 
 2.546544E-08 
 2.546541E-08 
 1.800000E+00 
 1.800000E+00 
-8.037241E-06 
-8.048127E-06 
-8.048128E-06 
 1.800000E+00 
 1.800000E+00 
 3.477808E-06 
 3.608965E-06 
 1.800000E+00 
 1.907775E-07 
 1.800000E+00 
 1.820769E-06 
 5.541045E-09 
 1.800000E+00 
 4.793568E-09 
 1.800000E+00 
-8.338411E-08 
-2.028566E-07 
 1.800000E+00 
 3.429740E-09 
 1.800000E+00 
-1.071158E-05 
 1.800000E+00 
-6.268817E-09 
 5.780782E-08 
 1.799999E+00 
 8.876647E-08 
 1.800005E+00 
-1.597788E-07 
-1.202794E-08 
 1.800000E+00 
 1.800007E+00 
-3.850724E-06 
-3.202030E-06 
-3.202030E-06 
 1.800007E+00 
 1.800000E+00 
 1.708356E-07 
 1.044022E-07 
 1.800000E+00 
-1.865135E-06 
 1.800000E+00 
 2.084309E-07 
 7.562242E-08 
 1.800000E+00 
 5.566043E-07 
 1.800000E+00 
-4.749141E-08 
 1.800000E+00 
 8.090833E-08 
 1.800000E+00 
-1.024433E-06 
-6.798427E-07 
 1.800000E+00 
-1.964444E-07 
 1.800000E+00 
-6.022130E-07 
-7.913869E-07 
 1.800000E+00 
 1.800000E+00 
-2.282767E-07 
 4.666752E-09 
 1.800002E+00 
 2.028522E-06 
 1.800000E+00 
-3.250890E-07 
 3.225514E-09 
 1.800000E+00 
 1.799999E+00 
 1.397098E-07 
 6.545965E-09 
 1.800000E+00 
 3.086992E-06 
 1.800000E+00 
-8.621688E-08 
-8.692131E-08 
 1.800000E+00 
 1.799996E+00 
 2.705433E-05 
 1.785117E-08 
 1.800000E+00 
-4.069224E-06 
 1.800000E+00 
 8.463012E-06 
 8.364097E-06 
 1.800000E+00 
 1.800000E+00 
-2.044553E-06 
-2.043385E-06 
 1.800000E+00 
 8.621769E-09 
 1.800000E+00 
 8.068646E-09 
 1.800000E+00 
 3.412861E-07 
 1.799999E+00 
 5.582117E-08 
 1.800000E+00 
 1.061689E-08 
 6.605017E-09 
 1.800000E+00 
-2.425460E-05 
 1.800000E+00 
 6.990188E-09 
 1.800000E+00 
-3.325972E-07 
 1.800000E+00 
-6.579902E-08 
 1.800000E+00 
 7.544483E-09 
 7.446936E-09 
 1.800000E+00 
 1.800000E+00 
-3.852314E-06 
-3.851719E-06 
 1.799998E+00 
 1.800000E+00 
-7.793817E-05 
 9.200234E-08 
 1.800000E+00 
 5.887156E-06 
 5.869683E-06 
 1.800000E+00 
 1.800000E+00 
 2.582862E-06 
 1.800000E+00 
 1.237420E-09 
 1.800000E+00 
-5.480238E-07 
-3.564606E-07 
 1.800000E+00 
 1.800000E+00 
 8.267030E-09 
 6.240181E-09 
 1.800000E+00 
 4.617478E-09 
 1.800001E+00 
 1.800000E+00 
-2.692821E-09 
-2.691799E-10 
 1.800000E+00 
 1.289996E-07 
 1.800000E+00 
 8.474146E-09 
 1.800000E+00 
 1.030367E-07 
 1.800000E+00 
-1.667028E-05 
-1.647714E-06 
 1.799999E+00 
 1.800000E+00 
 9.096115E-08 
 1.800000E+00 
 1.972171E-08 
 1.800000E+00 
 2.453902E-06 
-4.503450E-09 
 1.799999E+00 
 1.800000E+00 
 8.200486E-08 
 1.800002E+00 
-5.789730E-08 
-3.152899E-08 
 1.800000E+00 
 1.800000E+00 
 1.078254E-07 
 6.555228E-09 
 1.800000E+00 
 1.800000E+00 
 1.450617E-06 
 3.025545E-09 
 1.800000E+00 
 1.800000E+00 
 3.025294E-06 
 3.024137E-06 
 1.800000E+00 
 1.800000E+00 
 2.974617E-07 
 1.800000E+00 
 7.557897E-06 
-1.353426E-05 
 1.800000E+00 
 1.800000E+00 
 1.521085E-07 
 1.521760E-07 
 1.800000E+00 
 1.800000E+00 
-1.640204E-07 
 1.800000E+00 
-3.723746E-07 
-3.112264E-10 
 1.800000E+00 
 1.800000E+00 
 8.116858E-07 
 1.800000E+00 
-1.455802E-07 
 1.800000E+00 
 9.265280E-07 
 1.800000E+00 
 1.030194E-07 
 1.800000E+00 
-7.795592E-06 
 1.800000E+00 
-8.020648E-07 
 1.800000E+00 
 1.832421E-08 
 1.800000E+00 
-2.865460E-05 
 1.800000E+00 
 6.893980E-08 
 1.800000E+00 
 1.800000E+00 
 1.593020E-06 
 9.434480E-09 
 1.800004E+00 
 1.800000E+00 
-2.274401E-08 
-2.051744E-08 
 1.800000E+00 
 1.800000E+00 
 2.977821E-07 
 1.800000E+00 
 4.114514E-09 
 1.800000E+00 
-2.533970E-06 
 1.800000E+00 
 9.238539E-09 
 1.800006E+00 
 1.319123E-07 
 1.800000E+00 
-7.858401E-08 
 1.800000E+00 
 1.800000E+00 
-6.135043E-06 
-6.060402E-06 
 1.800000E+00 
 1.800000E+00 
-5.998898E-07 
 1.800000E+00 
-3.168365E-08 
 1.800000E+00 
 2.482815E-08 
 1.800000E+00 
-9.808944E-10 
 1.800000E+00 
 1.800000E+00 
-2.124926E-06 
 9.928143E-09 
 1.799999E+00 
 1.800000E+00 
 4.038396E-09 
 1.800000E+00 
-2.034612E-08 
 1.800000E+00 
-3.021381E-08 
 1.800000E+00 
 2.303249E-06 
 1.800000E+00 
 1.800001E+00 
-6.717578E-06 
 1.800000E+00 
-1.573443E-06 
 1.001300E-05 
 1.800000E+00 
 1.800000E+00 
 1.800000E+00 
-5.259727E-06 
 8.664803E-08 
 1.800000E+00 
 1.800000E+00 
-1.777459E-06 
-1.789844E-06 
 1.800000E+00 
 1.800000E+00 
 1.800000E+00 
 2.079912E-06 
 2.393619E-06 
 1.799999E+00 
 1.800000E+00 
 2.121233E-06 
 1.629425E-06 
 1.800000E+00 
 1.800000E+00 
 1.800000E+00 
 2.054125E-07 
 1.122863E-08 
 1.800000E+00 
 4.025972E-06 
 1.800000E+00 
 1.800000E+00 
 1.800001E+00 
-6.713184E-07 
 5.428020E-09 
 1.800000E+00 
 8.423933E-08 
 1.800000E+00 
 1.800000E+00 
 3.737418E-08 
 1.800000E+00 
 6.335188E-06 
 1.800005E+00 
 1.800000E+00 
-6.695771E-07 
-2.784341E-08 
 1.800000E+00 
 1.800000E+00 
 1.800006E+00 
-2.352178E-07 
-2.364944E-07 
 1.800000E+00 
 1.800000E+00 
 6.356727E-06 
 1.800001E+00 
-1.863401E-07 
 1.800000E+00 
 7.553628E-08 
 1.799999E+00 
 1.800000E+00 
 2.905810E-07 
 1.800000E+00 
 1.800000E+00 
 4.246479E-06 
 4.675909E-06 
 1.800000E+00 
 1.800000E+00 
-1.938826E-06 
 1.800000E+00 
 1.800001E+00 
 1.319875E-08 
 5.877161E-09 
 1.800000E+00 
 1.800000E+00 
 1.800000E+00 
-1.853637E-06 
 8.732577E-09 
 1.800000E+00 
 1.800000E+00 
 1.875769E-08 
 1.800004E+00 
 1.800000E+00 
-9.850730E-07 
-1.906605E-08 
 1.800000E+00 
 1.800000E+00 
 1.800000E+00 
 4.414714E-08 
 1.800000E+00 
-5.692106E-07 
 1.800000E+00 
 1.732409E-08 
 1.800000E+00 
 1.800000E+00 
-2.276399E-05 
 1.800000E+00 
 7.197044E-06 
 1.800000E+00 
 1.800000E+00 
-9.433637E-07 
 1.800000E+00 
 1.380780E-07 
 1.800000E+00 
-1.267326E-07 
 1.800007E+00 
 1.800007E+00 
 1.800000E+00 
-9.946173E-07 
 6.304933E-09 
 1.800000E+00 
 1.800000E+00 
 1.800000E+00 
 2.634616E-06 
 2.651764E-06 
 2.651764E-06 
