#format table ## [Custom WaveView] saved 10:22:09 Fri Oct  2 2026
v(qout) 
 1.800000E+00 
 1.800000E+00 
 1.800000E+00 
-1.459270E-06 
-1.459270E-06 
-1.459271E-06 
 1.800000E+00 
 1.799998E+00 
 5.274198E-10 
 1.800000E+00 
 1.800002E+00 
 1.262361E-05 
 1.262354E-05 
 1.800000E+00 
 1.800000E+00 
-2.366870E-06 
 7.726706E-07 
 1.800000E+00 
 1.800000E+00 
 1.249388E-08 
 8.811446E-09 
 1.800000E+00 
 1.800000E+00 
 8.373934E-08 
-4.476075E-08 
 1.800000E+00 
 1.800000E+00 
 3.953959E-06 
 1.800003E+00 
-9.638079E-08 
 1.800000E+00 
-1.547126E-09 
 1.800002E+00 
 8.369197E-08 
 1.800000E+00 
 8.297078E-09 
 1.800000E+00 
 1.800000E+00 
 2.288628E-06 
 2.310928E-06 
 1.800000E+00 
 8.717598E-09 
 1.800000E+00 
 1.800000E+00 
 1.899045E-07 
 1.800001E+00 
-1.499991E-05 
 1.800000E+00 
 8.657442E-07 
 1.800000E+00 
 1.758741E-06 
 1.800000E+00 
-3.543385E-07 
 1.800000E+00 
 1.800000E+00 
-5.686176E-07 
 2.879946E-09 
 1.799999E+00 
 1.800000E+00 
 6.021279E-08 
 1.800006E+00 
-1.976917E-08 
 1.800000E+00 
 2.004715E-07 
 1.800000E+00 
 1.799998E+00 
 1.812066E-06 
 1.882673E-06 
 1.800000E+00 
 1.800000E+00 
 7.695704E-09 
 1.800000E+00 
 1.800007E+00 
-3.184177E-06 
-2.405451E-05 
 1.800006E+00 
 4.996948E-06 
 1.800000E+00 
 1.800000E+00 
-1.669569E-07 
 1.800000E+00 
 1.800000E+00 
-5.430116E-07 
 2.984140E-09 
 1.800000E+00 
 1.800000E+00 
 8.339951E-07 
 1.800000E+00 
 1.016698E-09 
 1.800000E+00 
-1.334544E-07 
 1.800000E+00 
 1.800000E+00 
 1.054118E-05 
 1.799999E+00 
-1.280999E-06 
 1.800000E+00 
 1.631015E-08 
 1.799999E+00 
 1.800000E+00 
 9.605344E-09 
 1.799997E+00 
 2.197044E-08 
 1.800000E+00 
 2.332211E-08 
 1.800000E+00 
 1.800000E+00 
 1.339121E-08 
 1.800000E+00 
-4.760679E-08 
 1.800000E+00 
 1.800000E+00 
-3.419588E-07 
 1.800000E+00 
-3.302694E-05 
 1.800000E+00 
 4.128697E-07 
 1.800000E+00 
 1.799999E+00 
 1.527322E-07 
 1.800000E+00 
 8.242296E-07 
 1.800002E+00 
 1.800001E+00 
 6.416587E-09 
 1.800000E+00 
-6.167467E-09 
 1.800000E+00 
 1.800000E+00 
 6.906662E-06 
 1.800000E+00 
 1.869777E-07 
 1.800000E+00 
 1.800000E+00 
 1.258778E-07 
 1.386242E-08 
 1.800000E+00 
 1.800000E+00 
 1.800000E+00 
 7.513297E-09 
 1.799999E+00 
 1.800000E+00 
-5.362030E-08 
-2.637851E-08 
 1.800000E+00 
 1.800000E+00 
 1.800000E+00 
 1.033847E-08 
 6.530369E-09 
 1.800000E+00 
 1.800000E+00 
 1.800000E+00 
 6.655507E-07 
 1.799999E+00 
 9.448943E-07 
 1.800000E+00 
 1.800000E+00 
-4.095964E-07 
 1.800000E+00 
 2.410365E-08 
 1.800002E+00 
 1.800000E+00 
 3.409433E-08 
 1.800000E+00 
 5.954744E-08 
 1.800000E+00 
 1.800000E+00 
 1.800000E+00 
 5.671230E-06 
 1.175528E-05 
 1.800000E+00 
 1.800000E+00 
 1.800000E+00 
 1.149402E-08 
 1.800000E+00 
 2.014656E-06 
 1.800000E+00 
 1.800000E+00 
 1.800000E+00 
 8.519358E-08 
 1.293645E-07 
 1.800000E+00 
 1.800000E+00 
 1.800000E+00 
 4.246025E-08 
 1.800000E+00 
-2.194521E-05 
 1.800000E+00 
 1.800000E+00 
 2.019025E-06 
 1.800000E+00 
 1.799998E+00 
 3.357378E-06 
 1.799998E+00 
 1.481398E-08 
 1.800001E+00 
 1.800001E+00 
 1.800000E+00 
-2.330896E-07 
 1.800000E+00 
-5.578298E-08 
 1.800000E+00 
 1.800000E+00 
-1.302819E-09 
 1.800000E+00 
 1.800000E+00 
 1.499910E-08 
 1.800000E+00 
 1.800001E+00 
 7.012543E-08 
 1.800000E+00 
 1.800000E+00 
 6.941715E-09 
 1.800000E+00 
 1.800000E+00 
 9.958541E-07 
 1.800000E+00 
 1.095569E-05 
 1.800000E+00 
 1.800000E+00 
 1.800000E+00 
 2.005846E-07 
 1.800000E+00 
 1.800007E+00 
 6.659465E-09 
 1.800000E+00 
-3.472328E-06 
 1.800000E+00 
 1.800000E+00 
 1.800000E+00 
 3.744182E-08 
 1.800000E+00 
 1.800000E+00 
 4.761712E-09 
 1.800000E+00 
 2.243103E-06 
 1.800000E+00 
 1.800000E+00 
 1.800000E+00 
 1.800000E+00 
 2.505261E-06 
 2.412760E-06 
 1.800000E+00 
 1.800000E+00 
 1.800000E+00 
 2.683705E-07 
 1.800000E+00 
 1.800000E+00 
 1.800000E+00 
 2.286052E-07 
 2.327135E-07 
 1.800000E+00 
 1.800000E+00 
 1.800000E+00 
 1.800000E+00 
 1.800001E+00 
-7.669304E-08 
-1.710217E-09 
 1.800001E+00 
 1.800001E+00 
 1.800000E+00 
 7.817350E-08 
 1.800000E+00 
 1.800000E+00 
 6.872082E-09 
 1.800000E+00 
 1.800000E+00 
 1.800000E+00 
 1.088683E-06 
 1.800000E+00 
 1.800000E+00 
-2.349699E-06 
 1.800000E+00 
 7.222810E-09 
 1.800000E+00 
 1.800000E+00 
 1.800000E+00 
 1.800000E+00 
-4.399269E-06 
 1.800001E+00 
 1.800000E+00 
-1.163929E-08 
 1.800000E+00 
 1.800000E+00 
-2.151486E-09 
 1.800000E+00 
 1.800000E+00 
 1.800000E+00 
-8.666412E-08 
 1.800000E+00 
 1.800007E+00 
 5.102193E-08 
 1.800000E+00 
 1.800000E+00 
 1.800000E+00 
 3.489972E-07 
 1.800000E+00 
-7.447200E-06 
 1.800000E+00 
 1.800000E+00 
 1.800000E+00 
 1.800000E+00 
 1.800004E+00 
 1.295725E-08 
 9.022804E-09 
 1.800000E+00 
 1.800000E+00 
 1.800000E+00 
 1.800000E+00 
 1.800000E+00 
-2.012763E-06 
 5.914807E-09 
 1.800008E+00 
 1.800008E+00 
 1.800008E+00 
 1.800008E+00 
 1.800000E+00 
 1.067630E-07 
 1.800000E+00 
 1.531977E-08 
 1.800000E+00 
 1.800000E+00 
 1.800000E+00 
 1.800000E+00 
 2.268725E-07 
 1.800000E+00 
 1.800000E+00 
 4.682774E-07 
 1.800000E+00 
 1.800000E+00 
 1.800000E+00 
 1.711679E-07 
 1.800001E+00 
 1.800001E+00 
 1.800000E+00 
 1.084822E-06 
 1.800000E+00 
 1.800000E+00 
 1.800000E+00 
 6.780545E-09 
 1.800000E+00 
 1.800000E+00 
-3.270315E-06 
 1.800000E+00 
 1.800000E+00 
 1.800000E+00 
 1.800000E+00 
 8.718289E-09 
 1.800000E+00 
 1.800000E+00 
-1.995208E-06 
 1.800000E+00 
 1.800000E+00 
 1.800000E+00 
 1.250536E-08 
 1.800000E+00 
 1.800000E+00 
 1.800000E+00 
 1.800001E+00 
 9.061121E-06 
 1.800004E+00 
 1.800000E+00 
 3.429117E-08 
 1.800000E+00 
 1.800000E+00 
 1.800000E+00 
 1.800000E+00 
 2.076756E-07 
 1.800000E+00 
 1.800000E+00 
 1.800000E+00 
 9.824950E-08 
 1.799999E+00 
 1.800000E+00 
 1.800000E+00 
 4.069414E-09 
 1.799999E+00 
 1.800000E+00 
 1.800000E+00 
 3.895354E-09 
 1.800000E+00 
 1.800000E+00 
 1.800000E+00 
 1.800000E+00 
-1.150377E-06 
 1.800007E+00 
 1.800000E+00 
-1.247114E-06 
 1.800000E+00 
 1.800000E+00 
 1.800000E+00 
 1.800000E+00 
 1.800000E+00 
 5.368484E-06 
 1.800002E+00 
 1.800000E+00 
-1.171280E-07 
 1.800007E+00 
 1.800007E+00 
 1.800007E+00 
 1.800007E+00 
 1.800007E+00 
-5.253251E-08 
 1.800000E+00 
 1.800000E+00 
 1.644946E-07 
 1.799999E+00 
 1.799999E+00 
 1.799999E+00 
 1.800000E+00 
 1.800000E+00 
-1.051651E-09 
 1.800000E+00 
 1.800000E+00 
 1.923204E-08 
 1.800000E+00 
 1.800000E+00 
 1.800000E+00 
 1.800000E+00 
 1.800000E+00 
 1.395253E-08 
 1.800000E+00 
 1.800000E+00 
 1.800007E+00 
-2.406805E-07 
 1.800000E+00 
 1.800000E+00 
 1.800000E+00 
 1.800000E+00 
 1.800000E+00 
-4.054269E-07 
 1.800000E+00 
 1.800000E+00 
-2.252823E-08 
 1.799999E+00 
 1.799999E+00 
 1.799999E+00 
 1.799999E+00 
 1.799999E+00 
 1.800000E+00 
 1.006023E-05 
 1.800000E+00 
 1.800001E+00 
-1.721265E-08 
 1.800000E+00 
 1.800000E+00 
 1.800000E+00 
 1.800000E+00 
 1.800000E+00 
 1.800000E+00 
-4.571909E-06 
 1.800000E+00 
 1.800000E+00 
 4.207148E-07 
 1.800000E+00 
 1.800000E+00 
 1.800000E+00 
 1.800000E+00 
 1.800000E+00 
 1.800000E+00 
-7.298616E-06 
 1.800000E+00 
 1.800000E+00 
 1.800001E+00 
 1.299490E-07 
 1.800000E+00 
 1.800000E+00 
 1.800000E+00 
 1.800000E+00 
 1.800000E+00 
 2.726292E-08 
 1.800002E+00 
 1.800002E+00 
 1.800002E+00 
 1.800000E+00 
 1.761340E-08 
 1.800000E+00 
 1.800000E+00 
 1.800000E+00 
 1.800000E+00 
 1.800000E+00 
 3.251139E-08 
 1.800000E+00 
 1.800000E+00 
 1.800000E+00 
 1.800000E+00 
 3.182529E-08 
 1.800001E+00 
 1.800001E+00 
 1.800001E+00 
 1.800001E+00 
 1.800000E+00 
 1.715580E-08 
 1.799999E+00 
 1.799999E+00 
 1.799999E+00 
 1.799999E+00 
 1.800000E+00 
 1.588680E-08 
 1.800000E+00 
 1.800000E+00 
 1.800000E+00 
 1.800000E+00 
-3.380853E-06 
 1.800000E+00 
 1.800000E+00 
 1.800000E+00 
 1.800000E+00 
 1.800000E+00 
 1.800000E+00 
 8.960897E-07 
 1.800000E+00 
 1.800000E+00 
 1.799999E+00 
 1.800000E+00 
 4.596425E-08 
 1.800000E+00 
 1.800000E+00 
 1.800000E+00 
 1.800000E+00 
 1.800000E+00 
 3.358496E-08 
 1.800000E+00 
 1.800000E+00 
 1.800000E+00 
 1.800000E+00 
 1.800000E+00 
 1.800000E+00 
 1.349919E-08 
 1.800000E+00 
 1.800000E+00 
 1.800000E+00 
 1.800007E+00 
 1.317890E-09 
 1.800000E+00 
 1.800000E+00 
 1.800000E+00 
 1.800000E+00 
 1.800000E+00 
 1.800000E+00 
 1.800000E+00 
 9.818410E-07 
 1.800000E+00 
 1.800000E+00 
 1.800000E+00 
 1.800007E+00 
-6.907680E-08 
 1.800000E+00 
 1.800000E+00 
 1.800000E+00 
 1.800000E+00 
 1.800000E+00 
 1.800000E+00 
 1.800006E+00 
-1.519545E-06 
 1.800000E+00 
 1.799999E+00 
 1.800000E+00 
 1.800000E+00 
 7.736417E-09 
 1.800000E+00 
 1.800000E+00 
 1.800000E+00 
 1.800000E+00 
 1.800000E+00 
 1.800000E+00 
 1.800000E+00 
 1.056507E-08 
 1.800000E+00 
 1.800000E+00 
 1.800000E+00 
 1.800000E+00 
 1.800000E+00 
 1.800000E+00 
-4.501095E-08 
 1.800000E+00 
 1.800000E+00 
 1.800000E+00 
 1.800000E+00 
 1.800000E+00 
 5.564005E-08 
 1.800000E+00 
 1.800000E+00 
 1.800000E+00 
 1.800000E+00 
 1.800000E+00 
 1.800000E+00 
 1.800000E+00 
 1.800007E+00 
 1.055388E-07 
 1.800000E+00 
 1.800000E+00 
 1.800000E+00 
 2.671932E-08 
 1.800000E+00 
 1.800000E+00 
 1.800000E+00 
 1.800000E+00 
 1.800000E+00 
 1.800000E+00 
 1.800000E+00 
 1.800000E+00 
 1.800000E+00 
 1.800000E+00 
 4.738079E-08 
 1.800000E+00 
 1.800000E+00 
 1.800000E+00 
 1.800000E+00 
 1.800000E+00 
-1.566533E-07 
 1.800000E+00 
 1.800000E+00 
 1.800000E+00 
 1.800000E+00 
 1.800000E+00 
 1.800000E+00 
 1.800000E+00 
-3.949716E-06 
 1.800000E+00 
 1.800000E+00 
 1.800000E+00 
 1.800000E+00 
 1.800000E+00 
 1.800001E+00 
 2.435115E-08 
 1.800000E+00 
 1.800000E+00 
 1.800000E+00 
 1.800000E+00 
 1.800000E+00 
 1.800000E+00 
 1.800000E+00 
 1.799999E+00 
 4.020026E-08 
 1.800000E+00 
 1.800000E+00 
 1.800000E+00 
 1.800000E+00 
 1.800001E+00 
 1.800000E+00 
-2.804679E-05 
 1.800000E+00 
 1.800000E+00 
 1.800000E+00 
 1.800000E+00 
 1.800000E+00 
 1.800000E+00 
 1.800000E+00 
 1.800001E+00 
-1.873653E-08 
 1.800000E+00 
 1.800000E+00 
 1.800000E+00 
 1.800000E+00 
 1.800000E+00 
 1.800000E+00 
 1.800007E+00 
-3.600358E-07 
 1.800000E+00 
 1.800000E+00 
 1.800000E+00 
 1.800000E+00 
 1.800000E+00 
 1.800000E+00 
 1.800000E+00 
 1.800000E+00 
-4.427952E-06 
 1.800000E+00 
 1.800000E+00 
 1.800000E+00 
 1.800000E+00 
 1.800000E+00 
 1.800000E+00 
 1.800000E+00 
 1.503500E-07 
 1.800000E+00 
 1.800000E+00 
 1.800000E+00 
 1.800000E+00 
 1.800000E+00 
 1.800000E+00 
 1.800000E+00 
 1.799999E+00 
-2.913783E-07 
 1.800000E+00 
 1.800000E+00 
 1.800000E+00 
 1.800000E+00 
 1.800000E+00 
 1.800000E+00 
 1.800000E+00 
 1.800000E+00 
-1.139106E-05 
 1.800000E+00 
 1.800000E+00 
 1.800000E+00 
 1.800000E+00 
 1.800000E+00 
 1.800000E+00 
 1.800000E+00 
 1.800000E+00 
 1.800000E+00 
-4.621975E-08 
 1.799999E+00 
 1.800000E+00 
 1.800000E+00 
 1.800000E+00 
 1.800000E+00 
 1.800000E+00 
-1.018562E-07 
 1.800000E+00 
 1.800000E+00 
 1.800000E+00 
 1.800000E+00 
 1.800000E+00 
 1.800000E+00 
 1.800000E+00 
 1.800000E+00 
 1.800000E+00 
 1.800000E+00 
 1.800000E+00 
-2.467035E-07 
 1.800000E+00 
 1.800000E+00 
 1.800000E+00 
 1.800000E+00 
 1.800000E+00 
 1.800000E+00 
-1.062770E-08 
 1.800000E+00 
 1.800000E+00 
 1.800000E+00 
 1.800000E+00 
 1.800000E+00 
 1.800000E+00 
 1.800000E+00 
 1.800000E+00 
 1.800000E+00 
 1.800000E+00 
 2.173458E-08 
 1.799999E+00 
 1.800000E+00 
 1.800000E+00 
 1.800000E+00 
 1.800000E+00 
 1.800000E+00 
 1.800000E+00 
 1.800000E+00 
 7.854232E-06 
 1.800008E+00 
 1.800008E+00 
 1.800008E+00 
 1.800008E+00 
 1.800008E+00 
 1.800008E+00 
 1.800008E+00 
 1.800008E+00 
 1.800000E+00 
 1.800000E+00 
 3.679312E-08 
 1.800007E+00 
 1.800007E+00 
 1.800007E+00 
 1.800007E+00 
 1.800000E+00 
 1.800000E+00 
 1.800001E+00 
-2.004485E-07 
 1.800000E+00 
 1.800000E+00 
 1.800000E+00 
 1.800000E+00 
 1.800000E+00 
 1.800000E+00 
 1.800000E+00 
 1.800000E+00 
 1.800000E+00 
 1.800000E+00 
-8.716820E-07 
 1.800000E+00 
 1.800000E+00 
 1.800000E+00 
 1.800000E+00 
 1.800000E+00 
 1.800000E+00 
 1.800000E+00 
 1.800000E+00 
 1.800000E+00 
 4.956293E-09 
 1.800000E+00 
 1.800000E+00 
 1.800000E+00 
 1.800000E+00 
 1.800000E+00 
 1.800000E+00 
 1.800000E+00 
 1.800000E+00 
 1.800000E+00 
 3.262557E-07 
 1.800000E+00 
 1.800000E+00 
 1.800000E+00 
 1.800000E+00 
 1.800000E+00 
 1.800000E+00 
 1.800000E+00 
 1.800000E+00 
 1.698874E-08 
 1.799999E+00 
 1.799999E+00 
 1.799999E+00 
 1.799999E+00 
 1.799999E+00 
 1.799999E+00 
 1.799999E+00 
 1.799999E+00 
 1.799999E+00 
 1.799999E+00 
 1.800000E+00 
-2.687790E-06 
 1.800000E+00 
 1.800000E+00 
 1.800000E+00 
 1.800000E+00 
 1.800000E+00 
 1.800000E+00 
 1.800000E+00 
 4.065424E-07 
 1.799999E+00 
 1.799999E+00 
 1.799999E+00 
 1.799999E+00 
 1.799999E+00 
 1.799999E+00 
 1.799999E+00 
 1.799999E+00 
 1.799999E+00 
 1.799999E+00 
 1.800000E+00 
 9.856848E-09 
 1.800000E+00 
 1.800000E+00 
 1.800000E+00 
 1.800000E+00 
 1.800000E+00 
 1.800000E+00 
 1.800000E+00 
 1.800000E+00 
 9.582838E-10 
 1.800000E+00 
 1.800000E+00 
 1.800000E+00 
 1.800000E+00 
 1.800000E+00 
 1.800000E+00 
 1.800000E+00 
 1.800000E+00 
 1.800000E+00 
 1.225189E-08 
 1.800000E+00 
 1.800000E+00 
 1.800000E+00 
 1.800000E+00 
 1.800000E+00 
 1.800000E+00 
 1.800000E+00 
 1.800000E+00 
 1.800000E+00 
 1.800000E+00 
 2.415396E-07 
 1.800000E+00 
 1.800000E+00 
 1.800000E+00 
 1.800000E+00 
 1.800000E+00 
 1.800000E+00 
 1.800000E+00 
 6.987242E-09 
 1.800000E+00 
 1.800000E+00 
 1.800000E+00 
 1.800000E+00 
 1.800000E+00 
 1.800000E+00 
 1.800000E+00 
 1.800000E+00 
 1.800000E+00 
 1.800000E+00 
-5.350145E-06 
 1.799998E+00 
 1.799999E+00 
 1.799999E+00 
 1.799999E+00 
 1.799999E+00 
 1.799999E+00 
 1.799999E+00 
 1.800000E+00 
 1.800000E+00 
 1.832172E-05 
 1.800000E+00 
 1.800000E+00 
 1.800000E+00 
 1.800000E+00 
 1.800000E+00 
 1.800000E+00 
 1.800000E+00 
 1.606413E-05 
 1.799999E+00 
 1.800000E+00 
 1.800000E+00 
 1.800000E+00 
 1.800000E+00 
 1.800000E+00 
 1.800000E+00 
 1.800000E+00 
 1.800000E+00 
 1.800000E+00 
 1.800000E+00 
 4.546635E-09 
 1.800000E+00 
 1.800000E+00 
 1.800000E+00 
 1.800000E+00 
 1.800000E+00 
-2.635934E-09 
 1.800000E+00 
 1.800000E+00 
 1.800000E+00 
 1.800000E+00 
 1.800000E+00 
 1.800000E+00 
 1.800000E+00 
 1.800000E+00 
 1.800000E+00 
 1.800000E+00 
 1.800000E+00 
 1.800000E+00 
 3.293070E-09 
 1.799999E+00 
 1.799999E+00 
 1.800000E+00 
 1.800000E+00 
 1.800000E+00 
-1.802983E-07 
 1.800000E+00 
 1.800000E+00 
 1.800000E+00 
 1.800000E+00 
 1.800000E+00 
 1.800000E+00 
 1.800000E+00 
 1.800000E+00 
 1.800000E+00 
 1.800000E+00 
 1.104247E-06 
 1.800000E+00 
 1.800000E+00 
 1.800000E+00 
 1.800000E+00 
 1.800000E+00 
 1.800000E+00 
 1.800000E+00 
-3.506187E-06 
 1.800000E+00 
 1.800000E+00 
 1.800000E+00 
 1.800000E+00 
 1.800000E+00 
 1.800000E+00 
 1.800000E+00 
 1.800000E+00 
 1.286388E-07 
 1.800000E+00 
 1.800000E+00 
 1.800000E+00 
 1.800000E+00 
 1.800000E+00 
 1.799999E+00 
 1.800000E+00 
 4.029501E-07 
 1.800001E+00 
 1.800001E+00 
 1.800001E+00 
 1.800001E+00 
 1.800001E+00 
 1.800001E+00 
 1.800000E+00 
 1.800000E+00 
-1.400310E-08 
 1.800000E+00 
 1.800000E+00 
 1.800000E+00 
 1.800000E+00 
 1.800000E+00 
 1.800000E+00 
 1.800000E+00 
 2.566308E-09 
 1.800000E+00 
 1.800001E+00 
 1.800001E+00 
 1.800001E+00 
 1.800001E+00 
 1.800000E+00 
 1.800000E+00 
-5.412013E-06 
 1.800000E+00 
 1.800000E+00 
 1.800000E+00 
 1.800000E+00 
 1.800000E+00 
 1.800000E+00 
 1.800000E+00 
 5.107134E-06 
 1.800000E+00 
 1.800000E+00 
 1.800000E+00 
 1.800000E+00 
 1.800000E+00 
 1.800000E+00 
 1.800000E+00 
 3.790493E-08 
 1.800000E+00 
 1.800000E+00 
 1.800000E+00 
 1.800000E+00 
 1.800000E+00 
 1.800000E+00 
 1.800000E+00 
 6.310614E-06 
 1.800000E+00 
 1.800000E+00 
 1.800000E+00 
 1.800000E+00 
 1.800000E+00 
 1.800000E+00 
 1.578045E-07 
 1.800000E+00 
 1.800000E+00 
 1.800000E+00 
 1.800000E+00 
 1.800000E+00 
 1.800000E+00 
 1.800000E+00 
 2.947925E-08 
 1.800000E+00 
 1.800000E+00 
 1.800000E+00 
 1.800000E+00 
 1.800000E+00 
 1.800000E+00 
 1.226130E-07 
 1.800004E+00 
 1.800004E+00 
 1.800004E+00 
 1.800004E+00 
 1.800004E+00 
 1.800000E+00 
 2.898314E-08 
 1.800000E+00 
 1.800000E+00 
 1.800000E+00 
 1.800000E+00 
 1.800000E+00 
 1.800000E+00 
 1.800000E+00 
 5.332236E-08 
 1.800000E+00 
 1.800000E+00 
 1.800000E+00 
 1.800000E+00 
 1.800000E+00 
 9.256688E-09 
 1.800000E+00 
 1.800000E+00 
 1.800000E+00 
 1.800000E+00 
 1.800000E+00 
 1.800000E+00 
 1.084253E-08 
 1.800000E+00 
 1.800000E+00 
 1.800000E+00 
 1.800000E+00 
 1.800000E+00 
 1.800000E+00 
-5.040717E-08 
 1.800000E+00 
 1.800000E+00 
 1.800000E+00 
 1.800000E+00 
 1.800000E+00 
 1.800007E+00 
 6.237607E-08 
 1.800000E+00 
 1.800000E+00 
 1.800000E+00 
 1.800000E+00 
 1.800000E+00 
 1.459931E-07 
 1.800000E+00 
 1.800000E+00 
 1.800000E+00 
 1.800000E+00 
 1.800001E+00 
-1.863060E-06 
 1.800000E+00 
 1.800000E+00 
 1.800000E+00 
 1.800000E+00 
 1.800000E+00 
 1.800000E+00 
 1.373351E-06 
 1.800000E+00 
 1.800000E+00 
 1.800000E+00 
 1.800000E+00 
 1.800000E+00 
-3.792683E-07 
 1.800000E+00 
 1.800000E+00 
 1.800000E+00 
 1.800001E+00 
 1.800000E+00 
 5.915272E-07 
 1.800000E+00 
 1.800000E+00 
 1.800000E+00 
 1.800000E+00 
 1.800000E+00 
 5.134246E-09 
 1.800005E+00 
 1.800006E+00 
 1.800006E+00 
 1.800000E+00 
 1.800000E+00 
 1.945664E-07 
 1.800000E+00 
 1.800000E+00 
 1.800000E+00 
 1.800000E+00 
 1.800007E+00 
 9.911525E-07 
 1.800000E+00 
 1.800000E+00 
 1.800000E+00 
 1.800001E+00 
 8.634357E-09 
 1.799999E+00 
 1.799999E+00 
 1.799999E+00 
 1.799999E+00 
 1.800000E+00 
 1.800000E+00 
 8.046968E-07 
 1.800000E+00 
 1.800000E+00 
 1.800000E+00 
-5.392003E-07 
 1.800000E+00 
 1.800000E+00 
 1.800000E+00 
 1.800000E+00 
 1.800000E+00 
 1.800000E+00 
-2.384636E-06 
 1.800006E+00 
 1.800000E+00 
 1.800000E+00 
 3.228636E-07 
 1.800000E+00 
 1.800000E+00 
 1.800000E+00 
 1.800000E+00 
 1.800000E+00 
 1.800000E+00 
 6.659525E-08 
 1.800000E+00 
 1.800000E+00 
 1.469926E-06 
 1.800000E+00 
 1.800000E+00 
 1.800000E+00 
 1.800000E+00 
 1.800000E+00 
 1.800000E+00 
 1.800000E+00 
 1.267304E-06 
 1.800000E+00 
-8.375739E-07 
 1.800000E+00 
 1.800000E+00 
 1.800000E+00 
 1.800000E+00 
 1.800000E+00 
 1.800000E+00 
 1.800007E+00 
 3.855664E-06 
 1.800000E+00 
 1.800000E+00 
-1.586126E-07 
 1.800000E+00 
 1.800000E+00 
 1.800000E+00 
 1.800000E+00 
 1.800000E+00 
-4.592846E-08 
 1.800000E+00 
 1.800000E+00 
 1.800000E+00 
 1.800000E+00 
 6.672280E-09 
 1.800007E+00 
 1.800000E+00 
 1.800000E+00 
 1.288388E-08 
 1.800000E+00 
 1.800000E+00 
 1.800000E+00 
 1.800000E+00 
 1.800000E+00 
-1.857527E-07 
 1.800000E+00 
 1.800000E+00 
-1.745680E-07 
 1.800000E+00 
 1.800000E+00 
 1.800000E+00 
 1.800000E+00 
 1.800000E+00 
 6.067660E-09 
 1.800000E+00 
 1.800000E+00 
 1.800000E+00 
 2.772668E-07 
 1.800000E+00 
 1.800000E+00 
 1.800000E+00 
 1.800001E+00 
-1.252426E-07 
 1.800002E+00 
 1.800000E+00 
 1.800000E+00 
 8.064034E-09 
 1.800000E+00 
 1.800000E+00 
 1.800000E+00 
-5.433893E-08 
 1.799999E+00 
 1.799999E+00 
 1.799999E+00 
 1.799999E+00 
 1.800000E+00 
-1.561871E-05 
 1.800000E+00 
 1.800000E+00 
-3.986771E-07 
 1.799999E+00 
 1.799999E+00 
 1.800000E+00 
 1.800000E+00 
-5.224627E-08 
 1.800000E+00 
 1.800000E+00 
-1.091167E-06 
 1.800000E+00 
 1.800000E+00 
 1.800000E+00 
 1.800000E+00 
 1.800000E+00 
 1.663111E-08 
 1.800000E+00 
 1.800004E+00 
-3.232255E-08 
 1.800000E+00 
 1.800000E+00 
 1.799999E+00 
 1.800000E+00 
 2.288577E-07 
 1.800000E+00 
 1.800000E+00 
 7.472939E-09 
 1.800000E+00 
 1.800000E+00 
 1.800000E+00 
 1.800000E+00 
 1.887348E-06 
 1.799999E+00 
 1.800000E+00 
-2.259380E-05 
 1.800006E+00 
 1.800006E+00 
 1.800006E+00 
 1.800000E+00 
-8.896823E-08 
 1.800000E+00 
 1.800000E+00 
 3.015506E-06 
 1.800000E+00 
 1.800000E+00 
 1.800000E+00 
 1.800000E+00 
 1.079253E-08 
 1.800000E+00 
 1.800000E+00 
 1.786674E-05 
 1.800000E+00 
 1.800000E+00 
 1.800002E+00 
-2.869855E-06 
 1.800000E+00 
 1.800000E+00 
 1.800000E+00 
 1.279219E-08 
 1.800000E+00 
 1.800000E+00 
 1.800000E+00 
 5.633196E-07 
 1.800002E+00 
 1.800000E+00 
-1.830980E-08 
 1.800000E+00 
 1.800000E+00 
 1.799999E+00 
 1.800000E+00 
 9.953548E-08 
 9.613717E-08 
 1.800000E+00 
 1.800000E+00 
 1.800000E+00 
 1.800000E+00 
 1.800000E+00 
 1.800000E+00 
-5.112941E-07 
-6.154052E-08 
 1.800000E+00 
 1.800000E+00 
 1.800000E+00 
 1.800000E+00 
 4.523461E-08 
 1.800000E+00 
 1.800000E+00 
 5.557338E-08 
 1.800000E+00 
 1.800000E+00 
 1.800000E+00 
-9.324138E-07 
 1.800000E+00 
 1.800000E+00 
 6.584896E-08 
 1.800000E+00 
 1.800000E+00 
-6.355290E-07 
 1.800000E+00 
 1.800000E+00 
 1.800000E+00 
 1.800000E+00 
-1.480257E-06 
-1.669864E-08 
 1.800000E+00 
 1.800000E+00 
 1.800000E+00 
 1.800000E+00 
 1.800000E+00 
 1.357972E-08 
 9.911609E-09 
 1.800000E+00 
 1.800000E+00 
 1.800000E+00 
 1.800000E+00 
 7.538179E-09 
 1.800000E+00 
 1.800007E+00 
-4.567570E-08 
 1.800000E+00 
 1.800000E+00 
 9.452865E-08 
 1.800000E+00 
 1.800007E+00 
 3.039288E-08 
 1.800000E+00 
 1.800000E+00 
 1.800000E+00 
 1.986688E-06 
 1.800000E+00 
 1.800000E+00 
-8.624218E-07 
 1.800000E+00 
-1.184947E-05 
 1.800001E+00 
 1.800001E+00 
 1.800001E+00 
 1.800000E+00 
 4.990099E-09 
 1.800000E+00 
 6.394332E-07 
 1.800000E+00 
 1.800000E+00 
 1.800002E+00 
 3.652041E-09 
 5.086071E-09 
 1.800001E+00 
 1.800001E+00 
 1.800001E+00 
 1.800001E+00 
 1.800000E+00 
 7.883902E-09 
 8.405224E-09 
 1.800000E+00 
 1.800000E+00 
 1.799997E+00 
-9.961857E-06 
 1.800000E+00 
 1.800001E+00 
-1.244072E-08 
 1.800000E+00 
-8.919462E-08 
 1.800000E+00 
 1.800000E+00 
 1.800000E+00 
-1.015483E-07 
 1.800000E+00 
 1.800000E+00 
-7.716747E-09 
 1.800000E+00 
 3.852490E-06 
 1.800000E+00 
 1.800000E+00 
 1.800000E+00 
-5.562548E-09 
 1.800000E+00 
 1.800000E+00 
 9.579257E-07 
 9.342064E-09 
 1.800000E+00 
 1.800000E+00 
 1.800000E+00 
 1.800000E+00 
-1.924996E-07 
 1.800000E+00 
 1.213163E-08 
 1.799999E+00 
 1.800000E+00 
 2.571457E-08 
 1.800001E+00 
 1.800000E+00 
 5.091414E-09 
 1.800000E+00 
 1.800000E+00 
 2.210374E-06 
 1.800000E+00 
 1.112729E-05 
 1.800001E+00 
 1.800000E+00 
 1.297853E-08 
 1.800000E+00 
 1.800000E+00 
 1.934998E-08 
 1.800000E+00 
 1.800001E+00 
 3.398677E-08 
 1.800000E+00 
 1.800000E+00 
 6.458146E-09 
 2.884827E-09 
 1.800007E+00 
 1.800007E+00 
 1.800007E+00 
 1.800000E+00 
 5.878962E-05 
 9.136267E-07 
 1.799999E+00 
 1.800000E+00 
 8.182765E-09 
 1.800000E+00 
 1.800000E+00 
-1.314492E-08 
 1.800007E+00 
 1.800000E+00 
-8.775031E-06 
 1.800004E+00 
 7.842933E-07 
 1.800000E+00 
 1.800000E+00 
-1.902598E-06 
 1.800000E+00 
 1.738737E-08 
 1.800000E+00 
 1.800000E+00 
 1.800000E+00 
 5.153435E-08 
 4.983418E-08 
 1.800000E+00 
 1.800000E+00 
 1.024379E-06 
 1.800001E+00 
 1.800000E+00 
-1.432203E-08 
 1.800000E+00 
 1.800003E+00 
-5.129734E-06 
-5.163680E-06 
 1.800000E+00 
 1.800000E+00 
 1.800000E+00 
 3.786162E-07 
 1.800000E+00 
 1.014268E-07 
 1.800000E+00 
 1.542148E-08 
 1.800000E+00 
 1.800004E+00 
 3.652501E-07 
 1.800000E+00 
 1.261844E-08 
 1.800000E+00 
 1.800000E+00 
-6.821645E-09 
 1.800000E+00 
 1.800000E+00 
 2.923304E-07 
 2.646537E-07 
 1.800000E+00 
 1.800000E+00 
 1.758909E-09 
 1.800001E+00 
 1.800000E+00 
 3.076454E-06 
 1.800006E+00 
 5.853165E-09 
 1.800000E+00 
 1.302107E-06 
 1.800000E+00 
 1.800001E+00 
-3.369048E-06 
 1.800000E+00 
 7.401068E-09 
 1.800000E+00 
 1.800000E+00 
 9.745845E-09 
 1.800002E+00 
 6.725040E-09 
 1.800000E+00 
 9.618454E-07 
 1.800000E+00 
 1.800000E+00 
 6.803030E-09 
 6.911857E-09 
 1.800000E+00 
 1.800000E+00 
 1.800001E+00 
-1.061296E-08 
-9.288999E-09 
 1.800000E+00 
 1.800000E+00 
 1.057487E-07 
 1.800000E+00 
 1.800000E+00 
 8.255058E-07 
 8.516371E-07 
 1.799997E+00 
 1.800000E+00 
 9.523236E-09 
 1.800000E+00 
-1.029224E-07 
 1.800000E+00 
 2.076936E-08 
 1.800007E+00 
 7.460754E-09 
 1.800000E+00 
 1.800000E+00 
 2.002904E-08 
 1.800000E+00 
-3.109706E-07 
 1.800000E+00 
 1.800000E+00 
-6.967664E-07 
-8.907230E-07 
 1.800000E+00 
-9.659365E-07 
 1.800000E+00 
 1.800000E+00 
 9.165822E-07 
 1.800000E+00 
 3.416795E-08 
 1.800000E+00 
 1.800000E+00 
-4.967628E-09 
 2.039654E-08 
 1.800002E+00 
 5.646350E-09 
 1.799999E+00 
 1.800000E+00 
-3.012296E-08 
 1.800000E+00 
 7.256404E-07 
 1.800000E+00 
-5.248049E-07 
 1.800000E+00 
-8.460496E-09 
 1.800000E+00 
 1.800000E+00 
 5.634152E-09 
 5.938200E-09 
 1.800000E+00 
 1.639977E-07 
 1.800000E+00 
 1.800000E+00 
 1.014825E-08 
 1.800000E+00 
 3.060488E-08 
 1.235464E-08 
 1.800000E+00 
 1.800000E+00 
 1.800000E+00 
-2.973713E-07 
-2.835572E-07 
-2.835578E-07 
 1.800000E+00 
 1.800000E+00 
 1.800000E+00 
 8.944151E-09 
 8.538243E-09 
 1.800000E+00 
-1.265806E-07 
 1.800000E+00 
 8.966060E-09 
 1.800000E+00 
 1.800000E+00 
-2.176455E-06 
 1.573423E-08 
 1.800000E+00 
 1.485338E-07 
 1.800000E+00 
 1.800000E+00 
 2.372960E-06 
 2.365908E-06 
 1.800000E+00 
 1.800000E+00 
 1.779635E-06 
 1.807148E-06 
 1.800000E+00 
 1.059778E-07 
 1.800000E+00 
 1.800000E+00 
 1.369246E-07 
 1.271015E-08 
 1.800000E+00 
 1.799999E+00 
 1.056843E-07 
 9.364963E-08 
 1.800001E+00 
 1.077208E-07 
 1.800000E+00 
 7.911910E-09 
 1.800000E+00 
 1.799999E+00 
 1.741846E-06 
 3.608720E-09 
 1.800000E+00 
 5.908300E-08 
 1.799998E+00 
 8.039245E-08 
 1.800000E+00 
-1.242558E-05 
 1.800000E+00 
 1.475925E-06 
 1.292997E-06 
 1.800000E+00 
 1.800000E+00 
-8.276752E-08 
 1.800000E+00 
-8.502712E-09 
 1.800000E+00 
 8.300708E-10 
 5.445826E-09 
 1.800000E+00 
-6.609594E-08 
 1.800000E+00 
 1.800000E+00 
 1.517595E-07 
 1.516532E-07 
 1.516556E-07 
 1.800007E+00 
 1.800007E+00 
 1.800000E+00 
-7.290633E-07 
-7.230239E-07 
-7.230240E-07 
 1.800000E+00 
 5.156035E-09 
 1.800000E+00 
 1.800000E+00 
 7.970768E-07 
 5.456267E-09 
 1.800000E+00 
-4.186524E-07 
-3.793769E-07 
 1.800000E+00 
 1.800000E+00 
 5.185138E-06 
 1.800000E+00 
 1.210737E-05 
 1.212518E-05 
 1.800006E+00 
 1.304867E-06 
 1.799999E+00 
 2.208728E-07 
 1.800000E+00 
-6.790285E-07 
 1.800000E+00 
 1.036527E-06 
 1.039244E-06 
 1.800000E+00 
 9.480966E-08 
 1.800000E+00 
 2.849093E-09 
 1.800000E+00 
 7.292941E-08 
 7.324076E-08 
 1.800000E+00 
 1.800000E+00 
-1.379578E-06 
 8.453469E-09 
 1.800000E+00 
 1.756287E-07 
 1.824350E-07 
 1.800000E+00 
 1.800000E+00 
-7.683530E-07 
-1.453655E-08 
 1.800000E+00 
 1.566297E-08 
 1.800000E+00 
 3.809373E-07 
 1.487866E-07 
 1.800000E+00 
 1.084217E-05 
 1.800000E+00 
 1.123497E-07 
 1.800000E+00 
-8.146521E-07 
-2.183838E-08 
 1.800000E+00 
 1.616712E-07 
 1.800000E+00 
 5.998666E-08 
 1.800000E+00 
 4.332740E-09 
 9.005137E-09 
 1.800000E+00 
 2.921979E-07 
 2.584444E-07 
 1.800000E+00 
 1.800000E+00 
-6.914363E-06 
-6.260339E-06 
 1.800000E+00 
-4.975404E-06 
 1.136535E-07 
 1.800000E+00 
 3.842495E-07 
 1.800000E+00 
 1.254093E-07 
 1.799998E+00 
 5.440319E-06 
-3.031354E-07 
 1.800000E+00 
 2.936054E-09 
 4.855930E-09 
 1.799999E+00 
 1.800000E+00 
 4.847423E-06 
 4.752681E-06 
 4.752681E-06 
 1.800000E+00 
-1.037469E-05 
 1.800007E+00 
 7.675190E-06 
 1.800006E+00 
-1.067032E-06 
-3.326043E-07 
 1.800000E+00 
 5.748834E-08 
 6.211075E-09 
 1.800000E+00 
 3.604046E-08 
 1.800000E+00 
 7.449127E-09 
 7.437541E-09 
 1.800000E+00 
 3.448522E-08 
 1.800000E+00 
-4.735155E-08 
-1.532444E-07 
 1.800000E+00 
-6.905013E-08 
 1.800000E+00 
 9.405000E-08 
 8.995645E-08 
 8.995472E-08 
 1.800000E+00 
 1.800000E+00 
-1.302423E-06 
 9.083085E-09 
 9.081615E-09 
 1.800000E+00 
-2.848507E-06 
 1.800000E+00 
 7.704684E-09 
 4.374101E-09 
 1.800000E+00 
-2.143350E-08 
 1.799998E+00 
-1.227028E-06 
-1.003443E-06 
-1.003443E-06 
 1.800000E+00 
 1.800000E+00 
-5.310347E-09 
 3.898067E-09 
 3.901664E-09 
 3.898069E-09 
 1.800000E+00 
 1.800000E+00 
-1.608472E-08 
-1.203597E-08 
 1.800000E+00 
-1.187045E-07 
 9.525460E-09 
 1.800000E+00 
 9.342808E-07 
 1.402314E-06 
 1.800000E+00 
-1.672195E-07 
 6.658124E-08 
 1.800000E+00 
 4.192362E-08 
 1.800000E+00 
-4.725752E-08 
-1.848327E-08 
-1.848333E-08 
 1.800000E+00 
 2.550454E-08 
 1.800000E+00 
-5.735298E-06 
-5.733884E-06 
 1.800000E+00 
-2.515493E-06 
-2.805929E-06 
 1.800000E+00 
 3.490829E-07 
 4.102639E-09 
 1.800000E+00 
-4.981856E-07 
-4.436554E-07 
 1.799999E+00 
 7.198358E-09 
 8.607801E-09 
 1.800000E+00 
-7.748088E-07 
-2.117190E-07 
 1.800000E+00 
 1.624287E-08 
 1.595343E-08 
 1.800000E+00 
 1.075263E-07 
 9.929391E-09 
 1.800000E+00 
 1.389539E-08 
 1.389588E-08 
 1.800000E+00 
 4.697957E-08 
-2.328828E-08 
 1.800000E+00 
-1.570911E-07 
-1.570826E-07 
 1.800000E+00 
-4.057303E-08 
-1.361141E-08 
 1.800007E+00 
-1.589243E-05 
-1.589679E-05 
 1.800000E+00 
 4.756456E-08 
 2.904918E-08 
 2.905346E-08 
 1.800000E+00 
 1.875142E-08 
 1.800000E+00 
-7.736073E-08 
-1.908863E-08 
-1.908782E-08 
 1.800000E+00 
-1.310852E-07 
 7.448624E-09 
 1.800004E+00 
-1.176706E-06 
-4.277617E-07 
 1.799998E+00 
 1.772577E-07 
 6.234233E-08 
 6.234229E-08 
 1.800000E+00 
-1.478604E-06 
 1.800000E+00 
 2.109585E-06 
 6.242457E-09 
 6.240599E-09 
 6.242353E-09 
 1.800000E+00 
 1.800000E+00 
-1.196966E-06 
-1.239938E-06 
-1.239938E-06 
-1.239938E-06 
-1.239938E-06 
 1.800000E+00 
 1.800000E+00 
 1.521118E-06 
 1.523988E-06 
 1.523988E-06 
 1.523988E-06 
 1.800000E+00 
-9.663209E-07 
-1.043621E-06 
 1.800000E+00 
-1.051795E-07 
-5.571966E-09 
 1.800000E+00 
-3.208191E-06 
-2.862220E-06 
-2.862220E-06 
 1.800000E+00 
-3.912545E-08 
-4.569244E-08 
 1.800000E+00 
-7.246414E-08 
-4.460656E-08 
-4.461064E-08 
 1.800000E+00 
-3.186287E-08 
-8.939071E-09 
-8.939006E-09 
 1.800001E+00 
 9.606979E-06 
 1.800000E+00 
-5.464043E-07 
 9.096589E-09 
 9.095720E-09 
 9.095676E-09 
 1.800000E+00 
-9.168243E-06 
 1.349305E-06 
 1.800007E+00 
 2.238860E-06 
 2.175771E-06 
 2.175771E-06 
 1.800000E+00 
-1.142231E-05 
-1.142233E-05 
-1.142233E-05 
 1.800000E+00 
 8.515511E-06 
 8.890337E-06 
 1.800000E+00 
-4.410721E-07 
 1.506884E-08 
 1.506875E-08 
 1.507026E-08 
 1.800000E+00 
 1.194954E-07 
 1.800000E+00 
 5.827798E-06 
 5.243236E-06 
 5.243236E-06 
 5.243236E-06 
 5.243236E-06 
 1.800000E+00 
 1.799999E+00 
-3.356095E-07 
-3.080466E-07 
-3.080466E-07 
-3.080465E-07 
-3.080465E-07 
-3.080465E-07 
 1.800000E+00 
-1.621578E-08 
 1.800007E+00 
-2.675339E-05 
-1.673862E-08 
-1.673826E-08 
-1.673819E-08 
 1.800000E+00 
-3.368127E-06 
 2.931148E-08 
 2.931516E-08 
 1.799998E+00 
 3.147598E-09 
 3.027529E-09 
 1.800000E+00 
-1.091601E-06 
 1.255201E-07 
 1.255201E-07 
 1.255201E-07 
 1.800000E+00 
-6.705986E-06 
-6.639471E-06 
-6.639470E-06 
 1.800000E+00 
-2.607226E-07 
-2.143422E-07 
-2.143420E-07 
 1.800000E+00 
 3.207575E-06 
-2.460599E-06 
-2.460599E-06 
-2.460599E-06 
 1.800000E+00 
 7.690066E-09 
 7.482081E-09 
 1.800000E+00 
 7.678912E-09 
 7.518596E-09 
 7.518424E-09 
 7.518060E-09 
 7.518284E-09 
 1.800000E+00 
-1.893763E-07 
 1.800000E+00 
-6.810605E-06 
-7.115158E-06 
-7.115158E-06 
-7.115157E-06 
-7.115156E-06 
-7.115157E-06 
 1.800007E+00 
-5.306799E-06 
-5.705114E-06 
 1.800000E+00 
-1.163486E-06 
 8.614652E-09 
 8.614309E-09 
 8.612953E-09 
 1.800000E+00 
-1.810023E-05 
 1.615524E-08 
 1.615499E-08 
 1.800000E+00 
 4.600781E-05 
 6.529051E-09 
 6.529573E-09 
 6.529383E-09 
 6.529404E-09 
 1.800000E+00 
 1.212101E-08 
 1.157830E-08 
 1.800000E+00 
 3.665430E-06 
-1.621696E-05 
-1.621696E-05 
-1.621696E-05 
-1.621696E-05 
 1.800000E+00 
 1.437763E-07 
 1.568370E-09 
 1.566584E-09 
 1.800000E+00 
 1.749210E-06 
 1.752083E-06 
 1.752082E-06 
 1.752083E-06 
 1.800000E+00 
 5.051653E-08 
 2.913447E-08 
 2.913448E-08 
 2.913447E-08 
 1.800000E+00 
 9.259573E-10 
 1.356329E-09 
 1.399540E-09 
 1.356333E-09 
 1.800000E+00 
-1.094605E-06 
 6.376766E-09 
 6.376993E-09 
 6.376988E-09 
 1.800000E+00 
 1.456934E-06 
 1.396718E-06 
 1.396718E-06 
 1.396718E-06 
 1.396718E-06 
 1.800000E+00 
-7.029343E-08 
 5.392229E-09 
 5.392788E-09 
 1.800000E+00 
 3.776608E-07 
 3.752607E-07 
 3.752607E-07 
 3.752614E-07 
 3.752613E-07 
 1.800000E+00 
 9.405661E-07 
 1.941665E-07 
 1.941712E-07 
 1.800000E+00 
-1.045099E-05 
-1.046190E-05 
-1.046190E-05 
-1.046190E-05 
-1.046190E-05 
-1.046190E-05 
 1.800000E+00 
 1.604511E-07 
-9.658047E-09 
-9.658070E-09 
-9.658030E-09 
 1.799998E+00 
-3.407375E-06 
 2.937127E-08 
 2.937081E-08 
 2.936551E-08 
 1.800000E+00 
 9.813528E-06 
-7.661077E-07 
-7.661076E-07 
-7.661076E-07 
-7.661077E-07 
 1.800000E+00 
-1.007882E-06 
-1.007475E-06 
-1.007475E-06 
-1.007475E-06 
-1.007475E-06 
 1.800000E+00 
 2.272001E-08 
 3.669885E-09 
 3.669886E-09 
 3.669826E-09 
 1.800000E+00 
 5.632384E-09 
 6.615738E-09 
 6.615801E-09 
 6.615740E-09 
 6.615789E-09 
 6.615815E-09 
 1.800000E+00 
 7.781091E-06 
 7.736097E-06 
 7.736097E-06 
 7.736097E-06 
 1.800000E+00 
 1.088610E-05 
 1.082933E-05 
 1.082933E-05 
 1.082933E-05 
 1.082933E-05 
 1.082933E-05 
 1.800000E+00 
 1.011791E-07 
 1.015372E-07 
 1.015370E-07 
 1.015370E-07 
 1.800000E+00 
 1.603919E-07 
 1.303714E-07 
 1.303652E-07 
 1.303709E-07 
 1.303709E-07 
 1.303710E-07 
 1.303709E-07 
 1.800000E+00 
 8.822094E-08 
 8.543852E-08 
 8.543876E-08 
 1.799999E+00 
 2.866855E-08 
 1.445444E-08 
 1.445438E-08 
 1.445418E-08 
 1.445438E-08 
 1.445454E-08 
 1.445445E-08 
 1.445408E-08 
 1.800000E+00 
 1.241912E-08 
 2.083017E-08 
 2.082621E-08 
 1.800000E+00 
 5.803774E-06 
 5.804822E-06 
 5.804822E-06 
 5.804822E-06 
 5.804822E-06 
 5.804822E-06 
 5.804821E-06 
 5.804822E-06 
 1.800000E+00 
 7.070230E-08 
-1.097780E-08 
-1.097808E-08 
-1.097758E-08 
 1.800000E+00 
-1.055116E-07 
 1.315422E-08 
 1.315389E-08 
 1.315411E-08 
 1.315278E-08 
 1.315412E-08 
 1.315415E-08 
 1.800000E+00 
 7.572998E-08 
-2.178184E-07 
-2.178192E-07 
-2.178194E-07 
-2.178206E-07 
-2.178191E-07 
 1.800000E+00 
 6.070425E-05 
 5.624163E-09 
 5.623862E-09 
 5.623009E-09 
 5.631728E-09 
 1.800000E+00 
-1.749077E-08 
-5.789037E-09 
-5.795995E-09 
-5.789012E-09 
-5.789220E-09 
-5.788937E-09 
-5.788693E-09 
-5.788982E-09 
 1.800001E+00 
 3.936505E-06 
-1.654906E-05 
-1.654906E-05 
-1.654906E-05 
-1.654906E-05 
 1.800000E+00 
 1.720211E-06 
 1.640019E-06 
 1.640019E-06 
 1.640019E-06 
 1.640019E-06 
 1.640019E-06 
 1.640019E-06 
 1.640020E-06 
 1.800000E+00 
-5.964346E-06 
-5.967898E-06 
-5.967898E-06 
-5.967902E-06 
-5.967896E-06 
 1.800000E+00 
-1.279180E-07 
-1.276083E-07 
-1.276084E-07 
-1.276059E-07 
-1.276011E-07 
-1.276081E-07 
-1.276086E-07 
-1.276088E-07 
 1.800000E+00 
 8.084812E-09 
 9.923383E-09 
 9.924395E-09 
 9.923836E-09 
 9.923999E-09 
 9.924176E-09 
 1.800000E+00 
 1.489435E-06 
 6.589813E-09 
 6.588741E-09 
 6.589798E-09 
 6.589765E-09 
 6.590264E-09 
 6.589605E-09 
 6.589784E-09 
 1.800000E+00 
-2.846932E-05 
 6.580124E-09 
 6.580276E-09 
 6.580258E-09 
 6.580244E-09 
 6.580287E-09 
 6.580118E-09 
 1.800000E+00 
 4.522016E-07 
 3.304001E-08 
 3.304119E-08 
 3.304120E-08 
 3.304139E-08 
 3.304137E-08 
 3.304135E-08 
 1.800000E+00 
-1.242554E-06 
-4.536088E-07 
-4.536088E-07 
-4.536124E-07 
-4.536088E-07 
-4.536088E-07 
-4.536084E-07 
 1.800000E+00 
 1.846188E-08 
 1.867197E-08 
 1.867197E-08 
 1.867194E-08 
 1.867196E-08 
 1.867197E-08 
 1.867196E-08 
 1.867196E-08 
 1.867196E-08 
 1.800000E+00 
-1.765671E-05 
 4.606975E-06 
 4.606974E-06 
 4.606976E-06 
 4.607013E-06 
 4.606976E-06 
 4.606976E-06 
 1.800000E+00 
 1.280860E-06 
 1.528274E-06 
 1.528274E-06 
 1.528274E-06 
 1.528275E-06 
 1.528274E-06 
 1.528273E-06 
 1.528274E-06 
 1.800000E+00 
 1.935715E-06 
 1.914709E-06 
 1.914709E-06 
 1.914708E-06 
 1.914709E-06 
 1.914713E-06 
 1.914708E-06 
 1.914708E-06 
 1.800000E+00 
 1.856085E-08 
 6.244353E-09 
 6.242593E-09 
 6.253413E-09 
 6.244321E-09 
 6.244743E-09 
 6.244325E-09 
 6.244678E-09 
 1.800000E+00 
 1.075641E-07 
 2.750478E-08 
 2.750469E-08 
 2.750964E-08 
 2.750470E-08 
 2.751196E-08 
 2.750461E-08 
 2.750465E-08 
 2.750471E-08 
 1.800000E+00 
 1.162950E-05 
 1.154270E-05 
 1.154270E-05 
 1.154270E-05 
 1.154270E-05 
 1.154270E-05 
 1.154272E-05 
 1.154270E-05 
 1.800000E+00 
 5.961109E-09 
 6.947202E-09 
 6.947213E-09 
 6.945290E-09 
 6.947126E-09 
 6.947225E-09 
 6.947218E-09 
 6.947145E-09 
 6.947226E-09 
 1.800002E+00 
 1.701083E-08 
 1.744961E-08 
 1.744960E-08 
 1.744806E-08 
 1.744947E-08 
 1.744959E-08 
 1.744775E-08 
 1.745007E-08 
 1.800000E+00 
 3.177547E-07 
 3.180618E-07 
 3.180618E-07 
 3.180615E-07 
 3.180618E-07 
 3.180617E-07 
 3.180618E-07 
 3.180618E-07 
 3.180618E-07 
 1.800004E+00 
-5.568438E-06 
 2.580736E-07 
 2.580722E-07 
 2.580722E-07 
 2.580627E-07 
 2.580722E-07 
 2.580722E-07 
 2.580722E-07 
 2.580722E-07 
 1.800000E+00 
-7.774194E-06 
-7.819841E-06 
-7.819841E-06 
-7.819841E-06 
-7.819841E-06 
-7.819841E-06 
-7.819841E-06 
-7.819841E-06 
-7.819841E-06 
 1.799999E+00 
 1.422767E-07 
 4.811330E-09 
 4.811815E-09 
 4.811409E-09 
 4.811334E-09 
 4.811496E-09 
 4.808650E-09 
 4.811468E-09 
 1.800000E+00 
-5.819195E-07 
 1.026770E-08 
 1.027046E-08 
 1.026764E-08 
 1.026768E-08 
 1.026721E-08 
 1.026774E-08 
 1.026774E-08 
 1.026924E-08 
 1.026773E-08 
 1.026726E-08 
 1.800000E+00 
 5.768019E-08 
 8.284954E-09 
 8.284596E-09 
 8.284593E-09 
 8.284641E-09 
 8.284641E-09 
 1.800000E+00 
 1.088326E-04 
-5.985479E-08 
-5.985491E-08 
-5.984763E-08 
-5.985797E-08 
-5.985392E-08 
-5.985374E-08 
-5.985498E-08 
-5.984925E-08 
-5.985495E-08 
-5.985504E-08 
-5.985496E-08 
-5.985496E-08 
 1.800000E+00 
-3.180541E-07 
-3.047608E-07 
-3.047604E-07 
-3.047601E-07 
-3.047651E-07 
 1.800000E+00 
 1.670740E-06 
-1.026336E-08 
-1.028844E-08 
-1.030141E-08 
-1.030028E-08 
-1.029997E-08 
-1.030026E-08 
-1.030027E-08 
-1.030022E-08 
-1.030020E-08 
-1.030049E-08 
-1.030021E-08 
-1.030019E-08 
 1.800000E+00 
-2.070384E-08 
 1.014950E-09 
 1.015034E-09 
 1.014950E-09 
 1.014984E-09 
 1.799997E+00 
 7.075211E-07 
 3.698115E-08 
 3.698116E-08 
 3.698342E-08 
 3.698197E-08 
 3.698119E-08 
 3.698131E-08 
 3.698119E-08 
 3.698131E-08 
 3.698149E-08 
 3.698123E-08 
 3.698122E-08 
 3.697949E-08 
 1.800001E+00 
 1.852746E-06 
 1.852169E-06 
 1.852169E-06 
 1.852170E-06 
 1.852168E-06 
 1.852169E-06 
 1.800000E+00 
-8.186436E-06 
-8.186424E-06 
-8.186424E-06 
-8.186423E-06 
-8.186425E-06 
-8.186424E-06 
-8.186424E-06 
-8.186424E-06 
-8.186424E-06 
-8.186424E-06 
-8.186423E-06 
 1.800000E+00 
-2.857699E-07 
-2.554755E-07 
-2.554755E-07 
-2.554814E-07 
-2.554744E-07 
-2.554755E-07 
-2.554755E-07 
 1.800000E+00 
 6.362271E-06 
-4.007025E-07 
-4.007026E-07 
-4.007024E-07 
-4.007025E-07 
-4.007024E-07 
-4.007022E-07 
-4.007025E-07 
-4.007024E-07 
-4.007026E-07 
 1.800000E+00 
-3.066338E-07 
-3.066295E-07 
-3.066296E-07 
-3.066289E-07 
-3.066295E-07 
-3.066296E-07 
-3.066296E-07 
-3.066300E-07 
 1.800000E+00 
-1.726556E-05 
 6.249944E-09 
 6.249828E-09 
 6.249959E-09 
 6.249950E-09 
 6.249491E-09 
 6.249944E-09 
 6.249951E-09 
 1.800000E+00 
-6.081722E-05 
-3.122980E-07 
-3.122962E-07 
-3.122971E-07 
-3.122973E-07 
-3.122971E-07 
-3.122927E-07 
-3.122971E-07 
-3.122998E-07 
-3.122970E-07 
 1.800000E+00 
-4.428026E-06 
-1.354769E-07 
-1.354777E-07 
-1.354767E-07 
-1.354767E-07 
-1.354767E-07 
 1.800000E+00 
-5.623362E-07 
-5.460419E-07 
-5.460390E-07 
-5.460389E-07 
-5.460390E-07 
-5.460387E-07 
-5.460389E-07 
-5.460385E-07 
-5.460390E-07 
-5.460390E-07 
 1.800000E+00 
 3.450125E-07 
 4.786786E-07 
 4.786786E-07 
 4.786787E-07 
 4.786777E-07 
 4.786786E-07 
 4.786787E-07 
 1.800000E+00 
-5.569371E-07 
-5.814893E-07 
-5.814894E-07 
-5.814893E-07 
-5.814894E-07 
-5.814893E-07 
-5.814893E-07 
-5.814893E-07 
 1.800000E+00 
-2.290868E-07 
-2.026328E-07 
-2.026336E-07 
-2.026336E-07 
-2.026336E-07 
-2.026340E-07 
-2.026334E-07 
-2.026336E-07 
 1.799998E+00 
 1.083591E-07 
 3.134492E-09 
 3.133197E-09 
 3.134590E-09 
 3.134601E-09 
 3.134307E-09 
 3.134602E-09 
 3.134609E-09 
 1.800000E+00 
 7.764319E-09 
 1.287202E-09 
 1.292439E-09 
 1.292610E-09 
 1.292425E-09 
 1.292474E-09 
 1.800000E+00 
 1.636493E-05 
 1.624113E-05 
 1.624113E-05 
 1.624114E-05 
 1.624113E-05 
 1.624113E-05 
 1.624113E-05 
 1.624113E-05 
 1.624113E-05 
 1.800000E+00 
 1.132350E-07 
 5.031445E-08 
 5.031446E-08 
 5.031443E-08 
 5.031522E-08 
 1.800000E+00 
 6.838942E-08 
 4.464530E-08 
 4.464593E-08 
 4.464602E-08 
 4.464603E-08 
 4.464583E-08 
 4.464600E-08 
 4.464638E-08 
 4.464676E-08 
 1.800001E+00 
-1.248012E-07 
-2.684196E-07 
-2.684196E-07 
-2.684196E-07 
-2.684044E-07 
-2.684195E-07 
 1.800001E+00 
 2.636670E-06 
 2.748249E-06 
 2.748249E-06 
 2.748249E-06 
 2.748247E-06 
 2.748249E-06 
 2.748249E-06 
 1.800000E+00 
 3.443341E-07 
 3.457002E-07 
 3.456996E-07 
 3.457003E-07 
 3.457000E-07 
 3.457003E-07 
 1.800000E+00 
 8.808782E-05 
 9.407254E-09 
 9.407066E-09 
 9.406955E-09 
 9.408026E-09 
 9.407114E-09 
 9.407112E-09 
 1.800001E+00 
 4.966882E-09 
 1.701937E-08 
 1.702511E-08 
 1.702082E-08 
 1.702083E-08 
 1.702104E-08 
 1.702079E-08 
 1.800000E+00 
 3.601054E-08 
 7.425395E-09 
 7.425073E-09 
 7.425514E-09 
 1.800000E+00 
-1.948851E-07 
 8.851079E-09 
 8.850676E-09 
 8.851135E-09 
 8.851613E-09 
 8.850741E-09 
 8.851134E-09 
 8.851144E-09 
 8.851136E-09 
 1.800000E+00 
 4.937444E-08 
 5.001327E-08 
 5.001422E-08 
 1.800000E+00 
 1.124936E-06 
 5.514109E-09 
 5.514105E-09 
 5.514254E-09 
 5.514377E-09 
 5.514116E-09 
 5.514129E-09 
 5.513758E-09 
 5.514169E-09 
 1.800000E+00 
 6.932641E-08 
 1.207782E-08 
 1.800000E+00 
 4.302062E-07 
 4.302677E-07 
 4.302678E-07 
 4.302684E-07 
 4.302678E-07 
 4.302678E-07 
 4.302676E-07 
 4.302677E-07 
 4.302663E-07 
 1.800000E+00 
 1.261419E-07 
 6.454539E-09 
 6.458534E-09 
 6.454648E-09 
 1.800000E+00 
 7.873602E-07 
 1.543250E-08 
 1.543251E-08 
 1.543251E-08 
 1.542988E-08 
 1.543182E-08 
 1.800000E+00 
 1.851911E-06 
 1.635051E-06 
 1.635062E-06 
 1.635055E-06 
 1.800003E+00 
-1.642469E-06 
-1.404532E-06 
-1.404532E-06 
-1.404532E-06 
-1.404532E-06 
-1.404531E-06 
-1.404532E-06 
 1.800000E+00 
 1.192560E-06 
 6.066243E-09 
 6.066246E-09 
 6.065270E-09 
 1.800000E+00 
 6.994003E-07 
 4.785679E-07 
 4.785692E-07 
 4.785671E-07 
 4.785667E-07 
 1.800000E+00 
 2.494230E-07 
 2.446264E-07 
 2.446266E-07 
 2.446265E-07 
 2.446265E-07 
 1.800000E+00 
 2.417835E-06 
-2.557584E-05 
-2.557584E-05 
-2.557585E-05 
-2.557584E-05 
 1.800000E+00 
-4.267439E-06 
 1.513286E-05 
 1.513286E-05 
 1.513286E-05 
 1.513286E-05 
 1.800000E+00 
 2.487914E-06 
 1.524245E-06 
 1.524245E-06 
 1.524245E-06 
 1.800000E+00 
-1.741830E-05 
-1.737772E-05 
-1.737772E-05 
-1.737772E-05 
-1.737772E-05 
-1.737772E-05 
 1.800000E+00 
-3.120038E-09 
-1.042325E-09 
 1.800007E+00 
 6.412708E-09 
 1.117930E-07 
 1.117935E-07 
 1.117881E-07 
 1.117939E-07 
 1.117929E-07 
 1.117932E-07 
 1.800000E+00 
-3.395911E-08 
-2.789341E-08 
-2.789126E-08 
 1.799998E+00 
 4.317056E-06 
 3.748943E-06 
 3.748943E-06 
 3.748943E-06 
 3.748943E-06 
 1.800004E+00 
 6.739549E-06 
-2.030452E-07 
-2.030454E-07 
 1.800001E+00 
 1.034858E-06 
 1.503097E-06 
 1.503099E-06 
 1.503097E-06 
 1.503097E-06 
 1.800000E+00 
 2.170368E-08 
 1.083054E-08 
 1.083048E-08 
 1.083045E-08 
 1.800001E+00 
 1.763243E-07 
 1.756527E-07 
 1.756528E-07 
 1.756528E-07 
 1.800007E+00 
-5.553378E-07 
-5.086876E-07 
-5.086874E-07 
-5.086874E-07 
 1.800000E+00 
-9.889271E-08 
 8.004638E-08 
 8.004704E-08 
 8.005549E-08 
 1.800000E+00 
 1.200149E-07 
 1.007385E-07 
 1.007381E-07 
 1.800000E+00 
-9.004021E-06 
 1.742347E-05 
 1.742347E-05 
 1.742347E-05 
 1.742348E-05 
 1.800000E+00 
-5.027521E-08 
-4.164649E-08 
-4.164649E-08 
 1.800000E+00 
 3.897385E-07 
 3.909123E-07 
 3.909120E-07 
 3.909838E-07 
 1.799999E+00 
 5.457114E-08 
 5.676550E-08 
 5.676509E-08 
 1.800000E+00 
 9.952544E-09 
 1.078293E-08 
 1.078396E-08 
 1.078233E-08 
 1.800000E+00 
-1.446236E-08 
 9.134893E-09 
 9.134305E-09 
 9.133727E-09 
 1.800000E+00 
-8.272032E-08 
-8.235113E-08 
 1.800000E+00 
-8.196648E-07 
-8.196422E-07 
-8.196426E-07 
-8.196424E-07 
-8.196424E-07 
 1.799999E+00 
-1.103163E-06 
-1.036834E-06 
 1.800000E+00 
 2.770432E-06 
 5.159911E-10 
 5.159543E-10 
 5.160140E-10 
 1.800000E+00 
 6.125617E-06 
-8.007896E-07 
-8.007896E-07 
-8.007902E-07 
 1.799999E+00 
-5.375027E-07 
 1.800000E+00 
 2.171127E-07 
 5.800474E-09 
 5.800095E-09 
 5.800415E-09 
 5.801144E-09 
 5.800423E-09 
 1.800000E+00 
 5.335339E-07 
 1.800000E+00 
 1.325094E-06 
 6.631368E-09 
 6.632158E-09 
 6.631353E-09 
 1.800000E+00 
-4.756021E-07 
-4.819103E-07 
-4.819086E-07 
 1.800000E+00 
 2.645822E-06 
 2.662391E-06 
 2.662391E-06 
 1.800000E+00 
-2.740558E-05 
-2.745183E-05 
 1.800000E+00 
-4.577390E-06 
-4.626908E-06 
-4.626906E-06 
-4.626907E-06 
-4.626907E-06 
 1.800000E+00 
 1.800000E+00 
 7.832647E-08 
 1.311485E-08 
 1.311484E-08 
 1.311387E-08 
 1.311451E-08 
 1.311485E-08 
 1.800000E+00 
 3.546188E-08 
 1.800000E+00 
-5.153458E-07 
-9.955603E-09 
-9.956665E-09 
 1.800000E+00 
 1.006368E-05 
 9.954443E-06 
 9.954439E-06 
 1.800000E+00 
-9.928117E-08 
-9.479432E-08 
-9.478680E-08 
 1.800000E+00 
 7.908668E-06 
 7.918543E-06 
 1.800000E+00 
 2.083520E-06 
 1.438799E-06 
 1.438797E-06 
 1.800000E+00 
-1.413837E-05 
 2.091972E-05 
 2.091972E-05 
 1.800000E+00 
-1.002034E-06 
-1.140240E-06 
 1.800007E+00 
-1.068153E-07 
 9.307844E-09 
 9.308180E-09 
 1.800000E+00 
-3.719942E-06 
-3.942844E-06 
 1.800000E+00 
 7.923451E-06 
-2.255544E-08 
-2.255535E-08 
 1.800000E+00 
 3.800369E-08 
 7.710518E-09 
 7.710601E-09 
 1.799999E+00 
-9.530082E-06 
 1.800000E+00 
-2.529569E-07 
-2.550603E-07 
-2.550610E-07 
-2.550602E-07 
 1.800000E+00 
 6.899676E-09 
 1.800000E+00 
-1.924655E-06 
-1.922472E-06 
-1.922472E-06 
-1.922472E-06 
 1.800000E+00 
 1.800000E+00 
 9.461475E-08 
 4.867035E-08 
 4.866931E-08 
 4.866978E-08 
 4.866975E-08 
 1.800000E+00 
 1.800000E+00 
 5.176616E-06 
-9.220556E-08 
-9.220514E-08 
-9.220502E-08 
 1.800000E+00 
 2.377270E-07 
 2.243108E-07 
 1.799996E+00 
 8.706006E-09 
 1.800006E+00 
-4.003691E-06 
-4.891234E-06 
-4.891234E-06 
-4.891234E-06 
 1.800000E+00 
 1.197414E-08 
 1.800006E+00 
 1.478670E-06 
 1.479266E-06 
 1.800000E+00 
 1.228784E-09 
 4.536040E-09 
 4.536049E-09 
 1.800000E+00 
-7.600867E-06 
 1.800000E+00 
 1.429724E-07 
 1.139269E-07 
 1.139269E-07 
 1.139268E-07 
 1.800000E+00 
 1.800000E+00 
 9.615998E-07 
 8.030637E-07 
 8.030638E-07 
 1.800000E+00 
-1.924588E-07 
-2.128722E-07 
 1.800000E+00 
 1.265096E-05 
-2.822393E-05 
 1.800000E+00 
 2.130600E-06 
 2.852400E-06 
 1.800000E+00 
-1.342236E-07 
-1.373578E-07 
 1.800000E+00 
-3.477157E-08 
 1.253046E-08 
 1.800000E+00 
 3.523668E-08 
 5.952792E-09 
 1.800000E+00 
 2.380844E-06 
 2.378188E-06 
 1.799998E+00 
 4.140308E-06 
 5.912203E-10 
 1.800000E+00 
 7.697530E-07 
 5.053944E-07 
 1.800000E+00 
-3.042408E-07 
 1.800000E+00 
 8.189799E-07 
 1.600147E-06 
 1.600145E-06 
 1.800006E+00 
 1.742502E-06 
 1.800000E+00 
 2.289125E-07 
 2.301620E-07 
 1.800000E+00 
 6.329757E-08 
 6.742378E-08 
 1.800000E+00 
 3.786811E-07 
 3.452357E-07 
 1.800000E+00 
-2.033396E-10 
 1.800002E+00 
 7.005157E-07 
 7.131339E-07 
 7.131254E-07 
 1.800000E+00 
 1.800000E+00 
-7.596205E-08 
-3.082921E-08 
-3.082893E-08 
 1.800000E+00 
-1.941358E-06 
-1.826874E-06 
 1.800000E+00 
 3.883546E-09 
 1.799998E+00 
-7.409480E-05 
-2.066671E-05 
 1.800000E+00 
 1.021677E-05 
 1.800000E+00 
 4.122536E-07 
 4.114189E-07 
 4.114190E-07 
 1.800000E+00 
 1.800000E+00 
 8.432544E-08 
 8.459615E-08 
 8.459612E-08 
 1.800000E+00 
-6.647955E-08 
 1.800000E+00 
 1.893048E-06 
 1.554041E-06 
 1.800000E+00 
 1.985574E-06 
-1.115612E-05 
 1.799999E+00 
 1.800000E+00 
-1.109904E-06 
 2.695317E-07 
 2.695308E-07 
 1.800000E+00 
-1.159518E-07 
 1.800001E+00 
 1.179589E-06 
 6.180105E-09 
 1.800000E+00 
-2.092412E-06 
 1.800001E+00 
 4.755385E-07 
 4.496830E-07 
 1.800005E+00 
-1.140184E-05 
 1.800000E+00 
-3.171934E-07 
 6.587468E-09 
 1.800000E+00 
-4.978334E-06 
 1.800000E+00 
-1.249553E-05 
 3.237692E-06 
 1.800000E+00 
 1.800000E+00 
 3.270422E-06 
-1.815832E-10 
-1.888966E-10 
 1.800000E+00 
 3.833832E-06 
 3.833997E-06 
 1.800000E+00 
 1.800000E+00 
 2.687180E-06 
 2.710192E-06 
 1.800000E+00 
-6.743412E-08 
 1.800000E+00 
 1.213384E-08 
 1.332332E-08 
 1.800000E+00 
 2.304435E-08 
 1.800000E+00 
 1.928417E-06 
-1.105366E-05 
 1.800000E+00 
 1.800000E+00 
-5.795823E-07 
-5.867382E-08 
-5.867456E-08 
 1.800000E+00 
 1.800000E+00 
 1.197308E-07 
 1.304909E-07 
 1.800000E+00 
 1.258587E-06 
 1.123931E-05 
 1.800001E+00 
 1.800000E+00 
-3.355331E-06 
-3.359047E-06 
 1.800000E+00 
 1.914303E-09 
 1.800000E+00 
-6.270030E-06 
 1.956912E-07 
 1.800000E+00 
-3.530870E-08 
 1.800000E+00 
 1.800000E+00 
 1.198155E-06 
 1.379121E-06 
 1.379121E-06 
 1.800000E+00 
 3.031528E-08 
 1.800000E+00 
 1.800000E+00 
 9.334800E-08 
 9.342686E-09 
 9.342674E-09 
 1.800001E+00 
 1.800000E+00 
 1.718108E-07 
 1.800000E+00 
-6.214355E-08 
-3.906088E-08 
 1.800000E+00 
 3.345167E-07 
 1.800000E+00 
 6.672482E-07 
 1.800000E+00 
 8.238796E-08 
 1.051483E-08 
 1.800000E+00 
 1.800000E+00 
-1.165712E-06 
 2.008588E-08 
 1.800000E+00 
 3.099457E-08 
 1.800000E+00 
-5.465801E-08 
 1.800000E+00 
-1.876744E-07 
 1.800000E+00 
 3.503856E-07 
 3.858837E-07 
 1.800000E+00 
 1.800007E+00 
-6.092848E-07 
-3.406631E-07 
 1.800000E+00 
 1.800000E+00 
-2.680714E-07 
-7.062467E-08 
 1.800000E+00 
 1.517878E-06 
 1.800000E+00 
 3.090467E-08 
 1.800000E+00 
 7.578416E-09 
 1.799999E+00 
-2.501192E-06 
-7.890280E-08 
 1.800000E+00 
 1.800000E+00 
 2.868378E-07 
 1.800000E+00 
 2.001402E-05 
-8.980927E-06 
 1.800000E+00 
 1.800000E+00 
-5.850775E-07 
-5.846771E-07 
 1.800000E+00 
-9.133829E-07 
 1.800000E+00 
 1.800000E+00 
-1.009123E-07 
 4.056382E-08 
 1.800000E+00 
 7.530135E-09 
 1.800000E+00 
 1.800000E+00 
 3.557423E-07 
 3.574060E-07 
 1.800000E+00 
 1.410488E-08 
 1.800000E+00 
-7.348196E-07 
 1.799998E+00 
 1.800000E+00 
 2.252857E-06 
 1.817447E-06 
 1.800000E+00 
 1.913293E-05 
 1.799999E+00 
 2.028703E-07 
 1.800000E+00 
 1.800004E+00 
-1.207271E-07 
 6.695931E-09 
 1.800000E+00 
 3.294517E-07 
 1.800000E+00 
 1.800000E+00 
 1.134390E-07 
 8.361811E-08 
 1.800000E+00 
 1.800000E+00 
-6.205752E-08 
 3.142132E-08 
 1.800000E+00 
 1.800000E+00 
 1.147787E-08 
 1.800000E+00 
 2.076926E-07 
 1.800000E+00 
-1.860208E-06 
 1.800000E+00 
 1.085731E-05 
 1.800000E+00 
-5.353831E-06 
 1.800000E+00 
 6.373672E-07 
 1.800000E+00 
-5.586293E-07 
 1.800001E+00 
 1.800000E+00 
 1.579650E-06 
 1.581391E-06 
 1.800000E+00 
 1.800000E+00 
-1.113335E-06 
-1.085246E-06 
 1.800005E+00 
 1.800005E+00 
 1.799998E+00 
 6.960674E-08 
-5.766408E-09 
 1.800000E+00 
 8.775795E-07 
 1.800001E+00 
-2.744441E-05 
 1.800000E+00 
 1.800000E+00 
 5.323035E-09 
 1.800000E+00 
 6.776012E-08 
 1.800000E+00 
 1.236502E-07 
 1.800000E+00 
-1.663605E-06 
 1.800000E+00 
 1.800000E+00 
 1.636654E-06 
 9.301746E-09 
 1.800000E+00 
 1.800000E+00 
 1.800000E+00 
 2.236418E-07 
 1.273184E-07 
 1.800004E+00 
 1.018123E-08 
 1.800000E+00 
 1.800000E+00 
-1.639719E-08 
 1.800001E+00 
 1.070635E-08 
 1.800000E+00 
-6.832142E-07 
 1.800000E+00 
 1.800000E+00 
 5.923173E-07 
 7.447478E-09 
 1.800000E+00 
 1.800000E+00 
 1.800000E+00 
 1.469593E-06 
 1.494808E-06 
 1.800000E+00 
 1.800000E+00 
-3.571845E-09 
 1.800000E+00 
 9.385226E-07 
 1.800000E+00 
 4.715487E-06 
 1.800001E+00 
 1.800000E+00 
-6.428948E-07 
 1.800000E+00 
 2.938735E-07 
 1.800000E+00 
 1.800000E+00 
-7.360987E-09 
 1.800000E+00 
 8.004959E-06 
 1.800000E+00 
 7.634438E-08 
 1.800000E+00 
 1.800000E+00 
 2.513383E-08 
 1.800000E+00 
-2.298180E-07 
 1.800000E+00 
 1.800000E+00 
-1.287803E-07 
-1.201792E-07 
 1.800002E+00 
 1.800002E+00 
 1.800000E+00 
-6.088428E-09 
 1.800000E+00 
 7.354374E-09 
 1.800000E+00 
 1.143457E-09 
 1.800000E+00 
 1.800000E+00 
-3.517192E-09 
 1.800000E+00 
 1.800000E+00 
 3.596574E-08 
 1.407995E-08 
 1.800000E+00 
 1.800000E+00 
 1.800000E+00 
 1.077582E-07 
 1.800007E+00 
 2.208350E-08 
 1.800000E+00 
-1.938990E-07 
 1.800000E+00 
 1.800000E+00 
-7.144537E-06 
 1.800000E+00 
 1.799999E+00 
 7.151611E-07 
 1.800000E+00 
-4.367555E-06 
 1.800000E+00 
 6.615488E-09 
 1.800000E+00 
 1.800000E+00 
 1.799997E+00 
-6.920458E-08 
 1.800000E+00 
 1.251225E-08 
 1.800006E+00 
 2.772642E-08 
 1.800000E+00 
 1.800000E+00 
 1.800000E+00 
-4.950542E-06 
-8.856197E-08 
 1.800000E+00 
 1.800000E+00 
 1.800000E+00 
 1.376731E-06 
 1.799998E+00 
-3.073597E-06 
 1.800000E+00 
 1.800000E+00 
-6.650085E-09 
 1.800000E+00 
 1.800000E+00 
-4.460211E-07 
 1.800000E+00 
 1.703380E-08 
 1.800004E+00 
 1.800000E+00 
 1.504467E-06 
 1.800000E+00 
 1.800000E+00 
-1.645403E-07 
 1.800000E+00 
 1.800000E+00 
 6.534634E-07 
 1.800000E+00 
 2.524625E-08 
 1.800000E+00 
 1.800000E+00 
-1.810236E-09 
 1.800000E+00 
 1.800000E+00 
 5.888056E-09 
 1.800000E+00 
 1.800000E+00 
 4.469331E-07 
 1.800000E+00 
 1.800000E+00 
-3.613707E-08 
 1.800000E+00 
 1.498862E-08 
 1.800000E+00 
 1.800000E+00 
 1.800000E+00 
-9.651642E-08 
 1.800000E+00 
 6.301553E-09 
 1.800000E+00 
 1.800000E+00 
 1.800000E+00 
-3.283965E-05 
 4.127094E-06 
 1.800000E+00 
 1.800000E+00 
 1.800000E+00 
 1.800000E+00 
-1.018702E-06 
 1.800000E+00 
 5.519009E-07 
 1.800000E+00 
 1.800000E+00 
-5.808297E-06 
 1.800000E+00 
 1.800000E+00 
 7.454326E-09 
 1.800000E+00 
 1.800000E+00 
 1.800000E+00 
-7.193906E-09 
-7.278733E-09 
 1.800000E+00 
 1.800000E+00 
 1.800000E+00 
 1.800000E+00 
 5.260717E-06 
 1.800000E+00 
 1.800000E+00 
-7.302567E-08 
 3.216762E-07 
 1.800000E+00 
 1.800000E+00 
 1.800000E+00 
 1.800000E+00 
 1.800000E+00 
-3.904692E-06 
 1.371139E-07 
 1.800000E+00 
 1.800000E+00 
 1.800000E+00 
-3.172539E-05 
 1.800000E+00 
 1.800000E+00 
 1.800003E+00 
 1.027160E-06 
 9.736113E-07 
 1.800000E+00 
 1.800000E+00 
 1.800000E+00 
 1.800000E+00 
 1.800000E+00 
-1.884812E-06 
-3.699118E-08 
 1.800000E+00 
 1.800000E+00 
 1.800000E+00 
 1.800000E+00 
 5.865224E-08 
 1.800000E+00 
-2.971274E-06 
 1.800007E+00 
 1.800000E+00 
 1.800001E+00 
 6.117137E-07 
 1.800000E+00 
 1.800000E+00 
-5.296182E-06 
 1.800000E+00 
 1.800000E+00 
 1.800000E+00 
-1.574519E-07 
 1.800000E+00 
 1.137903E-05 
 1.800001E+00 
 1.800001E+00 
 1.800001E+00 
 1.800000E+00 
 6.475484E-07 
 1.800000E+00 
 1.800000E+00 
 5.458938E-08 
 1.800000E+00 
 1.800000E+00 
-3.020988E-07 
 1.800004E+00 
 1.800000E+00 
 1.800000E+00 
 2.865008E-07 
 1.800000E+00 
 1.800000E+00 
 1.800000E+00 
-2.808677E-07 
 1.800000E+00 
-2.548081E-07 
 1.800000E+00 
 1.800000E+00 
 1.800000E+00 
 1.800000E+00 
 5.901157E-09 
 1.800001E+00 
 1.800000E+00 
 1.800000E+00 
 2.336480E-05 
 1.800000E+00 
-1.708548E-07 
 1.800000E+00 
 1.800000E+00 
 1.800000E+00 
 1.800000E+00 
-1.126833E-08 
 1.800000E+00 
 1.800000E+00 
-7.867046E-08 
 1.800000E+00 
 1.800000E+00 
 1.800000E+00 
 1.800000E+00 
-2.780741E-06 
 1.800000E+00 
 1.665804E-08 
 1.800000E+00 
 1.800000E+00 
 1.800000E+00 
 1.800000E+00 
-5.504749E-06 
 1.800000E+00 
 1.800000E+00 
 1.800000E+00 
 1.290128E-05 
 1.800001E+00 
 1.800000E+00 
-2.358397E-06 
 1.799998E+00 
 1.799999E+00 
 1.799999E+00 
 1.800000E+00 
 3.173200E-08 
 1.800000E+00 
 1.800000E+00 
 7.183123E-08 
 1.800000E+00 
 1.800000E+00 
 1.800000E+00 
 1.800000E+00 
 4.495470E-08 
 1.800000E+00 
 1.800000E+00 
 5.275629E-09 
 1.800000E+00 
 1.800000E+00 
 1.800000E+00 
 1.800001E+00 
-3.421624E-08 
 1.800000E+00 
 1.800000E+00 
 1.800000E+00 
-7.643014E-07 
 1.800000E+00 
 1.800003E+00 
 1.799998E+00 
 1.567664E-08 
 1.800000E+00 
 1.800000E+00 
 1.800000E+00 
-1.848179E-06 
 1.800000E+00 
 1.800000E+00 
 1.800000E+00 
 1.800000E+00 
 2.292479E-07 
 1.800000E+00 
 1.800000E+00 
 3.703966E-07 
 1.800003E+00 
 1.800003E+00 
 1.800003E+00 
 1.800003E+00 
 1.800000E+00 
 1.193791E-06 
 1.800000E+00 
 1.800000E+00 
-1.578670E-08 
 1.800000E+00 
 1.800000E+00 
 1.800000E+00 
 1.800000E+00 
 8.247117E-06 
 1.800000E+00 
 1.800000E+00 
 1.800000E+00 
 1.800000E+00 
 1.567188E-05 
 1.800000E+00 
 1.800000E+00 
 3.470379E-08 
 1.800000E+00 
 1.800000E+00 
 1.800000E+00 
 1.800000E+00 
 1.800000E+00 
 1.800000E+00 
-2.630071E-08 
 1.800000E+00 
-5.581658E-07 
 1.800000E+00 
 1.800000E+00 
 1.800000E+00 
 1.800000E+00 
 1.800000E+00 
 1.800001E+00 
-7.344308E-09 
 1.800000E+00 
 1.800000E+00 
 6.866140E-08 
 1.800000E+00 
 1.800000E+00 
 1.800000E+00 
 1.800000E+00 
 1.800000E+00 
 1.799998E+00 
 6.481242E-09 
 1.800000E+00 
 1.330122E-08 
 1.800000E+00 
 1.800000E+00 
 1.800000E+00 
 1.800000E+00 
 1.800000E+00 
 1.800000E+00 
 1.800001E+00 
 5.554426E-08 
 1.800000E+00 
 1.733583E-08 
 1.800000E+00 
 1.800000E+00 
 1.800000E+00 
 1.800000E+00 
 1.800000E+00 
 1.800000E+00 
 1.800000E+00 
-1.990065E-06 
 1.800000E+00 
 1.800000E+00 
 5.627168E-07 
 1.800000E+00 
 1.800000E+00 
 1.800000E+00 
 1.800000E+00 
 1.800000E+00 
 1.800000E+00 
 8.233255E-06 
 1.800000E+00 
 1.800000E+00 
 1.355882E-08 
 1.800000E+00 
 1.800000E+00 
 1.800000E+00 
 1.800000E+00 
 1.800000E+00 
 1.800000E+00 
 1.800000E+00 
 1.522548E-07 
 1.800000E+00 
 1.800003E+00 
-1.241957E-08 
 1.800000E+00 
 1.800000E+00 
 1.800000E+00 
 1.800000E+00 
 1.800000E+00 
 1.800000E+00 
 1.800000E+00 
-3.661631E-06 
 1.800000E+00 
 1.800000E+00 
 8.377491E-07 
 1.800000E+00 
 1.800000E+00 
 1.800000E+00 
 1.800000E+00 
 1.800000E+00 
 1.800000E+00 
 1.800000E+00 
 6.788097E-09 
 1.800003E+00 
 1.800002E+00 
 1.800000E+00 
-1.295094E-08 
 1.800000E+00 
 1.800000E+00 
 1.800000E+00 
 1.800000E+00 
 1.800000E+00 
 1.800000E+00 
 3.475116E-09 
 1.800006E+00 
 1.800006E+00 
 1.800000E+00 
 1.800000E+00 
 1.424968E-05 
 1.800007E+00 
 1.800007E+00 
 1.800007E+00 
 1.800007E+00 
 1.800007E+00 
 1.800007E+00 
-1.015672E-05 
 1.800000E+00 
 1.800000E+00 
 1.800000E+00 
 1.800000E+00 
-2.182182E-08 
 1.800000E+00 
 1.800000E+00 
 1.800000E+00 
 1.800000E+00 
 1.800000E+00 
 1.800000E+00 
-7.965295E-08 
 1.799999E+00 
 1.799999E+00 
 1.799999E+00 
 1.799999E+00 
 1.800000E+00 
 1.800000E+00 
 7.629684E-09 
 1.800000E+00 
 1.800000E+00 
 1.800006E+00 
 9.560693E-09 
 1.800000E+00 
 1.800000E+00 
 1.800000E+00 
 1.800000E+00 
 1.800000E+00 
 1.800000E+00 
 1.800000E+00 
 1.800000E+00 
 1.800007E+00 
-5.044591E-07 
 1.800000E+00 
 1.800000E+00 
 3.328599E-06 
 1.800000E+00 
 1.800000E+00 
 1.800000E+00 
 1.800000E+00 
 1.800000E+00 
 1.800000E+00 
 1.800000E+00 
 1.800000E+00 
 1.800000E+00 
 2.462309E-07 
 1.800000E+00 
 1.800000E+00 
 1.799999E+00 
 1.800000E+00 
-4.295459E-08 
 1.799999E+00 
 1.799999E+00 
 1.799999E+00 
 1.799999E+00 
 1.799999E+00 
 1.800000E+00 
 8.981101E-09 
 1.800000E+00 
 1.800000E+00 
 1.800000E+00 
 1.800000E+00 
 1.800000E+00 
 1.800000E+00 
 1.800000E+00 
-6.747313E-08 
 1.800000E+00 
 1.800000E+00 
 1.800000E+00 
 1.800000E+00 
 1.800000E+00 
 1.106745E-08 
 1.800000E+00 
 1.800000E+00 
 1.800000E+00 
 1.800000E+00 
 1.800000E+00 
 1.800000E+00 
 1.800000E+00 
 1.800000E+00 
-5.514546E-08 
 1.799999E+00 
 1.799999E+00 
 1.799999E+00 
 1.800000E+00 
 1.800000E+00 
 4.711044E-10 
 1.800000E+00 
 1.800000E+00 
 1.800000E+00 
 1.800000E+00 
 1.800000E+00 
 1.800000E+00 
 1.800000E+00 
 1.800006E+00 
-1.172722E-05 
 1.800007E+00 
 1.800000E+00 
 1.800001E+00 
 1.800000E+00 
 1.800000E+00 
-4.868931E-08 
 1.800000E+00 
 1.800000E+00 
 1.800000E+00 
 1.800000E+00 
 1.800000E+00 
 1.800000E+00 
 1.800000E+00 
 1.800000E+00 
-8.907562E-07 
 1.800000E+00 
 1.800000E+00 
 1.800000E+00 
 1.800000E+00 
 1.800000E+00 
 1.800000E+00 
 1.800000E+00 
 1.347216E-07 
 1.800000E+00 
 1.800000E+00 
 1.800000E+00 
 1.800000E+00 
 1.800000E+00 
 1.800000E+00 
 1.800000E+00 
-1.532664E-05 
 1.800000E+00 
 1.800000E+00 
 1.800000E+00 
 1.800000E+00 
 1.800000E+00 
 1.800000E+00 
 1.800002E+00 
 1.263683E-08 
 1.800000E+00 
 1.800000E+00 
 1.800000E+00 
 1.800000E+00 
 1.800000E+00 
 1.800000E+00 
 1.800000E+00 
 1.800001E+00 
 9.512740E-09 
 1.800000E+00 
 1.800000E+00 
 1.800000E+00 
 1.800000E+00 
 1.800000E+00 
 1.800000E+00 
 1.800000E+00 
-6.388838E-06 
 1.800000E+00 
 1.800000E+00 
 1.800000E+00 
 1.800000E+00 
 1.800000E+00 
 1.800000E+00 
 1.800000E+00 
 1.799998E+00 
 1.800000E+00 
-6.790006E-06 
 1.800006E+00 
 1.800006E+00 
 1.800006E+00 
 1.800000E+00 
 1.800000E+00 
 1.800000E+00 
 7.684807E-09 
 1.800000E+00 
 1.800000E+00 
 1.800000E+00 
 1.800000E+00 
 1.800000E+00 
 1.800000E+00 
 1.800000E+00 
 1.800000E+00 
 1.800000E+00 
 1.631333E-08 
 1.800000E+00 
 1.800000E+00 
 1.800000E+00 
 1.800000E+00 
 1.800000E+00 
 1.800000E+00 
 1.800000E+00 
 1.800000E+00 
 1.282174E-08 
 1.800000E+00 
 1.800000E+00 
 1.800000E+00 
 1.800000E+00 
 1.800000E+00 
 1.800000E+00 
 1.800000E+00 
 1.800000E+00 
 1.800000E+00 
-1.039455E-07 
 1.800000E+00 
 1.800000E+00 
 1.800000E+00 
 1.800000E+00 
 1.800000E+00 
 1.800000E+00 
 1.800000E+00 
 3.601766E-06 
 1.800000E+00 
 1.800000E+00 
 1.800000E+00 
 1.800000E+00 
 1.800000E+00 
 1.800000E+00 
 1.800000E+00 
 1.800000E+00 
 1.800000E+00 
 1.800000E+00 
 2.432619E-07 
 1.800000E+00 
 1.800000E+00 
 1.800000E+00 
 1.800000E+00 
 1.800000E+00 
 1.800000E+00 
 1.800000E+00 
 2.046995E-07 
 1.800000E+00 
 1.800000E+00 
 1.800000E+00 
 1.800000E+00 
 1.800000E+00 
 1.800000E+00 
 1.800000E+00 
 1.800000E+00 
 1.800000E+00 
 1.800000E+00 
 1.224323E-07 
 1.800000E+00 
 1.800000E+00 
 1.800000E+00 
 1.800000E+00 
 1.800000E+00 
 1.800000E+00 
 1.800000E+00 
 1.800007E+00 
-1.503333E-07 
 1.799998E+00 
 1.799998E+00 
 1.799998E+00 
 1.799998E+00 
 1.799998E+00 
 1.799998E+00 
 1.799998E+00 
 1.799998E+00 
 1.799998E+00 
 1.800000E+00 
 4.270025E-07 
 1.800001E+00 
 1.800001E+00 
 1.800001E+00 
 1.800001E+00 
 1.800001E+00 
 1.800001E+00 
 1.800000E+00 
 1.800000E+00 
 8.090333E-07 
 1.800000E+00 
 1.800000E+00 
 1.800000E+00 
 1.800000E+00 
 1.800000E+00 
 1.800000E+00 
 1.800000E+00 
 1.800000E+00 
 1.800000E+00 
 2.321809E-08 
 1.800000E+00 
 1.800000E+00 
 1.800000E+00 
 1.800000E+00 
 1.800000E+00 
 1.800000E+00 
 1.800000E+00 
 1.800000E+00 
 1.800000E+00 
 1.800000E+00 
 3.423181E-07 
 1.800007E+00 
 1.799999E+00 
 1.799999E+00 
 1.799999E+00 
 1.799999E+00 
 1.800000E+00 
 1.799999E+00 
 1.309674E-08 
 1.800000E+00 
 1.800000E+00 
 1.800000E+00 
 1.800000E+00 
 1.800000E+00 
 1.800000E+00 
 1.800000E+00 
 1.800000E+00 
 1.800000E+00 
 1.800000E+00 
 1.800000E+00 
 1.800000E+00 
 1.383416E-08 
 1.800000E+00 
 1.800000E+00 
 1.800000E+00 
 1.800000E+00 
 1.800000E+00 
 1.800000E+00 
-3.240448E-05 
 1.800000E+00 
 1.800000E+00 
 1.800000E+00 
 1.800000E+00 
 1.800000E+00 
 1.800000E+00 
 1.800000E+00 
 1.800000E+00 
 1.800000E+00 
 1.800000E+00 
 1.800000E+00 
 1.800000E+00 
-2.102007E-05 
 1.800000E+00 
 1.800000E+00 
 1.800000E+00 
 1.800000E+00 
 1.800000E+00 
 1.800000E+00 
 2.414410E-06 
 1.800007E+00 
 1.800007E+00 
 1.800007E+00 
 1.800007E+00 
 1.800007E+00 
 1.800007E+00 
 1.800007E+00 
 1.800007E+00 
 1.800007E+00 
 1.800007E+00 
 1.800007E+00 
 1.800000E+00 
 2.592643E-08 
 1.800000E+00 
 1.800000E+00 
 1.800000E+00 
 1.800000E+00 
 1.800000E+00 
 1.800000E+00 
 1.800000E+00 
 9.921407E-09 
 1.799996E+00 
 1.799996E+00 
 1.799996E+00 
 1.799996E+00 
 1.799996E+00 
 1.799996E+00 
 1.799996E+00 
 1.800000E+00 
 1.800007E+00 
-2.136208E-08 
 1.800000E+00 
 1.800000E+00 
 1.800000E+00 
 1.800000E+00 
 1.800000E+00 
 1.800000E+00 
 1.800000E+00 
 1.800000E+00 
 1.800000E+00 
-2.896723E-08 
 1.800000E+00 
 1.800000E+00 
 1.800000E+00 
 1.800000E+00 
 1.800000E+00 
 1.800000E+00 
 1.800000E+00 
 1.800000E+00 
 1.800006E+00 
 1.668039E-06 
 1.800000E+00 
 1.800000E+00 
 1.800000E+00 
 1.800000E+00 
 1.800000E+00 
 1.800000E+00 
 1.800000E+00 
 1.800000E+00 
-1.531501E-07 
 1.800000E+00 
 1.800000E+00 
 1.800000E+00 
 1.800000E+00 
 1.800000E+00 
 1.800000E+00 
 1.800000E+00 
 1.800000E+00 
 1.800004E+00 
 9.548361E-09 
 1.800000E+00 
 1.800000E+00 
 1.800000E+00 
 1.800000E+00 
 1.800000E+00 
 1.800000E+00 
 1.800000E+00 
 9.397910E-09 
 1.800000E+00 
 1.800000E+00 
 1.800000E+00 
 1.800000E+00 
 1.800000E+00 
 1.800000E+00 
 1.800000E+00 
 1.800000E+00 
 1.800000E+00 
 1.800000E+00 
-5.430941E-09 
 1.799998E+00 
 1.799998E+00 
 1.799998E+00 
 1.799998E+00 
 1.799998E+00 
 1.800000E+00 
 1.800000E+00 
 1.002290E-07 
 1.800000E+00 
 1.800000E+00 
 1.800000E+00 
 1.800000E+00 
 1.800000E+00 
 1.800000E+00 
 1.800000E+00 
 1.800000E+00 
 1.257726E-06 
 1.800000E+00 
 1.800000E+00 
 1.800000E+00 
 1.800000E+00 
 1.800000E+00 
 1.800000E+00 
 1.800000E+00 
 1.800000E+00 
 3.174389E-07 
 1.800000E+00 
 1.800000E+00 
 1.800000E+00 
 1.800000E+00 
 1.800000E+00 
 1.800000E+00 
 1.800000E+00 
-8.307144E-08 
 1.799999E+00 
 1.799999E+00 
 1.799999E+00 
 1.799999E+00 
 1.799999E+00 
 1.799999E+00 
 1.799999E+00 
 1.800000E+00 
-1.884745E-09 
 1.800000E+00 
 1.800000E+00 
 1.800000E+00 
 1.800000E+00 
 1.800000E+00 
 1.800000E+00 
 1.800011E+00 
 3.944748E-06 
 1.800000E+00 
 1.800000E+00 
 1.800000E+00 
 1.800000E+00 
 1.800000E+00 
 1.800000E+00 
 1.800000E+00 
 1.800000E+00 
 9.574158E-07 
 1.800000E+00 
 1.800000E+00 
 1.800000E+00 
 1.800000E+00 
 1.800000E+00 
 1.800006E+00 
 5.010153E-08 
 1.800000E+00 
 1.800000E+00 
 1.800000E+00 
 1.800000E+00 
 1.800000E+00 
 1.800000E+00 
 1.800004E+00 
-1.307396E-07 
 1.800000E+00 
 1.800000E+00 
 1.800000E+00 
 1.800000E+00 
 1.800000E+00 
 1.800000E+00 
 1.800000E+00 
 1.800000E+00 
 1.716029E-06 
 1.800000E+00 
 1.800000E+00 
 1.800000E+00 
 1.800000E+00 
 1.800000E+00 
 1.142774E-10 
 1.800000E+00 
 1.800000E+00 
 1.800000E+00 
 1.800000E+00 
 1.800000E+00 
 1.800000E+00 
 1.800000E+00 
 1.800000E+00 
 3.196220E-08 
 1.799999E+00 
 1.800000E+00 
 1.800000E+00 
 1.800000E+00 
 1.800000E+00 
-8.461163E-06 
 1.800000E+00 
 1.800000E+00 
 1.800000E+00 
 1.800000E+00 
 1.800000E+00 
 1.800000E+00 
 1.799999E+00 
 1.800000E+00 
-5.444016E-07 
 1.800000E+00 
 1.800000E+00 
 1.800000E+00 
 1.800000E+00 
-2.090530E-07 
 1.800000E+00 
 1.800000E+00 
 1.800000E+00 
 1.800000E+00 
 1.800000E+00 
 1.800000E+00 
 1.800000E+00 
 1.800000E+00 
-3.958993E-08 
 1.800000E+00 
 1.800000E+00 
 1.800000E+00 
 1.800003E+00 
 8.150199E-08 
 1.800000E+00 
 1.800000E+00 
 1.800000E+00 
 1.800000E+00 
 1.800000E+00 
 1.800000E+00 
 1.800000E+00 
 1.800000E+00 
-9.120460E-07 
 1.800000E+00 
 1.800001E+00 
 1.800001E+00 
 1.247056E-08 
 1.800000E+00 
 1.800000E+00 
 1.800000E+00 
 1.800000E+00 
 1.800000E+00 
 1.800000E+00 
 1.800000E+00 
 1.800008E+00 
-3.465482E-08 
 1.800000E+00 
 1.800000E+00 
 1.800000E+00 
 1.800000E+00 
-1.058494E-07 
 1.800000E+00 
 1.800000E+00 
 1.800000E+00 
 1.800000E+00 
 1.800000E+00 
 1.800000E+00 
 5.227540E-08 
 1.800000E+00 
 1.800000E+00 
 1.800000E+00 
 1.800000E+00 
 1.800000E+00 
 3.545963E-08 
 1.800000E+00 
 1.800000E+00 
 1.800000E+00 
 1.800000E+00 
 1.800000E+00 
-4.215613E-06 
 1.800000E+00 
 1.800000E+00 
 1.800000E+00 
 1.800000E+00 
 1.800000E+00 
-7.654074E-07 
 1.799999E+00 
 1.799999E+00 
 1.799999E+00 
 1.799999E+00 
 1.800000E+00 
 1.800000E+00 
-7.997388E-08 
 1.800000E+00 
 1.800000E+00 
 1.800000E+00 
-1.165827E-08 
 1.800000E+00 
 1.800000E+00 
 1.800000E+00 
 1.800000E+00 
 1.800000E+00 
 1.800000E+00 
 1.800006E+00 
 1.064058E-08 
 1.800000E+00 
 1.800000E+00 
 2.438061E-08 
 1.800000E+00 
 1.800000E+00 
 1.800000E+00 
 1.800000E+00 
 1.800000E+00 
 1.800000E+00 
 1.800000E+00 
-2.670756E-07 
 1.800000E+00 
 1.800000E+00 
 1.800000E+00 
 1.800000E+00 
 6.005798E-08 
 1.800000E+00 
 1.800000E+00 
 1.800000E+00 
 1.800000E+00 
 1.474682E-06 
 1.800000E+00 
 1.800000E+00 
 1.800000E+00 
 1.800004E+00 
-1.467570E-06 
 1.800000E+00 
 1.800000E+00 
 1.800000E+00 
 1.800000E+00 
 1.800000E+00 
 4.272378E-09 
 1.800006E+00 
 1.800007E+00 
 1.800007E+00 
 1.800000E+00 
 1.920095E-08 
 1.800000E+00 
 1.800000E+00 
 1.800000E+00 
 1.800000E+00 
 1.800001E+00 
-4.432638E-07 
 1.800000E+00 
 1.800000E+00 
-1.215333E-09 
 1.800000E+00 
 1.800000E+00 
 1.800000E+00 
 1.800000E+00 
 1.800000E+00 
 1.800000E+00 
 1.800000E+00 
 1.659217E-06 
 1.800007E+00 
 4.550296E-10 
 1.800006E+00 
 1.800006E+00 
 1.800006E+00 
 1.800006E+00 
 1.800006E+00 
 1.800000E+00 
-2.168048E-07 
 1.800007E+00 
 1.800000E+00 
 1.800000E+00 
 3.350765E-07 
 1.800000E+00 
 1.800000E+00 
 1.800000E+00 
 1.800000E+00 
 3.571293E-07 
 1.800000E+00 
 1.800000E+00 
 1.800000E+00 
 9.143001E-09 
 1.800000E+00 
 1.800000E+00 
 1.800000E+00 
 1.800000E+00 
 1.800000E+00 
 1.636208E-06 
 1.800000E+00 
 1.800000E+00 
 1.800000E+00 
 1.025152E-08 
 1.800000E+00 
 1.800000E+00 
 1.800004E+00 
-1.978742E-07 
 1.800000E+00 
 1.800000E+00 
 1.800000E+00 
 1.800000E+00 
-2.361572E-07 
 1.800000E+00 
 1.800000E+00 
 1.800000E+00 
 1.800000E+00 
 7.154354E-07 
 1.800000E+00 
 1.800000E+00 
 1.800000E+00 
 1.640468E-06 
 1.800000E+00 
 1.800000E+00 
 1.800000E+00 
-1.041752E-06 
 1.800000E+00 
 1.800000E+00 
 1.800000E+00 
 1.800003E+00 
 2.639978E-06 
 1.800000E+00 
 1.800000E+00 
 6.001171E-09 
 1.800000E+00 
 1.800000E+00 
 1.800000E+00 
 1.800000E+00 
 1.800000E+00 
 8.817126E-08 
 1.800000E+00 
 1.800000E+00 
-1.843033E-05 
 1.800000E+00 
 1.800000E+00 
 1.800000E+00 
 1.713815E-05 
 1.800000E+00 
 1.800000E+00 
 1.800000E+00 
 1.800000E+00 
-3.702578E-08 
 1.800000E+00 
 1.800000E+00 
 1.800000E+00 
-8.615003E-08 
 1.800000E+00 
 1.800000E+00 
 8.509019E-08 
 1.800000E+00 
 1.800000E+00 
 1.800000E+00 
 1.800000E+00 
-4.999719E-07 
 1.800000E+00 
 1.800000E+00 
 1.800002E+00 
-1.558557E-06 
 1.800000E+00 
 1.800000E+00 
 3.071537E-08 
 1.800000E+00 
 1.800000E+00 
 1.800000E+00 
 1.800000E+00 
 1.912366E-08 
 1.800000E+00 
 1.465220E-08 
 1.800000E+00 
 1.800000E+00 
 1.800000E+00 
 1.800000E+00 
 1.800000E+00 
 2.678090E-06 
 1.799998E+00 
 8.064374E-08 
 1.800000E+00 
 1.800000E+00 
 1.800000E+00 
 1.800000E+00 
 3.915929E-08 
 1.800000E+00 
 1.800000E+00 
 1.799999E+00 
-7.732223E-07 
 1.800000E+00 
 3.952709E-06 
 1.800000E+00 
 1.800000E+00 
 1.800000E+00 
 1.800000E+00 
 1.419404E-08 
 1.800008E+00 
 1.800000E+00 
 5.712256E-07 
 1.800000E+00 
 1.800000E+00 
 1.800000E+00 
 2.407303E-06 
 1.800000E+00 
 1.799998E+00 
-3.815409E-06 
 1.800000E+00 
 1.800000E+00 
 1.800000E+00 
 3.369311E-08 
 1.800000E+00 
 1.800000E+00 
 1.800000E+00 
-4.326473E-07 
 1.800000E+00 
 1.060864E-07 
 1.800000E+00 
 1.800000E+00 
 1.800000E+00 
 1.800000E+00 
-1.691372E-07 
 1.800000E+00 
-3.524645E-08 
 1.800000E+00 
 1.800000E+00 
 1.800000E+00 
 1.800000E+00 
 6.912008E-06 
 1.800000E+00 
 7.970316E-07 
 1.800004E+00 
 1.800000E+00 
 1.800000E+00 
-1.669725E-05 
 1.800000E+00 
 1.800000E+00 
-8.124555E-08 
 1.800000E+00 
 1.800000E+00 
-2.797433E-07 
 1.800000E+00 
 1.800000E+00 
 1.800000E+00 
-5.139917E-06 
 1.800000E+00 
 1.800000E+00 
-1.314988E-06 
 1.800000E+00 
 1.800000E+00 
 6.612782E-09 
 1.800000E+00 
 1.800000E+00 
 1.800000E+00 
 1.179675E-06 
 1.340806E-06 
 1.800000E+00 
 1.800000E+00 
 1.800000E+00 
 1.800000E+00 
 1.800000E+00 
 2.223218E-07 
 2.297737E-07 
 1.800000E+00 
 1.800000E+00 
 1.800000E+00 
 1.799999E+00 
-2.415014E-05 
-2.411055E-05 
 1.800000E+00 
 1.800000E+00 
 1.800000E+00 
 1.800000E+00 
 9.755667E-07 
 8.865703E-07 
 1.800000E+00 
 1.800000E+00 
 1.800000E+00 
 1.799998E+00 
 1.105746E-05 
 1.800006E+00 
-3.508494E-08 
 1.800000E+00 
 1.800000E+00 
-7.385490E-09 
 1.800001E+00 
 1.800000E+00 
 1.800000E+00 
-1.596140E-08 
-8.261189E-09 
 1.800000E+00 
 1.800000E+00 
 1.800000E+00 
 1.800006E+00 
-6.504507E-09 
 1.800000E+00 
 7.579598E-08 
 1.800000E+00 
 1.800003E+00 
 9.854203E-07 
 1.800000E+00 
 1.774365E-07 
 1.800000E+00 
 1.800000E+00 
 1.800000E+00 
 2.780083E-08 
 1.800000E+00 
 1.800007E+00 
 3.338383E-08 
 1.800000E+00 
 3.800991E-08 
 1.800000E+00 
 1.800000E+00 
-1.755092E-07 
 1.800007E+00 
 1.800000E+00 
 1.862727E-08 
 1.800000E+00 
 1.800000E+00 
 2.896133E-07 
 1.800000E+00 
 1.800001E+00 
 9.753770E-08 
 1.800000E+00 
 2.740037E-07 
 1.800000E+00 
 1.800000E+00 
-7.277930E-06 
 1.800000E+00 
 1.800000E+00 
 1.495458E-06 
 1.800000E+00 
 8.533076E-09 
 1.800000E+00 
 1.800000E+00 
 1.800000E+00 
 1.756568E-07 
 5.420778E-07 
 1.800000E+00 
 1.800000E+00 
 1.800000E+00 
-4.783281E-07 
 1.800000E+00 
 4.194256E-07 
 1.800007E+00 
 1.800000E+00 
 1.410679E-05 
 1.800000E+00 
 1.800000E+00 
-1.843489E-07 
-1.135019E-08 
 1.800007E+00 
 1.800007E+00 
 1.800007E+00 
-1.408788E-07 
 1.800000E+00 
 1.800000E+00 
 3.405067E-07 
 3.319995E-07 
 1.800000E+00 
 1.800000E+00 
 1.800000E+00 
 7.203549E-07 
 1.800004E+00 
 1.962157E-06 
 1.800000E+00 
 1.800000E+00 
 4.145530E-06 
 4.140200E-06 
 1.799999E+00 
 1.800000E+00 
 1.800000E+00 
-2.091124E-05 
 1.800000E+00 
-2.768928E-07 
 1.800002E+00 
 1.800000E+00 
-1.370593E-07 
 1.800000E+00 
 5.221934E-07 
 1.800000E+00 
 1.800000E+00 
 7.783476E-06 
 7.786204E-06 
 1.800000E+00 
 1.800000E+00 
 1.800000E+00 
 1.630966E-09 
 1.800000E+00 
 5.791946E-07 
 1.800000E+00 
 8.123678E-09 
 1.800000E+00 
 1.800007E+00 
-1.686239E-06 
 1.800000E+00 
 8.512709E-09 
 1.800000E+00 
 1.800006E+00 
 8.033056E-07 
 1.800000E+00 
-1.227969E-05 
 1.800000E+00 
 4.120821E-08 
 1.800000E+00 
 1.800000E+00 
-1.891409E-06 
 1.799999E+00 
 1.400912E-06 
 1.800000E+00 
 1.450418E-07 
 1.800000E+00 
 1.799999E+00 
-9.016817E-08 
 1.800000E+00 
-4.464356E-06 
 1.800000E+00 
-1.137169E-08 
 1.799999E+00 
 1.800000E+00 
 1.038533E-08 
 1.800000E+00 
 8.139581E-09 
 1.800000E+00 
 1.308969E-08 
 1.800000E+00 
 1.800000E+00 
 1.977939E-08 
 2.075914E-08 
 1.800003E+00 
 1.800003E+00 
 1.800000E+00 
 1.419902E-07 
-6.646739E-09 
 1.800000E+00 
 5.959735E-08 
 1.800000E+00 
 1.800000E+00 
 3.233248E-06 
 1.799999E+00 
-7.994603E-08 
 1.800000E+00 
 1.800000E+00 
-2.168306E-07 
-1.831322E-07 
 1.799999E+00 
 1.800000E+00 
 1.189285E-05 
 1.283778E-08 
 1.800000E+00 
 1.800000E+00 
 1.800000E+00 
 9.165099E-06 
-5.938575E-07 
 1.800000E+00 
-2.718280E-07 
 1.800000E+00 
 1.800007E+00 
 1.112556E-07 
 1.097166E-07 
 1.800000E+00 
 1.800000E+00 
 7.295844E-06 
 1.800000E+00 
 2.832979E-08 
 1.799998E+00 
 1.800000E+00 
 1.162943E-07 
-3.773187E-09 
 1.800000E+00 
-4.005563E-08 
 1.800000E+00 
 1.800007E+00 
 1.048332E-05 
 1.055135E-05 
 1.800000E+00 
 1.800000E+00 
 1.467822E-06 
 1.800000E+00 
 3.777336E-09 
 5.098933E-09 
 1.800000E+00 
 1.800000E+00 
 1.800000E+00 
-8.510155E-07 
 8.655047E-09 
 8.655284E-09 
 1.800000E+00 
 1.800000E+00 
 1.800000E+00 
-1.387180E-06 
-1.328066E-06 
 1.800000E+00 
-1.070953E-06 
 1.800000E+00 
 8.159156E-06 
 1.800000E+00 
 1.800000E+00 
 4.920306E-06 
 4.920302E-06 
 1.800000E+00 
 4.673187E-08 
 1.800000E+00 
 1.800000E+00 
 9.118844E-08 
-1.129530E-08 
 1.800000E+00 
-3.350538E-07 
 1.800000E+00 
 1.800000E+00 
 7.809703E-09 
 6.592154E-09 
 1.800000E+00 
-1.124421E-07 
 1.800000E+00 
 1.800000E+00 
-7.778674E-09 
-1.194934E-09 
 1.800000E+00 
 5.726570E-08 
 1.800000E+00 
-4.729794E-09 
 1.800000E+00 
 5.836129E-07 
 1.800000E+00 
 4.791089E-09 
 1.800000E+00 
 3.269599E-07 
 1.800006E+00 
 1.076509E-08 
 1.800000E+00 
 9.996478E-09 
 1.800000E+00 
-6.193178E-08 
 6.406503E-09 
 1.800006E+00 
 1.800000E+00 
 7.017991E-06 
 1.800008E+00 
-2.639716E-07 
-2.643471E-07 
 1.800000E+00 
-6.658570E-09 
 1.800000E+00 
 1.800000E+00 
-1.439386E-06 
 7.983611E-09 
 7.983595E-09 
 1.800000E+00 
 1.800000E+00 
-1.980927E-08 
 1.800000E+00 
 7.742002E-08 
 1.799999E+00 
 3.182280E-07 
 7.197217E-07 
 1.800000E+00 
-4.023299E-06 
 1.800000E+00 
 1.800007E+00 
 1.370111E-07 
 1.372156E-07 
 1.372156E-07 
 1.800000E+00 
 1.800000E+00 
-1.870989E-07 
 1.800000E+00 
-6.333863E-07 
-6.407174E-07 
 1.800000E+00 
 8.045856E-07 
 1.800000E+00 
 2.468081E-06 
 1.800000E+00 
-2.068474E-06 
 1.499666E-08 
 1.800000E+00 
 1.799998E+00 
-1.465537E-05 
 8.088089E-06 
 1.800000E+00 
 6.407092E-08 
 1.799998E+00 
-5.891242E-07 
-4.417809E-08 
 1.800000E+00 
 1.800000E+00 
 7.670375E-06 
-5.843923E-11 
 1.800000E+00 
-3.629581E-08 
 1.364529E-08 
 1.800000E+00 
 1.800003E+00 
 8.740040E-08 
 2.890977E-07 
 1.800000E+00 
 8.910877E-06 
 1.800000E+00 
-8.023559E-06 
-8.308936E-06 
 1.800000E+00 
-9.993894E-06 
 1.800000E+00 
 1.371275E-07 
 1.800000E+00 
 3.341516E-07 
 3.337349E-07 
 1.800000E+00 
 1.800000E+00 
 2.024654E-07 
 9.246050E-09 
 9.246148E-09 
 1.800000E+00 
 1.142979E-08 
 1.800000E+00 
-1.414110E-06 
 1.800000E+00 
 8.174873E-08 
 7.266445E-08 
 1.800000E+00 
 1.800000E+00 
 7.428869E-07 
 4.413225E-07 
 4.413225E-07 
 1.800000E+00 
-4.023685E-08 
 1.800000E+00 
-4.841234E-07 
 1.800000E+00 
 7.930185E-07 
 7.840187E-07 
 1.800000E+00 
-2.119207E-06 
 1.800000E+00 
 3.314760E-08 
 1.725844E-08 
 1.800000E+00 
-5.302634E-06 
-5.326352E-06 
 1.800000E+00 
 1.800000E+00 
 4.825707E-06 
 4.854137E-06 
 4.854137E-06 
 1.800000E+00 
 1.800000E+00 
 7.909739E-08 
-3.220728E-08 
-3.220821E-08 
 1.800000E+00 
 3.953074E-07 
 1.800000E+00 
-4.995085E-08 
-4.084288E-08 
 1.800000E+00 
 6.797044E-09 
 1.800000E+00 
-7.826397E-08 
 1.800000E+00 
 6.553685E-07 
 6.069725E-07 
 6.070148E-07 
 1.800000E+00 
 2.024739E-06 
 1.800000E+00 
 2.438016E-08 
 1.920271E-08 
 1.800000E+00 
-2.256350E-05 
 1.800008E+00 
-4.290671E-07 
-4.409229E-07 
 1.800000E+00 
 4.817762E-08 
-3.202681E-08 
 1.800000E+00 
 5.110846E-06 
 1.800000E+00 
-7.622789E-08 
-7.423302E-08 
 1.800000E+00 
-6.186125E-10 
 1.644880E-08 
 1.800007E+00 
 7.694894E-06 
 1.800000E+00 
-3.705724E-07 
-3.850099E-07 
-3.850099E-07 
 1.800000E+00 
 4.722009E-08 
 1.800000E+00 
-9.501694E-08 
 6.026809E-09 
 1.800000E+00 
 1.273344E-08 
 1.800005E+00 
-4.776217E-06 
-4.697944E-06 
-4.697944E-06 
 1.800000E+00 
-1.749018E-07 
 1.800000E+00 
-1.949580E-06 
 1.055010E-08 
 1.800000E+00 
-7.627393E-09 
 2.117848E-08 
 2.117811E-08 
 1.800000E+00 
 1.800000E+00 
 7.293645E-07 
 7.339822E-07 
 7.339821E-07 
 1.800000E+00 
 4.975607E-06 
 4.288684E-08 
 1.800000E+00 
 2.007292E-07 
 1.917609E-07 
 1.800000E+00 
 9.806315E-09 
 1.800001E+00 
-1.022100E-09 
 1.829373E-09 
 1.828535E-09 
 1.800000E+00 
 1.150711E-08 
 1.800000E+00 
 2.733387E-07 
 2.677858E-07 
 2.677854E-07 
 1.800000E+00 
 9.444233E-09 
 2.736588E-09 
 1.799999E+00 
 7.345659E-10 
 1.800001E+00 
-2.097780E-05 
 1.948235E-05 
 1.948235E-05 
 1.800002E+00 
-2.738603E-06 
-2.489547E-06 
 1.800000E+00 
 5.085977E-06 
 5.006305E-06 
 1.800000E+00 
-9.698736E-06 
 3.080847E-06 
 1.800000E+00 
-2.717651E-06 
 1.313716E-08 
 1.800004E+00 
 4.595306E-06 
 4.437677E-06 
 4.437678E-06 
 1.800000E+00 
-1.124263E-08 
 1.800000E+00 
 1.714730E-07 
 1.744718E-07 
 1.744845E-07 
 1.799999E+00 
 2.371507E-06 
-3.467500E-08 
-3.467466E-08 
 1.800000E+00 
 1.800000E+00 
 1.145285E-08 
 4.888780E-09 
 4.889575E-09 
 4.889384E-09 
 4.889398E-09 
 1.800000E+00 
 1.800000E+00 
 1.077937E-07 
 1.046072E-07 
 1.046073E-07 
 1.046072E-07 
 1.800000E+00 
 3.267478E-06 
 1.800000E+00 
 1.255075E-06 
 6.307857E-09 
 6.308520E-09 
 1.800000E+00 
 7.315306E-07 
 1.072401E-06 
 1.072400E-06 
 1.799999E+00 
-2.556691E-07 
-2.867451E-07 
 1.800000E+00 
-3.356629E-06 
 2.141861E-08 
 1.800000E+00 
 1.003296E-06 
 4.380724E-09 
 4.382802E-09 
 1.800000E+00 
 1.342095E-05 
 1.329827E-05 
 1.800000E+00 
 4.369524E-06 
-2.993963E-08 
-2.993945E-08 
 1.800003E+00 
-6.592787E-07 
-7.076117E-07 
-7.076132E-07 
 1.800000E+00 
 1.025511E-07 
 6.372649E-09 
 1.800000E+00 
 3.620400E-07 
 4.539354E-09 
 1.800000E+00 
 1.506819E-06 
 6.649965E-09 
 6.649128E-09 
 6.649606E-09 
 1.800000E+00 
 7.181905E-09 
-1.398991E-08 
 1.800000E+00 
-9.779871E-07 
-1.080859E-06 
-1.080858E-06 
 1.800000E+00 
 1.607553E-06 
 1.531827E-06 
 1.531827E-06 
 1.799999E+00 
-3.140556E-07 
-2.687832E-07 
 1.800000E+00 
-2.773750E-06 
-2.793460E-06 
-2.793459E-06 
 1.800000E+00 
 1.863608E-07 
 3.317611E-08 
 3.317609E-08 
 3.317611E-08 
 1.800000E+00 
 2.459602E-08 
 1.800000E+00 
-1.866184E-08 
-1.575136E-08 
-1.574994E-08 
-1.575175E-08 
-1.574480E-08 
 1.800000E+00 
 6.463489E-07 
 1.800000E+00 
 1.690386E-06 
 6.585031E-09 
 6.585260E-09 
 6.585000E-09 
 6.586061E-09 
 1.800000E+00 
-3.848073E-08 
 1.800000E+00 
 1.389175E-06 
 1.387492E-06 
 1.387507E-06 
 1.387492E-06 
 1.387492E-06 
 1.800000E+00 
 1.363627E-07 
 1.609715E-08 
 1.800000E+00 
 3.090463E-07 
 3.189008E-07 
 3.189008E-07 
 3.189008E-07 
 1.800000E+00 
 6.230735E-09 
 1.021678E-08 
 1.800000E+00 
-5.196248E-05 
 1.652759E-06 
 1.652754E-06 
 1.652759E-06 
 1.800000E+00 
 8.433511E-07 
 6.133675E-09 
 6.133675E-09 
 6.133985E-09 
 1.799999E+00 
-1.496042E-08 
 2.344301E-09 
 1.800000E+00 
 1.534342E-06 
 1.759856E-06 
 1.759855E-06 
 1.759856E-06 
 1.800000E+00 
 1.528227E-06 
 6.505325E-09 
 6.505325E-09 
 6.505119E-09 
 1.799999E+00 
 2.123238E-08 
 2.133941E-08 
 2.133945E-08 
 1.800000E+00 
 2.047802E-06 
 1.229713E-06 
 1.229713E-06 
 1.800000E+00 
-2.147750E-06 
 1.077579E-08 
 1.077568E-08 
 1.077642E-08 
 1.077570E-08 
 1.800000E+00 
 1.063370E-05 
 1.054039E-05 
 1.800000E+00 
 9.441094E-07 
 2.906185E-07 
 2.906180E-07 
 2.906181E-07 
 2.906174E-07 
 1.800000E+00 
-1.586108E-06 
 4.957536E-07 
 4.957525E-07 
 4.957536E-07 
 1.800000E+00 
 9.028623E-09 
 5.395659E-09 
 1.800000E+00 
 1.775055E-06 
 4.823078E-09 
 4.816100E-09 
 4.816200E-09 
 4.821514E-09 
 4.816600E-09 
 1.800000E+00 
 8.705350E-05 
 1.250439E-05 
 1.250439E-05 
 1.800000E+00 
-1.709840E-06 
-1.725429E-06 
-1.725429E-06 
-1.725429E-06 
 1.800000E+00 
 5.692954E-09 
 5.703495E-09 
 5.703603E-09 
 5.703570E-09 
 1.800000E+00 
 5.905641E-07 
 3.107028E-07 
 3.107006E-07 
 3.107041E-07 
 3.107043E-07 
 1.800000E+00 
-8.386270E-08 
-8.648136E-08 
-8.648135E-08 
 1.800006E+00 
 7.139849E-08 
 6.591432E-09 
 6.592785E-09 
 6.592691E-09 
 6.592700E-09 
 1.800004E+00 
-6.299510E-07 
-3.661287E-07 
-3.661290E-07 
-3.661293E-07 
 1.800000E+00 
 1.687213E-06 
 1.686546E-06 
 1.686546E-06 
 1.686546E-06 
 1.686546E-06 
 1.800000E+00 
 2.836182E-08 
 3.750142E-08 
 3.750170E-08 
 3.750139E-08 
 1.800007E+00 
 5.043810E-07 
 4.843832E-07 
 4.843872E-07 
 4.843821E-07 
 4.843826E-07 
 1.799998E+00 
-2.985476E-06 
-2.984867E-06 
-2.984866E-06 
-2.984865E-06 
-2.984866E-06 
 1.800000E+00 
-1.320946E-07 
-9.782899E-08 
-9.782903E-08 
 1.800000E+00 
 1.206298E-06 
 1.687783E-06 
 1.687785E-06 
 1.687783E-06 
 1.687787E-06 
 1.687783E-06 
 1.687783E-06 
 1.800007E+00 
-8.928359E-07 
 8.441894E-09 
 8.440073E-09 
 8.441243E-09 
 1.800000E+00 
 8.541771E-08 
 1.584906E-08 
 1.585077E-08 
 1.584786E-08 
 1.584883E-08 
 1.800000E+00 
-5.558138E-06 
-5.876610E-06 
-5.876610E-06 
-5.876626E-06 
-5.876610E-06 
 1.800000E+00 
 8.324359E-09 
 1.011505E-08 
 1.011499E-08 
 1.011489E-08 
 1.011515E-08 
 1.011529E-08 
 1.800000E+00 
-1.283377E-05 
-1.281878E-05 
-1.281878E-05 
-1.281878E-05 
 1.800000E+00 
 6.723055E-09 
 5.758239E-09 
 5.758205E-09 
 5.758195E-09 
 5.758363E-09 
 5.758203E-09 
 5.758850E-09 
 1.800000E+00 
 2.044043E-08 
 2.043785E-08 
 2.043757E-08 
 2.043897E-08 
 1.800000E+00 
-6.378134E-08 
-6.384964E-08 
-6.384832E-08 
-6.384959E-08 
-6.384959E-08 
-6.384953E-08 
-6.384957E-08 
 1.800000E+00 
-6.107053E-06 
-6.116266E-06 
-6.116266E-06 
-6.116266E-06 
-6.116266E-06 
 1.800000E+00 
-1.605277E-06 
-1.581099E-06 
-1.581099E-06 
-1.581099E-06 
-1.581099E-06 
-1.581099E-06 
 1.800000E+00 
 3.586169E-07 
 3.520407E-07 
 3.520393E-07 
 3.520413E-07 
 3.520422E-07 
 3.520413E-07 
 1.800000E+00 
-7.249372E-07 
-7.246107E-07 
-7.246107E-07 
-7.246106E-07 
-7.246044E-07 
-7.246114E-07 
 1.800000E+00 
-2.736252E-06 
-1.844426E-05 
-1.844426E-05 
-1.844426E-05 
-1.844426E-05 
-1.844419E-05 
-1.844426E-05 
 1.800000E+00 
 8.136126E-10 
 7.480152E-09 
 7.480676E-09 
 7.479707E-09 
 7.480378E-09 
 1.800000E+00 
 1.499054E-06 
 2.110518E-09 
 2.110903E-09 
 2.110461E-09 
 2.110645E-09 
 2.110575E-09 
 2.110593E-09 
 2.109239E-09 
 1.800000E+00 
 5.920497E-06 
 5.920151E-06 
 5.920150E-06 
 5.920313E-06 
 5.920151E-06 
 1.800000E+00 
 1.994023E-06 
 1.918440E-06 
 1.918440E-06 
 1.918441E-06 
 1.918440E-06 
 1.918439E-06 
 1.918440E-06 
 1.918440E-06 
 1.800000E+00 
-2.275375E-07 
-6.471881E-08 
-6.472743E-08 
-6.471877E-08 
-6.471880E-08 
-6.471876E-08 
 1.800000E+00 
-1.715295E-07 
 6.410504E-09 
 6.410497E-09 
 6.409736E-09 
 6.410387E-09 
 6.407439E-09 
 6.410542E-09 
 6.410496E-09 
 1.800000E+00 
 2.502852E-06 
-8.837018E-08 
-8.837016E-08 
-8.837011E-08 
-8.836998E-08 
-8.837899E-08 
 1.800007E+00 
 8.432694E-09 
 6.538810E-09 
 6.538210E-09 
 6.538789E-09 
 6.538872E-09 
 6.538671E-09 
 6.538440E-09 
 6.538836E-09 
 6.549690E-09 
 1.800000E+00 
 2.353818E-06 
 2.353555E-06 
 2.353555E-06 
 2.353556E-06 
 2.353555E-06 
 1.800000E+00 
 9.557260E-08 
 1.009900E-07 
 1.009901E-07 
 1.009900E-07 
 1.009900E-07 
 1.009900E-07 
 1.009900E-07 
 1.009896E-07 
 1.009927E-07 
 1.009900E-07 
 1.800000E+00 
 2.272607E-07 
 2.272592E-07 
 2.272590E-07 
 2.272593E-07 
 2.272590E-07 
 2.272596E-07 
 2.272590E-07 
 1.800000E+00 
-4.170763E-08 
-1.128370E-07 
-1.128373E-07 
-1.128370E-07 
-1.128370E-07 
-1.128369E-07 
-1.128369E-07 
 1.800000E+00 
 2.701438E-08 
 2.720488E-08 
 2.720504E-08 
 2.720505E-08 
 2.720501E-08 
 2.720493E-08 
 2.720464E-08 
 2.720506E-08 
 2.720432E-08 
 1.800000E+00 
 9.123079E-08 
 6.534590E-09 
 6.532621E-09 
 6.532410E-09 
 6.532185E-09 
 6.532100E-09 
 6.532316E-09 
 6.532307E-09 
 1.800000E+00 
 6.231528E-07 
 6.237048E-07 
 6.237054E-07 
 6.237047E-07 
 6.237030E-07 
 6.237050E-07 
 6.237048E-07 
 6.237048E-07 
 1.800000E+00 
-1.095884E-05 
-1.095837E-05 
-1.095841E-05 
-1.095841E-05 
-1.095841E-05 
-1.095840E-05 
-1.095841E-05 
-1.095841E-05 
 1.800000E+00 
 1.690951E-06 
 1.693191E-06 
 1.693192E-06 
 1.693192E-06 
 1.693192E-06 
 1.693192E-06 
 1.693192E-06 
 1.693191E-06 
 1.693192E-06 
 1.693192E-06 
 1.800000E+00 
 6.869413E-09 
 8.558192E-09 
 8.558185E-09 
 8.558126E-09 
 8.558729E-09 
 8.558182E-09 
 1.800007E+00 
-1.952573E-04 
 1.786638E-06 
 1.786636E-06 
 1.786637E-06 
 1.786637E-06 
 1.786637E-06 
 1.786637E-06 
 1.786637E-06 
 1.786637E-06 
 1.786637E-06 
 1.786639E-06 
 1.786637E-06 
 1.799998E+00 
 6.052343E-07 
 6.032500E-07 
 6.032505E-07 
 6.032500E-07 
 6.032592E-07 
 6.032500E-07 
 1.800000E+00 
-3.865609E-06 
 1.980163E-07 
 1.980158E-07 
 1.980179E-07 
 1.980158E-07 
 1.980157E-07 
 1.980183E-07 
 1.980154E-07 
 1.980158E-07 
 1.980161E-07 
 1.980158E-07 
 1.800000E+00 
 3.567698E-06 
-9.753164E-09 
-9.754195E-09 
-9.753045E-09 
-9.752794E-09 
-9.753110E-09 
-9.752534E-09 
 1.800000E+00 
 3.653009E-08 
 3.238923E-08 
 3.238925E-08 
 3.238903E-08 
 3.238894E-08 
 3.238893E-08 
 3.238893E-08 
 3.238846E-08 
 3.238908E-08 
 3.238892E-08 
 3.238893E-08 
 1.800000E+00 
-3.360818E-08 
 9.615457E-09 
 9.615494E-09 
 9.615480E-09 
 9.614820E-09 
 9.616921E-09 
 9.615492E-09 
 1.800000E+00 
 1.531275E-06 
 5.912291E-09 
 5.912020E-09 
 5.911996E-09 
 5.914368E-09 
 5.912016E-09 
 5.911947E-09 
 5.912033E-09 
 5.910845E-09 
 5.912013E-09 
 5.912028E-09 
 1.800000E+00 
 1.141720E-07 
 1.432301E-08 
 1.432304E-08 
 1.432303E-08 
 1.432302E-08 
 1.432099E-08 
 1.432342E-08 
 1.433042E-08 
 1.800000E+00 
 7.298486E-06 
-9.824403E-07 
-9.824409E-07 
-9.824403E-07 
-9.824403E-07 
-9.824404E-07 
-9.824404E-07 
-9.824404E-07 
-9.824402E-07 
 1.800000E+00 
-1.416690E-05 
-2.123921E-05 
-2.123921E-05 
-2.123920E-05 
-2.123921E-05 
-2.123921E-05 
-2.123921E-05 
-2.123921E-05 
-2.123921E-05 
-2.123921E-05 
 1.800000E+00 
 6.555764E-08 
-1.260882E-07 
-1.260885E-07 
-1.260871E-07 
-1.260885E-07 
-1.260885E-07 
-1.260886E-07 
-1.260885E-07 
 1.800000E+00 
 1.340743E-08 
-2.562044E-09 
-2.562035E-09 
-2.561980E-09 
-2.562128E-09 
-2.562013E-09 
-2.562012E-09 
-2.562169E-09 
-2.562067E-09 
 1.800001E+00 
-1.834917E-06 
-1.840825E-06 
-1.840825E-06 
-1.840825E-06 
-1.840825E-06 
-1.840826E-06 
-1.840825E-06 
-1.840825E-06 
-1.840825E-06 
-1.840826E-06 
 1.800000E+00 
 8.395976E-09 
 1.587430E-08 
 1.587371E-08 
 1.587431E-08 
 1.590567E-08 
 1.587431E-08 
 1.587429E-08 
 1.800006E+00 
-1.477361E-05 
 2.714777E-06 
 2.714777E-06 
 2.714777E-06 
 2.714777E-06 
 2.714777E-06 
 2.714777E-06 
 2.714777E-06 
 2.714777E-06 
 2.714777E-06 
 2.714777E-06 
 1.799999E+00 
 1.269634E-06 
 1.255959E-06 
 1.255958E-06 
 1.255958E-06 
 1.255958E-06 
 1.255958E-06 
 1.255958E-06 
 1.800000E+00 
 3.043424E-08 
 2.318763E-08 
 2.318764E-08 
 2.318683E-08 
 2.318763E-08 
 2.318764E-08 
 2.318760E-08 
 2.318742E-08 
 2.313753E-08 
 1.800000E+00 
 1.473093E-07 
 5.428065E-09 
 5.428075E-09 
 5.410098E-09 
 5.428062E-09 
 5.428066E-09 
 5.428056E-09 
 5.428687E-09 
 1.800000E+00 
-6.642687E-06 
-6.646642E-06 
-6.646642E-06 
-6.646643E-06 
-6.646643E-06 
-6.646643E-06 
-6.646643E-06 
-6.646643E-06 
-6.646587E-06 
 1.800007E+00 
 3.215041E-06 
 3.215083E-06 
 3.215083E-06 
 3.215083E-06 
 3.215086E-06 
 3.215083E-06 
 3.215083E-06 
 3.215083E-06 
 1.800000E+00 
 1.465929E-07 
-3.483405E-08 
-3.483442E-08 
-3.483401E-08 
-3.483404E-08 
-3.483398E-08 
-3.483329E-08 
-3.484115E-08 
 1.800000E+00 
 1.389409E-07 
 6.992420E-09 
 6.993061E-09 
 6.991315E-09 
 6.992391E-09 
 6.992386E-09 
 6.992404E-09 
 6.990817E-09 
 1.800000E+00 
-3.311911E-06 
-2.312277E-06 
-2.312277E-06 
-2.312277E-06 
-2.312277E-06 
-2.312277E-06 
-2.312277E-06 
 1.800000E+00 
-5.969224E-07 
-5.809911E-07 
-5.809911E-07 
-5.809927E-07 
-5.809911E-07 
-5.809911E-07 
-5.809911E-07 
-5.809908E-07 
-5.809907E-07 
 1.800001E+00 
 5.171414E-09 
 5.534720E-09 
 5.542087E-09 
 5.542043E-09 
 5.541188E-09 
 5.542134E-09 
 1.800000E+00 
-9.856617E-05 
 1.771075E-06 
 1.771075E-06 
 1.771076E-06 
 1.771075E-06 
 1.771067E-06 
 1.771068E-06 
 1.771075E-06 
 1.800000E+00 
 2.039559E-07 
-1.539421E-08 
-1.539406E-08 
-1.539400E-08 
-1.539458E-08 
-1.539425E-08 
-1.539091E-08 
-1.539402E-08 
 1.800000E+00 
-2.413911E-06 
-2.367512E-06 
-2.367512E-06 
-2.367511E-06 
-2.367511E-06 
 1.800000E+00 
-3.511562E-06 
-3.459029E-06 
-3.459028E-06 
-3.459029E-06 
-3.459029E-06 
-3.459029E-06 
-3.459031E-06 
-3.459029E-06 
-3.459029E-06 
 1.800000E+00 
-1.233780E-06 
-1.027198E-06 
-1.027198E-06 
-1.027198E-06 
-1.027198E-06 
 1.799998E+00 
 6.679736E-09 
 7.454692E-09 
 7.462361E-09 
 7.462768E-09 
 7.462369E-09 
 7.462352E-09 
 7.462317E-09 
 7.462057E-09 
 7.462153E-09 
 1.800007E+00 
-8.303506E-07 
 8.858362E-09 
 8.859407E-09 
 1.800000E+00 
-4.523773E-07 
-2.678694E-07 
-2.678697E-07 
-2.678697E-07 
-2.678697E-07 
-2.678698E-07 
-2.678697E-07 
-2.678696E-07 
-2.678697E-07 
-2.678697E-07 
 1.800000E+00 
 2.168029E-08 
 9.805761E-09 
 9.814236E-09 
 9.814271E-09 
 1.800000E+00 
-2.559107E-05 
-2.559069E-05 
-2.559069E-05 
-2.559069E-05 
-2.559069E-05 
-2.559069E-05 
-2.559069E-05 
-2.559069E-05 
 1.800000E+00 
 3.134498E-06 
 3.024971E-06 
 3.024971E-06 
 1.800000E+00 
 2.023212E-06 
 3.415605E-09 
 3.405057E-09 
 3.405436E-09 
 3.405168E-09 
 3.405240E-09 
 3.405174E-09 
 3.404575E-09 
 3.410538E-09 
 1.800000E+00 
 7.849796E-06 
 7.738727E-06 
 7.738727E-06 
 7.738725E-06 
 1.800000E+00 
-2.308277E-08 
 1.032742E-08 
 1.032759E-08 
 1.032756E-08 
 1.032862E-08 
 1.032759E-08 
 1.032758E-08 
 1.800000E+00 
 2.012560E-06 
 1.659990E-06 
 1.659990E-06 
 1.659990E-06 
 1.800003E+00 
-3.517138E-06 
 5.991622E-08 
 5.991634E-08 
 5.991625E-08 
 5.991632E-08 
 5.991711E-08 
 1.800000E+00 
 1.979779E-08 
-5.367290E-07 
-5.367303E-07 
-5.367290E-07 
-5.367292E-07 
-5.367290E-07 
 1.800000E+00 
 2.630652E-06 
 2.612285E-06 
 2.612285E-06 
 2.612285E-06 
 1.800000E+00 
 2.477522E-06 
 2.493100E-06 
 2.493101E-06 
 2.493101E-06 
 2.493101E-06 
 2.493101E-06 
 2.493101E-06 
 1.800000E+00 
-2.798904E-06 
 1.632437E-08 
 1.632378E-08 
 1.800000E+00 
 1.396892E-07 
 1.435484E-08 
 1.435276E-08 
 1.435504E-08 
 1.435483E-08 
 1.435480E-08 
 1.800000E+00 
 1.714588E-06 
 1.708188E-06 
 1.708188E-06 
 1.708187E-06 
 1.708189E-06 
 1.800000E+00 
 1.927863E-07 
 2.980694E-08 
 2.980660E-08 
 2.980621E-08 
 2.980851E-08 
 1.800000E+00 
 9.705010E-09 
 9.572136E-09 
 9.571731E-09 
 1.800000E+00 
 1.810228E-06 
 5.078580E-09 
 5.079655E-09 
 5.079653E-09 
 5.079556E-09 
 5.079623E-09 
 5.079646E-09 
 1.800000E+00 
-5.832843E-07 
-5.836202E-07 
-5.836206E-07 
 1.800000E+00 
 1.067000E-08 
 1.065348E-08 
 1.065351E-08 
 1.065348E-08 
 1.065299E-08 
 1.800000E+00 
 7.813571E-09 
 9.178975E-09 
 9.179351E-09 
 9.179217E-09 
 1.800000E+00 
 9.544085E-09 
 5.536833E-09 
 5.536715E-09 
 5.536636E-09 
 1.800000E+00 
 1.032029E-04 
 6.816802E-06 
 6.816802E-06 
 6.816802E-06 
 6.816802E-06 
 1.800000E+00 
-7.560803E-07 
-7.692272E-09 
-7.686986E-09 
-7.686993E-09 
 1.800000E+00 
 1.240848E-07 
-8.973348E-10 
-8.978984E-10 
-8.973286E-10 
 1.800000E+00 
 2.520990E-06 
 1.807169E-06 
 1.807166E-06 
 1.807169E-06 
 1.800002E+00 
-7.090971E-08 
-7.088545E-07 
-7.088545E-07 
-7.088484E-07 
 1.800000E+00 
-3.212483E-07 
-3.149845E-07 
-3.149853E-07 
-3.149825E-07 
 1.800000E+00 
 4.272874E-08 
 2.973890E-08 
 2.974277E-08 
 2.974271E-08 
 1.800000E+00 
 2.394311E-06 
 2.337789E-06 
 2.337789E-06 
 1.800007E+00 
 7.759418E-07 
 7.467343E-07 
 7.467343E-07 
 7.467343E-07 
 7.467340E-07 
 1.800000E+00 
 1.773661E-07 
 1.773774E-07 
 1.800000E+00 
 6.483281E-08 
 3.079956E-08 
 3.079887E-08 
 3.080016E-08 
 3.079889E-08 
 1.800001E+00 
 1.301603E-06 
-1.493272E-09 
-1.493739E-09 
 1.800000E+00 
 1.257260E-07 
 7.441570E-09 
 7.442065E-09 
 7.442091E-09 
 1.800000E+00 
-1.178817E-06 
 5.435434E-07 
 5.435429E-07 
 1.800000E+00 
 8.420788E-07 
 5.490317E-07 
 5.490317E-07 
 5.490317E-07 
 1.800000E+00 
 3.392017E-06 
 3.294123E-06 
 1.800000E+00 
-2.902313E-06 
 4.945179E-08 
 4.945180E-08 
 4.945183E-08 
 4.945041E-08 
 1.800000E+00 
 2.852089E-08 
 1.488919E-08 
 1.800000E+00 
-5.790155E-06 
-5.680292E-06 
-5.680292E-06 
-5.680291E-06 
 1.800000E+00 
-1.975881E-06 
-1.965264E-06 
-1.965264E-06 
 1.800000E+00 
 7.253317E-07 
 7.250832E-07 
 7.250833E-07 
 1.800000E+00 
-2.441145E-07 
-9.216165E-07 
-9.216180E-07 
 1.800000E+00 
 2.619909E-06 
-3.007407E-05 
-3.007407E-05 
-3.007407E-05 
 1.800000E+00 
 3.829029E-08 
 3.812114E-08 
 1.800006E+00 
-4.958421E-07 
 4.272904E-09 
 4.272911E-09 
 1.800000E+00 
-1.124736E-05 
 1.525694E-05 
 1.525694E-05 
 1.800000E+00 
 1.750043E-07 
 1.748185E-07 
 1.748185E-07 
 1.748181E-07 
 1.800000E+00 
 9.267529E-09 
 1.799999E+00 
-1.419836E-07 
-2.915272E-07 
-2.915271E-07 
-2.915271E-07 
-2.915272E-07 
 1.800000E+00 
 1.800000E+00 
 1.758123E-08 
 1.569598E-08 
 1.569627E-08 
 1.569620E-08 
 1.569621E-08 
 1.569618E-08 
 1.800000E+00 
 1.800000E+00 
 2.774398E-06 
 2.762243E-06 
 2.762243E-06 
 2.762243E-06 
 2.762242E-06 
 1.800000E+00 
 9.090014E-06 
 1.800002E+00 
-1.411372E-05 
-1.408886E-05 
-1.408886E-05 
 1.800000E+00 
-1.765545E-06 
 3.598304E-08 
 3.598296E-08 
 1.800007E+00 
 3.127001E-06 
-1.467119E-05 
 1.800000E+00 
 1.320690E-06 
 1.209945E-06 
 1.209946E-06 
 1.209945E-06 
 1.800000E+00 
 1.800000E+00 
 4.778772E-08 
 1.571137E-09 
 1.573469E-09 
 1.574764E-09 
 1.575597E-09 
 1.800000E+00 
-2.299034E-07 
 1.800000E+00 
-1.179697E-07 
-6.359293E-08 
-6.359158E-08 
 1.800000E+00 
 5.335499E-06 
 5.242616E-06 
 5.242616E-06 
 1.800000E+00 
 2.339480E-08 
 1.799998E+00 
 4.176861E-08 
 1.642794E-08 
 1.642802E-08 
 1.800000E+00 
 2.657251E-07 
 8.631553E-09 
 8.633015E-09 
 1.800000E+00 
 2.156720E-08 
 1.800000E+00 
 5.982372E-06 
 6.039864E-06 
 6.039864E-06 
 1.800000E+00 
 1.691730E-08 
 1.360294E-08 
 1.360295E-08 
 1.800000E+00 
-2.181681E-08 
 1.800000E+00 
-1.333738E-07 
-4.379832E-08 
-4.379709E-08 
 1.800000E+00 
 8.248073E-07 
 8.252253E-07 
 1.800000E+00 
 2.471164E-08 
 2.452485E-08 
 1.800000E+00 
 5.493363E-07 
 5.489304E-07 
 1.800004E+00 
-3.364835E-06 
 2.576936E-08 
 2.576886E-08 
 1.800000E+00 
-5.319210E-06 
 1.800000E+00 
 6.363375E-06 
-1.643884E-05 
-1.643884E-05 
 1.800000E+00 
 1.061025E-08 
 1.800000E+00 
 2.759609E-05 
 4.376888E-07 
 4.376896E-07 
 1.800000E+00 
 2.256142E-06 
 2.254565E-06 
 1.800000E+00 
-8.884885E-08 
 6.214847E-09 
 1.800000E+00 
 3.964563E-07 
 1.800000E+00 
 2.296254E-08 
 1.127607E-08 
 1.127690E-08 
 1.800000E+00 
 1.218142E-06 
 8.129051E-06 
 1.800000E+00 
 9.288996E-09 
 1.800000E+00 
 2.774876E-08 
 2.837137E-08 
 2.837139E-08 
 1.800000E+00 
-3.856953E-06 
 3.916535E-08 
 1.800000E+00 
-5.608054E-07 
 1.800000E+00 
 1.279814E-07 
-3.051569E-08 
 1.800000E+00 
 2.162079E-06 
 1.699545E-06 
 1.800000E+00 
 1.371073E-06 
 1.811381E-06 
 1.800000E+00 
-1.739374E-07 
 6.343150E-09 
 1.800000E+00 
 8.881707E-08 
 1.800000E+00 
 7.773466E-06 
 7.728969E-06 
 7.728957E-06 
 1.800000E+00 
 4.491067E-08 
 1.800001E+00 
 7.937818E-08 
 8.162145E-08 
 1.800000E+00 
-7.215623E-06 
 1.800000E+00 
 8.387307E-06 
 8.359854E-06 
 8.359854E-06 
 1.800002E+00 
-6.106224E-06 
 1.800000E+00 
 2.336896E-06 
 1.502636E-06 
 1.800000E+00 
-3.297203E-07 
 1.800000E+00 
-2.046882E-08 
-5.981583E-09 
 1.800000E+00 
-1.996194E-06 
 1.173515E-08 
 1.800006E+00 
-1.632356E-06 
 1.800000E+00 
-3.463483E-05 
-2.663635E-05 
-2.663635E-05 
 1.800003E+00 
 1.800003E+00 
-3.973938E-07 
-3.969298E-07 
 1.800000E+00 
-1.734382E-06 
-5.473135E-08 
 1.800000E+00 
-1.220725E-06 
 2.483633E-08 
 1.800000E+00 
 1.800000E+00 
-5.895679E-07 
-6.340976E-07 
-6.340974E-07 
 1.800000E+00 
-2.290212E-07 
 1.800007E+00 
-2.101973E-05 
 8.338006E-06 
 1.800000E+00 
 2.060546E-08 
 1.800007E+00 
 1.896254E-07 
 1.916548E-07 
 1.800000E+00 
 1.342326E-07 
 1.800000E+00 
 1.018876E-06 
 5.740009E-09 
 1.800000E+00 
 1.800001E+00 
-5.341503E-07 
 1.368949E-08 
 1.368621E-08 
 1.800000E+00 
 1.841477E-08 
 1.800000E+00 
-3.676338E-07 
-8.122250E-08 
 1.800000E+00 
 1.800000E+00 
-2.424312E-07 
-8.456625E-08 
-8.456593E-08 
 1.800000E+00 
 1.800000E+00 
 1.241290E-04 
-4.391524E-07 
-4.391547E-07 
 1.800000E+00 
 1.800000E+00 
-2.702905E-08 
-2.829358E-08 
 1.800000E+00 
 1.070650E-07 
 1.800000E+00 
-2.732554E-06 
-2.733849E-06 
 1.800000E+00 
-1.696484E-06 
 1.800000E+00 
-1.456345E-07 
 1.800000E+00 
 1.148294E-08 
-1.013525E-08 
 1.800000E+00 
 1.800000E+00 
 1.072617E-05 
-1.827922E-06 
-1.827926E-06 
 1.799999E+00 
 1.800000E+00 
-2.409085E-06 
 1.969570E-08 
 1.799998E+00 
 1.850804E-06 
 1.800001E+00 
-1.077011E-05 
 1.800000E+00 
 3.536170E-07 
 7.446693E-09 
 1.800000E+00 
 5.093917E-09 
 1.800000E+00 
-2.047430E-07 
 1.800000E+00 
 5.747998E-07 
 1.800000E+00 
 5.948409E-07 
 4.275520E-07 
 1.800000E+00 
 2.808029E-09 
 1.800000E+00 
 1.800000E+00 
 9.938305E-09 
 8.675841E-09 
 8.675470E-09 
 1.800000E+00 
 1.800006E+00 
 2.821709E-07 
 2.751266E-07 
 1.800000E+00 
-1.218010E-05 
 1.800000E+00 
 1.800000E+00 
 5.025478E-07 
 4.920106E-07 
 4.920107E-07 
 1.800000E+00 
 1.800000E+00 
-1.683414E-08 
 1.800000E+00 
 9.476594E-09 
 7.156881E-09 
 1.800000E+00 
 1.799997E+00 
 4.140897E-07 
 4.170163E-07 
 1.800000E+00 
-2.593214E-05 
 1.800000E+00 
 3.097058E-08 
 1.800000E+00 
 3.379028E-06 
 1.800000E+00 
-1.052304E-06 
-1.076258E-06 
 1.799998E+00 
 1.800000E+00 
-3.474690E-08 
 1.800000E+00 
 1.347227E-06 
 1.300382E-06 
 1.800000E+00 
 1.800007E+00 
 2.317503E-07 
-1.812435E-08 
 1.800007E+00 
 1.233458E-05 
 1.800000E+00 
 1.800000E+00 
 1.906299E-08 
 9.145754E-09 
 1.800000E+00 
-3.577893E-07 
 1.800000E+00 
 1.847591E-06 
 1.800000E+00 
 1.799998E+00 
-3.115914E-07 
-3.092093E-07 
 1.800000E+00 
 4.549331E-07 
 1.800000E+00 
-6.544088E-08 
 1.800000E+00 
-1.669917E-05 
 1.800000E+00 
 4.168744E-09 
 1.800000E+00 
 1.800000E+00 
 2.714310E-07 
 2.714741E-07 
 1.800007E+00 
-1.923705E-06 
 1.800001E+00 
 5.858325E-06 
 1.800000E+00 
 1.731635E-08 
 1.800000E+00 
 1.800000E+00 
 1.049517E-07 
 5.258775E-08 
 1.800000E+00 
-1.237574E-08 
 1.800000E+00 
 1.800000E+00 
 4.563126E-09 
 5.335406E-09 
 1.800001E+00 
 1.800000E+00 
 1.120616E-08 
 1.800000E+00 
 3.059039E-07 
 3.150113E-07 
 1.800003E+00 
 1.800003E+00 
 1.800000E+00 
 7.672536E-06 
 7.628335E-06 
 7.628335E-06 
 1.800000E+00 
 1.800000E+00 
 1.800001E+00 
 8.089847E-06 
 8.089849E-06 
 1.800000E+00 
 1.800000E+00 
 5.193270E-08 
 5.257548E-08 
 1.799998E+00 
 1.800000E+00 
-1.157518E-06 
 1.800000E+00 
 3.699507E-08 
 1.800000E+00 
 1.209388E-07 
 1.800001E+00 
 1.800000E+00 
-2.484593E-06 
 1.168162E-08 
 1.800000E+00 
 1.800000E+00 
 2.726082E-08 
 1.800000E+00 
-4.306168E-07 
-4.307762E-07 
 1.800000E+00 
 1.800000E+00 
 1.800000E+00 
-1.646172E-06 
 1.800000E+00 
-1.804814E-07 
-1.805102E-07 
 1.800000E+00 
 1.800000E+00 
 1.867275E-08 
 1.800000E+00 
 1.799999E+00 
 5.711870E-06 
 5.711061E-06 
 1.800000E+00 
 1.800000E+00 
 9.502448E-08 
 1.800000E+00 
 4.250784E-08 
 1.800000E+00 
 2.675628E-07 
 1.800000E+00 
 1.800000E+00 
 2.937044E-08 
 1.466885E-08 
 1.800000E+00 
 1.800000E+00 
 1.800000E+00 
 4.106704E-06 
 7.258436E-06 
 1.800000E+00 
 1.800000E+00 
-2.752636E-06 
 1.800000E+00 
 1.470745E-08 
 1.800000E+00 
 1.800000E+00 
 1.895168E-08 
 1.800000E+00 
 4.598436E-08 
 1.800000E+00 
-1.040956E-08 
 1.800000E+00 
 1.800000E+00 
-6.676861E-09 
 1.800000E+00 
-1.817375E-06 
 1.800000E+00 
-7.389871E-09 
 1.800008E+00 
 1.800000E+00 
 2.586706E-10 
 1.800000E+00 
 1.800000E+00 
 1.737818E-07 
-8.059925E-09 
 1.800001E+00 
 1.800000E+00 
 2.716651E-06 
 1.800000E+00 
 1.799998E+00 
 2.546233E-07 
 1.800000E+00 
-1.157089E-07 
 1.800000E+00 
 1.800007E+00 
 1.287849E-06 
 2.053740E-06 
 1.800000E+00 
 1.800000E+00 
 1.800000E+00 
-9.003794E-06 
 1.800002E+00 
 4.216879E-07 
 1.799998E+00 
 1.800000E+00 
 1.299737E-08 
 1.800000E+00 
 1.462772E-07 
 1.800000E+00 
 6.699609E-06 
 1.800000E+00 
 1.800000E+00 
 1.800007E+00 
-3.243770E-06 
-1.495281E-06 
 1.799999E+00 
 1.799999E+00 
 1.800000E+00 
-2.996316E-07 
 1.800000E+00 
-5.437825E-07 
 1.800000E+00 
-1.143655E-07 
 1.800000E+00 
 1.800000E+00 
 1.800000E+00 
 1.246424E-07 
 5.606739E-09 
 1.800007E+00 
 1.800007E+00 
 1.800000E+00 
 2.388877E-06 
 1.800000E+00 
-2.031344E-08 
 1.800000E+00 
 1.800000E+00 
-2.849972E-06 
 1.800000E+00 
-5.288218E-06 
 1.800000E+00 
 1.800000E+00 
 1.800000E+00 
-9.608139E-08 
-4.761452E-08 
 1.800000E+00 
 1.800000E+00 
 1.800000E+00 
 1.783823E-06 
 1.800000E+00 
 1.030773E-08 
 1.800000E+00 
 1.800000E+00 
 1.800007E+00 
 3.820982E-07 
 1.969872E-08 
 1.800000E+00 
 1.800000E+00 
 1.800000E+00 
 1.377464E-07 
 1.800000E+00 
 1.800000E+00 
-3.101242E-06 
 1.800000E+00 
 2.752240E-06 
 1.800000E+00 
 1.800000E+00 
 1.800000E+00 
-1.592458E-05 
-1.592323E-05 
 1.800000E+00 
 1.800000E+00 
 1.800000E+00 
 1.800000E+00 
 1.081515E-08 
 6.475673E-09 
 1.800000E+00 
 1.800000E+00 
 1.800000E+00 
-1.780114E-05 
 1.800000E+00 
 1.800000E+00 
-2.641661E-07 
 1.800000E+00 
 7.602599E-06 
 1.800000E+00 
 1.800000E+00 
 1.800000E+00 
-2.216046E-08 
 1.800000E+00 
 1.800000E+00 
 6.355633E-06 
 1.800000E+00 
-1.714913E-09 
 1.800000E+00 
 1.800000E+00 
 1.800000E+00 
 1.606841E-06 
 1.800000E+00 
 1.800000E+00 
 6.175205E-08 
 1.800001E+00 
 7.338299E-06 
 1.800000E+00 
 1.800000E+00 
 1.800002E+00 
-3.770537E-07 
 1.800000E+00 
 1.800007E+00 
-5.055731E-08 
 1.800004E+00 
 1.800000E+00 
 2.253902E-06 
 1.800000E+00 
 1.800000E+00 
 1.196771E-05 
 1.800000E+00 
 1.800000E+00 
 1.800000E+00 
-2.995195E-06 
 1.800000E+00 
-3.206667E-08 
 1.800000E+00 
 1.800000E+00 
 1.800000E+00 
 1.171016E-05 
 1.800000E+00 
 1.800006E+00 
 6.346069E-09 
 1.800000E+00 
 1.800000E+00 
 7.301783E-09 
 1.800001E+00 
 1.800000E+00 
 2.275754E-09 
 1.800000E+00 
 1.800000E+00 
 1.800000E+00 
-1.198491E-08 
 1.800000E+00 
 1.800000E+00 
-1.677720E-05 
 1.800000E+00 
 1.800000E+00 
 1.800000E+00 
 1.634828E-08 
 1.800000E+00 
 1.092916E-08 
 1.800000E+00 
 1.800000E+00 
 1.800000E+00 
 1.800000E+00 
-2.394751E-09 
 1.800001E+00 
 1.163499E-08 
 1.800000E+00 
 1.800000E+00 
 1.800000E+00 
 1.800000E+00 
-1.105615E-07 
 1.800000E+00 
 3.368180E-06 
 1.800000E+00 
 1.800000E+00 
 1.800000E+00 
-9.033835E-08 
 1.800000E+00 
 1.800000E+00 
 1.800001E+00 
 2.115597E-08 
 1.800000E+00 
 1.800000E+00 
-3.232185E-07 
 1.800000E+00 
 1.800000E+00 
 1.800000E+00 
-2.589794E-07 
 1.800000E+00 
 1.800000E+00 
-4.474196E-09 
 1.800000E+00 
 1.800000E+00 
 1.800000E+00 
 1.800000E+00 
-4.933596E-07 
 1.800000E+00 
 2.656174E-06 
 1.800000E+00 
 1.800000E+00 
 1.800000E+00 
 1.800000E+00 
-4.025907E-07 
 1.800000E+00 
 1.800000E+00 
 3.205911E-06 
 1.800000E+00 
 1.800000E+00 
 1.799997E+00 
-5.720352E-08 
 1.800000E+00 
 1.800000E+00 
 1.800000E+00 
 4.533766E-06 
 1.800000E+00 
 1.800001E+00 
 9.336522E-09 
 1.800000E+00 
 1.800000E+00 
 1.800000E+00 
 1.800000E+00 
-1.115933E-07 
 1.800000E+00 
 1.800000E+00 
 1.800000E+00 
 6.365938E-08 
 1.800000E+00 
 1.800000E+00 
 7.676464E-09 
 1.800000E+00 
 1.800000E+00 
 1.800000E+00 
 1.800000E+00 
-9.286226E-07 
 1.800000E+00 
 1.800001E+00 
-1.146779E-06 
 1.800001E+00 
 1.800001E+00 
 1.800001E+00 
 1.800000E+00 
 4.675619E-08 
 1.800000E+00 
 1.800000E+00 
-5.683975E-06 
 1.800000E+00 
 1.800000E+00 
 1.800000E+00 
 1.800000E+00 
 1.800000E+00 
 6.458065E-06 
 1.800000E+00 
 2.210386E-09 
 1.800000E+00 
 1.800000E+00 
 1.800000E+00 
 1.800000E+00 
 1.800000E+00 
-7.184726E-08 
 1.800000E+00 
 1.800000E+00 
-2.967875E-07 
 1.800000E+00 
 1.800000E+00 
 1.800000E+00 
 1.800000E+00 
 1.800000E+00 
-1.013615E-06 
 1.800000E+00 
 4.148864E-08 
 1.800000E+00 
 1.800000E+00 
 1.800000E+00 
 1.800000E+00 
 1.800000E+00 
 1.800000E+00 
 1.776426E-06 
 1.800000E+00 
 1.800000E+00 
 3.492777E-08 
 1.800000E+00 
 1.800000E+00 
 1.800000E+00 
 1.800000E+00 
-7.102715E-09 
 1.800000E+00 
 1.800000E+00 
 1.800000E+00 
-1.372169E-05 
 1.800000E+00 
 1.800000E+00 
 1.800000E+00 
 1.800000E+00 
-1.657666E-09 
 1.800000E+00 
 1.800000E+00 
 1.800000E+00 
 1.800000E+00 
 1.365349E-08 
 1.800000E+00 
 1.800000E+00 
 1.800000E+00 
 1.800007E+00 
 7.488560E-07 
 1.800000E+00 
 1.800000E+00 
-2.519010E-06 
 1.800000E+00 
 1.800000E+00 
 1.800000E+00 
 1.800000E+00 
 1.800000E+00 
 1.800000E+00 
-2.421094E-07 
 1.800000E+00 
 1.800000E+00 
 1.800000E+00 
 2.285144E-08 
 1.800000E+00 
 1.800000E+00 
 1.800000E+00 
 1.800000E+00 
 7.338590E-08 
 1.800000E+00 
 1.800000E+00 
 1.800000E+00 
 1.800000E+00 
 1.800000E+00 
 1.251594E-07 
 1.800000E+00 
 1.800000E+00 
 1.662380E-08 
 1.800000E+00 
 1.800000E+00 
 1.800000E+00 
 1.800000E+00 
 1.800000E+00 
 1.800000E+00 
 1.800000E+00 
-2.432025E-05 
 1.799999E+00 
 1.029101E-07 
 1.800000E+00 
 1.800000E+00 
 1.800000E+00 
 1.800000E+00 
 1.800000E+00 
 1.800000E+00 
 1.800000E+00 
-1.832130E-05 
 1.800000E+00 
 1.800000E+00 
 1.800000E+00 
 1.800000E+00 
 2.667080E-06 
 1.800000E+00 
 1.800006E+00 
 1.800000E+00 
 3.040572E-06 
 1.800000E+00 
 1.800000E+00 
 1.800000E+00 
 1.800000E+00 
 1.800000E+00 
 1.800000E+00 
 1.852436E-05 
 1.800000E+00 
 1.800000E+00 
 1.800000E+00 
 1.800000E+00 
 9.093787E-07 
 1.800007E+00 
 1.800007E+00 
 1.800007E+00 
 1.800007E+00 
 1.800000E+00 
-1.877345E-08 
 1.800000E+00 
 1.800000E+00 
 1.800000E+00 
 1.800000E+00 
 1.800000E+00 
 2.029353E-06 
 1.800003E+00 
 1.800003E+00 
 1.800000E+00 
 1.800000E+00 
 6.334686E-09 
 1.799998E+00 
 1.799998E+00 
 1.799998E+00 
 1.799998E+00 
 1.799998E+00 
 1.800000E+00 
 4.523938E-06 
 1.800000E+00 
 1.800000E+00 
 1.800000E+00 
 1.800001E+00 
 1.800000E+00 
-1.778818E-08 
 1.800000E+00 
 1.800000E+00 
 1.800000E+00 
 1.800000E+00 
 3.531312E-07 
 1.799999E+00 
 1.800000E+00 
 1.800000E+00 
 1.800000E+00 
 1.800000E+00 
 1.800000E+00 
 1.800000E+00 
-3.992788E-07 
 1.800000E+00 
 1.800000E+00 
 1.800000E+00 
 1.800000E+00 
 2.791341E-06 
 1.800000E+00 
 1.800000E+00 
 1.800000E+00 
 1.800000E+00 
 1.800000E+00 
 1.800000E+00 
-2.426478E-07 
 1.799999E+00 
 1.799999E+00 
 1.799999E+00 
 1.799999E+00 
 1.799999E+00 
 1.800000E+00 
-1.118622E-09 
 1.800000E+00 
 1.800000E+00 
 1.800000E+00 
 1.800000E+00 
 1.800000E+00 
-1.834590E-09 
 1.800000E+00 
 1.800000E+00 
 1.800000E+00 
 1.800000E+00 
 1.800000E+00 
 1.800007E+00 
 1.928108E-06 
 1.800007E+00 
 1.800007E+00 
 1.800007E+00 
 1.800007E+00 
 1.800007E+00 
 1.800000E+00 
 6.617039E-09 
 1.800000E+00 
 1.800000E+00 
 1.800000E+00 
 1.800000E+00 
 1.800000E+00 
 1.800000E+00 
 3.318450E-08 
 1.800000E+00 
 1.800000E+00 
 1.800000E+00 
 1.800000E+00 
 1.800000E+00 
 1.800000E+00 
 1.800000E+00 
-7.941695E-08 
 1.800000E+00 
 1.800000E+00 
 1.800000E+00 
 1.800000E+00 
 1.800000E+00 
-9.429258E-07 
 1.800000E+00 
 1.800000E+00 
 1.800000E+00 
 1.800000E+00 
 1.800000E+00 
 1.800000E+00 
 1.800000E+00 
-3.076460E-05 
 1.800001E+00 
 1.800001E+00 
 1.800001E+00 
 1.800001E+00 
 1.800001E+00 
 1.800000E+00 
 1.799998E+00 
 1.342289E-07 
 1.800000E+00 
 1.800000E+00 
 1.800000E+00 
 1.800000E+00 
 1.800001E+00 
 1.800000E+00 
 5.959724E-07 
 1.800001E+00 
 1.800001E+00 
 1.800001E+00 
 1.800001E+00 
 1.800001E+00 
 1.800000E+00 
 1.800001E+00 
 1.833094E-06 
 1.800000E+00 
 1.800000E+00 
 1.800000E+00 
 1.800000E+00 
 1.800000E+00 
 1.800000E+00 
 1.800000E+00 
-5.741429E-08 
 1.800000E+00 
 1.800000E+00 
 1.800000E+00 
 1.800000E+00 
 1.800000E+00 
 1.800000E+00 
 1.800000E+00 
 9.816930E-07 
 1.800007E+00 
 1.800007E+00 
 1.800007E+00 
 1.800007E+00 
 1.800007E+00 
 1.800007E+00 
 1.800000E+00 
-2.174876E-07 
 1.800000E+00 
 1.800000E+00 
 1.800000E+00 
 1.800000E+00 
 1.800000E+00 
 1.800000E+00 
 1.800000E+00 
 1.800000E+00 
 1.205463E-08 
 1.800000E+00 
 1.800000E+00 
 1.800000E+00 
 1.800000E+00 
 1.800000E+00 
 1.800000E+00 
 1.800000E+00 
 1.800000E+00 
-8.313706E-06 
 1.800000E+00 
 1.800000E+00 
 1.800000E+00 
 1.800000E+00 
 1.799999E+00 
 1.800000E+00 
 1.776552E-08 
 1.800000E+00 
 1.800000E+00 
 1.800000E+00 
 1.800000E+00 
 1.800000E+00 
 1.800000E+00 
 1.800000E+00 
 1.800000E+00 
 1.800000E+00 
 1.786050E-08 
 1.800000E+00 
 1.800000E+00 
 1.800000E+00 
 1.800000E+00 
 1.800000E+00 
 1.800000E+00 
 1.800000E+00 
 1.800000E+00 
 3.169325E-08 
 1.800000E+00 
 1.800000E+00 
 1.800000E+00 
 1.800000E+00 
 1.800000E+00 
 1.800000E+00 
 1.800005E+00 
 1.800000E+00 
 2.230293E-06 
 1.800000E+00 
 1.800000E+00 
 1.800000E+00 
 1.800000E+00 
 1.800000E+00 
 1.800000E+00 
 1.800007E+00 
 3.041504E-06 
 1.800000E+00 
 1.800000E+00 
 1.800000E+00 
 1.800000E+00 
 1.800000E+00 
 1.800000E+00 
 1.800000E+00 
 1.800000E+00 
 1.800000E+00 
 1.800000E+00 
 9.977760E-09 
 1.800000E+00 
 1.800000E+00 
 1.800000E+00 
 1.800000E+00 
 1.800000E+00 
 1.800000E+00 
 1.800000E+00 
 1.800000E+00 
 7.548776E-09 
 1.800000E+00 
 1.800000E+00 
 1.800000E+00 
 1.800000E+00 
 1.800000E+00 
 1.800000E+00 
 1.800000E+00 
 1.800000E+00 
-2.934274E-06 
 1.800000E+00 
 1.800000E+00 
 1.800000E+00 
 1.800000E+00 
 1.800000E+00 
 1.800000E+00 
 1.800000E+00 
 1.800000E+00 
 1.800000E+00 
 7.567895E-09 
 1.800000E+00 
 1.800000E+00 
 1.800000E+00 
 1.800000E+00 
 1.800000E+00 
 1.800000E+00 
 1.800000E+00 
 1.800000E+00 
 1.800000E+00 
 2.690481E-07 
 1.800000E+00 
 1.800000E+00 
 1.800000E+00 
 1.800000E+00 
 1.800000E+00 
 1.800000E+00 
 1.800000E+00 
 1.800000E+00 
 1.800000E+00 
 1.494226E-06 
 1.800000E+00 
 1.800000E+00 
 1.800000E+00 
 1.800000E+00 
 1.800000E+00 
 1.800000E+00 
 1.800000E+00 
 1.800000E+00 
-1.321794E-07 
 1.800001E+00 
 1.800001E+00 
 1.800001E+00 
 1.800001E+00 
 1.800001E+00 
 1.800001E+00 
 1.800001E+00 
 1.800001E+00 
 1.800001E+00 
 1.800000E+00 
 1.419590E-09 
 1.800000E+00 
 1.800000E+00 
 1.800000E+00 
 1.800000E+00 
 1.800000E+00 
 1.800000E+00 
 1.800000E+00 
 1.800002E+00 
-3.390612E-08 
 1.799999E+00 
 1.799999E+00 
 1.799999E+00 
 1.799999E+00 
 1.799999E+00 
 1.799999E+00 
 1.799999E+00 
 1.799999E+00 
 1.799999E+00 
 1.800000E+00 
 1.800000E+00 
-1.703385E-06 
 1.800006E+00 
 1.800000E+00 
 1.800000E+00 
 1.800000E+00 
 1.800000E+00 
 1.800000E+00 
 5.548087E-06 
 1.800001E+00 
 1.800001E+00 
 1.800001E+00 
 1.800001E+00 
 1.800001E+00 
 1.800001E+00 
 1.800001E+00 
 1.800001E+00 
 1.800001E+00 
 1.800001E+00 
 1.800001E+00 
 1.800000E+00 
-2.853754E-08 
 1.800000E+00 
 1.800000E+00 
 1.800000E+00 
 1.800000E+00 
 1.800000E+00 
 1.800000E+00 
 1.800000E+00 
 9.210240E-06 
 1.800000E+00 
 1.800000E+00 
 1.800000E+00 
 1.800000E+00 
 1.800000E+00 
 1.800000E+00 
 1.800000E+00 
 1.800000E+00 
 1.800000E+00 
 1.800000E+00 
 1.800000E+00 
 5.714003E-07 
 1.799999E+00 
 1.800000E+00 
 1.800000E+00 
 1.800000E+00 
 1.800000E+00 
 1.799998E+00 
 1.800000E+00 
-1.676577E-07 
 1.800000E+00 
 1.800000E+00 
 1.800000E+00 
 1.800000E+00 
 1.800000E+00 
 1.800000E+00 
 1.800000E+00 
 1.800000E+00 
 1.800000E+00 
 1.800000E+00 
 1.800000E+00 
-2.372310E-05 
 1.800000E+00 
 1.800000E+00 
 1.800000E+00 
 1.800000E+00 
 1.800000E+00 
 1.800000E+00 
-1.455966E-07 
 1.800000E+00 
 1.800000E+00 
 1.800000E+00 
 1.800000E+00 
 1.800000E+00 
 1.800000E+00 
 1.800000E+00 
 1.800000E+00 
 1.800000E+00 
 1.800000E+00 
 1.800000E+00 
 1.800000E+00 
 1.248291E-06 
 1.800000E+00 
 1.800000E+00 
 1.800000E+00 
 1.800000E+00 
 1.800000E+00 
 1.800000E+00 
 5.429535E-09 
 1.800000E+00 
 1.800000E+00 
 1.800000E+00 
 1.800000E+00 
 1.800000E+00 
 1.800000E+00 
 1.800000E+00 
 1.800000E+00 
 1.800000E+00 
 1.800000E+00 
 1.800000E+00 
 3.159730E-08 
 1.800000E+00 
 1.800000E+00 
 1.800000E+00 
 1.800000E+00 
 1.800000E+00 
 1.800000E+00 
 6.532353E-06 
 1.799999E+00 
 1.799999E+00 
 1.799999E+00 
 1.799999E+00 
 1.799999E+00 
 1.799999E+00 
 1.799999E+00 
 1.799999E+00 
 1.799999E+00 
 1.799999E+00 
 1.800003E+00 
-2.276148E-07 
 1.800000E+00 
 1.800000E+00 
 1.800000E+00 
 1.800000E+00 
 1.800000E+00 
 5.693229E-09 
 1.800000E+00 
 1.800000E+00 
 1.800000E+00 
 1.800000E+00 
 1.800000E+00 
 1.800000E+00 
 1.800000E+00 
 1.800000E+00 
 1.800000E+00 
 1.800000E+00 
 1.800000E+00 
 1.800000E+00 
-1.364506E-06 
 1.800000E+00 
 1.800000E+00 
 1.800000E+00 
 1.788400E-08 
 1.800000E+00 
 1.800000E+00 
 1.800000E+00 
 1.800000E+00 
 1.800000E+00 
 1.800000E+00 
 1.800000E+00 
 1.800000E+00 
 1.800000E+00 
 1.800000E+00 
 1.800000E+00 
 1.800000E+00 
 1.800000E+00 
-1.271031E-06 
 1.800000E+00 
 1.800000E+00 
 1.800000E+00 
 1.800000E+00 
-1.882926E-07 
 1.800000E+00 
 1.800000E+00 
 1.800000E+00 
 1.800000E+00 
 1.800000E+00 
 1.800000E+00 
 1.800000E+00 
 1.800000E+00 
 1.800000E+00 
 1.800000E+00 
 1.007810E-07 
 1.800000E+00 
 1.800000E+00 
 1.800000E+00 
 1.800000E+00 
 1.800000E+00 
 1.800000E+00 
-4.978318E-07 
 1.799999E+00 
 1.800000E+00 
 1.800000E+00 
 1.800000E+00 
 1.800000E+00 
 1.800000E+00 
 1.800000E+00 
 1.799997E+00 
 6.275003E-08 
 1.800000E+00 
 1.800000E+00 
 1.800000E+00 
 1.800000E+00 
 1.800000E+00 
 1.800000E+00 
 6.129985E-08 
 1.800002E+00 
 1.800002E+00 
 1.800002E+00 
 1.800002E+00 
 1.800002E+00 
 1.800002E+00 
 1.800002E+00 
 1.800000E+00 
-3.013588E-08 
 1.800004E+00 
 1.800004E+00 
 1.800004E+00 
 1.800004E+00 
 1.800004E+00 
 1.800000E+00 
 1.800000E+00 
 6.776741E-07 
 1.800000E+00 
 1.800000E+00 
 1.800000E+00 
 1.800000E+00 
 1.800000E+00 
 1.521769E-07 
 1.800000E+00 
 1.800000E+00 
 1.800000E+00 
 1.800000E+00 
 1.800000E+00 
 1.800000E+00 
 1.800000E+00 
 1.800000E+00 
 1.800000E+00 
 7.716688E-09 
 1.800000E+00 
 1.800000E+00 
 1.800000E+00 
 1.800000E+00 
 9.837795E-09 
 1.800000E+00 
 1.800000E+00 
 1.800000E+00 
 1.800000E+00 
 1.800000E+00 
 1.800000E+00 
 1.800000E+00 
 1.800000E+00 
 1.800000E+00 
 7.386645E-09 
 1.799999E+00 
 1.800000E+00 
 1.800000E+00 
 1.019471E-08 
 1.800000E+00 
 1.800000E+00 
 1.800000E+00 
 1.800000E+00 
 1.800000E+00 
 1.800000E+00 
 1.800000E+00 
 1.800000E+00 
 1.800000E+00 
-7.123443E-08 
 1.800000E+00 
 1.800000E+00 
 1.800000E+00 
 1.800000E+00 
-2.120083E-09 
 1.800000E+00 
 1.800000E+00 
 1.800000E+00 
 1.800000E+00 
 1.800000E+00 
 1.800000E+00 
 1.800000E+00 
-8.582515E-08 
 1.800000E+00 
 1.800000E+00 
 1.800000E+00 
 1.800000E+00 
 1.800000E+00 
 9.207714E-09 
 1.800003E+00 
 1.800003E+00 
 1.800003E+00 
 1.800003E+00 
 1.800003E+00 
 1.800004E+00 
 1.306631E-08 
 1.800000E+00 
 1.800000E+00 
 1.800000E+00 
 1.800000E+00 
 1.800000E+00 
 1.800007E+00 
 6.174182E-08 
 1.800000E+00 
 1.800000E+00 
 1.800000E+00 
 1.800002E+00 
-3.342815E-08 
 1.800000E+00 
 1.800000E+00 
 1.800000E+00 
 1.800000E+00 
 1.800000E+00 
 1.800000E+00 
-4.757004E-07 
 1.800000E+00 
 1.800000E+00 
 1.800000E+00 
 1.800000E+00 
 1.800000E+00 
 1.800006E+00 
 2.968470E-09 
 1.800000E+00 
 1.800000E+00 
 1.800000E+00 
 1.562687E-08 
 1.800001E+00 
 1.800001E+00 
 1.800001E+00 
 1.800001E+00 
 1.800001E+00 
 1.800001E+00 
 1.800001E+00 
 1.800000E+00 
 1.405878E-08 
 1.800001E+00 
-1.907948E-08 
 1.800000E+00 
 1.800000E+00 
 1.800000E+00 
 1.800000E+00 
 1.800000E+00 
 1.800000E+00 
 1.800000E+00 
 1.800000E+00 
 1.800000E+00 
-4.374880E-08 
 1.800000E+00 
 1.799998E+00 
-2.171602E-06 
 1.800000E+00 
 1.800000E+00 
 1.800000E+00 
 1.800000E+00 
 1.800000E+00 
 1.800000E+00 
-2.279407E-08 
 1.800000E+00 
 1.800000E+00 
 1.800000E+00 
-5.834199E-06 
 1.800000E+00 
 1.800000E+00 
 1.800000E+00 
 1.800000E+00 
 1.800000E+00 
 1.800000E+00 
 1.800000E+00 
-1.274290E-07 
 1.800000E+00 
 3.593815E-08 
 1.800000E+00 
 1.800000E+00 
 1.800000E+00 
 1.800000E+00 
 1.800000E+00 
 1.800000E+00 
 1.800000E+00 
 1.799998E+00 
 1.509918E-05 
 1.800000E+00 
 1.570364E-05 
 1.799999E+00 
 1.799999E+00 
 1.799999E+00 
 1.799999E+00 
 1.799999E+00 
 1.799999E+00 
 1.800000E+00 
 3.389423E-07 
 1.800000E+00 
 1.800004E+00 
 1.300268E-07 
 1.800000E+00 
 1.800000E+00 
 1.800000E+00 
 1.800000E+00 
 1.800000E+00 
 1.800000E+00 
 3.390430E-07 
 1.800007E+00 
 1.800000E+00 
-1.089297E-07 
 1.800004E+00 
 1.800004E+00 
 1.800004E+00 
 1.800004E+00 
 1.800000E+00 
 1.800000E+00 
-3.080977E-07 
 1.799999E+00 
 2.615632E-08 
 1.800000E+00 
 1.800000E+00 
 1.800000E+00 
 1.800000E+00 
 1.800000E+00 
 1.800000E+00 
 1.800000E+00 
 2.109829E-08 
 1.800004E+00 
 1.800000E+00 
 1.448063E-07 
 1.799999E+00 
 1.799999E+00 
 1.800000E+00 
 1.799997E+00 
 8.059587E-07 
 1.800000E+00 
 1.800000E+00 
 1.800000E+00 
 1.800000E+00 
-7.531412E-08 
 1.800000E+00 
 1.800000E+00 
 1.800000E+00 
-4.372656E-07 
 1.800004E+00 
 1.800004E+00 
 1.800000E+00 
 1.800001E+00 
 4.852868E-09 
 1.800007E+00 
 1.800000E+00 
 1.800000E+00 
 5.889832E-07 
 1.800000E+00 
 1.800000E+00 
 1.800000E+00 
 1.800000E+00 
-5.256190E-06 
 1.799999E+00 
 1.800000E+00 
 1.800000E+00 
 7.145785E-08 
 1.800000E+00 
 1.800000E+00 
 1.800000E+00 
 8.852173E-09 
 1.800000E+00 
 1.800000E+00 
 1.800000E+00 
 1.800000E+00 
 1.593006E-07 
 1.800000E+00 
 1.800000E+00 
 1.800000E+00 
-2.971964E-06 
 1.800000E+00 
 1.800000E+00 
 1.800000E+00 
-2.439861E-08 
 1.800000E+00 
 1.800000E+00 
 1.800000E+00 
 1.799999E+00 
 1.946232E-06 
 1.800000E+00 
 1.800000E+00 
-1.693860E-08 
 1.800000E+00 
 1.800000E+00 
 1.800000E+00 
 1.800000E+00 
 1.031540E-08 
 1.800000E+00 
 1.800000E+00 
 1.800000E+00 
 1.638623E-06 
 1.800000E+00 
 1.800000E+00 
-1.396766E-07 
 1.800000E+00 
 1.800000E+00 
 1.800000E+00 
 1.800000E+00 
 9.077098E-07 
 1.800000E+00 
 1.800000E+00 
 4.828917E-07 
 1.800000E+00 
 1.800000E+00 
 1.800000E+00 
 1.800000E+00 
-1.328077E-09 
 1.800000E+00 
 1.800000E+00 
-6.280157E-08 
 1.800000E+00 
 1.800000E+00 
 1.800000E+00 
 4.782801E-08 
 1.800000E+00 
 1.800000E+00 
 1.800000E+00 
 5.852877E-09 
 1.800000E+00 
 1.800000E+00 
 1.800000E+00 
-3.424523E-07 
 1.799999E+00 
 1.799998E+00 
-1.906275E-06 
 1.800000E+00 
 1.800000E+00 
 1.800000E+00 
 1.800000E+00 
-1.895734E-06 
 1.800000E+00 
 6.638104E-06 
 1.800000E+00 
 1.800000E+00 
 1.800000E+00 
 1.800000E+00 
 1.836042E-06 
 1.800000E+00 
-9.566195E-10 
 1.800001E+00 
 1.800000E+00 
 1.800000E+00 
 1.800000E+00 
-5.039864E-07 
 1.800000E+00 
 1.800000E+00 
 8.873351E-08 
 1.800000E+00 
 1.800000E+00 
 1.800000E+00 
 6.786345E-10 
 1.800000E+00 
 1.800000E+00 
-2.065112E-06 
 1.800000E+00 
 1.800000E+00 
 5.567184E-06 
 1.800000E+00 
 1.800000E+00 
 1.800000E+00 
 1.800000E+00 
 1.337640E-06 
 1.336214E-06 
 1.800000E+00 
 1.800000E+00 
 1.800000E+00 
 1.800000E+00 
 1.800000E+00 
 3.550090E-08 
 2.951260E-08 
 1.800000E+00 
 1.800000E+00 
 1.800000E+00 
 1.800000E+00 
 7.693149E-07 
 1.800000E+00 
 1.800001E+00 
 8.075014E-08 
 1.800000E+00 
 1.800000E+00 
-4.580122E-07 
 1.800000E+00 
 1.800000E+00 
-6.700910E-06 
 1.800000E+00 
 1.800000E+00 
 1.800000E+00 
 8.116498E-06 
 1.800000E+00 
-9.214507E-08 
 1.800000E+00 
 1.800000E+00 
 1.800000E+00 
 1.800000E+00 
-7.783067E-06 
-7.628303E-06 
 1.800000E+00 
 1.800000E+00 
 1.800000E+00 
 1.800000E+00 
-2.967277E-09 
 1.800006E+00 
 7.332393E-06 
 1.800000E+00 
 1.800000E+00 
 5.322832E-09 
 1.800000E+00 
 1.800000E+00 
 1.800000E+00 
 6.121132E-06 
 1.800000E+00 
 1.800000E+00 
-2.562315E-08 
 1.800000E+00 
 8.968686E-09 
 1.800000E+00 
 1.800000E+00 
 1.800000E+00 
-1.459884E-08 
 1.800000E+00 
 9.386690E-08 
 1.800000E+00 
 1.800000E+00 
 1.800000E+00 
-1.083447E-07 
 1.800000E+00 
 1.800000E+00 
-1.957608E-06 
 1.800000E+00 
 6.997357E-08 
 1.800000E+00 
 1.800000E+00 
 1.800006E+00 
 3.261180E-08 
 1.800000E+00 
-2.774696E-08 
 1.800000E+00 
 1.800000E+00 
 1.800000E+00 
-7.772843E-07 
 8.543136E-09 
 1.799999E+00 
 1.799999E+00 
 1.799999E+00 
 1.800000E+00 
-1.179828E-06 
 1.800000E+00 
-2.564275E-06 
 1.800005E+00 
 4.829512E-07 
 1.800007E+00 
 1.800007E+00 
 1.800000E+00 
 1.126805E-07 
 1.800001E+00 
 2.861625E-08 
 1.800000E+00 
 1.800000E+00 
-1.730859E-05 
 1.800000E+00 
 1.800000E+00 
 6.570461E-06 
 1.800000E+00 
 1.800000E+00 
-6.660385E-08 
 1.800000E+00 
 1.629155E-08 
 1.800001E+00 
 1.800000E+00 
 2.441695E-07 
 1.800000E+00 
 1.800002E+00 
-2.850366E-07 
 1.800000E+00 
 1.800000E+00 
 3.866792E-07 
 3.873809E-07 
 1.800000E+00 
 1.800000E+00 
 1.800000E+00 
 1.800000E+00 
-8.579358E-07 
 6.261086E-09 
 1.800001E+00 
 1.800000E+00 
 3.034382E-08 
 1.800000E+00 
 1.800000E+00 
-2.994453E-06 
 1.800000E+00 
-4.073339E-08 
 1.800000E+00 
 1.800000E+00 
-4.648761E-09 
 1.800000E+00 
 1.800000E+00 
 1.157056E-07 
 1.800000E+00 
-1.076075E-06 
 1.800000E+00 
-1.039205E-07 
 1.800000E+00 
 1.800000E+00 
 1.800000E+00 
 1.989868E-05 
 1.988716E-05 
 1.800000E+00 
 1.800000E+00 
 1.800000E+00 
-7.921802E-07 
-3.331135E-07 
 1.800000E+00 
 1.800000E+00 
 1.800000E+00 
 1.114362E-06 
-1.339869E-08 
 1.800000E+00 
 1.800000E+00 
 1.799998E+00 
-8.704257E-08 
-9.342620E-08 
 1.800000E+00 
 1.800000E+00 
 1.800000E+00 
 1.753706E-08 
 1.871840E-08 
 1.800000E+00 
 1.800000E+00 
 5.399384E-08 
 1.800000E+00 
 1.800000E+00 
 1.854148E-08 
 1.500653E-08 
 1.800000E+00 
 1.800000E+00 
 1.800000E+00 
 5.076768E-06 
 5.076631E-06 
 1.800000E+00 
 1.800000E+00 
 1.800000E+00 
-2.651143E-05 
 1.030830E-05 
 1.800000E+00 
 1.799999E+00 
-3.765216E-06 
 1.800000E+00 
 6.306253E-09 
 1.800000E+00 
 1.339460E-07 
 1.800000E+00 
 1.800000E+00 
-2.023252E-07 
 1.800001E+00 
 5.788956E-08 
 1.800000E+00 
 1.800000E+00 
-1.533166E-07 
-2.289079E-07 
 1.800001E+00 
 1.800001E+00 
 9.066596E-07 
 1.800000E+00 
 1.800000E+00 
-1.956338E-07 
 4.948034E-09 
 1.800000E+00 
 1.799999E+00 
 1.890652E-08 
 1.800000E+00 
 5.403518E-09 
 1.800000E+00 
 1.800000E+00 
 3.100375E-06 
 2.470600E-06 
 1.800000E+00 
 1.800000E+00 
 1.416906E-06 
 1.800000E+00 
 2.713293E-09 
 1.800000E+00 
-7.215913E-09 
 1.800000E+00 
 1.800000E+00 
-5.640686E-06 
-5.633745E-06 
 1.800000E+00 
 1.800000E+00 
 1.250965E-08 
 1.800001E+00 
 1.054056E-06 
 1.800000E+00 
 1.800000E+00 
 1.271148E-06 
 1.273165E-06 
 1.800000E+00 
-2.261817E-10 
 1.800000E+00 
 1.800000E+00 
-1.216037E-07 
 1.800000E+00 
 2.173075E-07 
 1.800000E+00 
 5.602998E-07 
 1.800000E+00 
 2.742273E-07 
 1.800000E+00 
-1.498843E-06 
 1.800000E+00 
 1.800000E+00 
 3.719938E-06 
 3.990296E-06 
 1.800000E+00 
 1.800000E+00 
-6.303441E-06 
 9.449063E-09 
 1.800000E+00 
 1.800000E+00 
 1.011405E-05 
 1.800000E+00 
 5.667237E-08 
 1.800001E+00 
 2.792174E-06 
 2.819756E-06 
 1.800000E+00 
 1.800000E+00 
 1.800000E+00 
 1.855730E-06 
 6.530724E-09 
 1.800000E+00 
 9.478374E-09 
 1.800000E+00 
 9.368105E-07 
 1.800000E+00 
-1.721831E-08 
 1.800000E+00 
 3.485216E-08 
 1.800000E+00 
 1.800000E+00 
 1.862256E-06 
 1.862042E-06 
 1.800000E+00 
 2.534726E-07 
 1.800000E+00 
-7.831103E-06 
 1.800000E+00 
-1.099388E-07 
 1.800000E+00 
 1.800000E+00 
-1.272683E-06 
-1.148642E-06 
 1.800000E+00 
 8.239688E-08 
 1.800000E+00 
 6.975772E-07 
 1.800000E+00 
 1.771724E-07 
 1.800000E+00 
 5.933383E-08 
 1.800000E+00 
-4.872069E-06 
 1.800000E+00 
 2.863510E-08 
 1.800000E+00 
 3.309123E-07 
 1.800000E+00 
 2.799971E-07 
 1.800000E+00 
 5.469024E-06 
 1.800000E+00 
 6.415157E-08 
 6.448467E-09 
 1.800000E+00 
 1.800000E+00 
-1.229424E-07 
 3.762808E-08 
 1.800000E+00 
 1.800000E+00 
 1.522801E-07 
-1.045966E-08 
 1.800000E+00 
-3.870397E-07 
 1.800000E+00 
 2.115560E-08 
 1.800000E+00 
 8.323676E-07 
 1.800000E+00 
-1.841186E-06 
 8.540651E-09 
 1.800000E+00 
 1.800000E+00 
 3.040567E-06 
 3.039182E-06 
 1.800000E+00 
 1.800000E+00 
-8.674414E-07 
-9.826693E-07 
-9.826707E-07 
 1.800000E+00 
 1.800000E+00 
 3.042158E-09 
 1.800000E+00 
 2.335645E-08 
 2.203050E-08 
 1.800000E+00 
 1.800000E+00 
-6.451686E-07 
-4.547222E-08 
 1.800000E+00 
-5.975296E-06 
 1.800000E+00 
-2.326058E-07 
-2.348053E-07 
 1.800000E+00 
 1.800002E+00 
-7.176535E-07 
 8.731521E-09 
 1.800000E+00 
 1.261182E-06 
 1.250359E-06 
 1.800000E+00 
 1.800000E+00 
 5.542125E-08 
 6.232336E-08 
 1.800000E+00 
 1.800000E+00 
-3.390094E-07 
 1.207645E-08 
 1.207658E-08 
 1.800010E+00 
 1.969139E-08 
 1.800000E+00 
 1.800000E+00 
 1.446615E-08 
 2.911589E-09 
 2.911594E-09 
 1.799999E+00 
 1.800000E+00 
 1.622530E-07 
 3.564821E-07 
 1.799999E+00 
-1.006924E-07 
 1.800000E+00 
-9.884429E-08 
-9.467049E-08 
 1.800000E+00 
 2.521028E-08 
 1.800000E+00 
 5.812050E-06 
 1.800004E+00 
 8.830770E-05 
-2.494621E-07 
 1.800000E+00 
 1.297046E-07 
 1.800000E+00 
 1.090251E-05 
 1.084318E-05 
 1.800000E+00 
 1.800000E+00 
-4.563106E-05 
 1.876082E-08 
 1.876798E-08 
 1.800000E+00 
 6.722127E-09 
 1.800007E+00 
-2.169940E-08 
 1.800000E+00 
-1.017627E-05 
 2.614173E-06 
 1.800000E+00 
 9.149367E-09 
 1.800004E+00 
 1.147134E-06 
 6.512198E-09 
 1.800000E+00 
-9.108933E-07 
 1.800000E+00 
-2.769274E-06 
-2.820698E-06 
 1.800000E+00 
 5.228821E-06 
 1.800000E+00 
 2.393560E-06 
 2.773755E-06 
 1.800007E+00 
-1.087429E-05 
 1.800000E+00 
-1.897968E-06 
-1.891837E-06 
 1.800000E+00 
 3.581214E-08 
-2.178913E-08 
 1.800000E+00 
 8.377784E-09 
 1.800000E+00 
-1.610524E-08 
 7.444471E-09 
 1.800000E+00 
 1.302734E-06 
 1.800000E+00 
-1.404540E-06 
-1.253279E-06 
 1.800000E+00 
 6.546169E-08 
 1.800000E+00 
 1.748294E-08 
-1.279603E-09 
-1.277246E-09 
 1.800000E+00 
 1.800000E+00 
 3.639582E-06 
 3.090836E-06 
 3.090835E-06 
 1.800000E+00 
 1.110311E-07 
 1.800000E+00 
 7.994990E-09 
 8.000700E-09 
 1.800000E+00 
-8.254666E-06 
-8.253335E-06 
 1.800000E+00 
 2.656167E-07 
 1.800000E+00 
 1.051345E-08 
 1.039502E-08 
 1.800000E+00 
-1.381988E-07 
-1.532163E-07 
 1.800000E+00 
 1.271114E-08 
 1.565003E-08 
 1.800000E+00 
 6.779672E-06 
 1.800000E+00 
 7.552119E-09 
-5.873314E-08 
-5.873282E-08 
 1.800000E+00 
 1.011318E-08 
 1.800000E+00 
 1.674739E-09 
 2.172369E-09 
 1.800000E+00 
-1.710931E-07 
-1.702900E-07 
 1.800000E+00 
 1.607063E-08 
 1.800000E+00 
-4.571105E-06 
 1.103213E-07 
 1.103213E-07 
 1.799999E+00 
-1.295611E-06 
-1.439894E-06 
 1.800000E+00 
 2.090573E-08 
 1.800000E+00 
 4.230207E-09 
 1.865234E-08 
 1.865247E-08 
 1.800000E+00 
 1.800000E+00 
-4.165329E-07 
-4.186577E-07 
-4.186588E-07 
-4.186575E-07 
 1.800000E+00 
-3.613396E-06 
 1.223760E-05 
 1.800000E+00 
 1.783713E-09 
 1.800007E+00 
 1.696979E-07 
 2.422761E-08 
 1.800000E+00 
 1.407528E-06 
 1.256894E-06 
 1.256895E-06 
 1.800000E+00 
 4.661592E-08 
 1.800000E+00 
 2.341225E-06 
 4.721436E-09 
 4.721440E-09 
 1.800000E+00 
-3.190770E-08 
-2.477303E-08 
 1.800000E+00 
 1.885335E-08 
 1.896083E-08 
 1.800000E+00 
-2.770093E-08 
-9.984372E-09 
 1.800000E+00 
-1.002329E-07 
-8.863630E-08 
 1.800000E+00 
-1.300802E-06 
-1.506026E-06 
-1.506026E-06 
 1.800000E+00 
 1.915558E-07 
-7.258729E-08 
 1.800000E+00 
-3.169547E-08 
-9.808362E-09 
 1.800007E+00 
-2.556106E-06 
-2.576407E-06 
 1.800000E+00 
 7.825315E-07 
 7.168511E-06 
 7.168511E-06 
 1.800000E+00 
 2.343429E-08 
 1.800000E+00 
 2.031502E-08 
 6.572105E-09 
 6.572081E-09 
 6.572101E-09 
 1.800000E+00 
-1.595599E-07 
 1.800000E+00 
 1.369409E-06 
 9.591122E-10 
 9.590998E-10 
 9.549909E-10 
 1.800000E+00 
-2.166739E-08 
 1.800000E+00 
 1.198717E-06 
 1.010990E-06 
 1.010991E-06 
 1.800000E+00 
 8.668246E-07 
 8.662056E-07 
 1.800000E+00 
 5.359569E-06 
-6.278801E-07 
-6.278790E-07 
-6.278800E-07 
 1.800000E+00 
 1.800000E+00 
-2.198926E-07 
-2.220446E-07 
-2.220447E-07 
-2.220446E-07 
-2.220446E-07 
 1.800000E+00 
-7.145823E-07 
 3.609674E-08 
 1.800000E+00 
 5.054692E-08 
 2.624019E-08 
 1.800000E+00 
 8.147597E-06 
 8.147982E-06 
 8.147981E-06 
 1.800006E+00 
-1.431094E-06 
-1.431118E-06 
-1.431116E-06 
 1.800000E+00 
 1.071821E-08 
 9.026174E-09 
 1.800000E+00 
-7.914030E-08 
 1.244632E-08 
 1.245985E-08 
 1.800000E+00 
 5.645289E-09 
 7.443619E-09 
 7.443600E-09 
 1.800000E+00 
-1.694181E-06 
 8.569282E-09 
 8.570752E-09 
 1.800001E+00 
 9.680849E-07 
 8.411525E-09 
 1.800000E+00 
 1.374886E-07 
 2.845325E-08 
 2.845332E-08 
 2.845165E-08 
 1.800000E+00 
 2.160400E-06 
 2.799546E-06 
 1.800000E+00 
 1.409632E-06 
 1.628925E-06 
 1.628925E-06 
 1.628925E-06 
 1.800006E+00 
 6.681233E-07 
-3.911135E-07 
 1.800000E+00 
-3.747377E-06 
-1.393879E-05 
-1.393879E-05 
-1.393879E-05 
 1.800000E+00 
 1.122715E-07 
 1.724821E-07 
 1.800000E+00 
 9.637735E-09 
 1.304900E-08 
 1.304894E-08 
 1.304871E-08 
 1.800000E+00 
 8.591722E-07 
 8.627734E-07 
 8.627701E-07 
 1.800000E+00 
 4.465857E-07 
 4.369206E-07 
 1.800000E+00 
 1.043525E-08 
 9.288777E-09 
 9.288799E-09 
 9.288803E-09 
 9.288802E-09 
 1.800000E+00 
 7.764252E-06 
-1.498615E-05 
-1.498615E-05 
 1.800000E+00 
 4.923091E-06 
 4.819361E-06 
 1.800000E+00 
 1.495689E-07 
-6.736992E-09 
-6.736799E-09 
-6.742386E-09 
-6.736837E-09 
 1.800003E+00 
-3.047148E-06 
-2.693104E-06 
-2.693104E-06 
 1.800004E+00 
-1.562325E-06 
-1.586078E-06 
-1.586077E-06 
 1.800000E+00 
-2.470647E-07 
 1.061280E-08 
 1.061281E-08 
 1.061306E-08 
 1.799998E+00 
-1.644416E-05 
-1.644476E-05 
-1.644476E-05 
 1.800000E+00 
 1.230883E-06 
 1.673777E-09 
 1.674521E-09 
 1.673311E-09 
 1.800000E+00 
-3.385925E-08 
-2.879680E-08 
-2.879680E-08 
-2.879679E-08 
 1.800000E+00 
-2.503229E-06 
-2.502579E-06 
-2.502579E-06 
-2.502579E-06 
 1.800000E+00 
 1.647436E-05 
 1.633657E-05 
 1.633657E-05 
 1.800007E+00 
 5.530729E-07 
 7.117984E-09 
 7.116328E-09 
 7.117990E-09 
 1.800000E+00 
 2.857940E-07 
 8.614370E-08 
 8.614363E-08 
 8.614357E-08 
 8.614181E-08 
 1.800000E+00 
 8.672909E-08 
 1.656296E-08 
 1.800000E+00 
 3.743553E-07 
 3.743079E-07 
 3.743079E-07 
 3.743079E-07 
 3.743078E-07 
 3.743084E-07 
 1.800000E+00 
-2.405305E-05 
-2.405317E-05 
-2.405318E-05 
 1.800000E+00 
 1.476477E-06 
 6.263430E-09 
 6.267529E-09 
 6.263073E-09 
 6.262396E-09 
 1.800000E+00 
-3.724058E-07 
-7.550586E-08 
-7.551346E-08 
 1.800000E+00 
-1.210665E-05 
-1.248998E-05 
-1.248998E-05 
-1.248998E-05 
-1.248998E-05 
-1.248998E-05 
 1.800000E+00 
-7.821703E-07 
-5.785559E-07 
-5.785559E-07 
 1.800000E+00 
-2.929683E-06 
 1.025029E-07 
 1.025029E-07 
 1.025029E-07 
 1.025029E-07 
 1.025026E-07 
 1.800000E+00 
 7.442602E-07 
 7.390592E-07 
 7.390589E-07 
 1.800000E+00 
-9.373088E-07 
 1.488244E-08 
 1.488213E-08 
 1.488210E-08 
 1.488279E-08 
 1.488207E-08 
 1.800000E+00 
 3.487378E-07 
 5.725987E-07 
 5.725990E-07 
 1.800001E+00 
 2.101651E-08 
-1.510189E-09 
-1.510207E-09 
-1.510083E-09 
-1.510282E-09 
-1.511066E-09 
-1.510175E-09 
 1.800000E+00 
-4.068228E-07 
-4.114283E-07 
-4.114361E-07 
 1.800000E+00 
 9.096887E-09 
 8.816204E-09 
 8.816388E-09 
 8.816818E-09 
 8.816742E-09 
 8.816755E-09 
 1.800000E+00 
-3.468377E-07 
-1.897410E-07 
-1.897410E-07 
-1.897411E-07 
-1.897409E-07 
 1.800000E+00 
 1.054587E-08 
 1.136702E-08 
 1.136740E-08 
 1.136862E-08 
 1.136653E-08 
 1.800000E+00 
 3.265410E-06 
-2.125670E-09 
-2.123095E-09 
-2.125342E-09 
-2.125099E-09 
 1.800000E+00 
 1.279146E-08 
 1.277018E-08 
 1.277022E-08 
 1.277000E-08 
 1.277049E-08 
 1.276570E-08 
 1.799998E+00 
-3.085172E-09 
 1.912459E-09 
 1.912548E-09 
 1.912872E-09 
 1.912472E-09 
 1.833638E-09 
 1.800000E+00 
 4.426810E-09 
 4.557695E-09 
 4.557049E-09 
 4.557709E-09 
 1.800003E+00 
 5.859009E-06 
 5.418030E-06 
 5.418030E-06 
 5.418030E-06 
 5.418030E-06 
 5.418030E-06 
 5.418030E-06 
 1.799999E+00 
 6.869960E-07 
 6.885183E-07 
 6.885478E-07 
 6.885179E-07 
 6.885178E-07 
 1.800000E+00 
-2.066113E-06 
 3.260383E-08 
 3.259623E-08 
 3.260392E-08 
 3.260394E-08 
 3.260399E-08 
 3.260337E-08 
 1.800000E+00 
 3.089377E-06 
-2.619304E-07 
-2.619306E-07 
-2.619305E-07 
-2.619297E-07 
 1.800000E+00 
 1.699581E-07 
 1.831972E-07 
 1.831970E-07 
 1.831971E-07 
 1.831970E-07 
 1.831973E-07 
 1.831971E-07 
 1.800000E+00 
-4.235938E-07 
-3.640342E-07 
-3.640342E-07 
-3.640359E-07 
-3.640342E-07 
-3.640347E-07 
 1.800000E+00 
-2.079434E-05 
-4.381219E-08 
-4.381225E-08 
-4.381217E-08 
-4.381221E-08 
-4.381218E-08 
 1.800000E+00 
-9.122350E-05 
 1.399322E-08 
 1.399322E-08 
 1.399322E-08 
 1.399322E-08 
 1.399322E-08 
 1.399324E-08 
 1.399203E-08 
 1.800000E+00 
 6.423209E-09 
 9.365406E-09 
 9.365739E-09 
 9.366338E-09 
 1.800000E+00 
 1.749393E-07 
-6.612639E-08 
-6.612639E-08 
-6.612637E-08 
-6.610881E-08 
-6.612636E-08 
-6.612675E-08 
-6.613060E-08 
-6.612636E-08 
-6.612651E-08 
 1.800000E+00 
-1.206652E-07 
-9.808608E-08 
-9.808607E-08 
-9.808619E-08 
-9.808606E-08 
 1.800000E+00 
 1.340315E-06 
-1.978302E-09 
-1.978291E-09 
-1.978239E-09 
-1.979881E-09 
-1.978225E-09 
-1.978201E-09 
-1.978158E-09 
 1.800000E+00 
 1.014071E-08 
 9.250615E-09 
 9.250538E-09 
 9.250545E-09 
 9.250343E-09 
 9.250595E-09 
 9.250527E-09 
 1.800000E+00 
-3.189817E-07 
-3.204527E-07 
-3.204522E-07 
-3.204526E-07 
-3.204142E-07 
-3.204516E-07 
-3.204525E-07 
 1.800000E+00 
-2.010156E-08 
-1.960157E-08 
-1.960170E-08 
-1.960160E-08 
-1.960156E-08 
-1.960158E-08 
-1.960159E-08 
-1.960159E-08 
 1.800006E+00 
-6.105519E-08 
-3.660490E-08 
-3.660517E-08 
-3.660521E-08 
-3.660490E-08 
-3.660912E-08 
-3.660494E-08 
-3.660491E-08 
 1.800000E+00 
-1.774127E-07 
 6.153757E-08 
 6.153494E-08 
 6.153771E-08 
 6.153731E-08 
 6.153770E-08 
 6.153718E-08 
 1.800000E+00 
 1.776230E-08 
 1.814397E-08 
 1.814302E-08 
 1.814322E-08 
 1.814309E-08 
 1.814304E-08 
 1.814308E-08 
 1.814305E-08 
 1.800000E+00 
 1.746523E-06 
-1.401113E-08 
-1.401129E-08 
-1.401114E-08 
-1.401114E-08 
-1.401040E-08 
-1.401714E-08 
-1.401117E-08 
-1.401116E-08 
 1.800000E+00 
-5.694205E-07 
-5.914685E-07 
-5.914684E-07 
-5.914687E-07 
-5.914684E-07 
-5.914685E-07 
-5.914684E-07 
 1.800001E+00 
 6.415834E-06 
-4.072810E-07 
-4.072819E-07 
-4.072806E-07 
-4.072811E-07 
-4.072756E-07 
-4.072810E-07 
-4.072800E-07 
-4.072809E-07 
-4.072792E-07 
 1.800000E+00 
 3.997969E-07 
 3.673288E-09 
 3.673348E-09 
 3.675305E-09 
 3.673203E-09 
 3.672976E-09 
 3.673255E-09 
 1.800001E+00 
-3.097052E-07 
 6.118893E-09 
 6.118088E-09 
 6.118121E-09 
 6.118111E-09 
 6.118104E-09 
 6.117816E-09 
 6.118128E-09 
 6.118355E-09 
 1.800002E+00 
 6.018071E-07 
 2.116284E-08 
 2.116284E-08 
 2.116282E-08 
 2.116205E-08 
 2.116280E-08 
 2.116282E-08 
 2.116269E-08 
 2.135029E-08 
 1.800000E+00 
 1.473122E-07 
 1.572401E-07 
 1.572396E-07 
 1.572403E-07 
 1.572411E-07 
 1.572403E-07 
 1.572402E-07 
 1.572395E-07 
 1.572394E-07 
 1.799999E+00 
 2.263378E-08 
 5.010174E-09 
 5.010508E-09 
 5.010180E-09 
 5.014559E-09 
 5.010191E-09 
 5.017751E-09 
 5.010206E-09 
 1.800000E+00 
-3.949629E-06 
 5.168419E-08 
 5.168340E-08 
 5.168414E-08 
 5.168364E-08 
 5.168339E-08 
 5.168154E-08 
 5.168346E-08 
 5.168361E-08 
 5.168361E-08 
 1.800000E+00 
-5.072448E-06 
-5.392193E-06 
-5.392192E-06 
-5.392193E-06 
-5.392194E-06 
-5.392193E-06 
-5.392193E-06 
-5.392193E-06 
 1.800000E+00 
-1.847309E-05 
-1.847351E-05 
-1.847351E-05 
-1.847351E-05 
-1.847351E-05 
-1.847351E-05 
-1.847351E-05 
-1.847351E-05 
-1.847351E-05 
 1.800000E+00 
-1.479823E-07 
-1.812422E-07 
-1.812422E-07 
-1.812423E-07 
-1.812423E-07 
-1.812199E-07 
-1.812404E-07 
-1.812423E-07 
-1.812419E-07 
-1.812423E-07 
 1.800004E+00 
-3.267174E-07 
-2.784385E-07 
-2.784373E-07 
-2.784382E-07 
-2.784379E-07 
-2.784383E-07 
-2.784381E-07 
-2.784382E-07 
-2.784380E-07 
 1.800000E+00 
 7.826222E-07 
 7.776379E-07 
 7.776376E-07 
 7.776380E-07 
 7.776379E-07 
 7.776379E-07 
 7.776389E-07 
 7.776384E-07 
 1.800000E+00 
-1.608753E-06 
-1.559005E-06 
-1.559004E-06 
-1.559005E-06 
-1.559005E-06 
-1.559005E-06 
-1.559005E-06 
-1.559005E-06 
-1.559005E-06 
-1.559005E-06 
 1.800000E+00 
 4.673907E-07 
 4.582584E-07 
 4.582586E-07 
 4.582583E-07 
 4.582585E-07 
 4.582597E-07 
 4.582584E-07 
 4.582583E-07 
 4.582584E-07 
 1.800000E+00 
 7.487104E-07 
 7.455106E-09 
 7.455260E-09 
 7.455089E-09 
 7.455422E-09 
 7.455205E-09 
 7.455253E-09 
 7.455247E-09 
 1.800000E+00 
-9.882287E-08 
-9.852925E-08 
-9.853292E-08 
-9.852939E-08 
-9.852734E-08 
-9.852721E-08 
-9.852615E-08 
-9.852722E-08 
-9.852721E-08 
-9.852721E-08 
-9.852729E-08 
 1.800000E+00 
 1.979017E-09 
 1.892181E-09 
 1.892178E-09 
 1.893034E-09 
 1.892148E-09 
 1.892741E-09 
 1.800000E+00 
 1.538480E-06 
 6.651749E-09 
 6.651762E-09 
 6.651985E-09 
 6.651775E-09 
 6.651898E-09 
 6.651738E-09 
 6.651763E-09 
 6.651896E-09 
 6.651731E-09 
 6.651740E-09 
 6.651548E-09 
 1.800000E+00 
-4.858741E-06 
 9.821767E-06 
 9.821767E-06 
 9.821767E-06 
 9.821767E-06 
 1.800000E+00 
-5.330976E-05 
 1.180577E-07 
 1.180588E-07 
 1.180591E-07 
 1.180589E-07 
 1.180601E-07 
 1.180687E-07 
 1.180589E-07 
 1.180589E-07 
 1.180592E-07 
 1.180588E-07 
 1.180591E-07 
 1.800000E+00 
-1.452717E-08 
-1.561756E-08 
-1.561696E-08 
-1.561696E-08 
-1.561699E-08 
-1.561696E-08 
-1.561696E-08 
 1.800006E+00 
-6.298496E-09 
-5.996594E-09 
-5.996580E-09 
-5.991865E-09 
-5.996604E-09 
-5.997586E-09 
-5.997197E-09 
-5.995569E-09 
 1.800007E+00 
 1.420270E-06 
 6.482912E-09 
 6.483261E-09 
 6.482508E-09 
 6.483250E-09 
 6.483434E-09 
 6.483245E-09 
 6.483573E-09 
 6.484556E-09 
 1.800000E+00 
-8.161857E-08 
-8.154080E-08 
-8.154093E-08 
-8.154069E-08 
-8.154042E-08 
-8.154861E-08 
-8.154109E-08 
 1.799998E+00 
 4.804350E-06 
 4.804618E-06 
 4.804618E-06 
 4.804618E-06 
 4.804617E-06 
 4.804618E-06 
 4.804618E-06 
 4.804613E-06 
 4.804618E-06 
 1.800000E+00 
-8.834070E-07 
-8.908163E-07 
-8.908162E-07 
-8.908160E-07 
-8.908163E-07 
-8.908161E-07 
-8.908163E-07 
 1.800000E+00 
-3.947154E-06 
-3.925916E-06 
-3.925916E-06 
-3.925916E-06 
-3.925916E-06 
-3.925916E-06 
-3.925916E-06 
-3.925929E-06 
-3.925916E-06 
 1.800000E+00 
 5.616619E-06 
 5.614395E-06 
 5.614395E-06 
 5.614395E-06 
 5.614395E-06 
 5.614395E-06 
 1.800007E+00 
 6.207603E-08 
 6.205607E-08 
 6.205609E-08 
 6.205606E-08 
 6.205677E-08 
 6.205610E-08 
 6.205611E-08 
 6.205605E-08 
 1.800000E+00 
-1.758294E-05 
 1.858082E-05 
 1.858082E-05 
 1.858082E-05 
 1.858082E-05 
 1.858082E-05 
 1.858082E-05 
 1.800000E+00 
 2.021075E-06 
 1.615038E-06 
 1.615039E-06 
 1.615038E-06 
 1.615038E-06 
 1.615039E-06 
 1.615038E-06 
 1.615039E-06 
 1.800000E+00 
 8.013753E-09 
 8.822875E-09 
 8.822779E-09 
 8.822697E-09 
 8.822425E-09 
 1.800000E+00 
 4.202435E-09 
 5.244033E-09 
 5.244265E-09 
 5.244680E-09 
 5.245940E-09 
 5.244221E-09 
 5.244550E-09 
 5.244111E-09 
 5.244441E-09 
 1.800000E+00 
 2.490032E-08 
 2.435772E-08 
 2.436003E-08 
 2.435777E-08 
 2.435773E-08 
 1.800000E+00 
-1.106969E-06 
-5.534109E-07 
-5.534112E-07 
-5.534108E-07 
-5.534109E-07 
-5.534109E-07 
-5.534111E-07 
-5.534108E-07 
 1.799999E+00 
-1.156308E-06 
 1.022146E-08 
 1.022143E-08 
 1.022349E-08 
 1.022263E-08 
 1.022146E-08 
 1.800000E+00 
 3.987887E-06 
-1.811381E-06 
-1.811381E-06 
-1.811381E-06 
-1.811381E-06 
 1.800000E+00 
 1.323089E-08 
 7.438550E-09 
 7.438560E-09 
 7.438575E-09 
 7.438526E-09 
 7.438185E-09 
 7.438573E-09 
 7.438545E-09 
 1.800000E+00 
 1.123505E-07 
-2.847976E-09 
-2.847987E-09 
-2.847964E-09 
-2.848193E-09 
 1.800000E+00 
 3.515587E-08 
 5.351689E-09 
 5.351702E-09 
 5.351855E-09 
 5.351696E-09 
 5.351700E-09 
 1.800002E+00 
 2.849166E-07 
 2.848276E-07 
 2.848274E-07 
 2.848274E-07 
 2.848274E-07 
 2.848269E-07 
 1.800000E+00 
-1.194019E-08 
-5.055421E-09 
-5.055393E-09 
-5.054061E-09 
-5.055393E-09 
-5.054808E-09 
 1.800007E+00 
 1.372635E-07 
 6.564977E-09 
 6.565559E-09 
 6.564533E-09 
 6.565556E-09 
 1.800000E+00 
-1.153039E-06 
-1.858542E-06 
-1.858542E-06 
-1.858542E-06 
-1.858542E-06 
-1.858544E-06 
 1.800007E+00 
 3.029711E-07 
-1.997439E-08 
-1.997502E-08 
-1.996723E-08 
-1.997648E-08 
 1.800000E+00 
 2.158487E-07 
 2.158464E-07 
 2.158465E-07 
 2.158461E-07 
 2.158460E-07 
 2.158460E-07 
 1.800000E+00 
-6.827301E-07 
-7.024154E-07 
-7.024170E-07 
-7.024153E-07 
 1.800000E+00 
 2.690193E-07 
 2.693257E-07 
 2.693257E-07 
 2.693255E-07 
 2.693257E-07 
 2.693260E-07 
 1.800000E+00 
-6.733344E-07 
 1.852029E-08 
 1.852035E-08 
 1.852175E-08 
 1.800001E+00 
 8.401674E-09 
 8.863230E-09 
 8.863214E-09 
 8.863224E-09 
 8.863408E-09 
 8.863222E-09 
 1.800001E+00 
 1.004623E-08 
 6.465979E-09 
 6.454854E-09 
 6.454862E-09 
 1.800000E+00 
 4.083182E-06 
 3.879027E-06 
 3.879026E-06 
 3.879027E-06 
 3.879027E-06 
 1.800000E+00 
 3.180430E-06 
 3.076251E-06 
 3.076250E-06 
 3.076250E-06 
 3.076208E-06 
 1.800000E+00 
-7.559414E-06 
-7.890151E-06 
-7.890151E-06 
-7.890141E-06 
 1.800000E+00 
 2.903704E-06 
-6.061329E-09 
-6.062039E-09 
-6.062178E-09 
-6.061924E-09 
 1.800000E+00 
 1.705778E-07 
 1.187331E-08 
 1.187318E-08 
 1.187458E-08 
 1.799998E+00 
-1.958345E-07 
 5.092648E-09 
 5.092660E-09 
 5.092632E-09 
 5.092820E-09 
 1.800000E+00 
-8.491486E-08 
-9.504085E-08 
-9.504111E-08 
 1.800000E+00 
-8.149145E-08 
-8.378248E-08 
-8.378248E-08 
-8.376591E-08 
-8.378251E-08 
-8.378250E-08 
 1.800000E+00 
 8.188676E-08 
 7.636596E-08 
 1.800000E+00 
 1.912891E-06 
 1.915369E-06 
 1.915371E-06 
 1.915370E-06 
 1.915372E-06 
 1.915368E-06 
 1.800000E+00 
 3.169923E-07 
 4.502645E-08 
 1.800000E+00 
 1.456473E-06 
 5.025453E-09 
 5.025744E-09 
 5.025760E-09 
 5.025415E-09 
 5.025765E-09 
 1.800000E+00 
 1.812934E-07 
 1.811415E-07 
 1.811458E-07 
 1.800000E+00 
-2.916977E-07 
-2.914811E-07 
-2.914807E-07 
 1.800000E+00 
 8.734452E-07 
 6.272221E-09 
 6.272087E-09 
 6.272223E-09 
 6.272160E-09 
 1.800000E+00 
 8.417851E-09 
 7.536275E-10 
 7.534921E-10 
 1.799999E+00 
 3.467047E-07 
 3.495019E-07 
 3.495016E-07 
 3.495010E-07 
 1.800000E+00 
 1.091159E-05 
 1.091807E-05 
 1.091807E-05 
 1.800000E+00 
 2.874489E-06 
-2.121585E-08 
-2.121696E-08 
-2.121593E-08 
 1.800000E+00 
 3.516692E-06 
 3.435123E-06 
 3.435123E-06 
 3.435123E-06 
 1.800000E+00 
-3.978537E-08 
-5.028745E-08 
 1.800000E+00 
-2.127629E-05 
-2.131144E-05 
-2.131144E-05 
-2.131144E-05 
-2.131144E-05 
 1.800000E+00 
 9.417548E-09 
 1.019186E-08 
 1.800000E+00 
 5.694901E-08 
 9.241665E-09 
 9.241075E-09 
 9.241567E-09 
 1.800000E+00 
-2.838207E-07 
-1.113492E-07 
-1.113489E-07 
 1.800000E+00 
-1.004821E-06 
 3.337915E-07 
 3.337916E-07 
 1.800000E+00 
-7.808670E-07 
 9.323249E-09 
 9.313879E-09 
 9.311434E-09 
 1.800000E+00 
 2.098960E-06 
 2.046655E-06 
 1.799999E+00 
 6.555387E-07 
 4.496252E-09 
 4.499493E-09 
 4.499502E-09 
 1.800000E+00 
 5.269375E-09 
 1.063921E-08 
 1.063898E-08 
 1.800000E+00 
 1.670885E-06 
 5.585150E-09 
 1.800000E+00 
-4.190791E-08 
-3.516044E-08 
-3.516025E-08 
-3.516170E-08 
 1.800000E+00 
 2.687702E-07 
 2.678719E-07 
 2.678719E-07 
 1.800000E+00 
-2.292790E-06 
 1.219515E-08 
 1.800000E+00 
-1.325747E-05 
 7.716375E-07 
 7.716365E-07 
 7.716365E-07 
 1.800000E+00 
 9.305333E-09 
 1.800000E+00 
-2.584977E-08 
-9.646838E-09 
-9.646803E-09 
-9.646780E-09 
-9.646837E-09 
 1.800000E+00 
-2.175855E-07 
 1.800000E+00 
-1.281875E-06 
 8.993682E-09 
 8.993705E-09 
 8.993539E-09 
 1.800000E+00 
-3.880728E-07 
 5.554617E-08 
 1.800000E+00 
 1.733103E-07 
 3.866259E-09 
 1.800007E+00 
 1.808829E-06 
 1.613319E-06 
 1.613319E-06 
 1.613319E-06 
 1.800000E+00 
 4.545229E-08 
 4.650284E-08 
 1.800000E+00 
 9.069085E-09 
 6.904678E-09 
 1.800000E+00 
 1.409016E-07 
-3.537900E-09 
-3.537890E-09 
-3.537988E-09 
 1.800000E+00 
 1.800000E+00 
 3.479430E-07 
 3.509420E-07 
 3.509420E-07 
 3.509420E-07 
 3.509405E-07 
 1.800000E+00 
 1.192491E-08 
 8.918453E-09 
 1.800000E+00 
 5.166569E-08 
 1.800000E+00 
 4.418994E-09 
 5.671775E-09 
 5.671858E-09 
 5.671765E-09 
 1.800000E+00 
 5.540366E-07 
 1.800000E+00 
-5.973212E-07 
 1.409176E-08 
 1.409233E-08 
 1.409145E-08 
 1.800000E+00 
 1.800000E+00 
 5.333834E-05 
 4.413174E-09 
 4.413136E-09 
 4.413120E-09 
 4.413222E-09 
 1.800000E+00 
 1.800000E+00 
 3.688389E-09 
 5.733338E-09 
 5.733479E-09 
 5.814918E-09 
 1.800000E+00 
 1.761574E-07 
 1.800000E+00 
-9.732996E-07 
-3.983810E-07 
-3.983787E-07 
 1.800000E+00 
 7.366496E-09 
 1.800000E+00 
-1.653614E-07 
 9.334421E-07 
 9.334424E-07 
 9.334418E-07 
 1.800000E+00 
 1.800000E+00 
-1.632792E-07 
-3.377465E-07 
-3.377470E-07 
-3.377452E-07 
 1.800000E+00 
 5.509931E-08 
 1.800000E+00 
 1.311493E-06 
 6.501916E-09 
 6.501922E-09 
 1.800000E+00 
-4.361663E-07 
 1.800000E+00 
 7.509965E-06 
-1.347823E-05 
-1.347823E-05 
 1.800000E+00 
 9.194853E-08 
 1.800000E+00 
-5.759927E-08 
-3.832785E-08 
-3.832725E-08 
 1.800000E+00 
-5.883676E-09 
 1.800000E+00 
-1.031930E-08 
 6.169619E-09 
 6.169673E-09 
 1.800000E+00 
 1.872394E-09 
 1.800000E+00 
 6.361253E-08 
 5.924807E-08 
 5.924810E-08 
 1.800000E+00 
 1.800000E+00 
-2.883814E-06 
 9.878036E-08 
 9.878109E-08 
 9.878113E-08 
 1.800000E+00 
 6.245118E-09 
 1.800000E+00 
 1.246685E-05 
 1.246674E-05 
 1.800008E+00 
 5.532413E-09 
 5.687154E-09 
 1.800000E+00 
 5.980235E-07 
 1.799999E+00 
 2.981258E-07 
-1.285001E-07 
-1.285001E-07 
 1.800000E+00 
 8.803005E-07 
 1.800006E+00 
 3.876753E-07 
 4.086829E-07 
 1.800000E+00 
 1.387239E-08 
 1.800000E+00 
-6.717673E-09 
 4.981185E-09 
 4.981076E-09 
 1.800000E+00 
 8.087502E-07 
 1.800000E+00 
-2.570052E-06 
-2.428812E-06 
 1.800000E+00 
 5.430874E-06 
 5.430373E-06 
 1.800000E+00 
 2.047123E-08 
 1.800000E+00 
 5.537309E-08 
 5.730500E-08 
 1.800000E+00 
 3.099107E-08 
 1.573835E-08 
 1.800000E+00 
 9.100372E-06 
 1.800000E+00 
 2.280014E-06 
 1.674074E-06 
 1.800000E+00 
 8.704506E-09 
 1.800007E+00 
 7.752732E-09 
 6.410255E-09 
 6.412115E-09 
 1.800008E+00 
 1.800000E+00 
 1.255482E-06 
 1.125245E-06 
 1.125245E-06 
 1.800000E+00 
 2.302496E-07 
 1.800000E+00 
-2.264747E-06 
 1.800000E+00 
-1.585188E-05 
 1.175798E-08 
 1.800000E+00 
 1.100371E-08 
 6.007806E-09 
 1.800000E+00 
 1.024456E-08 
 1.800000E+00 
 3.880281E-08 
 1.800000E+00 
-6.189128E-10 
 2.465995E-10 
 2.460905E-10 
 1.800000E+00 
 1.800000E+00 
 2.147284E-08 
 2.133503E-08 
 1.800000E+00 
 4.405668E-06 
 4.421259E-06 
 1.800000E+00 
 1.800000E+00 
-1.924065E-05 
 1.714497E-05 
 1.714497E-05 
 1.800000E+00 
 1.983395E-08 
 1.800000E+00 
-6.980144E-09 
 1.800001E+00 
-6.260034E-08 
-3.345838E-08 
 1.800000E+00 
 3.615848E-09 
 1.800000E+00 
 5.851928E-10 
 1.800000E+00 
 1.282265E-06 
 1.282837E-06 
 1.800001E+00 
 6.829987E-09 
 1.800000E+00 
 1.599346E-08 
 1.019079E-08 
 1.800000E+00 
-2.159341E-07 
 1.800000E+00 
 8.653030E-10 
 1.800000E+00 
 6.129139E-08 
 7.522002E-08 
 1.800007E+00 
 1.800000E+00 
 3.433255E-06 
-3.755107E-09 
-3.754388E-09 
 1.800004E+00 
 1.800000E+00 
 2.506403E-06 
 1.615062E-06 
 1.800006E+00 
 4.941911E-08 
 1.800000E+00 
 1.760567E-08 
 1.738221E-08 
 1.800000E+00 
 1.800000E+00 
-2.653575E-06 
 1.240394E-08 
 1.799999E+00 
-6.343727E-08 
 1.800000E+00 
 5.292705E-08 
 5.290097E-08 
 1.800000E+00 
 1.800000E+00 
-2.144167E-09 
-5.139657E-09 
 1.800000E+00 
-1.879357E-08 
 1.800000E+00 
 7.205465E-06 
 1.800000E+00 
-1.123450E-06 
-4.366486E-07 
 1.800000E+00 
 1.800000E+00 
-1.099473E-06 
-6.832659E-07 
 1.799999E+00 
 2.773158E-06 
 1.800000E+00 
 2.244988E-09 
 1.800000E+00 
-1.344070E-08 
 4.677525E-08 
 1.799998E+00 
 1.800000E+00 
 1.212924E-08 
 1.187505E-08 
 1.800000E+00 
 1.800000E+00 
-1.122427E-08 
 2.906534E-09 
 1.800000E+00 
-3.333986E-05 
 1.800000E+00 
-1.195426E-07 
 1.800007E+00 
-4.431534E-07 
 5.626164E-09 
 1.800000E+00 
 1.800000E+00 
 8.698729E-09 
 1.800000E+00 
-1.864972E-05 
-1.860052E-05 
 1.799998E+00 
 1.800000E+00 
 4.297517E-07 
 3.857420E-07 
 1.800000E+00 
 2.022937E-06 
 1.800000E+00 
 1.800000E+00 
 3.536206E-06 
-3.366320E-08 
 1.800000E+00 
 5.402295E-07 
 1.800000E+00 
 6.592942E-07 
 1.800000E+00 
 7.230349E-09 
 1.800000E+00 
 1.375300E-06 
 1.800000E+00 
-2.087320E-08 
 1.800000E+00 
-1.114286E-05 
 1.800000E+00 
 1.800000E+00 
 1.491706E-07 
 9.491238E-09 
 9.491023E-09 
 1.800005E+00 
 1.800005E+00 
 1.800000E+00 
-1.840408E-06 
 2.201523E-08 
 2.201489E-08 
 1.800007E+00 
 1.800007E+00 
 1.799997E+00 
 3.743408E-06 
 3.742740E-06 
 1.800000E+00 
-2.092922E-08 
 1.800001E+00 
 6.777683E-09 
 1.800000E+00 
 1.800000E+00 
 3.896852E-07 
 6.688687E-08 
 1.800000E+00 
-1.929417E-05 
 1.800000E+00 
 1.800000E+00 
 6.706380E-09 
 5.564088E-09 
 1.800000E+00 
 1.800000E+00 
 1.626331E-05 
 1.800000E+00 
-4.443106E-06 
 1.800002E+00 
 4.705960E-09 
 5.796716E-09 
 1.800000E+00 
 1.800000E+00 
 1.800000E+00 
 3.955651E-07 
-5.096478E-08 
 1.800007E+00 
-2.370128E-08 
 1.800001E+00 
 1.800000E+00 
-2.635536E-05 
-2.632566E-05 
 1.799999E+00 
 1.800000E+00 
 6.142984E-09 
 1.800000E+00 
 1.078355E-07 
 1.800000E+00 
-2.404915E-08 
 1.800000E+00 
 1.800000E+00 
-4.998260E-09 
-1.591653E-08 
 1.800000E+00 
 1.800000E+00 
 1.949244E-07 
 2.013574E-07 
 1.800000E+00 
 1.800000E+00 
 1.800000E+00 
 7.016791E-08 
-4.549194E-09 
 1.800000E+00 
-1.969152E-06 
 1.800000E+00 
 1.800000E+00 
-1.160753E-07 
 1.800000E+00 
 4.406401E-06 
 1.800000E+00 
 1.800000E+00 
 1.757018E-08 
 1.419361E-08 
 1.800000E+00 
 1.800000E+00 
-4.603877E-08 
 1.800000E+00 
 1.292015E-06 
 1.800000E+00 
 2.629132E-08 
 1.800000E+00 
 1.800000E+00 
 2.143408E-06 
 1.800000E+00 
 2.677239E-06 
 1.800000E+00 
-2.357763E-07 
 1.800000E+00 
 1.800000E+00 
-4.273716E-07 
 1.800000E+00 
 5.844031E-07 
 1.800001E+00 
 1.135830E-05 
 1.800000E+00 
 1.800002E+00 
 5.159166E-07 
-1.200374E-05 
 1.800000E+00 
 1.800000E+00 
 1.800000E+00 
 5.155345E-09 
 1.800000E+00 
 1.380804E-07 
 1.800000E+00 
-2.990662E-07 
 1.800000E+00 
 1.983476E-08 
 1.800006E+00 
 1.800006E+00 
 1.800000E+00 
-1.796249E-06 
 1.258925E-08 
 1.800000E+00 
 1.800000E+00 
 5.276506E-07 
 1.800000E+00 
 6.312190E-06 
 1.800000E+00 
 1.800000E+00 
-7.368109E-06 
 1.800000E+00 
 7.440593E-07 
 1.800000E+00 
 1.800000E+00 
-1.724620E-06 
 1.800001E+00 
-1.436709E-05 
 1.800000E+00 
 1.800000E+00 
 1.517796E-08 
 1.799999E+00 
-1.285032E-07 
 1.800000E+00 
 1.800000E+00 
-2.661952E-05 
 1.800000E+00 
 2.582225E-08 
 1.800002E+00 
 1.800000E+00 
 8.071782E-09 
 1.800000E+00 
-1.181363E-07 
 1.800000E+00 
 1.800007E+00 
 5.732631E-09 
 1.800000E+00 
 1.799999E+00 
 5.448132E-07 
 1.800000E+00 
-3.145134E-06 
 1.800000E+00 
 1.800000E+00 
 3.021897E-07 
 1.800000E+00 
 1.546891E-05 
 1.800000E+00 
 1.800000E+00 
 3.325301E-08 
 1.800000E+00 
 1.800001E+00 
 3.137291E-07 
 1.800000E+00 
-1.602928E-05 
 1.800000E+00 
 1.800000E+00 
-1.221231E-08 
 1.800000E+00 
 1.800000E+00 
 1.968141E-05 
 1.800000E+00 
 1.800000E+00 
 2.804585E-08 
 1.800000E+00 
 3.966079E-08 
 1.800000E+00 
 1.800000E+00 
-1.608063E-05 
 1.800000E+00 
-5.476912E-09 
 1.800000E+00 
 1.800000E+00 
 1.800000E+00 
 7.987633E-08 
 1.800000E+00 
-1.695809E-07 
 1.800000E+00 
 1.800000E+00 
 1.800000E+00 
 6.341182E-09 
 8.548680E-09 
 1.799998E+00 
 1.799998E+00 
 1.800000E+00 
 1.002001E-08 
 1.800000E+00 
 1.800000E+00 
 3.716622E-06 
 1.800000E+00 
 7.083865E-09 
 1.800000E+00 
 1.800000E+00 
 1.800000E+00 
-3.672206E-06 
 8.509835E-07 
 1.800000E+00 
 1.800000E+00 
 1.800000E+00 
 1.800000E+00 
 6.486948E-08 
 1.800000E+00 
 3.574947E-06 
 1.800000E+00 
 1.800000E+00 
 7.442791E-09 
 1.800000E+00 
 1.800001E+00 
-5.361296E-07 
 1.800000E+00 
 1.800000E+00 
-2.393782E-07 
 1.800000E+00 
 1.800000E+00 
-5.305576E-07 
 1.800000E+00 
 1.800005E+00 
-1.402196E-09 
 1.800000E+00 
 1.800000E+00 
 1.800000E+00 
-1.199117E-08 
-6.996597E-09 
 1.800000E+00 
 1.800000E+00 
 1.800000E+00 
 1.800000E+00 
 8.040569E-07 
 1.800000E+00 
-2.150588E-07 
 1.800000E+00 
 1.800000E+00 
 1.800000E+00 
 7.427889E-07 
 1.800000E+00 
 9.234249E-08 
 1.800001E+00 
 1.800001E+00 
 1.800001E+00 
 1.800000E+00 
 7.185132E-09 
 3.233308E-09 
 1.800000E+00 
 1.800000E+00 
 1.800000E+00 
 1.800000E+00 
 5.649802E-08 
 1.800000E+00 
 1.240400E-06 
 1.800001E+00 
 1.800001E+00 
 1.800002E+00 
 1.446353E-05 
 1.800000E+00 
 1.800000E+00 
-2.542939E-06 
 1.800000E+00 
 1.800000E+00 
 1.800000E+00 
-3.021805E-06 
 1.800000E+00 
 1.325994E-08 
 1.800000E+00 
 1.800000E+00 
 1.800000E+00 
-1.836966E-08 
 1.800000E+00 
 1.800000E+00 
 1.800000E+00 
 5.292042E-06 
 1.800000E+00 
 1.800000E+00 
-4.676660E-07 
 1.800000E+00 
 1.800000E+00 
 1.664944E-06 
 1.800000E+00 
 1.800000E+00 
 1.800000E+00 
-2.015147E-07 
 1.800000E+00 
 1.800000E+00 
 8.667444E-08 
 1.800000E+00 
 1.800000E+00 
 1.800000E+00 
-1.273990E-06 
 1.800000E+00 
 1.800000E+00 
 1.799999E+00 
-6.980364E-07 
 1.799999E+00 
 2.028296E-08 
 1.800000E+00 
 1.800000E+00 
 1.800000E+00 
 1.800000E+00 
 5.727182E-07 
 1.800000E+00 
 1.800000E+00 
-1.640518E-05 
 1.800000E+00 
 1.800000E+00 
 1.800000E+00 
 1.733570E-06 
 1.800002E+00 
 1.800000E+00 
 1.800000E+00 
-3.819829E-08 
 1.800003E+00 
 1.800000E+00 
 1.334773E-07 
 1.800000E+00 
 1.800000E+00 
 1.800000E+00 
-9.539733E-06 
 1.800000E+00 
 1.800000E+00 
 1.800000E+00 
 1.128485E-07 
 1.799999E+00 
 1.799999E+00 
 1.800000E+00 
-9.571030E-07 
 1.800000E+00 
 1.800003E+00 
-1.705666E-05 
 1.800000E+00 
 1.800000E+00 
 1.800000E+00 
 1.800000E+00 
-1.371042E-06 
 1.800000E+00 
 1.800000E+00 
 1.800000E+00 
-1.442824E-06 
 1.800000E+00 
 1.799999E+00 
 3.716402E-09 
 1.800000E+00 
 1.800000E+00 
 1.800000E+00 
-3.116754E-08 
 1.800000E+00 
 1.800000E+00 
 1.800000E+00 
 1.800000E+00 
 8.380564E-09 
 1.800007E+00 
 1.800000E+00 
 1.800000E+00 
 2.050816E-07 
 1.800001E+00 
 1.800001E+00 
 8.882090E-08 
 1.800000E+00 
 1.800000E+00 
 1.800000E+00 
 1.800000E+00 
 1.800000E+00 
 1.411353E-07 
 1.799998E+00 
-8.046556E-09 
 1.800000E+00 
 1.800000E+00 
 1.800000E+00 
 1.800000E+00 
 1.800000E+00 
 1.405675E-05 
 1.800000E+00 
 1.800000E+00 
 1.800000E+00 
 1.071305E-05 
 1.800001E+00 
 1.800000E+00 
 1.800000E+00 
 3.146847E-07 
 1.800000E+00 
 1.800000E+00 
 1.800000E+00 
 1.800000E+00 
 2.333289E-07 
 1.800001E+00 
 1.800000E+00 
 1.467682E-09 
 1.800000E+00 
 1.800000E+00 
 1.800000E+00 
 1.800000E+00 
 1.800000E+00 
 1.800000E+00 
-5.968273E-06 
-5.949537E-06 
 1.800000E+00 
 1.800000E+00 
 1.800000E+00 
 1.800000E+00 
 1.800000E+00 
 1.800000E+00 
 1.800000E+00 
 1.769128E-07 
 1.800000E+00 
 1.800000E+00 
 1.800000E+00 
 9.681846E-08 
 1.800000E+00 
 1.800000E+00 
 4.066721E-09 
 1.800000E+00 
 1.800000E+00 
 1.800000E+00 
 1.800000E+00 
 1.800000E+00 
 1.800000E+00 
-2.705556E-08 
 1.799999E+00 
 1.800000E+00 
-1.397240E-07 
 1.800000E+00 
 1.800000E+00 
 1.800000E+00 
 1.800000E+00 
 1.800001E+00 
-2.453188E-08 
 1.800000E+00 
 1.800000E+00 
 1.800000E+00 
 1.800000E+00 
-1.698896E-06 
 1.800007E+00 
 1.800000E+00 
 1.800000E+00 
-3.089098E-07 
 1.800000E+00 
 1.800000E+00 
 1.800000E+00 
 1.800000E+00 
 1.800000E+00 
-1.529602E-07 
 1.799999E+00 
 1.800000E+00 
 1.800000E+00 
 1.800000E+00 
-2.109871E-05 
 1.800000E+00 
 1.800000E+00 
 1.800000E+00 
 1.800000E+00 
 7.925180E-10 
 1.799999E+00 
 1.800000E+00 
 1.800000E+00 
 1.800000E+00 
 1.800000E+00 
-4.206161E-06 
 1.799997E+00 
 1.800000E+00 
 1.800000E+00 
-3.265846E-08 
 1.800001E+00 
 1.800001E+00 
 1.800001E+00 
 1.800001E+00 
 1.800000E+00 
 1.800000E+00 
 6.581580E-08 
 1.800000E+00 
 1.800001E+00 
 1.800001E+00 
 1.572031E-06 
 1.799999E+00 
 1.799999E+00 
 1.799999E+00 
 1.799999E+00 
 1.799999E+00 
 1.800000E+00 
 2.165024E-08 
 1.800000E+00 
 1.800000E+00 
 1.800000E+00 
 1.800000E+00 
-2.993310E-09 
 1.800000E+00 
 1.800000E+00 
 1.800000E+00 
 1.800000E+00 
 1.800000E+00 
-8.340437E-09 
 1.800000E+00 
 1.800000E+00 
 1.800000E+00 
 1.800000E+00 
 1.728714E-08 
 1.800000E+00 
 1.800000E+00 
 1.800000E+00 
 1.800000E+00 
 1.800000E+00 
 1.799999E+00 
 1.337953E-08 
 1.799999E+00 
 1.799999E+00 
 1.799999E+00 
 1.800000E+00 
 1.800000E+00 
-8.934106E-08 
 1.799998E+00 
 1.799998E+00 
 1.799998E+00 
 1.800000E+00 
 2.535195E-08 
 1.800000E+00 
 1.800000E+00 
 1.800000E+00 
 1.800000E+00 
 1.800000E+00 
 1.800000E+00 
 1.800000E+00 
-4.443145E-07 
 1.800000E+00 
 1.800000E+00 
 1.800000E+00 
 1.800000E+00 
-2.523501E-07 
 1.800000E+00 
 1.800000E+00 
 1.800000E+00 
 1.800000E+00 
 1.800000E+00 
 1.800002E+00 
-1.496380E-08 
 1.800000E+00 
 1.800000E+00 
 1.800000E+00 
 1.800000E+00 
 1.800000E+00 
 2.004273E-08 
 1.800000E+00 
 1.800000E+00 
 1.800000E+00 
 1.800000E+00 
 1.800000E+00 
 1.800000E+00 
 1.800000E+00 
-3.357040E-07 
 1.800000E+00 
 1.800000E+00 
 1.800000E+00 
 3.418869E-06 
 1.799998E+00 
 1.799998E+00 
 1.799998E+00 
 1.799998E+00 
 1.799998E+00 
 1.799998E+00 
 1.799998E+00 
 1.799998E+00 
 1.800000E+00 
 1.523108E-06 
 1.800000E+00 
 1.800000E+00 
 1.800000E+00 
 1.800002E+00 
 4.559522E-09 
 1.800000E+00 
 1.800000E+00 
 1.800000E+00 
 1.800000E+00 
 1.800000E+00 
 1.800000E+00 
 1.800000E+00 
 2.657785E-08 
 1.800000E+00 
 1.800000E+00 
 1.800000E+00 
 1.800000E+00 
 1.800000E+00 
 1.800001E+00 
-1.362943E-05 
 1.800000E+00 
 1.800000E+00 
 1.800000E+00 
 1.800000E+00 
 1.800000E+00 
 1.800000E+00 
 1.800006E+00 
-4.432943E-06 
 1.800000E+00 
 1.800000E+00 
 1.800000E+00 
 1.800000E+00 
 1.800000E+00 
 9.737722E-07 
 1.799999E+00 
 1.800000E+00 
 1.800000E+00 
 1.800000E+00 
 1.800000E+00 
 1.800000E+00 
 1.800000E+00 
 1.800000E+00 
 6.368222E-07 
 1.800000E+00 
 1.800000E+00 
 1.800000E+00 
 1.800000E+00 
 1.800000E+00 
 1.800001E+00 
 3.667508E-08 
 1.800000E+00 
 1.800000E+00 
 1.800000E+00 
 1.800000E+00 
 1.800000E+00 
 1.800000E+00 
 1.800000E+00 
 1.800000E+00 
-1.853144E-05 
 1.800000E+00 
 1.800000E+00 
 1.800000E+00 
 1.800000E+00 
 1.800000E+00 
-8.054496E-08 
 1.800000E+00 
 1.800000E+00 
 1.800000E+00 
 1.800000E+00 
 1.800000E+00 
 1.800000E+00 
 1.800000E+00 
 1.800000E+00 
 1.800000E+00 
 1.212391E-06 
 1.799999E+00 
 1.799999E+00 
 1.799999E+00 
 1.799999E+00 
 1.799999E+00 
 1.800000E+00 
 1.800000E+00 
 1.686432E-07 
 1.800000E+00 
 1.800000E+00 
 1.800000E+00 
 1.800000E+00 
 1.800000E+00 
 1.800000E+00 
-4.211921E-08 
 1.800000E+00 
 1.800000E+00 
 1.800000E+00 
 1.800000E+00 
 1.800000E+00 
 1.800000E+00 
 1.800000E+00 
 1.800000E+00 
 1.800000E+00 
 1.800000E+00 
 3.719872E-07 
 1.800000E+00 
 1.800000E+00 
 1.800000E+00 
 1.800000E+00 
 1.800001E+00 
 1.800000E+00 
 5.860553E-08 
 1.800000E+00 
 1.800000E+00 
 1.800000E+00 
 1.800000E+00 
 1.800000E+00 
 1.800000E+00 
 1.800000E+00 
 1.800000E+00 
-5.118289E-06 
 1.800000E+00 
 1.800000E+00 
 1.800000E+00 
 1.800000E+00 
 1.800000E+00 
 1.800000E+00 
 1.800000E+00 
 1.800000E+00 
 1.800000E+00 
-1.943561E-08 
 1.800000E+00 
 1.800000E+00 
 1.800000E+00 
 1.800000E+00 
 1.800000E+00 
 1.800000E+00 
 1.800000E+00 
 9.519504E-08 
 1.800000E+00 
 1.800000E+00 
 1.800000E+00 
 1.800000E+00 
 1.800000E+00 
 1.800000E+00 
 1.800000E+00 
 1.800000E+00 
 1.800000E+00 
 9.899063E-07 
 1.800000E+00 
 1.800000E+00 
 1.800000E+00 
 1.800000E+00 
 1.800000E+00 
 1.800000E+00 
 1.800000E+00 
 1.800000E+00 
 1.800000E+00 
-8.555375E-08 
 1.800000E+00 
 1.800000E+00 
 1.800000E+00 
 1.800000E+00 
 1.800000E+00 
 1.800000E+00 
 1.800000E+00 
 1.168553E-06 
 1.800000E+00 
 1.800000E+00 
 1.800000E+00 
 1.800000E+00 
 1.800000E+00 
 1.800000E+00 
 1.800000E+00 
 1.800000E+00 
 1.799997E+00 
 1.800000E+00 
 1.107942E-06 
 1.800000E+00 
 1.800000E+00 
 1.800000E+00 
 1.800000E+00 
 1.800000E+00 
 1.800000E+00 
 1.800000E+00 
-4.484902E-07 
 1.800000E+00 
 1.800000E+00 
 1.800000E+00 
 1.800000E+00 
 1.800000E+00 
 1.800000E+00 
 1.800000E+00 
 1.800000E+00 
 1.800000E+00 
 1.800000E+00 
 1.800000E+00 
 4.206573E-09 
 1.800000E+00 
 1.800000E+00 
 1.800000E+00 
 1.800000E+00 
 1.800000E+00 
 1.800000E+00 
 1.799999E+00 
 3.608432E-08 
 1.800000E+00 
 1.800000E+00 
 1.800000E+00 
 1.800000E+00 
 1.800000E+00 
 1.800000E+00 
 1.800000E+00 
 1.800000E+00 
 1.800000E+00 
 1.799998E+00 
 1.800000E+00 
-2.997642E-06 
 1.800000E+00 
 1.800000E+00 
 1.800000E+00 
 1.800000E+00 
 1.800000E+00 
 1.800000E+00 
-2.990080E-07 
 1.800000E+00 
 1.800000E+00 
 1.800000E+00 
 1.800000E+00 
 1.800000E+00 
 1.800000E+00 
 1.800000E+00 
 1.800000E+00 
 1.800000E+00 
 1.800000E+00 
 1.800000E+00 
 1.800000E+00 
 1.800000E+00 
 6.824257E-07 
 1.800000E+00 
 1.800000E+00 
 1.800000E+00 
 1.800000E+00 
-2.772228E-08 
 1.800000E+00 
 1.800000E+00 
 1.800000E+00 
 1.800000E+00 
 1.800000E+00 
 1.800000E+00 
 1.800000E+00 
 1.800000E+00 
 1.800000E+00 
 1.800000E+00 
 1.800000E+00 
 1.800000E+00 
 1.800000E+00 
 1.800000E+00 
 1.800000E+00 
 1.286117E-06 
 1.800000E+00 
 1.800000E+00 
 1.800000E+00 
 8.122408E-09 
 1.799999E+00 
 1.799999E+00 
 1.799999E+00 
 1.799999E+00 
 1.799999E+00 
 1.799999E+00 
 1.799999E+00 
 1.799999E+00 
 1.799999E+00 
 1.799999E+00 
 1.799999E+00 
 1.799999E+00 
 1.799999E+00 
 1.799999E+00 
 1.800000E+00 
 2.112788E-07 
 1.799999E+00 
 1.800000E+00 
 1.800002E+00 
 1.800000E+00 
 2.843924E-07 
 1.799999E+00 
 1.799999E+00 
 1.799999E+00 
 1.799999E+00 
 1.799999E+00 
 1.799999E+00 
 1.799999E+00 
 1.799999E+00 
 1.799999E+00 
 1.799999E+00 
 1.799999E+00 
 1.799999E+00 
 1.799999E+00 
 9.066205E-09 
 1.800000E+00 
 1.800000E+00 
 1.800000E+00 
 1.800000E+00 
 1.800000E+00 
 1.800000E+00 
-6.808033E-08 
 1.800000E+00 
 1.800000E+00 
 1.800000E+00 
 1.800000E+00 
 1.800000E+00 
 1.800000E+00 
 1.800000E+00 
 1.800000E+00 
 1.800000E+00 
 1.800000E+00 
 3.279797E-08 
 1.800000E+00 
 1.800000E+00 
 1.800000E+00 
 1.800000E+00 
 1.800000E+00 
 1.800000E+00 
 1.800000E+00 
 1.800000E+00 
 1.800000E+00 
-1.806354E-08 
 1.800000E+00 
 1.800000E+00 
 1.800000E+00 
 1.800000E+00 
 1.800000E+00 
 1.800000E+00 
 1.800000E+00 
 1.800000E+00 
 8.799046E-09 
 1.800000E+00 
 1.800000E+00 
 1.800000E+00 
 1.800000E+00 
 1.800000E+00 
 1.800000E+00 
 1.800000E+00 
 1.800000E+00 
-2.245858E-06 
 1.800000E+00 
 1.800000E+00 
 1.800000E+00 
 1.800000E+00 
 1.800000E+00 
 1.800000E+00 
 1.800000E+00 
 1.800000E+00 
 1.800000E+00 
 1.800000E+00 
 1.298746E-08 
 1.800000E+00 
 1.800000E+00 
 1.800000E+00 
 1.800000E+00 
 1.800000E+00 
 1.800000E+00 
 1.800002E+00 
 7.803969E-09 
 1.800000E+00 
 1.800000E+00 
 1.800000E+00 
 1.800000E+00 
 1.800000E+00 
 1.800000E+00 
 1.800000E+00 
 1.800000E+00 
 1.800000E+00 
 1.472874E-08 
 1.800000E+00 
 1.800000E+00 
 1.800000E+00 
 1.800000E+00 
 1.800000E+00 
 1.800000E+00 
 1.800000E+00 
-6.340122E-07 
 1.799998E+00 
 1.799998E+00 
 1.799998E+00 
 1.799998E+00 
 1.799998E+00 
 1.799998E+00 
 1.799998E+00 
 1.800000E+00 
 1.800004E+00 
 5.496180E-06 
 1.800000E+00 
 1.800000E+00 
 1.800000E+00 
 1.800000E+00 
 1.800000E+00 
 1.800005E+00 
 1.800001E+00 
-5.264265E-07 
 1.800000E+00 
 1.800000E+00 
 1.800000E+00 
 1.800000E+00 
 1.800000E+00 
 1.800000E+00 
 1.800001E+00 
 1.800000E+00 
-1.016575E-06 
 1.800000E+00 
 1.800000E+00 
 1.800000E+00 
 1.800000E+00 
 1.800000E+00 
 1.800000E+00 
 1.800000E+00 
-9.800204E-07 
 1.800004E+00 
 1.800004E+00 
 1.800004E+00 
 1.800004E+00 
 1.800004E+00 
 1.800004E+00 
 1.799998E+00 
 1.800000E+00 
-1.499969E-05 
 1.800000E+00 
 1.800000E+00 
 1.800000E+00 
 1.800000E+00 
 1.800000E+00 
 1.800000E+00 
-3.435790E-06 
 1.800003E+00 
 1.800003E+00 
 1.800003E+00 
 1.800003E+00 
 1.800003E+00 
 1.800003E+00 
 1.800003E+00 
 1.800000E+00 
 3.276750E-09 
 1.800000E+00 
 1.800000E+00 
 1.800000E+00 
 1.800000E+00 
 1.800000E+00 
 1.800000E+00 
 1.800002E+00 
-5.258213E-07 
 1.800000E+00 
 1.800000E+00 
 1.800000E+00 
 1.800000E+00 
 1.800000E+00 
 1.800000E+00 
-1.742805E-08 
 1.800000E+00 
 1.800000E+00 
 1.800000E+00 
 1.800000E+00 
 1.800000E+00 
 1.800000E+00 
 1.800000E+00 
 1.800000E+00 
-5.113923E-07 
 1.800000E+00 
 1.800000E+00 
 1.800000E+00 
 1.800006E+00 
 1.800000E+00 
 4.288859E-06 
 1.800000E+00 
 1.800000E+00 
 1.800000E+00 
 1.800000E+00 
 1.800000E+00 
 1.800000E+00 
 1.800000E+00 
 1.336691E-08 
 1.800000E+00 
 1.800000E+00 
 1.800000E+00 
 1.800000E+00 
 1.800000E+00 
 1.800000E+00 
 1.800000E+00 
-1.532654E-08 
 1.800000E+00 
 1.799999E+00 
 1.800001E+00 
 1.800000E+00 
 4.655453E-09 
 1.800000E+00 
 1.800000E+00 
 1.800000E+00 
 1.800000E+00 
 1.800000E+00 
 1.800000E+00 
 1.800000E+00 
 1.800000E+00 
 1.800000E+00 
-9.454825E-07 
 1.800000E+00 
 1.800000E+00 
 1.363601E-05 
 1.800000E+00 
 1.800000E+00 
 1.800000E+00 
 1.800000E+00 
 1.800000E+00 
 1.800000E+00 
 1.800000E+00 
 1.800000E+00 
 1.800000E+00 
 1.800000E+00 
 2.146593E-06 
 1.800000E+00 
 1.800000E+00 
 2.170209E-06 
 1.800000E+00 
 1.800000E+00 
 1.800000E+00 
 1.800000E+00 
 1.800000E+00 
 1.800000E+00 
 1.800000E+00 
 1.800000E+00 
 1.800000E+00 
-1.677345E-07 
 1.800000E+00 
 1.800000E+00 
 6.955449E-08 
 1.800000E+00 
 1.800000E+00 
 1.800000E+00 
 1.800000E+00 
 1.800000E+00 
 1.800000E+00 
 1.800000E+00 
 1.800000E+00 
 1.093166E-06 
 1.800000E+00 
 1.800000E+00 
 1.800000E+00 
 1.800000E+00 
-3.256456E-06 
 1.799999E+00 
 1.799999E+00 
 1.799999E+00 
 1.799999E+00 
 1.800000E+00 
-5.851195E-08 
 1.800000E+00 
 1.800000E+00 
 1.800000E+00 
 1.800000E+00 
 1.800000E+00 
 1.800000E+00 
-1.993072E-05 
 1.800000E+00 
 1.800000E+00 
 1.800000E+00 
 1.800000E+00 
 2.666849E-08 
 1.800000E+00 
 1.800000E+00 
 1.800000E+00 
 1.800000E+00 
 1.800000E+00 
-1.335741E-08 
 1.800007E+00 
 1.800007E+00 
 1.800007E+00 
 1.800007E+00 
 1.800000E+00 
 1.800000E+00 
 3.491087E-07 
 1.800000E+00 
 1.800000E+00 
 1.832263E-06 
 1.800000E+00 
 1.800000E+00 
 1.800000E+00 
 1.800000E+00 
 1.800000E+00 
 1.800000E+00 
 1.800000E+00 
 1.800000E+00 
 1.312676E-05 
 1.800007E+00 
 7.764520E-07 
 1.800007E+00 
 1.800007E+00 
 1.800007E+00 
 1.800007E+00 
 1.800007E+00 
 1.800007E+00 
 1.800007E+00 
 1.800000E+00 
 1.148273E-07 
 1.800000E+00 
-1.465850E-07 
 1.800000E+00 
 1.800000E+00 
 1.800000E+00 
 1.800000E+00 
 1.800000E+00 
 1.800000E+00 
 1.800000E+00 
 2.170336E-08 
 1.800006E+00 
 1.800000E+00 
 1.800000E+00 
-6.379308E-07 
 1.800000E+00 
 1.800000E+00 
 1.800000E+00 
 1.799999E+00 
 7.484596E-09 
 1.800000E+00 
 1.800000E+00 
 1.800000E+00 
 1.800000E+00 
 1.800000E+00 
-1.855248E-06 
 1.800000E+00 
 1.800000E+00 
 1.800000E+00 
 7.488606E-08 
 1.799999E+00 
 1.799999E+00 
 1.799999E+00 
 1.799999E+00 
 1.800000E+00 
 7.887941E-09 
 1.800000E+00 
 1.800000E+00 
 1.800000E+00 
-2.637868E-06 
 1.800000E+00 
 1.800000E+00 
 1.800000E+00 
 1.800000E+00 
 9.736711E-06 
 1.800000E+00 
 1.800000E+00 
 1.800000E+00 
 1.800000E+00 
 1.569773E-08 
 1.800000E+00 
 1.800000E+00 
 1.800000E+00 
 1.800000E+00 
 1.510041E-08 
 1.800000E+00 
 1.800000E+00 
 1.800000E+00 
 7.667514E-09 
 1.800000E+00 
 1.800000E+00 
 1.800000E+00 
 1.800000E+00 
 4.544883E-07 
 1.800000E+00 
 1.800000E+00 
 1.800000E+00 
 1.800000E+00 
-1.659678E-06 
 1.800000E+00 
 1.800000E+00 
-3.553722E-06 
 1.800000E+00 
 1.800000E+00 
 1.800000E+00 
 1.800000E+00 
 1.800000E+00 
-5.908958E-07 
 1.800000E+00 
 1.800000E+00 
 1.799999E+00 
 2.267375E-06 
 1.800000E+00 
 1.800000E+00 
 1.799999E+00 
 7.787783E-09 
 1.800000E+00 
 1.800000E+00 
 1.800000E+00 
 1.800000E+00 
 1.058190E-08 
 1.799999E+00 
 1.800000E+00 
 1.800000E+00 
-1.530417E-08 
 1.800000E+00 
 1.800000E+00 
 1.800000E+00 
 2.850373E-08 
 1.800000E+00 
 1.800000E+00 
 1.800000E+00 
 3.010747E-08 
 1.800000E+00 
 1.800000E+00 
 1.800000E+00 
 1.800000E+00 
 6.053463E-06 
 1.800000E+00 
 1.800000E+00 
-4.046244E-08 
 1.800000E+00 
 1.800000E+00 
 1.800000E+00 
 1.800000E+00 
 1.389730E-06 
 1.800001E+00 
 1.800000E+00 
 2.174360E-07 
 1.800000E+00 
 1.800000E+00 
 1.800000E+00 
 1.800000E+00 
 2.840635E-06 
 1.800000E+00 
 1.800001E+00 
 1.800000E+00 
-7.757590E-09 
 1.800000E+00 
 1.800000E+00 
 8.618844E-09 
 1.800007E+00 
 1.800007E+00 
 1.800000E+00 
-5.394465E-06 
 1.800000E+00 
 1.800000E+00 
 1.800000E+00 
 1.800001E+00 
 2.361369E-07 
 1.800000E+00 
 6.585970E-08 
 1.800000E+00 
 1.800000E+00 
 1.800000E+00 
 1.800000E+00 
 1.800000E+00 
 7.130962E-06 
 7.034943E-06 
 1.800000E+00 
 1.800000E+00 
 1.800000E+00 
 1.800000E+00 
 1.800000E+00 
-1.081152E-09 
 1.800000E+00 
 1.800000E+00 
-3.636630E-06 
 1.800000E+00 
 1.800000E+00 
 6.523258E-06 
 1.800000E+00 
 1.800000E+00 
 1.800000E+00 
 1.800000E+00 
 6.247760E-07 
 1.800000E+00 
 1.147928E-08 
 1.800000E+00 
 1.800000E+00 
 1.800000E+00 
 1.800000E+00 
 5.988135E-07 
 1.800000E+00 
-2.618746E-08 
 1.800000E+00 
 1.800000E+00 
 1.800000E+00 
 1.800000E+00 
 6.920024E-09 
 1.800000E+00 
-4.372897E-07 
 1.800000E+00 
 1.800000E+00 
 1.800000E+00 
 1.800001E+00 
 5.795290E-08 
 1.800000E+00 
 4.604153E-06 
 1.800000E+00 
 1.800000E+00 
 1.800000E+00 
-9.372391E-07 
 1.800007E+00 
 1.800007E+00 
 1.799999E+00 
-1.045553E-06 
 1.800000E+00 
-8.088913E-07 
 1.800000E+00 
 1.800000E+00 
 1.800000E+00 
 1.800000E+00 
-2.360222E-05 
-2.362118E-05 
 1.800000E+00 
 1.800000E+00 
 1.800000E+00 
 1.800000E+00 
 1.800000E+00 
 3.506020E-06 
 1.118327E-08 
 1.799999E+00 
 1.799999E+00 
 1.800000E+00 
-8.452158E-06 
 1.800000E+00 
 1.800000E+00 
 1.800005E+00 
-4.980945E-06 
-1.255748E-07 
 1.800000E+00 
 1.800000E+00 
 1.800000E+00 
 1.800000E+00 
 1.799999E+00 
-4.691673E-09 
-3.486497E-09 
 1.800000E+00 
 1.800000E+00 
 1.800000E+00 
 4.878515E-06 
 1.800000E+00 
 1.800000E+00 
-4.343224E-07 
 1.799999E+00 
 1.800000E+00 
 8.037550E-09 
 1.800000E+00 
 1.799999E+00 
-2.803935E-07 
 1.800000E+00 
 1.800000E+00 
 1.304636E-07 
 1.800000E+00 
 1.800000E+00 
 2.319518E-06 
 1.799999E+00 
 1.800000E+00 
 8.533563E-08 
 1.800000E+00 
 1.800000E+00 
 8.591811E-09 
 1.800000E+00 
 1.800000E+00 
 5.185922E-09 
 1.800000E+00 
 1.800003E+00 
-1.332145E-06 
 1.800000E+00 
 1.800000E+00 
 8.945478E-06 
 1.799999E+00 
 1.800000E+00 
-2.161897E-05 
 1.800000E+00 
-8.765248E-08 
 1.800000E+00 
 1.800000E+00 
 1.800000E+00 
-1.299515E-08 
 1.800000E+00 
 1.800002E+00 
-1.718786E-06 
 1.038119E-08 
 1.800000E+00 
 1.800000E+00 
 1.800000E+00 
 1.800000E+00 
 1.133787E-05 
 1.133807E-05 
 1.800000E+00 
 1.800000E+00 
 1.800000E+00 
 8.617272E-09 
 1.800001E+00 
 1.800000E+00 
-1.649571E-11 
 1.800001E+00 
 5.242234E-09 
 1.800000E+00 
 1.800000E+00 
 1.244830E-08 
 1.800000E+00 
 1.385964E-05 
 1.799999E+00 
 1.799999E+00 
 1.800000E+00 
-3.320437E-08 
 1.800000E+00 
-1.839882E-07 
 1.800005E+00 
 1.025312E-08 
 1.800000E+00 
 1.800000E+00 
 1.800001E+00 
 2.589408E-06 
 1.800002E+00 
 1.306531E-07 
 1.800000E+00 
 1.800000E+00 
-9.641794E-06 
 1.800000E+00 
 3.447274E-06 
 1.800000E+00 
 1.800000E+00 
-6.810232E-08 
 1.800000E+00 
 1.800007E+00 
 1.050606E-07 
 3.743577E-09 
 1.800000E+00 
 1.800000E+00 
 1.800000E+00 
 1.800000E+00 
 1.414183E-07 
 4.693795E-07 
 1.800000E+00 
-9.042077E-08 
 1.800000E+00 
 1.800000E+00 
 1.800006E+00 
-8.403755E-07 
 1.800000E+00 
 7.410315E-06 
 1.800007E+00 
 9.488196E-09 
 1.800000E+00 
 1.800000E+00 
-6.665196E-07 
 1.800000E+00 
 1.800000E+00 
-1.044356E-07 
 2.793387E-07 
 1.800000E+00 
 1.800000E+00 
 1.800000E+00 
 1.072096E-06 
 1.800000E+00 
-3.023128E-05 
 1.800000E+00 
-6.271078E-08 
 1.800000E+00 
 1.800001E+00 
-2.209694E-08 
 1.800000E+00 
 5.879278E-08 
 1.800000E+00 
 1.800000E+00 
-1.064924E-06 
-1.066591E-06 
 1.800000E+00 
 1.800000E+00 
 1.800008E+00 
-7.801993E-08 
 1.800000E+00 
 6.930703E-07 
 1.800000E+00 
 6.951823E-07 
 1.800000E+00 
 7.542622E-08 
 1.800000E+00 
 1.800000E+00 
 3.299324E-06 
 1.799999E+00 
-2.447945E-06 
 1.800000E+00 
 1.800000E+00 
-9.652999E-08 
 1.800000E+00 
 8.658887E-09 
 1.800001E+00 
 1.163481E-08 
 1.800000E+00 
 4.793478E-06 
 1.800000E+00 
 1.800000E+00 
 2.106730E-06 
 1.800000E+00 
 9.861668E-08 
 1.799998E+00 
 1.799999E+00 
 7.569540E-06 
-5.171361E-07 
 1.800000E+00 
 1.800000E+00 
 3.176500E-07 
 1.800005E+00 
 1.713293E-08 
 1.800000E+00 
 1.800000E+00 
 3.811281E-06 
 3.807938E-06 
 1.800001E+00 
 1.800002E+00 
 1.724254E-06 
 1.800000E+00 
-3.009303E-07 
 1.800000E+00 
-6.703538E-08 
 1.800007E+00 
 1.800000E+00 
 1.799319E-05 
 1.796914E-05 
 1.800000E+00 
 1.800000E+00 
 3.889166E-06 
 1.800000E+00 
-2.830529E-05 
 1.800000E+00 
 1.800000E+00 
 2.555561E-06 
-1.649783E-06 
 1.800000E+00 
-1.819982E-08 
 1.800000E+00 
 1.800000E+00 
-2.030285E-07 
 1.800000E+00 
 4.322963E-08 
 1.800000E+00 
-8.309139E-08 
 1.800000E+00 
 2.040404E-07 
 1.800000E+00 
 9.494546E-07 
 1.800000E+00 
 5.310041E-07 
 1.800000E+00 
 1.800000E+00 
-8.970233E-08 
 4.710681E-09 
 1.800000E+00 
 1.799997E+00 
-2.238845E-06 
-2.236310E-06 
 1.800000E+00 
 1.800000E+00 
 6.078199E-07 
 1.800000E+00 
-1.002753E-08 
 1.800002E+00 
 2.666858E-08 
 1.800000E+00 
-2.129450E-08 
 1.800000E+00 
 2.699181E-08 
 1.800000E+00 
-6.258173E-05 
 1.800006E+00 
 2.117397E-08 
 1.800000E+00 
 4.635797E-06 
 1.800000E+00 
 1.214127E-05 
 1.800000E+00 
-4.512861E-09 
 1.799999E+00 
 1.795503E-08 
 1.800000E+00 
-1.948728E-08 
 1.800000E+00 
 1.800000E+00 
-6.914854E-07 
 6.672351E-09 
 6.672398E-09 
 1.800000E+00 
 1.800000E+00 
 1.800000E+00 
-1.691581E-06 
-1.296917E-06 
 1.800000E+00 
 1.255681E-05 
 1.800000E+00 
-2.419576E-08 
 1.800000E+00 
-5.740576E-07 
-3.910987E-07 
 1.800000E+00 
 1.800000E+00 
 5.239014E-08 
 1.800000E+00 
 1.563002E-06 
 1.800000E+00 
-2.900132E-06 
 1.800000E+00 
 4.902268E-08 
 6.309357E-09 
 1.800000E+00 
 1.800000E+00 
-4.287389E-05 
-2.889015E-07 
 1.800000E+00 
-1.811858E-08 
 1.800000E+00 
 1.866518E-06 
 1.800000E+00 
 1.800000E+00 
-3.862799E-06 
 1.390400E-07 
 1.391212E-07 
 1.800000E+00 
 1.800000E+00 
-1.672078E-06 
 1.800000E+00 
-1.454943E-06 
 8.662837E-09 
 1.800001E+00 
 1.800000E+00 
-1.570657E-08 
 3.522999E-08 
 1.800000E+00 
 8.019613E-07 
 1.800000E+00 
-1.577263E-05 
-1.563417E-05 
 1.800000E+00 
 1.800000E+00 
-4.118482E-06 
 1.800000E+00 
-3.985797E-07 
-3.546977E-07 
 1.800000E+00 
-4.711538E-07 
 1.800000E+00 
-3.036629E-05 
 1.230278E-08 
 1.800000E+00 
 1.800000E+00 
-8.348054E-06 
-7.926071E-06 
 1.800000E+00 
 1.800000E+00 
-1.488896E-07 
 1.015347E-08 
 1.015275E-08 
 1.800000E+00 
 1.800000E+00 
 2.724581E-07 
 2.704354E-07 
 1.800000E+00 
 7.095885E-09 
 1.800000E+00 
 1.813742E-09 
 1.800000E+00 
 2.053920E-06 
 2.127960E-06 
 1.800000E+00 
 5.296697E-08 
 1.799999E+00 
 2.312487E-07 
 1.800000E+00 
 1.115114E-08 
 1.800000E+00 
-4.077420E-06 
-4.157474E-06 
 1.800003E+00 
 2.314151E-06 
 2.315849E-06 
 1.800006E+00 
 1.800000E+00 
-1.447558E-06 
-1.374694E-06 
 1.800000E+00 
-2.064447E-08 
 1.800000E+00 
-3.830812E-05 
-2.367245E-06 
 1.800000E+00 
-1.596629E-09 
 1.800000E+00 
 8.616339E-08 
 3.472071E-08 
 1.800000E+00 
 1.800000E+00 
-1.689690E-05 
-1.739529E-05 
-1.739529E-05 
 1.800000E+00 
 1.110731E-08 
 1.800000E+00 
 1.372408E-07 
 1.800000E+00 
 1.664495E-07 
 1.616669E-07 
 1.800000E+00 
 4.240262E-07 
 1.800000E+00 
-1.727078E-07 
-1.667195E-08 
 1.800000E+00 
 5.382243E-06 
 1.800000E+00 
-4.994863E-07 
 1.800000E+00 
 1.190098E-06 
 1.186098E-06 
 1.186098E-06 
 1.800000E+00 
 1.800001E+00 
-1.966806E-07 
-3.518539E-09 
-3.518547E-09 
 1.800000E+00 
 1.799998E+00 
-1.378867E-05 
-1.389525E-05 
-1.389525E-05 
 1.800000E+00 
 5.384967E-06 
 1.800000E+00 
 5.019226E-07 
 1.800000E+00 
 3.262164E-08 
 1.534843E-07 
 1.534831E-07 
 1.800003E+00 
 1.800003E+00 
-2.274719E-06 
 2.060476E-08 
 2.060547E-08 
 1.799999E+00 
 6.005630E-07 
 1.800000E+00 
-1.289355E-06 
-1.288765E-06 
 1.800000E+00 
 3.235531E-06 
 1.800000E+00 
 3.845031E-06 
-2.531356E-08 
 1.800000E+00 
-8.023965E-06 
-7.768177E-06 
 1.800000E+00 
 6.166755E-09 
 6.239137E-09 
 1.800000E+00 
 1.799999E+00 
 9.261127E-08 
 7.080714E-08 
 7.080677E-08 
 7.080665E-08 
 1.800000E+00 
 1.800000E+00 
 2.740753E-06 
 2.708213E-06 
 2.708213E-06 
 1.800000E+00 
-7.168794E-08 
-7.168491E-08 
 1.800000E+00 
 1.800000E+00 
 4.017803E-07 
 2.288434E-08 
 2.288434E-08 
 2.288404E-08 
 1.800000E+00 
 1.800000E+00 
 3.672518E-08 
 1.862375E-07 
 1.862362E-07 
 1.800006E+00 
-3.943725E-07 
-3.872579E-07 
 1.800000E+00 
 1.800000E+00 
 3.218864E-08 
 1.552823E-08 
 1.552881E-08 
 1.552825E-08 
 1.800000E+00 
-1.675857E-07 
-1.627928E-07 
 1.800000E+00 
 1.800000E+00 
 2.360254E-07 
-8.055239E-08 
-8.055239E-08 
-8.054607E-08 
 1.800000E+00 
-4.970604E-09 
 1.799999E+00 
 9.057636E-06 
 9.046250E-06 
 1.800000E+00 
-2.254954E-07 
-1.901990E-07 
 1.800000E+00 
 1.129972E-07 
 1.237959E-07 
 1.237961E-07 
 1.800000E+00 
 1.800000E+00 
 4.713481E-07 
 8.534691E-09 
 8.534712E-09 
 8.534707E-09 
 1.800001E+00 
-3.798429E-07 
 3.410972E-08 
 1.800000E+00 
 1.800000E+00 
 1.214721E-05 
 1.207225E-05 
 1.207225E-05 
 1.207225E-05 
 1.207225E-05 
 1.800000E+00 
 1.800000E+00 
 2.011412E-07 
 7.214063E-08 
 7.214070E-08 
 7.214402E-08 
 1.800000E+00 
 1.800000E+00 
-6.271596E-08 
-6.469118E-08 
-6.469065E-08 
-6.469051E-08 
 1.800000E+00 
 6.139781E-06 
 6.125825E-06 
 1.800000E+00 
 8.662286E-09 
 9.257424E-09 
 1.800000E+00 
-9.321709E-08 
 6.014357E-09 
 1.800000E+00 
-1.597203E-07 
-3.745731E-07 
-3.745741E-07 
 1.800000E+00 
-7.881262E-08 
 1.800000E+00 
-4.581817E-06 
-4.579949E-06 
-4.579949E-06 
-4.579949E-06 
 1.800000E+00 
 2.172365E-08 
 1.794198E-08 
 1.800000E+00 
 1.404860E-07 
 1.800000E+00 
 1.933747E-07 
 1.934208E-07 
 1.934208E-07 
 1.934205E-07 
 1.800000E+00 
-1.578548E-05 
 1.099329E-05 
 1.800000E+00 
 2.305889E-06 
-4.574620E-09 
-4.575225E-09 
 1.800001E+00 
 7.617747E-09 
 7.441752E-09 
 1.800000E+00 
-2.705549E-08 
 1.058298E-08 
 1.800000E+00 
 1.510530E-06 
 6.440888E-09 
 6.440875E-09 
 6.440883E-09 
 1.800000E+00 
-9.408606E-06 
 1.800004E+00 
 1.163974E-06 
 6.574968E-09 
 6.574974E-09 
 6.574945E-09 
 1.800000E+00 
 2.151859E-08 
 2.884390E-08 
 1.800000E+00 
 1.115371E-06 
 5.222794E-09 
 5.222793E-09 
 1.800007E+00 
-2.153230E-08 
 1.670876E-09 
 1.671168E-09 
 1.800000E+00 
 1.333965E-08 
 1.343824E-08 
 1.800000E+00 
 2.609434E-09 
 2.401668E-09 
 2.401258E-09 
 1.800000E+00 
 8.854918E-09 
 6.587669E-09 
 6.587675E-09 
 6.587576E-09 
 1.800000E+00 
-3.750723E-07 
 1.800000E+00 
-5.447680E-08 
 1.894277E-08 
 1.894246E-08 
 1.894255E-08 
 1.800000E+00 
 8.169527E-07 
 7.558159E-07 
 7.558159E-07 
 1.800000E+00 
 9.698738E-07 
 1.541221E-06 
 1.541221E-06 
 1.800009E+00 
-2.125848E-09 
 5.131205E-09 
 5.132308E-09 
 1.800000E+00 
 1.671453E-06 
 1.676541E-06 
 1.800000E+00 
-9.026754E-08 
-2.207898E-07 
-2.207895E-07 
-2.207735E-07 
-2.207899E-07 
 1.800007E+00 
-1.647903E-08 
 1.800000E+00 
-6.714969E-06 
-6.322101E-06 
-6.322101E-06 
-6.322101E-06 
-6.322101E-06 
 1.800007E+00 
 6.953936E-07 
 1.410800E-08 
 1.410780E-08 
 1.799999E+00 
 1.380017E-08 
 1.421491E-08 
 1.421376E-08 
 1.800000E+00 
 1.653811E-08 
 6.302728E-09 
 6.307850E-09 
 1.800000E+00 
 2.406296E-06 
 2.689227E-06 
 2.689227E-06 
 1.800000E+00 
 3.512881E-06 
-6.003851E-09 
-6.000368E-09 
-6.003852E-09 
-6.003854E-09 
 1.800000E+00 
-4.107095E-07 
-4.026524E-07 
 1.800000E+00 
 1.784775E-07 
 1.122735E-07 
 1.122743E-07 
 1.122744E-07 
 1.800000E+00 
-7.352616E-07 
-3.421943E-07 
-3.421938E-07 
-3.421943E-07 
 1.799998E+00 
 3.092333E-06 
-3.993942E-09 
-3.993922E-09 
 1.800000E+00 
 2.010071E-08 
 5.604571E-09 
 5.604520E-09 
 5.604868E-09 
 1.800000E+00 
 3.048112E-07 
 3.148227E-07 
 3.148226E-07 
 1.800002E+00 
-2.661739E-06 
-2.731743E-06 
-2.731743E-06 
-2.731744E-06 
-2.731743E-06 
 1.800000E+00 
-1.862205E-07 
-1.595608E-07 
-1.595611E-07 
 1.800000E+00 
-2.566901E-06 
 1.434182E-08 
 1.432977E-08 
 1.434399E-08 
 1.434225E-08 
 1.800000E+00 
 7.366030E-07 
 6.779302E-07 
 1.800000E+00 
 4.320620E-06 
-3.372080E-08 
-3.372088E-08 
-3.372101E-08 
-3.372110E-08 
-3.372088E-08 
 1.800000E+00 
-2.653448E-06 
 1.882998E-08 
 1.883000E-08 
 1.800000E+00 
 6.714491E-06 
-2.562795E-05 
-2.562794E-05 
-2.562794E-05 
-2.562794E-05 
 1.800000E+00 
 2.922757E-09 
 5.836417E-09 
 5.840735E-09 
 5.660914E-09 
 1.800000E+00 
-6.548075E-06 
-6.521587E-06 
-6.521587E-06 
-6.521587E-06 
 1.800000E+00 
 6.256718E-11 
 8.232561E-10 
 8.419226E-10 
 8.398437E-10 
 1.800000E+00 
 4.084834E-06 
-1.949549E-06 
-1.949550E-06 
-1.949549E-06 
-1.949549E-06 
 1.800000E+00 
 3.426272E-06 
 3.397497E-06 
 3.397497E-06 
 3.397497E-06 
 3.397497E-06 
 1.800000E+00 
 2.467741E-07 
 5.265780E-09 
 5.265867E-09 
 5.265734E-09 
 1.800007E+00 
-1.013171E-09 
-1.459462E-07 
-1.459388E-07 
-1.459391E-07 
-1.459393E-07 
 1.800000E+00 
 6.412456E-07 
 7.307330E-07 
 7.307334E-07 
 7.307330E-07 
 1.800000E+00 
-2.016378E-05 
-2.002728E-05 
-2.002728E-05 
-2.002728E-05 
-2.002728E-05 
-2.002728E-05 
 1.800000E+00 
 6.169332E-09 
 6.382054E-09 
 6.382253E-09 
 6.382112E-09 
 1.800012E+00 
 8.139355E-06 
 7.935768E-06 
 7.935766E-06 
 7.935768E-06 
 7.935768E-06 
 7.935768E-06 
 1.800000E+00 
-4.320226E-07 
-4.130119E-07 
-4.130203E-07 
-4.130209E-07 
-4.130209E-07 
 1.800000E+00 
-3.456273E-05 
-7.645042E-08 
-7.644967E-08 
-7.644977E-08 
-7.645026E-08 
 1.800000E+00 
-1.724930E-08 
 5.152020E-09 
 5.152209E-09 
 5.151126E-09 
 5.151895E-09 
 1.800001E+00 
-1.253584E-05 
 1.397043E-05 
 1.397043E-05 
 1.397043E-05 
 1.397043E-05 
 1.397043E-05 
 1.800000E+00 
-1.529836E-06 
 9.528502E-09 
 9.528458E-09 
 9.528494E-09 
 9.528463E-09 
 1.800000E+00 
-1.868920E-07 
 6.617743E-09 
 6.618489E-09 
 6.618480E-09 
 6.618479E-09 
 6.618389E-09 
 1.800000E+00 
-5.174427E-07 
 8.433083E-09 
 8.434436E-09 
 8.433066E-09 
 8.433085E-09 
 8.433075E-09 
 1.800000E+00 
 2.950631E-06 
 7.122112E-10 
 7.121962E-10 
 7.122245E-10 
 7.122242E-10 
 7.157334E-10 
 1.800007E+00 
-1.745050E-09 
-1.559160E-09 
-1.558953E-09 
-1.560156E-09 
-1.559147E-09 
-1.558782E-09 
 1.800000E+00 
-1.679502E-06 
 1.174207E-08 
 1.174205E-08 
 1.174208E-08 
 1.174208E-08 
 1.800000E+00 
-2.103613E-07 
 1.437975E-08 
 1.437975E-08 
 1.437974E-08 
 1.437973E-08 
 1.437974E-08 
 1.437956E-08 
 1.437979E-08 
 1.800000E+00 
 1.131318E-08 
 5.922859E-09 
 5.922877E-09 
 5.921997E-09 
 5.922862E-09 
 1.800000E+00 
 2.343178E-10 
-4.178999E-09 
-4.179027E-09 
-4.179081E-09 
-4.182453E-09 
-4.179024E-09 
-4.179026E-09 
-4.178990E-09 
 1.799999E+00 
 9.671877E-08 
 1.731780E-08 
 1.731788E-08 
 1.731780E-08 
 1.731579E-08 
 1.800000E+00 
-1.130457E-09 
 1.068336E-08 
 1.068654E-08 
 1.068616E-08 
 1.073956E-08 
 1.068615E-08 
 1.068621E-08 
 1.068621E-08 
 1.800000E+00 
-1.286763E-06 
 7.054678E-08 
 7.054606E-08 
 7.054681E-08 
 7.054702E-08 
 7.054676E-08 
 1.800002E+00 
-1.737366E-06 
 1.715305E-08 
 1.715304E-08 
 1.715302E-08 
 1.715308E-08 
 1.715299E-08 
 1.715300E-08 
 1.715304E-08 
 1.800000E+00 
 8.788866E-09 
 8.775208E-09 
 8.780817E-09 
 8.780810E-09 
 8.781017E-09 
 8.780666E-09 
 8.781210E-09 
 1.800000E+00 
-1.474246E-06 
-1.474934E-06 
-1.474946E-06 
-1.474933E-06 
-1.474935E-06 
-1.474934E-06 
 1.800007E+00 
-1.251948E-06 
-1.207305E-06 
-1.207305E-06 
-1.207305E-06 
-1.207306E-06 
-1.207305E-06 
-1.207305E-06 
-1.207305E-06 
-1.207305E-06 
-1.207305E-06 
 1.800000E+00 
 8.218487E-07 
 8.332478E-07 
 8.332477E-07 
 8.332478E-07 
 8.332479E-07 
 1.800000E+00 
-4.564080E-06 
-4.562583E-06 
-4.562582E-06 
-4.562584E-06 
-4.562583E-06 
-4.562583E-06 
-4.562584E-06 
-4.562583E-06 
-4.562583E-06 
-4.562583E-06 
 1.800000E+00 
 3.504880E-06 
 3.507850E-06 
 3.507840E-06 
 3.507847E-06 
 3.507847E-06 
 3.507847E-06 
 3.507847E-06 
 1.800000E+00 
 5.209025E-09 
 6.053223E-09 
 6.052887E-09 
 6.055925E-09 
 6.061614E-09 
 6.052747E-09 
 6.052891E-09 
 6.052252E-09 
 1.800000E+00 
 3.507530E-06 
-1.237111E-07 
-1.237117E-07 
-1.237115E-07 
-1.237115E-07 
-1.237111E-07 
-1.237119E-07 
-1.237115E-07 
 1.800000E+00 
-2.934485E-09 
 5.894473E-09 
 5.894966E-09 
 5.894537E-09 
 5.893726E-09 
 5.894518E-09 
 5.894515E-09 
 5.894458E-09 
 5.894476E-09 
 1.800000E+00 
 1.426626E-06 
 1.381314E-06 
 1.381313E-06 
 1.381314E-06 
 1.381314E-06 
 1.381314E-06 
 1.381314E-06 
 1.800000E+00 
-6.699578E-06 
-6.705803E-06 
-6.705801E-06 
-6.705803E-06 
-6.705803E-06 
-6.705803E-06 
-6.705803E-06 
-6.705803E-06 
-6.705802E-06 
-6.705803E-06 
-6.705803E-06 
 1.800001E+00 
-1.160578E-05 
 1.304478E-05 
 1.304478E-05 
 1.304477E-05 
 1.304478E-05 
 1.800000E+00 
-2.004677E-08 
-1.876392E-08 
-1.876341E-08 
-1.876388E-08 
-1.876393E-08 
-1.876396E-08 
-1.876397E-08 
-1.876404E-08 
-1.876396E-08 
-1.876395E-08 
-1.875409E-08 
-1.876394E-08 
-1.876405E-08 
 1.799999E+00 
-2.253570E-05 
 1.864301E-07 
 1.864300E-07 
 1.864298E-07 
 1.864300E-07 
 1.800000E+00 
-1.698395E-07 
-4.460593E-07 
-4.460600E-07 
-4.460600E-07 
-4.460600E-07 
-4.460601E-07 
-4.460601E-07 
-4.460596E-07 
-4.460599E-07 
-4.460600E-07 
-4.460602E-07 
-4.460600E-07 
 1.800000E+00 
 4.183363E-09 
 6.941913E-09 
 6.941787E-09 
 6.941890E-09 
 6.941883E-09 
 6.942080E-09 
 6.941604E-09 
 1.800000E+00 
 2.511169E-07 
-1.198169E-09 
-1.198171E-09 
-1.198195E-09 
-1.198281E-09 
-1.198147E-09 
-1.198719E-09 
-1.198194E-09 
-1.199014E-09 
-1.198170E-09 
-1.183935E-09 
 1.800000E+00 
 1.116055E-07 
 1.102773E-07 
 1.102642E-07 
 1.102643E-07 
 1.102649E-07 
 1.102649E-07 
 1.800000E+00 
 2.429439E-06 
 4.940203E-09 
 4.941065E-09 
 4.940952E-09 
 4.941083E-09 
 4.941111E-09 
 4.940121E-09 
 4.941164E-09 
 4.941076E-09 
 4.941074E-09 
 4.941728E-09 
 4.941070E-09 
 1.800000E+00 
 6.206027E-07 
 1.429328E-08 
 1.438613E-08 
 1.438614E-08 
 1.438609E-08 
 1.438615E-08 
 1.438605E-08 
 1.438632E-08 
 1.800000E+00 
-1.070309E-07 
-2.478624E-07 
-2.478623E-07 
-2.478624E-07 
-2.478611E-07 
-2.478623E-07 
-2.478622E-07 
-2.478623E-07 
-2.478623E-07 
 1.800000E+00 
 4.539772E-07 
-5.661329E-08 
-5.661117E-08 
-5.659393E-08 
-5.661300E-08 
-5.661051E-08 
-5.661317E-08 
-5.661309E-08 
-5.661226E-08 
 1.800000E+00 
 1.107369E-06 
 1.126479E-06 
 1.126478E-06 
 1.126479E-06 
 1.126479E-06 
 1.126479E-06 
 1.126479E-06 
 1.126479E-06 
 1.126479E-06 
 1.800000E+00 
 1.456008E-07 
 1.458802E-07 
 1.458797E-07 
 1.458802E-07 
 1.458802E-07 
 1.458800E-07 
 1.458801E-07 
 1.458802E-07 
 1.458802E-07 
 1.800000E+00 
-1.353666E-06 
-1.288724E-06 
-1.288728E-06 
-1.288722E-06 
-1.288723E-06 
-1.288723E-06 
-1.288723E-06 
-1.288723E-06 
-1.288722E-06 
 1.800000E+00 
 1.177887E-07 
 1.181497E-07 
 1.181495E-07 
 1.181495E-07 
 1.181488E-07 
 1.181496E-07 
 1.181495E-07 
 1.181495E-07 
 1.181490E-07 
 1.800000E+00 
 2.658006E-08 
-1.621694E-08 
-1.621961E-08 
-1.621964E-08 
-1.621965E-08 
-1.621968E-08 
-1.622697E-08 
-1.621966E-08 
 1.800000E+00 
 1.778403E-06 
-3.614337E-07 
-3.614374E-07 
-3.614332E-07 
-3.614333E-07 
-3.614332E-07 
-3.614333E-07 
-3.614332E-07 
-3.614332E-07 
 1.799998E+00 
-7.624640E-08 
-4.538131E-08 
-4.538137E-08 
-4.538134E-08 
-4.538158E-08 
-4.538150E-08 
-4.538145E-08 
-4.538139E-08 
-4.538077E-08 
 1.799998E+00 
-1.371714E-05 
-1.371757E-05 
-1.371757E-05 
-1.371757E-05 
-1.371757E-05 
-1.371757E-05 
-1.371757E-05 
 1.799999E+00 
 1.858188E-06 
 6.299581E-09 
 6.301821E-09 
 6.299457E-09 
 6.299611E-09 
 6.299581E-09 
 6.299643E-09 
 6.299597E-09 
 6.299596E-09 
 6.299585E-09 
 1.800000E+00 
-1.425181E-05 
-1.424597E-05 
-1.424597E-05 
-1.424597E-05 
-1.424597E-05 
-1.424597E-05 
-1.424597E-05 
 1.800000E+00 
-9.465263E-08 
-3.680223E-09 
-3.679996E-09 
-3.679785E-09 
-3.689857E-09 
-3.679764E-09 
-3.679788E-09 
-3.671975E-09 
 1.800000E+00 
 5.879972E-06 
-8.141055E-08 
-8.141165E-08 
-8.141165E-08 
-8.141169E-08 
-8.141167E-08 
-8.141164E-08 
-8.141168E-08 
-8.141223E-08 
 1.800000E+00 
-2.375761E-06 
 1.356603E-08 
 1.356615E-08 
 1.356603E-08 
 1.356519E-08 
 1.356568E-08 
 1.800001E+00 
 7.738047E-07 
 4.996730E-07 
 4.996730E-07 
 4.996731E-07 
 4.996731E-07 
 4.996731E-07 
 4.996731E-07 
 4.996731E-07 
 4.996732E-07 
 1.800000E+00 
-1.226823E-07 
 1.793735E-08 
 1.792963E-08 
 1.793989E-08 
 1.792966E-08 
 1.792973E-08 
 1.800000E+00 
 1.261245E-07 
 1.074010E-08 
 1.074038E-08 
 1.074037E-08 
 1.074036E-08 
 1.074036E-08 
 1.074035E-08 
 1.074036E-08 
 1.074022E-08 
 1.800000E+00 
 1.097864E-07 
 2.417353E-07 
 2.417351E-07 
 2.417353E-07 
 2.417352E-07 
 2.417352E-07 
 1.800000E+00 
-1.530936E-07 
-1.350347E-07 
-1.350346E-07 
-1.350346E-07 
-1.350346E-07 
-1.350415E-07 
-1.350346E-07 
 1.800000E+00 
 1.567422E-06 
 4.844301E-09 
 4.846034E-09 
 4.846012E-09 
 4.846156E-09 
 4.845995E-09 
 4.846011E-09 
 4.846017E-09 
 1.800000E+00 
 1.080890E-07 
 1.189506E-07 
 1.189501E-07 
 1.189501E-07 
 1.189502E-07 
 1.800000E+00 
 2.087922E-08 
 7.438871E-09 
 7.434100E-09 
 7.439065E-09 
 7.438685E-09 
 7.438339E-09 
 7.438863E-09 
 7.438876E-09 
 1.800007E+00 
-2.084369E-05 
 1.319304E-07 
 1.319304E-07 
 1.319297E-07 
 1.319302E-07 
 1.319304E-07 
 1.800000E+00 
-1.208776E-07 
-1.201718E-07 
-1.201717E-07 
-1.201717E-07 
-1.201717E-07 
-1.201716E-07 
 1.800000E+00 
 1.063149E-07 
 1.199959E-07 
 1.199960E-07 
 1.199960E-07 
 1.199959E-07 
 1.199960E-07 
 1.199971E-07 
 1.800000E+00 
-1.362843E-06 
 8.554271E-09 
 8.555608E-09 
 8.555017E-09 
 8.554148E-09 
 1.800000E+00 
 7.329168E-06 
-3.415825E-07 
-3.415825E-07 
-3.415822E-07 
-3.415826E-07 
-3.415826E-07 
-3.415826E-07 
 1.800000E+00 
 6.578423E-05 
 2.302091E-08 
 2.302090E-08 
 2.302088E-08 
 2.302092E-08 
 2.302088E-08 
 1.800000E+00 
-2.025617E-06 
 1.137475E-08 
 1.137480E-08 
 1.137474E-08 
 1.800000E+00 
-2.322162E-08 
 2.846004E-08 
 2.845906E-08 
 2.847408E-08 
 2.846054E-08 
 2.846059E-08 
 2.846002E-08 
 2.849107E-08 
 1.800000E+00 
-1.441147E-07 
-1.359249E-07 
-1.359250E-07 
-1.359250E-07 
 1.800000E+00 
-4.198890E-07 
-4.208591E-07 
-4.208589E-07 
-4.208593E-07 
-4.209053E-07 
-4.208585E-07 
 1.800000E+00 
 9.833589E-07 
 9.845071E-07 
 9.845071E-07 
 9.845058E-07 
 1.800000E+00 
 1.118069E-07 
 3.633269E-08 
 3.632887E-08 
 3.632810E-08 
 3.632801E-08 
 3.632807E-08 
 3.632816E-08 
 1.800000E+00 
-9.449335E-09 
-1.401088E-07 
-1.401089E-07 
-1.401104E-07 
 1.800000E+00 
 3.700996E-06 
 3.601332E-06 
 3.601332E-06 
 3.601333E-06 
 3.601332E-06 
 3.601332E-06 
 1.800000E+00 
-7.612783E-07 
-7.377085E-09 
-7.377725E-09 
-7.377825E-09 
 1.799999E+00 
 3.514551E-08 
 9.125087E-09 
 9.125529E-09 
 9.113808E-09 
 9.125812E-09 
 1.800000E+00 
-3.578665E-06 
 1.036358E-07 
 1.036356E-07 
 1.036353E-07 
 1.036352E-07 
 1.800000E+00 
 1.399466E-06 
 3.590293E-07 
 3.590294E-07 
 3.590297E-07 
 3.590294E-07 
 1.800000E+00 
-7.299312E-07 
-7.299702E-07 
-7.299702E-07 
-7.299708E-07 
 1.800000E+00 
-3.989479E-07 
-3.990520E-07 
-3.990520E-07 
-3.990520E-07 
-3.989859E-07 
 1.800000E+00 
-4.664045E-07 
-4.680588E-07 
-4.680592E-07 
 1.800000E+00 
 3.245224E-08 
 7.442907E-09 
 7.441988E-09 
 7.441606E-09 
 7.442150E-09 
 7.442221E-09 
 1.799998E+00 
 2.695104E-08 
 1.236483E-08 
 1.236482E-08 
 1.236321E-08 
 1.800000E+00 
-4.702571E-09 
-4.244729E-09 
-4.244635E-09 
-4.244678E-09 
 1.800000E+00 
 8.690143E-09 
 3.775329E-09 
 3.775296E-09 
 3.775362E-09 
 1.800000E+00 
 1.481990E-07 
 1.334253E-07 
 1.334238E-07 
 1.334254E-07 
 1.800000E+00 
-6.554432E-06 
-6.669995E-06 
-6.669995E-06 
-6.669995E-06 
 1.800001E+00 
 5.922772E-06 
-3.282050E-07 
-3.282050E-07 
-3.282049E-07 
-3.282070E-07 
 1.800000E+00 
 1.872608E-08 
 1.795418E-08 
 1.800000E+00 
-2.159693E-06 
 1.025478E-08 
 1.026044E-08 
 1.025580E-08 
 1.025471E-08 
 1.025139E-08 
 1.800000E+00 
 6.257726E-08 
 1.799998E+00 
 6.061417E-07 
 2.535422E-08 
 2.534758E-08 
 2.535413E-08 
 2.535378E-08 
 2.535409E-08 
 2.535328E-08 
 1.800002E+00 
 3.361003E-07 
 1.800000E+00 
-8.258161E-06 
-8.198806E-06 
-8.198806E-06 
-8.198806E-06 
-8.198808E-06 
 1.800000E+00 
 4.133990E-07 
 1.806625E-07 
 1.806637E-07 
 1.800000E+00 
-1.510900E-07 
-1.429464E-07 
-1.429463E-07 
-1.429466E-07 
 1.800003E+00 
 1.645540E-07 
 1.570806E-07 
 1.570805E-07 
 1.800000E+00 
 9.118052E-08 
 5.479460E-08 
 5.479469E-08 
 1.800000E+00 
-3.753684E-07 
-3.731684E-07 
-3.731684E-07 
-3.731684E-07 
-3.731684E-07 
 1.800000E+00 
 5.511182E-09 
 1.800000E+00 
 1.995059E-09 
 6.110966E-09 
 6.120955E-09 
 6.127299E-09 
 6.121338E-09 
 1.800000E+00 
 1.338862E-08 
 1.335335E-08 
 1.335354E-08 
 1.800000E+00 
 6.499494E-09 
 6.377990E-09 
 1.800000E+00 
 3.253881E-07 
 1.719213E-07 
 1.719207E-07 
 1.719209E-07 
 1.719184E-07 
 1.800000E+00 
 3.670499E-08 
 1.800000E+00 
 5.773661E-06 
-5.904477E-07 
-5.904465E-07 
-5.904479E-07 
-5.904481E-07 
 1.800000E+00 
 1.499875E-08 
 1.800000E+00 
 1.343755E-06 
-7.341138E-09 
-7.341985E-09 
-7.341126E-09 
-7.341119E-09 
 1.800004E+00 
 1.760963E-08 
 3.328249E-09 
 1.800005E+00 
 1.609748E-06 
 1.653316E-06 
 1.653316E-06 
 1.800004E+00 
-2.463054E-08 
-4.624959E-09 
-4.621821E-09 
 1.799998E+00 
-2.172587E-05 
-2.172554E-05 
 1.800000E+00 
 8.255112E-08 
-3.858170E-09 
-3.858204E-09 
-3.858155E-09 
 1.799999E+00 
-2.148881E-07 
 4.985105E-08 
 1.800000E+00 
 1.119795E-07 
 1.211105E-07 
 1.211105E-07 
 1.800000E+00 
 4.455967E-07 
 3.752009E-07 
 1.800000E+00 
-6.604721E-06 
-6.979342E-06 
-6.979341E-06 
-6.979341E-06 
 1.800000E+00 
-2.106377E-05 
-2.110035E-05 
 1.800000E+00 
 5.842855E-06 
-8.435715E-08 
 1.800000E+00 
-1.544971E-10 
 4.004791E-09 
 4.004815E-09 
 1.800000E+00 
 1.944579E-06 
 1.681546E-06 
 1.681546E-06 
 1.800000E+00 
-6.046861E-06 
-6.000785E-06 
 1.800000E+00 
 1.430844E-06 
 5.515914E-09 
 5.515926E-09 
 1.800000E+00 
 8.509252E-07 
 7.414478E-09 
 1.800000E+00 
-1.382402E-06 
 1.459525E-08 
 1.800001E+00 
 7.043195E-06 
 6.972305E-06 
 6.972270E-06 
 6.972269E-06 
 1.800000E+00 
 1.800001E+00 
-8.943438E-07 
 3.020142E-09 
 3.020161E-09 
 3.020160E-09 
 3.018733E-09 
 1.800000E+00 
 1.800004E+00 
-4.355717E-07 
-6.689494E-07 
-6.689497E-07 
-6.689495E-07 
 1.800000E+00 
 1.215042E-07 
 1.800005E+00 
 1.186484E-05 
 1.190913E-05 
 1.190913E-05 
 1.190912E-05 
 1.800000E+00 
 1.800000E+00 
 5.862822E-08 
 5.856725E-08 
 5.856878E-08 
 5.856839E-08 
 1.800000E+00 
 2.506086E-06 
 1.800000E+00 
-9.100676E-09 
 1.008515E-08 
 1.008573E-08 
 1.799999E+00 
 2.065703E-07 
 4.100810E-08 
 1.800000E+00 
 2.615962E-07 
 2.498121E-07 
 1.800006E+00 
 1.023493E-07 
 1.021691E-07 
 1.800000E+00 
-1.629174E-08 
-1.688895E-08 
 1.800000E+00 
 1.448594E-06 
 7.148615E-07 
 1.800000E+00 
 1.686189E-06 
 1.673158E-06 
 1.673158E-06 
 1.800000E+00 
-1.907940E-07 
 1.800007E+00 
 3.074674E-07 
 2.945817E-07 
 1.800000E+00 
 1.837348E-08 
 9.783329E-08 
 9.784511E-08 
 1.800000E+00 
 1.800001E+00 
-2.643193E-07 
-2.671288E-07 
-2.671268E-07 
-2.671274E-07 
 1.800000E+00 
-8.037963E-07 
 1.800000E+00 
 1.325524E-06 
 6.430465E-09 
 1.800000E+00 
 1.444632E-08 
 1.108850E-08 
 1.799999E+00 
 6.046552E-09 
 7.068160E-09 
 1.800000E+00 
 7.965628E-09 
 5.745232E-09 
 1.799999E+00 
-3.180785E-08 
 1.800000E+00 
-1.426081E-06 
-2.886841E-06 
-2.886841E-06 
 1.800000E+00 
 1.072011E-07 
 1.800000E+00 
 1.670832E-07 
 1.649276E-07 
 1.800000E+00 
-1.028063E-06 
 2.525011E-08 
 1.800000E+00 
 9.398266E-08 
 1.800000E+00 
-5.885950E-08 
-5.940524E-08 
-5.944846E-08 
 1.800000E+00 
 1.037706E-07 
 1.800000E+00 
-5.067156E-07 
-4.584204E-07 
 1.800008E+00 
-6.078914E-08 
 1.800000E+00 
-3.183251E-05 
 4.027707E-06 
 1.800000E+00 
 5.043529E-07 
 6.393401E-07 
 1.800000E+00 
 1.353855E-07 
 3.543186E-09 
 1.800000E+00 
 9.002011E-06 
 1.800000E+00 
 7.826903E-07 
 1.795343E-07 
 1.800000E+00 
-1.873739E-07 
 1.800000E+00 
 3.075798E-07 
-1.573931E-07 
 1.800000E+00 
-7.263558E-06 
-7.324455E-06 
 1.800000E+00 
 3.076003E-07 
 1.800007E+00 
-1.063292E-05 
-1.053110E-05 
 1.800000E+00 
-8.269619E-06 
-8.266314E-06 
 1.800000E+00 
 1.800000E+00 
 3.533836E-08 
 3.547118E-08 
 3.547119E-08 
 1.800007E+00 
 3.431017E-07 
 1.800000E+00 
 1.140762E-05 
 1.150318E-05 
 1.800000E+00 
 1.800000E+00 
 2.176108E-06 
 2.012722E-06 
 2.012721E-06 
 1.800000E+00 
 1.361936E-08 
 1.800000E+00 
 1.302588E-07 
 6.637480E-09 
 1.799999E+00 
 1.800000E+00 
 1.969412E-06 
 1.584899E-06 
 1.584900E-06 
 1.800000E+00 
-3.571766E-06 
 1.800000E+00 
 8.946672E-06 
 1.800000E+00 
-1.805127E-05 
 6.748474E-08 
 1.800000E+00 
 1.800000E+00 
 9.939499E-07 
 9.941200E-07 
 9.941058E-07 
 1.800000E+00 
-8.658690E-07 
 1.800007E+00 
-1.118499E-07 
 1.800000E+00 
-2.148625E-06 
 1.006609E-08 
 1.800000E+00 
 1.800000E+00 
-2.612755E-05 
-1.016468E-06 
-1.016468E-06 
 1.800000E+00 
 1.800000E+00 
 2.483216E-08 
 7.486220E-09 
 1.800000E+00 
 6.837972E-09 
 7.465512E-09 
 1.800000E+00 
 1.800000E+00 
-4.213386E-07 
-4.219585E-07 
 1.799998E+00 
 2.933812E-07 
 1.800006E+00 
 3.163689E-07 
 1.800000E+00 
 5.401356E-07 
 5.377516E-07 
 1.800000E+00 
-8.878281E-07 
 1.800000E+00 
 2.440790E-05 
 1.800000E+00 
 2.743798E-08 
 1.800000E+00 
-9.235584E-06 
 3.691869E-08 
 1.800007E+00 
 7.978866E-06 
 1.800004E+00 
 6.209845E-09 
 1.800000E+00 
 1.273173E-07 
 1.800006E+00 
-6.402743E-08 
-5.611773E-08 
 1.800000E+00 
 1.800000E+00 
 1.422740E-05 
 1.424386E-05 
 1.800000E+00 
 3.452158E-09 
 1.800000E+00 
 1.577942E-06 
 1.571618E-06 
 1.800000E+00 
 1.800000E+00 
 7.216145E-07 
 1.800000E+00 
 2.557189E-06 
 9.554544E-07 
 1.800000E+00 
 3.046459E-08 
 1.800000E+00 
-1.407999E-06 
 1.800000E+00 
-5.913475E-06 
 1.800000E+00 
 8.675543E-09 
 1.800000E+00 
-2.556189E-08 
 1.800000E+00 
 2.787855E-06 
 2.715283E-06 
 1.800000E+00 
 1.800000E+00 
-2.757012E-06 
-2.758722E-06 
 1.800000E+00 
 1.800000E+00 
-1.510777E-09 
 1.695600E-09 
 1.800000E+00 
 6.465677E-06 
 1.800000E+00 
 3.775394E-07 
 1.800006E+00 
 1.800000E+00 
-2.471187E-05 
 6.743736E-09 
 6.744434E-09 
 1.800000E+00 
 1.800000E+00 
 1.800000E+00 
 1.621540E-06 
 1.597016E-06 
 1.597016E-06 
 1.800000E+00 
 1.800000E+00 
 7.010287E-09 
 1.800000E+00 
-1.130462E-07 
 1.800000E+00 
 1.077159E-07 
 1.800000E+00 
 1.136362E-09 
 1.800000E+00 
 6.908844E-07 
 1.800000E+00 
-8.373618E-08 
 1.799996E+00 
 1.052954E-08 
 1.800000E+00 
 1.796839E-08 
 1.800000E+00 
-8.045724E-06 
 1.800000E+00 
-4.732274E-07 
 1.800008E+00 
 1.953063E-08 
 1.800000E+00 
 7.582289E-09 
 1.800000E+00 
 1.800000E+00 
 4.889479E-06 
 4.097077E-06 
 1.800000E+00 
 2.720476E-06 
 1.800000E+00 
 1.800000E+00 
-9.184510E-07 
-1.787560E-07 
 1.800000E+00 
 1.800000E+00 
-3.366891E-06 
 4.000586E-07 
 1.800007E+00 
 1.800000E+00 
 4.855693E-07 
 1.800000E+00 
 1.443276E-06 
 1.800003E+00 
 1.124481E-07 
 1.800000E+00 
 8.497244E-09 
 1.800000E+00 
 1.800000E+00 
-6.018408E-09 
 6.664097E-09 
 1.800000E+00 
 1.800000E+00 
 3.618867E-06 
 2.525723E-06 
 1.800000E+00 
 1.800000E+00 
 9.433614E-09 
 1.799999E+00 
 8.867526E-07 
 1.800000E+00 
 1.800006E+00 
-4.536011E-05 
 5.396067E-09 
 1.800000E+00 
 1.800000E+00 
 1.481559E-08 
 1.800000E+00 
 7.024213E-09 
 1.800000E+00 
 5.090401E-08 
 1.800000E+00 
-6.810117E-06 
 1.800003E+00 
 1.800000E+00 
 3.710773E-06 
 3.709765E-06 
 1.800006E+00 
 1.800006E+00 
 1.800000E+00 
 1.192468E-06 
 1.366705E-06 
 1.800000E+00 
 6.572251E-07 
 1.799999E+00 
 1.800000E+00 
-1.395517E-08 
 1.800000E+00 
-3.191750E-06 
 1.800000E+00 
 1.800000E+00 
 3.054726E-08 
 1.017119E-08 
 1.800000E+00 
 1.800000E+00 
 1.800000E+00 
 4.261184E-07 
 4.813381E-07 
 1.800000E+00 
 3.816524E-06 
 1.800000E+00 
 1.800000E+00 
 1.800000E+00 
 1.502855E-07 
-8.366965E-08 
 1.800000E+00 
 1.800000E+00 
-1.274062E-06 
-1.714605E-06 
 1.800006E+00 
 1.800006E+00 
 1.800006E+00 
-1.120540E-05 
 1.800003E+00 
 1.232657E-09 
 1.800000E+00 
-8.390104E-07 
 1.800000E+00 
 1.800000E+00 
 1.438053E-07 
 1.800000E+00 
 1.663653E-06 
 1.800000E+00 
 1.800000E+00 
 1.801935E-06 
 2.902359E-07 
 1.800000E+00 
 1.800000E+00 
 1.800000E+00 
-2.849736E-08 
 1.800000E+00 
-3.111694E-07 
 1.800000E+00 
 3.189405E-08 
 1.800000E+00 
 1.800000E+00 
 1.276742E-08 
 1.800000E+00 
 1.800000E+00 
 8.226430E-06 
 8.152204E-06 
 1.800003E+00 
 1.800003E+00 
 1.800000E+00 
-9.333072E-08 
 1.800000E+00 
 1.547437E-06 
 1.800000E+00 
-8.237633E-07 
 1.800000E+00 
 1.800000E+00 
 1.138578E-08 
 1.800000E+00 
 1.800002E+00 
 1.390698E-06 
 1.800000E+00 
 1.007668E-08 
 1.800000E+00 
 1.799998E+00 
 2.414653E-06 
 1.800000E+00 
-1.174838E-07 
 1.800000E+00 
 1.800000E+00 
 1.800001E+00 
-2.714593E-05 
-2.708992E-05 
 1.800000E+00 
 1.800000E+00 
-2.243044E-06 
 1.800000E+00 
 1.800000E+00 
 3.081875E-06 
 1.800000E+00 
 1.800000E+00 
-1.281005E-05 
 1.799998E+00 
 2.943957E-06 
 1.800000E+00 
 1.800000E+00 
 1.800000E+00 
-4.898539E-07 
-5.094133E-07 
 1.800000E+00 
 1.800000E+00 
 1.800002E+00 
 5.895793E-08 
 1.800000E+00 
 2.769593E-09 
 1.800000E+00 
 1.800000E+00 
 3.012635E-07 
 1.800000E+00 
 1.800000E+00 
-3.373245E-07 
 1.800000E+00 
 1.477163E-05 
 1.800004E+00 
 1.800003E+00 
 1.800000E+00 
 4.091063E-06 
 1.800000E+00 
 3.511647E-07 
 1.800000E+00 
 1.800000E+00 
-6.698839E-08 
 1.800000E+00 
 1.800000E+00 
 1.495134E-06 
 1.800000E+00 
 1.800000E+00 
 2.586382E-08 
 1.800000E+00 
 1.800000E+00 
-2.391358E-08 
 1.800001E+00 
 1.852914E-06 
 1.800000E+00 
 1.800000E+00 
 1.800000E+00 
 1.482141E-08 
 1.800000E+00 
 1.800000E+00 
-4.839038E-07 
 1.800000E+00 
 1.529610E-08 
 1.800000E+00 
 1.800000E+00 
 1.800000E+00 
-6.873019E-08 
 1.800000E+00 
 3.532967E-08 
 1.800000E+00 
 1.800000E+00 
 1.800000E+00 
 6.446979E-05 
 1.800000E+00 
-1.398178E-07 
 1.800000E+00 
 1.800000E+00 
 1.800000E+00 
-1.101654E-07 
 1.800000E+00 
 3.505734E-06 
 1.800000E+00 
 1.800000E+00 
 1.800000E+00 
-6.023755E-09 
 1.800000E+00 
 1.800000E+00 
 2.970080E-06 
 1.800000E+00 
 1.800000E+00 
-1.829315E-07 
 1.799999E+00 
 1.800000E+00 
 1.517130E-08 
 1.800000E+00 
 1.800000E+00 
 1.800000E+00 
 1.899055E-07 
 1.800000E+00 
-8.375063E-08 
 1.800000E+00 
 1.800000E+00 
 1.800000E+00 
-3.115001E-06 
 1.799999E+00 
 1.799999E+00 
 1.800003E+00 
 6.902143E-06 
 4.911024E-06 
 1.800006E+00 
 1.800006E+00 
 1.800006E+00 
 1.800006E+00 
 1.800000E+00 
 2.240368E-07 
 2.232757E-07 
 1.800000E+00 
 1.800000E+00 
 1.800000E+00 
 1.799999E+00 
-5.542970E-09 
 1.800000E+00 
 1.800000E+00 
 1.974718E-07 
 1.800000E+00 
 1.800000E+00 
 4.343679E-08 
 1.800000E+00 
 1.800000E+00 
-4.473590E-06 
 1.800000E+00 
 1.800000E+00 
 1.800000E+00 
 1.800000E+00 
-3.717134E-06 
-2.530495E-06 
 1.800000E+00 
 1.800000E+00 
 1.800000E+00 
 1.800000E+00 
 1.800000E+00 
 3.155476E-06 
 1.800000E+00 
 1.800000E+00 
-1.475146E-08 
 1.800000E+00 
-8.233322E-08 
 1.800000E+00 
 1.800000E+00 
 1.800000E+00 
 1.800000E+00 
 1.800000E+00 
 4.600462E-08 
 6.784213E-08 
 1.800007E+00 
 1.800007E+00 
 1.800007E+00 
 1.800007E+00 
 1.800000E+00 
 1.364280E-06 
 1.800000E+00 
 1.800008E+00 
-2.187559E-08 
 1.800000E+00 
 1.800006E+00 
-4.939294E-06 
 1.800000E+00 
 1.800000E+00 
 1.800000E+00 
 1.233889E-08 
 1.800000E+00 
 1.800000E+00 
 1.800000E+00 
-5.686029E-08 
 1.800002E+00 
 1.800002E+00 
 1.800000E+00 
 1.986582E-07 
 1.800000E+00 
 1.800000E+00 
 1.800000E+00 
-6.379225E-07 
 1.800000E+00 
 1.800000E+00 
-1.190463E-07 
 1.800000E+00 
 1.800000E+00 
 1.800000E+00 
 1.800000E+00 
 6.191878E-08 
 1.800000E+00 
 1.800000E+00 
-1.593267E-09 
 1.799998E+00 
 1.799998E+00 
 1.799998E+00 
 1.800000E+00 
 2.406161E-09 
 1.800000E+00 
 1.800000E+00 
 1.270277E-08 
 1.800000E+00 
 1.800000E+00 
 1.800000E+00 
 1.800000E+00 
-5.604699E-07 
 1.800000E+00 
 1.800006E+00 
-2.550714E-06 
 1.800000E+00 
 1.800000E+00 
 1.800000E+00 
 1.800000E+00 
 1.800000E+00 
-3.297438E-08 
 1.800002E+00 
-2.582704E-05 
 1.800000E+00 
 1.800000E+00 
 1.800000E+00 
 1.800000E+00 
 1.800001E+00 
 2.017607E-06 
 1.800000E+00 
 1.800000E+00 
 1.800000E+00 
 1.047552E-06 
 1.800007E+00 
 1.800000E+00 
 1.359869E-07 
 1.799999E+00 
 1.799999E+00 
 1.799999E+00 
 1.799999E+00 
 1.800000E+00 
 2.065590E-05 
 1.800000E+00 
 1.800000E+00 
 1.800000E+00 
 4.447233E-07 
 1.800008E+00 
 1.800000E+00 
 1.800000E+00 
 4.357417E-07 
 1.800000E+00 
 1.800000E+00 
 1.800000E+00 
 1.800000E+00 
-4.555816E-08 
 1.800000E+00 
 1.800000E+00 
 1.800001E+00 
 9.093636E-09 
 1.800000E+00 
 1.800000E+00 
 1.800000E+00 
 1.800000E+00 
 1.800006E+00 
 1.284744E-06 
 1.800000E+00 
 1.800000E+00 
 1.505403E-08 
 1.800000E+00 
 1.800000E+00 
 1.800000E+00 
 1.800000E+00 
 1.800000E+00 
 6.373938E-09 
 1.800000E+00 
 1.800000E+00 
 1.800000E+00 
-2.484077E-06 
 1.800000E+00 
 1.800000E+00 
 1.800000E+00 
 1.800000E+00 
 1.800000E+00 
 5.615675E-07 
 1.800000E+00 
 1.800000E+00 
 2.098669E-06 
 1.800000E+00 
 1.800000E+00 
 1.800000E+00 
 1.800000E+00 
 1.800000E+00 
 1.800001E+00 
-1.345380E-07 
 1.800000E+00 
 1.800000E+00 
 1.800000E+00 
 7.229783E-09 
 1.800000E+00 
 1.800000E+00 
 1.800000E+00 
 1.800000E+00 
 1.800000E+00 
-5.605176E-05 
 1.799999E+00 
 1.800000E+00 
 1.800000E+00 
 7.093667E-07 
 1.800000E+00 
 1.800000E+00 
 1.800000E+00 
 1.800000E+00 
 1.800000E+00 
-1.679369E-05 
 1.800002E+00 
 1.800002E+00 
 1.800000E+00 
 1.800000E+00 
 4.074398E-08 
 1.800000E+00 
 1.800000E+00 
 1.800000E+00 
 1.800000E+00 
 1.800003E+00 
-3.420972E-07 
 1.800000E+00 
 1.800000E+00 
 1.800000E+00 
 1.800000E+00 
 1.451627E-09 
 1.800000E+00 
 1.800000E+00 
 1.800000E+00 
 1.799999E+00 
-4.247684E-06 
 1.799999E+00 
 1.799999E+00 
 1.799999E+00 
 1.799999E+00 
 1.799999E+00 
 1.800000E+00 
-1.861085E-06 
 1.800000E+00 
 1.800000E+00 
 1.800001E+00 
 1.800000E+00 
 3.917667E-07 
 1.800000E+00 
 1.800000E+00 
 1.800000E+00 
 1.800000E+00 
 1.800000E+00 
-1.840144E-06 
 1.800000E+00 
 1.800000E+00 
 1.800000E+00 
 1.800000E+00 
-4.650154E-08 
 1.800000E+00 
 1.800000E+00 
 1.800000E+00 
 1.800000E+00 
 1.800000E+00 
 1.800000E+00 
 2.413360E-07 
 1.800000E+00 
 1.800000E+00 
 1.800000E+00 
 1.800000E+00 
 1.800003E+00 
-2.150147E-06 
 1.800000E+00 
 1.800000E+00 
 1.800000E+00 
 1.800000E+00 
 1.800000E+00 
 3.435138E-07 
 1.800000E+00 
 1.800000E+00 
 1.800000E+00 
 1.800000E+00 
 1.800000E+00 
 4.972664E-09 
 1.799999E+00 
 1.799999E+00 
 1.799999E+00 
 1.799999E+00 
 1.799999E+00 
 1.800000E+00 
 2.764011E-06 
 1.800000E+00 
 1.800000E+00 
 1.800000E+00 
 1.800000E+00 
 1.800000E+00 
-2.099979E-05 
 1.800000E+00 
 1.800000E+00 
 1.800000E+00 
 1.800000E+00 
 1.800000E+00 
 1.800000E+00 
 9.641593E-09 
 1.800000E+00 
 1.800000E+00 
 1.800000E+00 
 1.800000E+00 
 1.800000E+00 
 1.800000E+00 
 1.370182E-07 
 1.800000E+00 
 1.800000E+00 
 1.800000E+00 
 1.800000E+00 
 1.800000E+00 
-2.439823E-06 
 1.800000E+00 
 1.800000E+00 
 1.800000E+00 
 1.800000E+00 
 1.800000E+00 
 1.800006E+00 
 1.595245E-07 
 1.800005E+00 
 1.800005E+00 
 1.800005E+00 
 1.800005E+00 
 1.800005E+00 
 1.799999E+00 
 1.800000E+00 
 1.037697E-07 
 1.800000E+00 
 1.800000E+00 
 1.800000E+00 
 1.800000E+00 
 1.800000E+00 
 3.818508E-08 
 1.800001E+00 
 1.800001E+00 
 1.800001E+00 
 1.800001E+00 
 1.800001E+00 
 1.800001E+00 
 1.800000E+00 
-1.947147E-07 
 1.800000E+00 
 1.800000E+00 
 1.800000E+00 
 1.800000E+00 
 1.800000E+00 
 1.800000E+00 
 1.809830E-08 
 1.800000E+00 
 1.800000E+00 
 1.800000E+00 
 1.800000E+00 
 1.800000E+00 
 1.800000E+00 
 1.800000E+00 
 5.273406E-07 
 1.800000E+00 
 1.800000E+00 
 1.800000E+00 
 1.800000E+00 
 1.800000E+00 
 1.800000E+00 
 1.800000E+00 
-1.374227E-07 
 1.800000E+00 
 1.800000E+00 
 1.800000E+00 
 1.800000E+00 
 1.800001E+00 
 9.469032E-07 
 1.800000E+00 
 1.800000E+00 
 1.800000E+00 
 1.800000E+00 
 1.800000E+00 
 1.800000E+00 
 1.800000E+00 
 1.800000E+00 
 1.800000E+00 
 1.800000E+00 
-1.416100E-07 
 1.800000E+00 
 1.800000E+00 
 1.800000E+00 
 1.800000E+00 
 6.474067E-09 
 1.800000E+00 
 1.800000E+00 
 1.800000E+00 
 1.800000E+00 
 1.800000E+00 
 1.800000E+00 
 1.800000E+00 
 1.800000E+00 
 1.800000E+00 
 1.800000E+00 
 1.019078E-07 
 1.800000E+00 
 1.800000E+00 
 1.800000E+00 
 1.800000E+00 
 1.800000E+00 
-6.008275E-10 
 1.800000E+00 
 1.800000E+00 
 1.800000E+00 
 1.800000E+00 
 1.800000E+00 
 1.800000E+00 
 1.800000E+00 
 1.800000E+00 
 1.800000E+00 
 1.800000E+00 
-3.126686E-08 
 1.799999E+00 
 1.800000E+00 
 1.800000E+00 
 1.800000E+00 
 1.800000E+00 
-8.501010E-08 
 1.800000E+00 
 1.800000E+00 
 1.800000E+00 
 1.800000E+00 
 1.800000E+00 
 1.800000E+00 
 1.800000E+00 
 1.800000E+00 
 1.800000E+00 
 1.800000E+00 
 6.882619E-08 
 1.800000E+00 
 1.800000E+00 
 1.800000E+00 
 1.800000E+00 
 1.800000E+00 
 1.800000E+00 
 1.800007E+00 
 8.528684E-09 
 1.800000E+00 
 1.800000E+00 
 1.800000E+00 
 1.800000E+00 
 1.800000E+00 
 1.800000E+00 
 1.800000E+00 
 1.800000E+00 
-3.039052E-08 
 1.800000E+00 
 1.800000E+00 
 1.800000E+00 
 1.800000E+00 
 1.800000E+00 
 1.800000E+00 
 1.800000E+00 
 1.800006E+00 
 1.800000E+00 
-1.410349E-06 
 1.799999E+00 
 1.799999E+00 
 1.799999E+00 
 1.799999E+00 
 1.799999E+00 
 1.800000E+00 
 1.800000E+00 
 5.400942E-06 
 1.800001E+00 
 1.800001E+00 
 1.800001E+00 
 1.800001E+00 
 1.800001E+00 
 1.800001E+00 
 1.800001E+00 
 1.800001E+00 
 1.800000E+00 
 1.800000E+00 
 5.422028E-09 
 1.799999E+00 
 1.799999E+00 
 1.799999E+00 
 1.799999E+00 
 1.799999E+00 
 1.800000E+00 
 1.800000E+00 
-1.452734E-05 
 1.800000E+00 
 1.800000E+00 
 1.800000E+00 
 1.800000E+00 
 1.800000E+00 
 1.800000E+00 
 1.800000E+00 
 1.800000E+00 
 1.800000E+00 
 1.800000E+00 
 6.286221E-09 
 1.800000E+00 
 1.800000E+00 
 1.800000E+00 
 1.800000E+00 
 1.800000E+00 
 1.800000E+00 
 1.800000E+00 
 1.800000E+00 
 3.495983E-06 
 1.800000E+00 
 1.800000E+00 
 1.800000E+00 
 1.800000E+00 
 1.800000E+00 
 1.800000E+00 
 1.800000E+00 
 1.800000E+00 
 1.800000E+00 
-3.166896E-09 
 1.799999E+00 
 1.799999E+00 
 1.799999E+00 
 1.799999E+00 
 1.799999E+00 
 1.799999E+00 
 1.799999E+00 
 1.799999E+00 
 1.800000E+00 
 1.800000E+00 
 2.955570E-08 
 1.800000E+00 
 1.800000E+00 
 1.800000E+00 
 1.800000E+00 
 1.800000E+00 
 1.800000E+00 
 1.799996E+00 
-3.457515E-07 
 1.800000E+00 
 1.800000E+00 
 1.800000E+00 
 1.800000E+00 
 1.800000E+00 
 1.800000E+00 
 1.800000E+00 
 1.800000E+00 
 1.800000E+00 
 1.800000E+00 
 1.800000E+00 
 2.823822E-06 
 1.800000E+00 
 1.800000E+00 
 1.800000E+00 
 1.800000E+00 
 1.800000E+00 
 1.800000E+00 
 1.800000E+00 
 2.105206E-08 
 1.800000E+00 
 1.800000E+00 
 1.800000E+00 
 1.800000E+00 
 1.800000E+00 
 1.800000E+00 
 1.800000E+00 
 1.800000E+00 
 1.800000E+00 
 1.800000E+00 
 1.800000E+00 
 1.800000E+00 
 1.869239E-07 
 1.800000E+00 
 1.800000E+00 
 1.800000E+00 
 1.800000E+00 
 1.800000E+00 
-1.602146E-07 
 1.800000E+00 
 1.800000E+00 
 1.800000E+00 
 1.800000E+00 
 1.800000E+00 
 1.800000E+00 
 1.800000E+00 
 1.800000E+00 
 1.800000E+00 
 1.800000E+00 
 1.800000E+00 
 1.800000E+00 
 1.800000E+00 
 4.642119E-08 
 1.800000E+00 
 1.800000E+00 
 1.800000E+00 
 1.800000E+00 
 1.800000E+00 
 1.800000E+00 
 1.800000E+00 
 7.520579E-08 
 1.800000E+00 
 1.800000E+00 
 1.800000E+00 
 1.800000E+00 
 1.800000E+00 
 1.800000E+00 
 1.800000E+00 
 1.800000E+00 
 1.800000E+00 
 1.800000E+00 
-1.741245E-07 
 1.800000E+00 
 1.800000E+00 
 1.800000E+00 
 1.800000E+00 
 1.800000E+00 
 1.800000E+00 
 1.800000E+00 
 1.823811E-08 
 1.800008E+00 
 1.800008E+00 
 1.800008E+00 
 1.800008E+00 
 1.800008E+00 
 1.800008E+00 
 1.800008E+00 
 1.800008E+00 
 1.800008E+00 
 1.800008E+00 
 1.800008E+00 
 1.800000E+00 
 2.200921E-06 
 1.800000E+00 
 1.800000E+00 
 1.800000E+00 
 1.800000E+00 
 1.800002E+00 
 4.112808E-08 
 1.800000E+00 
 1.800000E+00 
 1.800000E+00 
 1.800000E+00 
 1.800000E+00 
 1.800000E+00 
 1.800000E+00 
 1.800000E+00 
 1.800000E+00 
 1.800000E+00 
 1.800000E+00 
 1.800000E+00 
 1.784847E-09 
 1.800000E+00 
 1.800000E+00 
 1.800000E+00 
 1.800000E+00 
 1.800000E+00 
 1.800000E+00 
 1.800000E+00 
 1.673719E-08 
 1.800000E+00 
 1.800000E+00 
 1.800000E+00 
 1.800000E+00 
 1.800000E+00 
 1.800000E+00 
 1.800000E+00 
 1.800000E+00 
 6.275945E-09 
 1.800007E+00 
 1.800007E+00 
 1.800007E+00 
 1.800007E+00 
 1.800007E+00 
 1.800007E+00 
 1.800007E+00 
 1.800007E+00 
 1.800007E+00 
 1.800000E+00 
 5.532997E-08 
 1.800000E+00 
 1.800000E+00 
 1.800000E+00 
 1.800000E+00 
 1.800000E+00 
 1.800000E+00 
 5.494630E-09 
 1.799999E+00 
 1.799999E+00 
 1.799999E+00 
 1.799999E+00 
 1.799999E+00 
 1.799999E+00 
 1.799999E+00 
 1.799999E+00 
 1.799999E+00 
 1.799999E+00 
 1.800000E+00 
 1.158228E-08 
 1.800000E+00 
 1.800000E+00 
 1.800000E+00 
 1.800000E+00 
 3.543732E-06 
 1.800000E+00 
 1.800000E+00 
 1.800000E+00 
 1.800000E+00 
 1.800000E+00 
 1.800000E+00 
 1.800000E+00 
 1.800000E+00 
 1.800000E+00 
 1.800000E+00 
 1.800000E+00 
 1.800000E+00 
 5.392618E-09 
 1.800000E+00 
 1.800000E+00 
 1.800000E+00 
 1.800000E+00 
 7.567413E-07 
 1.800000E+00 
 1.800000E+00 
 1.800000E+00 
 1.800000E+00 
 1.800000E+00 
 1.800000E+00 
 1.800000E+00 
 1.800000E+00 
 1.800000E+00 
 1.800000E+00 
 1.800000E+00 
 4.997828E-07 
 1.800000E+00 
 1.800000E+00 
 1.800003E+00 
 1.800000E+00 
 2.049319E-08 
 1.800000E+00 
 1.800000E+00 
 1.800000E+00 
 1.800000E+00 
 1.800000E+00 
 1.800000E+00 
 1.800000E+00 
 1.800000E+00 
 1.800000E+00 
 1.800000E+00 
 6.957039E-08 
 1.800000E+00 
 1.800000E+00 
 1.800000E+00 
 1.800000E+00 
 1.800000E+00 
 1.800000E+00 
-4.479730E-07 
 1.800000E+00 
 1.800000E+00 
 1.800000E+00 
 1.800000E+00 
 1.800000E+00 
 1.800000E+00 
 1.800000E+00 
 1.014847E-08 
 1.800000E+00 
 1.800000E+00 
 1.800000E+00 
 1.800000E+00 
 1.800000E+00 
 1.800000E+00 
 5.503367E-08 
 1.800000E+00 
 1.800000E+00 
 1.800000E+00 
 1.800000E+00 
 1.800000E+00 
 1.800000E+00 
 1.800000E+00 
 1.800000E+00 
 7.036748E-08 
 1.800000E+00 
 1.800000E+00 
 1.800000E+00 
 1.800000E+00 
 1.800000E+00 
 1.800000E+00 
 6.937870E-07 
 1.800000E+00 
 1.800000E+00 
 1.800000E+00 
 1.800000E+00 
 1.800000E+00 
 1.800000E+00 
 1.800000E+00 
-1.372741E-06 
 1.800000E+00 
 1.800000E+00 
 1.800000E+00 
 1.800000E+00 
 1.800000E+00 
-4.862371E-08 
 1.800000E+00 
 1.800000E+00 
 1.800000E+00 
 1.800000E+00 
 1.800000E+00 
 1.800000E+00 
 1.800000E+00 
 1.800000E+00 
 1.322831E-08 
 1.800000E+00 
 1.800000E+00 
 1.800000E+00 
 1.800000E+00 
 2.901187E-07 
 1.800000E+00 
 1.800000E+00 
 1.800000E+00 
 1.800000E+00 
 1.800000E+00 
 1.800000E+00 
 1.800000E+00 
 1.892158E-08 
 1.800000E+00 
 1.800000E+00 
 1.800000E+00 
 1.800000E+00 
 1.800000E+00 
 1.800004E+00 
-4.001057E-07 
 1.800000E+00 
 1.800000E+00 
 1.800000E+00 
 1.800000E+00 
 1.800000E+00 
-6.991409E-09 
 1.800000E+00 
 1.800000E+00 
 1.800000E+00 
 1.800000E+00 
 1.800000E+00 
 1.800000E+00 
 1.799998E+00 
 1.856471E-07 
 1.800000E+00 
 1.800000E+00 
 1.800002E+00 
 3.065948E-06 
 1.799998E+00 
 1.799999E+00 
 1.799999E+00 
 1.799999E+00 
 1.799999E+00 
 1.799999E+00 
 1.799999E+00 
 1.800000E+00 
-1.009917E-08 
 1.800000E+00 
 1.800000E+00 
 1.800000E+00 
 1.800000E+00 
-4.436753E-08 
 1.800000E+00 
 1.800000E+00 
 1.800000E+00 
 1.800000E+00 
 1.800000E+00 
 1.800000E+00 
 3.391688E-07 
 1.800000E+00 
 1.800000E+00 
 1.800000E+00 
 8.263574E-06 
 1.800000E+00 
 1.800000E+00 
 1.800000E+00 
 1.800000E+00 
 1.800000E+00 
 1.800000E+00 
 1.800000E+00 
 1.799999E+00 
 6.650813E-08 
 1.800000E+00 
 1.800000E+00 
 3.487015E-06 
 1.800000E+00 
 1.800000E+00 
 1.800000E+00 
 1.800000E+00 
 1.800000E+00 
 1.800000E+00 
 1.800008E+00 
 2.504241E-07 
 1.800000E+00 
 1.800000E+00 
 1.800000E+00 
 1.800000E+00 
-2.316495E-05 
 1.800000E+00 
 1.800000E+00 
 1.800000E+00 
 1.800000E+00 
 4.033691E-08 
 1.800000E+00 
 1.800000E+00 
 1.800000E+00 
 1.800000E+00 
 1.800000E+00 
 1.800000E+00 
-2.600176E-08 
 1.799999E+00 
 1.800000E+00 
-1.435683E-07 
 1.800002E+00 
 1.800002E+00 
 1.800002E+00 
 1.800002E+00 
 1.800002E+00 
 1.800002E+00 
 1.800000E+00 
-6.034390E-08 
 1.800000E+00 
 1.800000E+00 
 1.800000E+00 
-1.891666E-05 
 1.800000E+00 
 1.800000E+00 
 1.800000E+00 
 1.800000E+00 
 1.800000E+00 
 5.280002E-08 
 1.800000E+00 
 1.800000E+00 
 1.800000E+00 
 1.800000E+00 
 7.151949E-09 
 1.800000E+00 
 1.799999E+00 
 1.800000E+00 
 2.698009E-08 
 1.800000E+00 
 1.800000E+00 
 1.800000E+00 
 1.800000E+00 
 1.800000E+00 
 1.800000E+00 
 6.226630E-09 
 1.800000E+00 
 1.800000E+00 
-3.629585E-09 
 1.799998E+00 
 1.799998E+00 
 1.799998E+00 
 1.799998E+00 
 1.799998E+00 
 1.800000E+00 
-2.287258E-06 
 1.800000E+00 
 1.800007E+00 
 3.169732E-07 
 1.800000E+00 
 1.800000E+00 
 1.800000E+00 
 1.800000E+00 
 1.800000E+00 
-7.102406E-07 
 1.800000E+00 
 1.800000E+00 
 1.800002E+00 
-7.929034E-07 
 1.800000E+00 
 1.800000E+00 
 1.800000E+00 
 1.800000E+00 
-3.052561E-09 
 1.800000E+00 
 1.800000E+00 
 1.800000E+00 
 1.800000E+00 
 6.857891E-08 
 1.800000E+00 
 1.800000E+00 
 1.799998E+00 
 4.745261E-09 
 1.799999E+00 
 1.800000E+00 
 1.800000E+00 
 1.799999E+00 
 2.473366E-08 
 1.800000E+00 
 1.800000E+00 
 1.800008E+00 
-4.423906E-08 
 1.800000E+00 
 1.800000E+00 
 1.800000E+00 
 1.799999E+00 
-4.562113E-08 
 1.800000E+00 
 1.800000E+00 
 1.799997E+00 
 1.129828E-06 
 1.800007E+00 
 1.800007E+00 
 1.800000E+00 
 1.782515E-09 
 1.800000E+00 
 1.800000E+00 
 1.800000E+00 
 1.800000E+00 
 6.999050E-06 
 1.800000E+00 
 1.800000E+00 
 1.800000E+00 
-1.891072E-08 
 1.800000E+00 
 1.800000E+00 
 1.800000E+00 
 3.260258E-09 
 1.800000E+00 
 1.800000E+00 
 1.800000E+00 
 1.800000E+00 
-2.511844E-06 
 1.800000E+00 
 1.800000E+00 
 3.608815E-09 
 1.800000E+00 
 1.800000E+00 
 1.800000E+00 
 1.800000E+00 
 1.873685E-08 
 1.800000E+00 
 1.800000E+00 
 9.506861E-09 
 1.800000E+00 
 1.800000E+00 
 1.800000E+00 
 1.800000E+00 
-2.510546E-08 
 1.800000E+00 
 1.800000E+00 
 1.800004E+00 
 1.586279E-06 
 1.800000E+00 
 1.800000E+00 
-4.238075E-08 
 1.800007E+00 
 1.800007E+00 
 1.800000E+00 
 1.800000E+00 
-2.190028E-06 
 1.800000E+00 
 9.579755E-07 
 1.800000E+00 
 1.799999E+00 
 1.799999E+00 
 1.799999E+00 
 1.800002E+00 
-4.676564E-07 
 1.800000E+00 
 1.800000E+00 
 4.767053E-08 
 1.800000E+00 
 1.800000E+00 
 9.912961E-07 
 1.800000E+00 
 1.800000E+00 
 1.800000E+00 
 1.800000E+00 
 5.460728E-09 
 1.800000E+00 
 7.672322E-08 
 1.800000E+00 
 1.800000E+00 
 1.800000E+00 
 1.800000E+00 
 1.800000E+00 
 8.011011E-09 
 3.035638E-09 
 1.800000E+00 
 1.800000E+00 
 1.800000E+00 
 1.800000E+00 
 1.800000E+00 
 1.637285E-05 
 1.800000E+00 
 5.724605E-07 
 1.800000E+00 
 1.800000E+00 
 1.800000E+00 
-2.305525E-08 
 1.800000E+00 
 1.800000E+00 
 1.800000E+00 
 3.754132E-07 
 1.800000E+00 
-7.175106E-07 
 1.800000E+00 
 1.800000E+00 
 1.800000E+00 
 1.800000E+00 
-8.057935E-08 
 1.800000E+00 
 1.800002E+00 
 4.189515E-06 
 1.800000E+00 
 1.800000E+00 
-4.558630E-08 
 1.800000E+00 
 1.800000E+00 
 1.800002E+00 
-4.460128E-07 
 1.800000E+00 
 1.800000E+00 
 9.723733E-08 
 1.800000E+00 
 1.800007E+00 
 1.130268E-05 
 1.800000E+00 
 1.800000E+00 
 1.800000E+00 
-8.858185E-07 
 1.800000E+00 
 1.800000E+00 
-2.270769E-05 
 1.800000E+00 
 1.800000E+00 
 2.124204E-07 
 1.800000E+00 
 1.800000E+00 
 1.759574E-08 
 1.800000E+00 
 1.800000E+00 
 1.800000E+00 
-4.148719E-07 
 1.799999E+00 
 1.800000E+00 
-2.512397E-07 
 1.800000E+00 
 2.850587E-08 
 1.800000E+00 
 1.800000E+00 
 1.800000E+00 
 1.800000E+00 
 1.526376E-08 
 1.800000E+00 
 2.201108E-07 
 1.800000E+00 
 1.800000E+00 
 5.074121E-08 
 1.800000E+00 
 1.800000E+00 
 1.799998E+00 
-1.851720E-06 
 1.800007E+00 
-5.230524E-07 
 1.800000E+00 
 1.799999E+00 
 1.800000E+00 
-1.215382E-05 
 1.800000E+00 
-6.269809E-09 
 1.800000E+00 
 1.800000E+00 
 1.800000E+00 
 1.993882E-08 
 1.800000E+00 
 1.889270E-07 
 1.800000E+00 
 1.800000E+00 
 1.800000E+00 
-1.631993E-07 
 1.800000E+00 
-8.281349E-07 
 1.800002E+00 
 1.800000E+00 
 1.800000E+00 
 4.052129E-07 
 3.004721E-07 
 1.800000E+00 
 1.800000E+00 
 1.800000E+00 
 1.800000E+00 
 8.436817E-09 
 1.800007E+00 
 1.131113E-06 
 1.800000E+00 
 1.800007E+00 
-4.094107E-06 
 1.800000E+00 
 1.800000E+00 
 5.134255E-08 
 1.800001E+00 
 2.751190E-06 
 1.800000E+00 
 1.800000E+00 
 1.800002E+00 
-8.691000E-07 
-2.038603E-07 
 1.800000E+00 
 1.800000E+00 
 1.800000E+00 
 1.800000E+00 
 3.164302E-07 
 3.135626E-07 
 1.800000E+00 
 1.800000E+00 
 1.800004E+00 
 6.582671E-06 
 1.799998E+00 
 5.644750E-08 
 1.799998E+00 
 1.800000E+00 
 6.676142E-07 
 1.800000E+00 
 1.800000E+00 
-1.002564E-07 
 1.800000E+00 
 3.668235E-09 
 1.800000E+00 
 1.800000E+00 
-3.313052E-07 
 1.800000E+00 
 1.800000E+00 
 1.457837E-08 
 1.800000E+00 
 1.346556E-08 
 1.799999E+00 
 1.799999E+00 
 5.530688E-06 
 1.800000E+00 
 1.800000E+00 
-1.809214E-06 
-1.659452E-06 
 1.800007E+00 
 1.800007E+00 
 1.800007E+00 
 1.800000E+00 
 4.352257E-08 
 3.011165E-08 
 1.800000E+00 
 1.800000E+00 
-9.589640E-07 
 1.800000E+00 
 1.223833E-08 
 1.800000E+00 
 1.800001E+00 
 2.356030E-07 
 1.800000E+00 
 1.800000E+00 
 3.770076E-07 
 1.800000E+00 
 1.574976E-07 
 1.800000E+00 
 1.800000E+00 
 2.126026E-05 
 1.800009E+00 
-1.043450E-05 
 1.800000E+00 
 5.390286E-08 
 1.800004E+00 
 1.800004E+00 
 1.800000E+00 
 1.583074E-07 
-2.127801E-08 
 1.800000E+00 
 1.800000E+00 
-1.551456E-05 
 1.800000E+00 
 9.912616E-06 
 1.800006E+00 
 1.800000E+00 
 5.955123E-08 
 1.800000E+00 
 1.800000E+00 
-5.762403E-08 
-3.536264E-08 
 1.800000E+00 
 1.800000E+00 
-9.133987E-09 
 1.800000E+00 
 1.800005E+00 
-1.936758E-08 
 1.800000E+00 
 2.016186E-07 
 1.800000E+00 
-8.919199E-06 
 1.800001E+00 
-7.979498E-08 
 1.800004E+00 
 1.800004E+00 
 1.800000E+00 
-2.394400E-07 
-3.774683E-08 
 1.800000E+00 
 7.123680E-07 
 1.800000E+00 
 1.800000E+00 
 7.908055E-09 
 1.800000E+00 
 1.800000E+00 
-4.627092E-06 
-4.802431E-06 
 1.800000E+00 
 1.800000E+00 
 1.025227E-08 
 1.800002E+00 
-2.352683E-08 
 1.800000E+00 
-2.089144E-08 
 1.800000E+00 
 1.800000E+00 
 6.594280E-08 
 1.800003E+00 
 1.176452E-05 
 1.800000E+00 
-8.074582E-08 
 1.800000E+00 
 1.800000E+00 
 5.182776E-08 
 5.351109E-08 
 1.800000E+00 
 1.800000E+00 
 3.278049E-08 
 1.800000E+00 
-4.117276E-09 
 1.800000E+00 
 8.062816E-07 
 1.800000E+00 
 1.800000E+00 
-1.161990E-07 
 1.458978E-07 
 1.800000E+00 
 1.800000E+00 
 2.985036E-09 
 1.800000E+00 
-2.089645E-07 
 1.800006E+00 
 1.800000E+00 
 2.115898E-08 
 6.915532E-09 
 1.800000E+00 
 1.256738E-05 
 1.800000E+00 
 1.800000E+00 
 5.781535E-09 
 1.800000E+00 
-1.181125E-05 
 1.800000E+00 
 3.157815E-07 
 1.800000E+00 
 1.955780E-06 
 1.800000E+00 
 3.940720E-06 
 1.800000E+00 
 1.421743E-06 
 1.800000E+00 
 1.800000E+00 
-8.166074E-07 
 5.523019E-09 
 1.800000E+00 
-1.708952E-08 
 1.799999E+00 
 1.800000E+00 
 2.540712E-06 
 1.799999E+00 
 1.253775E-06 
-6.755437E-09 
 1.800000E+00 
 1.800000E+00 
 8.469714E-09 
 1.800000E+00 
 7.596371E-09 
 1.800000E+00 
 3.432112E-06 
 1.800000E+00 
-2.939030E-08 
 1.800002E+00 
-1.773236E-06 
 1.800000E+00 
 3.004358E-07 
 1.800000E+00 
-8.490608E-07 
 1.800000E+00 
-2.663566E-06 
 1.800000E+00 
 2.584672E-06 
 1.800001E+00 
-2.582862E-08 
 1.800006E+00 
 7.649849E-07 
 1.800000E+00 
 7.903389E-07 
 1.800007E+00 
 2.176792E-07 
 1.800000E+00 
 5.968833E-09 
 1.799999E+00 
 1.893719E-07 
 1.800000E+00 
-1.033681E-07 
-5.984167E-08 
 1.800000E+00 
 1.800000E+00 
-2.113219E-07 
 1.800000E+00 
 5.221627E-06 
 1.800000E+00 
-1.898248E-08 
-1.943831E-08 
 1.800000E+00 
 1.800000E+00 
 2.379313E-07 
 1.800000E+00 
 1.118007E-05 
 1.121199E-05 
 1.799998E+00 
 1.012750E-08 
 1.800000E+00 
 8.585905E-09 
 1.800000E+00 
 1.800000E+00 
 9.323300E-06 
-4.314368E-07 
-4.314269E-07 
 1.800001E+00 
 1.800001E+00 
-9.768748E-07 
 1.800000E+00 
 1.438468E-07 
 1.800000E+00 
 9.200545E-09 
 7.452334E-09 
 1.800003E+00 
-1.375379E-05 
 1.800000E+00 
 1.800000E+00 
 1.380595E-06 
 1.376831E-06 
 1.376831E-06 
 1.800000E+00 
 1.800000E+00 
 6.217678E-06 
 1.800000E+00 
-4.334145E-06 
 1.081663E-06 
 1.800000E+00 
 1.294080E-06 
 1.800000E+00 
-3.114904E-09 
 1.800000E+00 
 9.487698E-09 
 1.800007E+00 
 3.415675E-06 
 1.800000E+00 
-9.361461E-08 
-3.028135E-08 
 1.800000E+00 
 6.977351E-09 
 1.800000E+00 
-6.141459E-06 
 1.800000E+00 
 1.799708E-06 
 2.511455E-08 
 1.800000E+00 
 1.800000E+00 
 3.689656E-07 
 4.585655E-07 
 4.585623E-07 
 1.800000E+00 
 1.800000E+00 
 4.167203E-06 
 1.800000E+00 
 7.110274E-09 
 7.260357E-09 
 1.800000E+00 
 1.902462E-06 
 1.877016E-06 
 1.800000E+00 
 1.800000E+00 
-3.191323E-08 
 4.077890E-08 
 1.799999E+00 
 1.180035E-08 
 1.800000E+00 
-3.533390E-06 
-1.166408E-07 
 1.800000E+00 
 1.800006E+00 
-2.699501E-07 
-5.049071E-08 
-5.047908E-08 
 1.800000E+00 
 1.800000E+00 
 6.313635E-08 
 5.830219E-08 
 5.830213E-08 
 1.800000E+00 
 1.800000E+00 
 7.726167E-07 
-3.940833E-07 
 1.800006E+00 
 8.030051E-09 
 1.800001E+00 
 5.935676E-06 
 5.835404E-06 
 1.800000E+00 
-9.922011E-09 
 1.800007E+00 
-3.685120E-06 
-2.503384E-06 
 1.800000E+00 
 7.165090E-09 
 1.800000E+00 
 6.963741E-08 
 9.731258E-09 
 1.800007E+00 
-7.519020E-08 
 1.800000E+00 
-4.235322E-08 
 1.800000E+00 
-7.361482E-07 
-9.822582E-07 
-9.822580E-07 
 1.800000E+00 
 1.800006E+00 
 6.329725E-08 
 6.309996E-08 
 1.800000E+00 
 3.446880E-07 
 2.112716E-09 
 1.800000E+00 
 1.922262E-09 
 1.800000E+00 
 7.017675E-06 
 6.931342E-06 
 1.800007E+00 
 1.487272E-05 
 1.475320E-05 
 1.800000E+00 
 6.012597E-07 
 1.800002E+00 
-3.210019E-07 
 1.800000E+00 
 1.089311E-06 
 1.604856E-06 
 1.604856E-06 
 1.800000E+00 
 1.264987E-06 
 1.800000E+00 
-3.257551E-06 
 1.800000E+00 
 1.352826E-05 
-4.262972E-06 
-4.262882E-06 
 1.800000E+00 
 1.800000E+00 
-2.409081E-06 
-2.189799E-06 
-2.189799E-06 
 1.800000E+00 
 2.042537E-08 
 9.632691E-09 
 1.800000E+00 
 1.800000E+00 
-9.945218E-09 
-9.694492E-09 
-9.694860E-09 
-9.694637E-09 
 1.800000E+00 
 1.800000E+00 
-1.327968E-09 
 1.070822E-08 
 1.070794E-08 
 1.800000E+00 
 1.800000E+00 
-3.884913E-07 
 1.513771E-08 
 1.513718E-08 
 1.513696E-08 
 1.800000E+00 
 1.800000E+00 
 3.222332E-06 
 3.233697E-06 
 3.233697E-06 
 1.800000E+00 
-2.842563E-08 
 1.800000E+00 
 1.581240E-07 
 1.873740E-07 
 1.873755E-07 
 1.800000E+00 
-8.358722E-06 
 1.800000E+00 
 2.985429E-07 
 3.124510E-07 
 1.800000E+00 
-7.566319E-06 
 1.862088E-05 
 1.800000E+00 
 3.203180E-07 
 1.710904E-07 
 1.799999E+00 
 1.736022E-06 
-2.475369E-05 
 1.800000E+00 
-1.221704E-07 
-1.204565E-07 
 1.800000E+00 
 8.916579E-08 
 8.669088E-08 
 1.800000E+00 
 1.777773E-06 
 1.466894E-06 
 1.800000E+00 
 1.146916E-08 
 1.800000E+00 
 1.137763E-06 
 6.193843E-09 
 6.190272E-09 
 6.190285E-09 
 1.799998E+00 
 1.800000E+00 
 2.054874E-08 
 1.547538E-08 
 1.547535E-08 
 1.547539E-08 
 1.800000E+00 
 1.981033E-08 
 1.800000E+00 
 4.986765E-08 
-5.384688E-08 
 1.800000E+00 
-1.400821E-05 
 1.732788E-05 
 1.732788E-05 
 1.800007E+00 
 1.500891E-08 
 1.468447E-08 
 1.800000E+00 
 1.822988E-08 
 1.800000E+00 
-1.156710E-06 
 2.176426E-07 
 2.176410E-07 
 2.176410E-07 
 1.800000E+00 
-3.513574E-07 
 1.800000E+00 
 8.483860E-09 
 6.491879E-09 
 6.491961E-09 
 1.800005E+00 
 9.966893E-08 
 1.800000E+00 
 2.189422E-05 
 5.554896E-09 
 5.554857E-09 
 5.555100E-09 
 1.800000E+00 
 3.565651E-08 
 1.800001E+00 
 5.576096E-07 
 4.064709E-07 
 4.064699E-07 
 1.800000E+00 
 1.042138E-08 
 1.043229E-08 
 1.043038E-08 
 1.800000E+00 
 7.715440E-07 
 1.800000E+00 
 2.079160E-07 
 1.867968E-07 
 1.867941E-07 
 1.799998E+00 
-6.092359E-07 
 6.390085E-09 
 6.390140E-09 
 1.800000E+00 
 1.824000E-09 
 2.528321E-09 
 1.800000E+00 
 5.354932E-08 
 3.633016E-08 
 3.634152E-08 
 1.800000E+00 
 4.951063E-06 
 4.852026E-06 
 1.800000E+00 
 2.012651E-06 
-4.703299E-08 
-4.703285E-08 
 1.800000E+00 
-1.174612E-07 
 6.279447E-09 
 1.800000E+00 
 3.102283E-08 
-3.189250E-07 
-3.189250E-07 
 1.800004E+00 
 1.043386E-05 
-2.306136E-05 
-2.306136E-05 
 1.800000E+00 
 1.993358E-06 
 1.994301E-06 
 1.800003E+00 
 1.508978E-06 
 1.489625E-06 
 1.489630E-06 
 1.800000E+00 
-1.370836E-07 
 1.930285E-08 
 1.930200E-08 
 1.800000E+00 
 5.053247E-08 
 6.815716E-09 
 6.813393E-09 
 1.800000E+00 
 2.527467E-07 
 2.722244E-07 
 1.800000E+00 
 1.009717E-08 
 9.696016E-09 
 9.704032E-09 
 9.704073E-09 
 1.800000E+00 
 1.351181E-05 
 1.351127E-05 
 1.799999E+00 
-2.438619E-07 
-1.292124E-09 
-1.293605E-09 
 1.800000E+00 
 6.569194E-07 
 1.126178E-08 
 1.126220E-08 
 1.126179E-08 
 1.800000E+00 
-1.347657E-08 
 1.800000E+00 
-3.050730E-08 
-2.585567E-09 
-2.586009E-09 
-2.586092E-09 
-2.586042E-09 
 1.800000E+00 
 2.026864E-07 
 2.025113E-07 
 1.800000E+00 
-8.446688E-06 
-8.445137E-06 
-8.445137E-06 
-8.445137E-06 
 1.800000E+00 
 9.079505E-06 
 9.078998E-06 
 9.078997E-06 
 1.800000E+00 
 5.136476E-08 
 3.157869E-08 
 1.800000E+00 
-3.434289E-06 
-3.434261E-06 
-3.434256E-06 
-3.434261E-06 
-3.434262E-06 
 1.800000E+00 
 9.420235E-09 
 8.870605E-09 
 1.800000E+00 
-1.731361E-07 
-1.348896E-07 
-1.348946E-07 
-1.348945E-07 
 1.800000E+00 
 3.744204E-07 
 3.742538E-07 
 3.742539E-07 
 3.742878E-07 
 1.800000E+00 
-7.942238E-08 
-4.973143E-08 
 1.799999E+00 
-2.318840E-05 
-2.328658E-05 
-2.328658E-05 
-2.328660E-05 
-2.328658E-05 
 1.800002E+00 
 3.028616E-06 
 3.341902E-06 
 1.800000E+00 
 1.763434E-05 
 1.758301E-05 
 1.758301E-05 
 1.758301E-05 
 1.758301E-05 
 1.800000E+00 
 4.997459E-06 
-4.617014E-08 
-4.617016E-08 
 1.800000E+00 
 2.315736E-06 
-9.205564E-06 
-9.205564E-06 
-9.205564E-06 
 1.800000E+00 
 5.038780E-07 
 1.439143E-07 
 1.439142E-07 
 1.800000E+00 
 4.121892E-11 
 7.446420E-10 
 7.443477E-10 
 7.445218E-10 
 7.443810E-10 
 1.800007E+00 
 1.887734E-08 
 1.984052E-08 
 1.984008E-08 
 1.800000E+00 
 1.507681E-07 
 3.888919E-07 
 3.888918E-07 
 3.888919E-07 
 1.800000E+00 
 5.158656E-07 
 1.158838E-08 
 1.160486E-08 
 1.160547E-08 
 1.160486E-08 
 1.800000E+00 
-1.153496E-06 
-1.846110E-06 
-1.846110E-06 
 1.800000E+00 
-4.148517E-08 
 2.108867E-09 
 2.109005E-09 
 2.109108E-09 
 2.108154E-09 
 1.799999E+00 
 1.917701E-06 
 1.046747E-05 
 1.046745E-05 
 1.800000E+00 
 2.932848E-06 
-2.410293E-07 
-2.410295E-07 
-2.410285E-07 
-2.410294E-07 
-2.410293E-07 
 1.800000E+00 
 2.758888E-08 
 2.766013E-08 
 1.799999E+00 
-5.600325E-08 
-5.844834E-08 
-5.845079E-08 
-5.845077E-08 
-5.845076E-08 
-5.845076E-08 
-5.845073E-08 
 1.800000E+00 
-5.686654E-07 
-5.720631E-07 
-5.720628E-07 
 1.800000E+00 
 1.263406E-06 
-2.362662E-05 
-2.362662E-05 
-2.362662E-05 
-2.362662E-05 
 1.800000E+00 
 2.165753E-05 
-1.756101E-05 
-1.756101E-05 
-1.756101E-05 
-1.756101E-05 
 1.800004E+00 
-5.014717E-07 
-4.048418E-08 
-4.048418E-08 
-4.048410E-08 
 1.800000E+00 
-1.564946E-06 
-1.280210E-06 
-1.280210E-06 
-1.280263E-06 
-1.280210E-06 
-1.280210E-06 
 1.800007E+00 
 9.389229E-08 
 2.132147E-09 
 2.132048E-09 
 1.800000E+00 
 1.198611E-06 
 3.847178E-09 
 3.847193E-09 
 3.847392E-09 
 3.847123E-09 
 3.847376E-09 
 3.847983E-09 
 1.800007E+00 
-1.694350E-07 
 1.177897E-08 
 1.177843E-08 
 1.177838E-08 
 1.800000E+00 
-5.271392E-07 
-5.269017E-07 
-5.268967E-07 
-5.269008E-07 
-5.269039E-07 
-5.269017E-07 
 1.800000E+00 
 1.369950E-07 
 5.111244E-09 
 5.108345E-09 
 5.111153E-09 
 5.112052E-09 
 1.800000E+00 
 5.257661E-09 
 5.140024E-09 
 5.140308E-09 
 5.140283E-09 
 5.139668E-09 
 1.800000E+00 
 3.247132E-07 
 2.504143E-07 
 2.504141E-07 
 2.504144E-07 
 2.504142E-07 
 2.504144E-07 
 1.800000E+00 
-8.178321E-06 
 7.825383E-06 
 7.825382E-06 
 7.825382E-06 
 7.825381E-06 
 7.825382E-06 
 1.800000E+00 
 2.784889E-07 
-9.299111E-10 
-9.288469E-10 
-9.292645E-10 
-9.296918E-10 
 1.800000E+00 
 7.615368E-09 
 6.647763E-09 
 6.647681E-09 
 6.647734E-09 
 6.648542E-09 
 6.647431E-09 
 1.800000E+00 
-1.125580E-05 
-1.161358E-05 
-1.161358E-05 
-1.161358E-05 
-1.161358E-05 
-1.161358E-05 
 1.800000E+00 
-4.518398E-07 
 1.275274E-07 
 1.275285E-07 
 1.275278E-07 
 1.275285E-07 
 1.275283E-07 
 1.275284E-07 
 1.800000E+00 
 1.368257E-06 
-1.473966E-05 
-1.473965E-05 
-1.473966E-05 
-1.473962E-05 
 1.800002E+00 
 7.783109E-08 
 6.918534E-08 
 6.918402E-08 
 6.918408E-08 
 6.918347E-08 
 6.918404E-08 
 6.918108E-08 
 1.800000E+00 
 1.388806E-06 
 6.237809E-07 
 6.237829E-07 
 6.237827E-07 
 6.237838E-07 
 6.237829E-07 
 1.800000E+00 
-1.369463E-05 
 1.832823E-05 
 1.832822E-05 
 1.832822E-05 
 1.832822E-05 
 1.832822E-05 
 1.832822E-05 
 1.800000E+00 
-2.435753E-06 
 7.140913E-08 
 7.140651E-08 
 7.140644E-08 
 7.140646E-08 
 7.140650E-08 
 7.140641E-08 
 1.800000E+00 
-1.574609E-06 
-1.574734E-06 
-1.574739E-06 
-1.574739E-06 
-1.574738E-06 
-1.574739E-06 
 1.800000E+00 
-4.840994E-05 
-8.078397E-07 
-8.078387E-07 
-8.078386E-07 
-8.078385E-07 
-8.078386E-07 
-8.078385E-07 
-8.078728E-07 
 1.800007E+00 
-9.031788E-08 
-3.359748E-07 
-3.359749E-07 
-3.359748E-07 
-3.359748E-07 
-3.359753E-07 
-3.359663E-07 
 1.800000E+00 
-1.101339E-04 
 2.659331E-09 
 2.659330E-09 
 2.659287E-09 
 2.659289E-09 
 2.659304E-09 
 1.800000E+00 
 2.506257E-07 
-3.660923E-08 
-3.661107E-08 
-3.660900E-08 
-3.660924E-08 
-3.660924E-08 
-3.660927E-08 
-3.661011E-08 
-3.660923E-08 
-3.661063E-08 
 1.800000E+00 
 1.271036E-06 
 1.407568E-06 
 1.407568E-06 
 1.407565E-06 
 1.800000E+00 
-1.418962E-06 
-1.419838E-06 
-1.419849E-06 
-1.419849E-06 
-1.419849E-06 
-1.419849E-06 
-1.419849E-06 
-1.419849E-06 
-1.419850E-06 
-1.419849E-06 
-1.419849E-06 
-1.419849E-06 
 1.800000E+00 
 6.621735E-06 
-5.290764E-07 
-5.290768E-07 
-5.290772E-07 
 1.800000E+00 
-7.181465E-06 
 1.292450E-05 
 1.292450E-05 
 1.292450E-05 
 1.292449E-05 
 1.292450E-05 
 1.292450E-05 
 1.292450E-05 
 1.292450E-05 
 1.292450E-05 
 1.292450E-05 
 1.800000E+00 
-1.367691E-08 
-1.067090E-08 
-1.067027E-08 
-1.067023E-08 
-1.067060E-08 
-1.067061E-08 
 1.800000E+00 
 4.733345E-07 
 4.208059E-07 
 4.208059E-07 
 4.208055E-07 
 4.208058E-07 
 4.208059E-07 
 4.208059E-07 
 4.208057E-07 
 4.208059E-07 
 4.208061E-07 
 1.800000E+00 
-8.113539E-06 
-7.387809E-06 
-7.387808E-06 
-7.387808E-06 
-7.387808E-06 
-7.387809E-06 
-7.387808E-06 
 1.800000E+00 
 1.922953E-06 
-3.955566E-09 
-3.955363E-09 
-3.955275E-09 
-3.954068E-09 
-3.954239E-09 
-3.955437E-09 
-3.955340E-09 
-3.955484E-09 
 1.800000E+00 
-8.299625E-06 
 1.029554E-05 
 1.029554E-05 
 1.029554E-05 
 1.029554E-05 
 1.029554E-05 
 1.029553E-05 
 1.029554E-05 
 1.029554E-05 
 1.800000E+00 
 2.233261E-06 
 5.052812E-09 
 5.052807E-09 
 5.052851E-09 
 5.052865E-09 
 5.052751E-09 
 5.052894E-09 
 5.052818E-09 
 1.800000E+00 
-1.187159E-06 
-1.142189E-06 
-1.142188E-06 
-1.142189E-06 
-1.142188E-06 
-1.142188E-06 
-1.142188E-06 
-1.142189E-06 
-1.142188E-06 
 1.800000E+00 
 8.148897E-09 
 9.039203E-09 
 9.039247E-09 
 9.039512E-09 
 9.039530E-09 
 9.039536E-09 
 9.039442E-09 
 9.039538E-09 
 9.038159E-09 
 9.046800E-09 
 1.800000E+00 
 6.077383E-06 
-2.209539E-05 
-2.209539E-05 
-2.209539E-05 
-2.209539E-05 
-2.209539E-05 
-2.209539E-05 
 1.800005E+00 
 8.402957E-07 
 4.766760E-07 
 4.766760E-07 
 4.766798E-07 
 4.766759E-07 
 4.766761E-07 
 4.766760E-07 
 4.766762E-07 
 4.766760E-07 
 4.766662E-07 
 4.766761E-07 
 1.799999E+00 
 1.007815E-06 
 6.542614E-09 
 6.542196E-09 
 6.542155E-09 
 6.542184E-09 
 6.542223E-09 
 6.542149E-09 
 1.800000E+00 
-1.309362E-09 
 3.066103E-09 
 3.066092E-09 
 3.066059E-09 
 3.076505E-09 
 3.066130E-09 
 3.066098E-09 
 3.066097E-09 
 3.066051E-09 
 3.065856E-09 
 3.065961E-09 
 1.800000E+00 
 1.872058E-07 
 1.129247E-08 
 1.129235E-08 
 1.129234E-08 
 1.129233E-08 
 1.129183E-08 
 1.128833E-08 
 1.129234E-08 
 1.800000E+00 
 1.849851E-06 
 1.864547E-06 
 1.864547E-06 
 1.864547E-06 
 1.864541E-06 
 1.864546E-06 
 1.864547E-06 
 1.864547E-06 
 1.864546E-06 
 1.800002E+00 
-1.124556E-07 
-8.082617E-08 
-8.082615E-08 
-8.082614E-08 
-8.082615E-08 
-8.082616E-08 
-8.082649E-08 
-8.082555E-08 
-8.082628E-08 
-8.082631E-08 
 1.800000E+00 
 3.625684E-07 
 4.105902E-07 
 4.105901E-07 
 4.105907E-07 
 4.105903E-07 
 4.105882E-07 
 4.105903E-07 
 4.105897E-07 
 1.800000E+00 
 1.320301E-06 
 5.693972E-09 
 5.735359E-09 
 5.735371E-09 
 5.735353E-09 
 5.735353E-09 
 5.735342E-09 
 5.735365E-09 
 5.735654E-09 
 1.800000E+00 
-2.794785E-08 
-2.776350E-08 
-2.776423E-08 
-2.776349E-08 
-2.776359E-08 
-2.776306E-08 
-2.776350E-08 
-2.776353E-08 
-2.776346E-08 
-2.776269E-08 
 1.800000E+00 
-1.135032E-05 
-1.144802E-05 
-1.144802E-05 
-1.144803E-05 
-1.144802E-05 
-1.144802E-05 
-1.144802E-05 
-1.144802E-05 
 1.800000E+00 
-2.264439E-07 
 4.570724E-09 
 4.572476E-09 
 4.572636E-09 
 4.572768E-09 
 4.572764E-09 
 4.572486E-09 
 4.572473E-09 
 4.572508E-09 
 1.800001E+00 
-2.907799E-07 
-4.262578E-07 
-4.262574E-07 
-4.262629E-07 
-4.262574E-07 
-4.262578E-07 
-4.262574E-07 
-4.262572E-07 
 1.800000E+00 
 1.904325E-07 
 6.154261E-09 
 6.153729E-09 
 6.154204E-09 
 6.154197E-09 
 6.154148E-09 
 6.154192E-09 
 6.153876E-09 
 6.154195E-09 
 1.800000E+00 
 2.416589E-08 
 1.943587E-07 
 1.943588E-07 
 1.943585E-07 
 1.943588E-07 
 1.943588E-07 
 1.943588E-07 
 1.943588E-07 
 1.943588E-07 
 1.800000E+00 
 2.403629E-06 
 4.245599E-09 
 4.243657E-09 
 4.246024E-09 
 4.245598E-09 
 4.242556E-09 
 4.245590E-09 
 1.800003E+00 
-1.717920E-06 
-1.734633E-06 
-1.734633E-06 
-1.734633E-06 
-1.734628E-06 
-1.734633E-06 
-1.734633E-06 
-1.734633E-06 
-1.734633E-06 
-1.734633E-06 
 1.800001E+00 
 1.459583E-06 
 2.975812E-10 
 2.980419E-10 
 2.978441E-10 
 2.986105E-10 
 2.977471E-10 
 1.800000E+00 
 2.841049E-06 
-9.790469E-09 
-9.791289E-09 
-9.787882E-09 
-9.792817E-09 
-9.793653E-09 
-9.790470E-09 
-9.791530E-09 
-9.790553E-09 
-9.790063E-09 
 1.800000E+00 
-1.620537E-06 
 8.582593E-09 
 8.583011E-09 
 8.582625E-09 
 8.581720E-09 
 1.799998E+00 
 2.027806E-08 
 2.038049E-08 
 2.039630E-08 
 2.038040E-08 
 2.038038E-08 
 2.038036E-08 
 2.038037E-08 
 2.038036E-08 
 2.038052E-08 
 2.038038E-08 
 2.038037E-08 
 1.800000E+00 
 5.923976E-07 
 5.927657E-07 
 5.927683E-07 
 5.927683E-07 
 1.800008E+00 
 4.035168E-07 
 5.223512E-09 
 5.213871E-09 
 5.213480E-09 
 5.213508E-09 
 5.213884E-09 
 5.210131E-09 
 5.213881E-09 
 5.213876E-09 
 5.213873E-09 
 5.213910E-09 
 1.800000E+00 
-1.336021E-06 
 1.084941E-08 
 1.084924E-08 
 1.800000E+00 
-2.096363E-09 
 2.139584E-09 
 2.139550E-09 
 2.139569E-09 
 2.137625E-09 
 2.139648E-09 
 2.187451E-09 
 2.139591E-09 
 2.139504E-09 
 2.139575E-09 
 2.139572E-09 
 1.800000E+00 
 5.312127E-08 
-1.556687E-05 
-1.556687E-05 
-1.556687E-05 
-1.556687E-05 
 1.800007E+00 
-1.040384E-07 
 2.378084E-08 
 2.379344E-08 
 2.378081E-08 
 2.378083E-08 
 2.378082E-08 
 2.378137E-08 
 1.800000E+00 
 9.556340E-07 
 2.812363E-09 
 2.812192E-09 
 2.835730E-09 
 2.812159E-09 
 2.812187E-09 
 2.813460E-09 
 1.800000E+00 
-8.639256E-07 
-6.958732E-08 
-6.958126E-08 
-6.958498E-08 
-6.958498E-08 
-6.958501E-08 
 1.800000E+00 
-1.417836E-07 
-1.356195E-07 
-1.356195E-07 
-1.356195E-07 
-1.356195E-07 
-1.356195E-07 
 1.800000E+00 
 1.598584E-06 
 1.528610E-06 
 1.528610E-06 
 1.528611E-06 
 1.528610E-06 
 1.528610E-06 
 1.528610E-06 
 1.528608E-06 
 1.800000E+00 
 6.972414E-07 
 1.964064E-09 
 1.961764E-09 
 1.962377E-09 
 1.800000E+00 
-8.416930E-07 
-8.307085E-07 
-8.307076E-07 
-8.307088E-07 
-8.307076E-07 
-8.307076E-07 
-8.307076E-07 
 1.800000E+00 
 1.183575E-06 
 1.183429E-06 
 1.183429E-06 
 1.183431E-06 
 1.183430E-06 
 1.183431E-06 
 1.800000E+00 
 1.534917E-06 
 4.699394E-09 
 4.702959E-09 
 4.701167E-09 
 4.701696E-09 
 4.701146E-09 
 1.800000E+00 
 3.702309E-05 
 2.135368E-08 
 2.135469E-08 
 2.135455E-08 
 2.136396E-08 
 1.800007E+00 
-3.106057E-09 
 7.344795E-08 
 7.344810E-08 
 7.344795E-08 
 7.344787E-08 
 7.344792E-08 
 1.800000E+00 
 7.682393E-09 
 1.052784E-08 
 1.052784E-08 
 1.052792E-08 
 1.052782E-08 
 1.800000E+00 
-1.144175E-06 
-1.130269E-06 
-1.130269E-06 
-1.130269E-06 
-1.130269E-06 
-1.130269E-06 
 1.800000E+00 
 8.237738E-08 
 8.438658E-08 
 8.438746E-08 
 8.438747E-08 
 8.437137E-08 
 1.800001E+00 
 1.812621E-07 
 2.110485E-07 
 2.110484E-07 
 2.110485E-07 
 2.110483E-07 
 1.799999E+00 
-3.155493E-08 
 9.530174E-09 
 9.530823E-09 
 9.529824E-09 
 9.529789E-09 
 1.800000E+00 
 3.042533E-05 
 1.843201E-08 
 1.842979E-08 
 1.842857E-08 
 1.842977E-08 
 1.800007E+00 
 8.396267E-08 
 5.728228E-08 
 5.728358E-08 
 5.728185E-08 
 5.728192E-08 
 1.800000E+00 
-3.769712E-08 
-3.771753E-08 
-3.771762E-08 
-3.771781E-08 
 1.800000E+00 
 1.575046E-06 
 2.338607E-06 
 2.338608E-06 
 2.338608E-06 
 2.338608E-06 
 2.338608E-06 
 1.800001E+00 
 8.125963E-06 
 8.041680E-06 
 8.041681E-06 
 8.041680E-06 
 1.800000E+00 
-1.310399E-08 
 2.650767E-09 
 2.652966E-09 
 2.651621E-09 
 2.651560E-09 
 1.800000E+00 
-1.174132E-08 
-7.793437E-09 
-7.793832E-09 
 1.800000E+00 
-1.738318E-06 
-9.430625E-06 
-9.430625E-06 
-9.430625E-06 
-9.430625E-06 
-9.430625E-06 
 1.800000E+00 
-4.135096E-06 
-4.504281E-06 
-4.504282E-06 
-4.504282E-06 
 1.800005E+00 
-2.838602E-05 
-2.839830E-05 
-2.839830E-05 
 1.800000E+00 
-1.326186E-08 
-1.295469E-08 
-1.295713E-08 
-1.295557E-08 
-1.295443E-08 
-1.295524E-08 
 1.800000E+00 
 6.142393E-08 
 5.857866E-08 
 5.857868E-08 
 1.800000E+00 
 1.935131E-06 
 3.043914E-09 
 3.043486E-09 
 3.043899E-09 
 1.800000E+00 
-3.502918E-08 
-3.037563E-07 
-3.037563E-07 
-3.037563E-07 
 1.799999E+00 
 4.522185E-08 
 3.984371E-09 
 3.984321E-09 
 3.983279E-09 
 3.984348E-09 
 1.800002E+00 
-1.271193E-05 
-1.271197E-05 
 1.800000E+00 
 7.446763E-07 
 5.606162E-09 
 5.606001E-09 
 5.606002E-09 
 5.605604E-09 
 1.799999E+00 
 2.698584E-08 
 2.157662E-08 
 2.157569E-08 
 2.157662E-08 
 1.800000E+00 
-2.834360E-07 
-2.764427E-07 
-2.764433E-07 
 1.800000E+00 
-1.005057E-06 
-1.358256E-06 
-1.358256E-06 
 1.800000E+00 
 1.793259E-06 
-2.865226E-09 
-2.865588E-09 
-2.865585E-09 
-2.861595E-09 
 1.800000E+00 
 8.782208E-06 
-1.612412E-05 
-1.612412E-05 
 1.800006E+00 
-5.249862E-06 
-4.605568E-06 
-4.605568E-06 
 1.800000E+00 
-2.223414E-05 
-7.838111E-07 
-7.838111E-07 
-7.838111E-07 
 1.800000E+00 
 2.922910E-07 
 5.353217E-09 
 5.353273E-09 
 1.800001E+00 
 6.343978E-06 
 6.251833E-06 
 6.251831E-06 
 6.251831E-06 
 1.800000E+00 
-1.845966E-08 
 6.312492E-09 
 1.800000E+00 
-8.525220E-07 
-8.517697E-07 
-8.517772E-07 
-8.517808E-07 
-8.517771E-07 
 1.800000E+00 
-2.377313E-07 
 1.800007E+00 
 3.102501E-08 
-2.275039E-09 
-2.275738E-09 
-2.275509E-09 
-2.274880E-09 
 1.800000E+00 
-1.034312E-08 
-4.264947E-10 
 1.800007E+00 
 2.189151E-07 
 2.077196E-07 
 2.077194E-07 
 2.077197E-07 
 1.799999E+00 
-1.069951E-06 
 8.443333E-09 
 1.800000E+00 
 1.507502E-06 
 3.863187E-09 
 3.839125E-09 
 3.839047E-09 
 1.800000E+00 
-1.951528E-08 
-2.976417E-08 
 1.800000E+00 
 1.480368E-06 
 6.215351E-09 
 6.215528E-09 
 6.215935E-09 
 1.800000E+00 
-2.268630E-08 
 4.893244E-09 
 1.800000E+00 
 3.560808E-07 
 1.104919E-07 
 1.104921E-07 
 1.800000E+00 
 4.898702E-09 
 5.760530E-09 
 5.760076E-09 
 1.800001E+00 
 7.189927E-09 
 9.407203E-09 
 1.800004E+00 
 7.234277E-07 
 1.717329E-07 
 1.717329E-07 
 1.717328E-07 
 1.800000E+00 
 2.521490E-08 
 1.202380E-08 
 1.800000E+00 
 2.014609E-05 
 2.015953E-05 
 2.015953E-05 
 1.800000E+00 
-4.412658E-06 
-4.414878E-06 
 1.800000E+00 
-1.745907E-06 
 7.608371E-06 
 7.608372E-06 
 7.608372E-06 
 1.800000E+00 
 1.800000E+00 
 8.925789E-08 
 5.088741E-08 
 5.089110E-08 
 5.089094E-08 
 5.089211E-08 
 1.800000E+00 
-1.693964E-06 
 8.856352E-09 
 1.800000E+00 
 3.127473E-06 
-3.911407E-08 
 1.800000E+00 
-1.656366E-06 
 8.873661E-09 
 8.873684E-09 
 1.800000E+00 
-8.702535E-08 
-5.717983E-08 
 1.800000E+00 
-5.433146E-07 
-6.879608E-07 
-6.879616E-07 
 1.800000E+00 
 1.423418E-08 
 1.799999E+00 
-1.319582E-07 
-3.871935E-07 
-3.871935E-07 
-3.871935E-07 
 1.800000E+00 
 8.004387E-08 
 1.800000E+00 
 2.538814E-07 
-1.234926E-08 
-1.234925E-08 
-1.234809E-08 
 1.800000E+00 
 1.800000E+00 
 8.318215E-07 
 2.355163E-07 
 2.355163E-07 
 2.355174E-07 
 1.800000E+00 
 2.178132E-08 
 2.362313E-08 
 1.800000E+00 
-7.415739E-09 
 6.416253E-07 
 1.800000E+00 
 1.076011E-06 
 1.060250E-06 
 1.800000E+00 
-1.490765E-07 
-2.842245E-07 
-2.842245E-07 
 1.800000E+00 
-5.073713E-08 
 1.800000E+00 
 1.923912E-06 
 2.159976E-06 
 2.159976E-06 
 1.800000E+00 
-1.235073E-07 
 1.914474E-08 
 1.800000E+00 
 1.888811E-08 
 1.800000E+00 
 2.437064E-07 
 2.363836E-09 
 2.365708E-09 
 2.364956E-09 
 1.800000E+00 
 1.800000E+00 
 5.929253E-07 
 5.526773E-07 
 5.526781E-07 
 5.526774E-07 
 1.800000E+00 
 1.800000E+00 
-1.021863E-07 
 5.185070E-08 
 5.185066E-08 
 5.185099E-08 
 1.800000E+00 
 1.800000E+00 
 1.264631E-06 
 6.134512E-09 
 6.136408E-09 
 6.136331E-09 
 1.800000E+00 
 1.800000E+00 
-8.366093E-10 
 1.064861E-08 
 1.064827E-08 
 1.064064E-08 
 1.800000E+00 
 1.800000E+00 
-1.507927E-06 
 9.251850E-09 
 9.251325E-09 
 1.800000E+00 
 1.623155E-07 
 1.800000E+00 
 1.462197E-06 
 1.276051E-06 
 1.276043E-06 
 1.800000E+00 
-1.964089E-05 
 1.800000E+00 
-4.014863E-07 
 2.232859E-09 
 1.800000E+00 
 4.527911E-08 
 1.628957E-08 
 1.800000E+00 
 6.404471E-06 
 1.800000E+00 
 1.175965E-05 
 3.747069E-08 
 3.747053E-08 
 1.800007E+00 
-1.748710E-08 
 1.800000E+00 
 1.052361E-07 
 1.051895E-07 
 1.800000E+00 
-5.163880E-07 
 1.800000E+00 
 2.347834E-06 
 1.582314E-06 
 1.582314E-06 
 1.800000E+00 
 9.752164E-06 
 1.800000E+00 
-4.067490E-07 
 5.115172E-09 
 1.800000E+00 
 9.888799E-09 
 1.800000E+00 
-6.271210E-06 
 2.066354E-05 
 1.799997E+00 
 7.041178E-06 
 7.378745E-06 
 1.800000E+00 
-2.927698E-07 
 1.799999E+00 
 3.163956E-06 
-8.932009E-09 
 1.800000E+00 
 1.685651E-08 
 1.649516E-08 
 1.800000E+00 
 2.508769E-08 
 1.800000E+00 
 2.287480E-07 
 1.800000E+00 
-4.548895E-07 
 6.046902E-08 
 6.048035E-08 
 1.800000E+00 
 7.618202E-09 
 1.800000E+00 
 1.879487E-07 
 1.800000E+00 
 1.988665E-08 
 1.004832E-08 
 1.800000E+00 
 1.669740E-06 
 1.713024E-06 
 1.800000E+00 
 1.800000E+00 
 3.478557E-07 
 4.312728E-07 
 4.312727E-07 
 1.800000E+00 
 2.194818E-09 
 1.800000E+00 
-4.290730E-08 
 1.800000E+00 
-2.531958E-06 
-2.535177E-06 
 1.800000E+00 
-5.599526E-08 
 1.800000E+00 
 9.807152E-08 
 8.009721E-09 
 1.800000E+00 
 4.819075E-09 
 1.800000E+00 
-2.487094E-06 
 1.049365E-08 
 1.800000E+00 
-2.118098E-08 
 1.800000E+00 
 5.870675E-07 
 1.800000E+00 
-5.237607E-07 
-6.021759E-07 
 1.800000E+00 
-9.012959E-07 
 1.800000E+00 
-1.460624E-06 
 9.152474E-09 
 1.800000E+00 
 1.842191E-08 
 1.800002E+00 
 2.171919E-06 
 1.800000E+00 
-4.784871E-08 
 1.800000E+00 
-1.138583E-08 
-8.686050E-09 
 1.800000E+00 
 1.738932E-05 
 1.738944E-05 
 1.800000E+00 
 1.800000E+00 
-1.350818E-05 
-1.349308E-05 
 1.800000E+00 
-6.073583E-07 
 1.800007E+00 
 2.565370E-07 
 1.800000E+00 
-6.921888E-06 
-6.972575E-06 
 1.800000E+00 
-3.295078E-07 
 1.800000E+00 
 6.083898E-08 
 1.800000E+00 
 2.674266E-08 
 2.870313E-08 
 1.800000E+00 
 1.800000E+00 
-2.739214E-05 
-2.736489E-05 
 1.800000E+00 
 5.169345E-09 
 1.800000E+00 
-1.110943E-07 
 1.800000E+00 
-7.121512E-06 
-7.034550E-06 
 1.800000E+00 
 1.793430E-07 
 1.800000E+00 
 1.800000E+00 
-6.473960E-07 
 6.677385E-09 
 6.676825E-09 
 1.800000E+00 
 1.800000E+00 
 1.049907E-07 
 1.800004E+00 
 2.141077E-07 
-2.059098E-07 
 1.800000E+00 
 1.800000E+00 
 4.136551E-09 
 4.959735E-09 
 1.800000E+00 
 9.968092E-08 
 1.800000E+00 
 1.481892E-06 
 1.509600E-06 
 1.800000E+00 
 1.800000E+00 
 3.286336E-06 
 1.800000E+00 
 7.190862E-06 
 7.086233E-06 
 1.800000E+00 
 1.800000E+00 
 1.091209E-07 
 1.874195E-08 
 1.800000E+00 
 1.800000E+00 
 4.288221E-06 
-7.277225E-08 
 1.800000E+00 
 3.383387E-08 
 1.800000E+00 
 8.708725E-09 
 1.800000E+00 
 3.343181E-07 
 1.800000E+00 
-3.506886E-08 
 1.800000E+00 
 4.948648E-08 
 1.800000E+00 
-3.771046E-08 
 1.800000E+00 
 7.746312E-09 
 1.800003E+00 
 7.304727E-08 
-2.286047E-08 
 1.800000E+00 
 1.800000E+00 
-1.354286E-08 
 1.800000E+00 
-2.622102E-07 
 1.800000E+00 
 6.738852E-09 
 1.800007E+00 
 9.259827E-06 
 1.800001E+00 
-3.666780E-07 
 6.372298E-09 
 1.800000E+00 
 1.800000E+00 
-4.839432E-08 
 1.800005E+00 
 1.897815E-08 
 1.800000E+00 
-8.912796E-08 
 1.800000E+00 
-1.801979E-07 
 1.800000E+00 
 8.458814E-07 
 1.800000E+00 
 1.285385E-08 
 1.800000E+00 
 2.926836E-06 
 1.800000E+00 
 1.800000E+00 
-9.329460E-07 
 8.884812E-09 
 1.800000E+00 
 7.170988E-06 
 1.800000E+00 
 1.800000E+00 
 8.017712E-07 
 1.359495E-06 
 1.800001E+00 
 1.800000E+00 
 1.925336E-06 
 1.800001E+00 
-8.535938E-07 
 8.628704E-09 
 1.800000E+00 
 1.800000E+00 
 1.800000E+00 
 5.577478E-06 
-3.438536E-07 
 1.800005E+00 
-6.964613E-07 
 1.800000E+00 
-1.323510E-07 
 1.799998E+00 
 1.800000E+00 
 3.362325E-08 
 1.800002E+00 
 5.823288E-06 
 1.800000E+00 
 1.561881E-07 
 1.800006E+00 
-2.005573E-08 
 1.800000E+00 
 4.441099E-08 
 1.800000E+00 
 1.800000E+00 
 1.397968E-07 
 3.274892E-08 
 1.800000E+00 
 1.800000E+00 
 5.074860E-06 
 1.800000E+00 
 3.122033E-08 
 1.800000E+00 
 1.800000E+00 
-6.749409E-08 
 6.526949E-09 
 1.800000E+00 
 1.800000E+00 
 8.949537E-08 
 1.800002E+00 
-1.230080E-10 
 1.800000E+00 
 2.997199E-07 
 1.800000E+00 
 1.800000E+00 
 3.853364E-07 
 1.800000E+00 
 7.621807E-07 
 1.800000E+00 
 3.024496E-06 
 1.800000E+00 
 1.800000E+00 
 2.605792E-07 
 2.222177E-07 
 1.800000E+00 
 1.799999E+00 
-4.749837E-07 
 1.800000E+00 
 1.800000E+00 
 1.370563E-08 
 9.358767E-09 
 1.800000E+00 
 1.800000E+00 
 1.799999E+00 
 2.341193E-07 
 2.473222E-07 
 1.800000E+00 
 1.800004E+00 
-3.894432E-06 
 1.800000E+00 
-1.098118E-07 
 1.800000E+00 
 1.800006E+00 
-2.853266E-05 
 1.800000E+00 
-8.602194E-06 
 1.800000E+00 
 8.465486E-07 
 1.800000E+00 
 1.800000E+00 
 3.136090E-06 
 1.800000E+00 
 1.087841E-08 
 1.800000E+00 
 1.800000E+00 
 5.587258E-07 
 1.800006E+00 
 8.955920E-09 
 1.800000E+00 
 1.800006E+00 
-9.059158E-08 
-1.329374E-07 
 1.800000E+00 
 1.800000E+00 
 1.800000E+00 
-1.368776E-08 
 1.800000E+00 
 4.166052E-08 
 1.800000E+00 
 1.800000E+00 
 9.559579E-07 
 1.800000E+00 
 2.603263E-08 
 1.800000E+00 
 1.094027E-08 
 1.800000E+00 
 1.800000E+00 
 1.800000E+00 
-2.879101E-05 
 4.874329E-07 
 1.800000E+00 
 1.800000E+00 
 3.571658E-08 
 1.800000E+00 
 1.800000E+00 
 3.618633E-08 
 1.800000E+00 
 1.800000E+00 
-4.221939E-07 
-4.278458E-07 
 1.799999E+00 
 1.800000E+00 
 1.800000E+00 
-5.685314E-08 
 1.800000E+00 
 1.800007E+00 
 1.474467E-05 
 1.484919E-05 
 1.800000E+00 
 1.800000E+00 
 1.800000E+00 
-7.453796E-09 
 1.800000E+00 
 7.512535E-09 
 1.800000E+00 
 1.800000E+00 
 2.778617E-08 
 1.800000E+00 
 1.800000E+00 
 3.552996E-09 
 1.800000E+00 
 7.195529E-09 
 1.800000E+00 
 1.799998E+00 
 1.644517E-06 
 1.800000E+00 
 1.800000E+00 
-6.033956E-08 
 1.800000E+00 
 1.800000E+00 
-2.358256E-07 
 1.800000E+00 
 3.776185E-08 
 1.800000E+00 
 1.800000E+00 
-6.413245E-07 
 1.800000E+00 
 1.800000E+00 
-3.447920E-08 
 1.800000E+00 
 1.800000E+00 
 9.398561E-06 
 1.800000E+00 
 1.309602E-05 
 1.800002E+00 
 1.800002E+00 
