#format table ## [Custom WaveView] saved 09:58:43 Wed Oct  7 2026
v(qout) 
 1.800E+00 
 1.800E+00 
 1.800E+00 
 7.507E-09 
 7.483E-09 
 7.483E-09 
 1.800E+00 
 1.800E+00 
 3.056E-07 
 1.800E+00 
 1.800E+00 
 3.617E-08 
 4.796E-08 
 1.800E+00 
 1.800E+00 
-5.045E-07 
 4.010E-09 
 1.800E+00 
 1.800E+00 
 2.231E-08 
-2.184E-09 
 1.800E+00 
 1.800E+00 
-2.572E-09 
 6.394E-09 
 1.800E+00 
 1.800E+00 
 5.385E-08 
 1.800E+00 
 6.871E-08 
 1.800E+00 
-2.889E-08 
 1.800E+00 
-3.001E-07 
 1.800E+00 
 1.410E-08 
 1.800E+00 
 1.800E+00 
 3.844E-07 
 3.543E-08 
 1.800E+00 
-2.450E-07 
 1.800E+00 
 1.800E+00 
-1.248E-08 
 1.800E+00 
 1.149E-07 
 1.800E+00 
-5.931E-08 
 1.800E+00 
 1.323E-05 
 1.800E+00 
-2.421E-06 
 1.800E+00 
 1.800E+00 
-2.606E-06 
-2.203E-06 
 1.800E+00 
 1.800E+00 
 6.030E-08 
 1.800E+00 
 5.313E-09 
 1.800E+00 
-1.998E-07 
 1.800E+00 
 1.800E+00 
 3.692E-06 
 3.735E-06 
 1.800E+00 
 1.800E+00 
-5.372E-07 
 1.800E+00 
 1.800E+00 
 7.963E-07 
 7.963E-07 
 1.800E+00 
-1.702E-07 
 1.800E+00 
 1.800E+00 
 2.046E-07 
 1.800E+00 
 1.800E+00 
 1.491E-07 
 1.413E-07 
 1.800E+00 
 1.800E+00 
 8.262E-08 
-5.876E-08 
 1.800E+00 
 1.800E+00 
 1.800E+00 
-5.726E-08 
 1.800E+00 
 1.165E-08 
 2.498E-08 
 1.800E+00 
 1.800E+00 
 1.800E+00 
 3.394E-07 
 1.800E+00 
-5.154E-07 
 2.682E-09 
 1.800E+00 
 1.800E+00 
 1.800E+00 
 6.989E-06 
 1.800E+00 
-2.891E-07 
 1.800E+00 
-7.122E-09 
 1.800E+00 
 1.800E+00 
-1.299E-06 
 3.563E-10 
 1.800E+00 
 1.800E+00 
 1.800E+00 
-1.952E-07 
 1.800E+00 
 2.039E-07 
 1.800E+00 
-2.454E-07 
 1.800E+00 
 1.800E+00 
 4.692E-08 
 1.800E+00 
-7.947E-07 
 1.800E+00 
 1.800E+00 
 2.028E-08 
 2.121E-08 
 1.800E+00 
 1.800E+00 
 1.800E+00 
 7.735E-09 
 1.800E+00 
 1.800E+00 
 1.493E-08 
 8.891E-09 
 1.800E+00 
 1.800E+00 
 1.423E-06 
 1.800E+00 
 1.800E+00 
-6.262E-08 
 1.800E+00 
 8.013E-09 
 1.800E+00 
 1.800E+00 
 9.936E-08 
 1.800E+00 
 1.800E+00 
-2.537E-06 
-2.536E-06 
 1.800E+00 
 1.800E+00 
 1.800E+00 
 3.040E-06 
 1.800E+00 
 1.800E+00 
-1.431E-08 
-1.415E-08 
 1.800E+00 
 1.800E+00 
 1.800E+00 
-2.005E-08 
 1.800E+00 
 2.915E-07 
 1.800E+00 
 1.800E+00 
 1.826E-08 
 1.800E+00 
 1.800E+00 
 7.496E-08 
 1.800E+00 
 5.391E-08 
 1.800E+00 
 1.800E+00 
 1.096E-07 
 1.800E+00 
 1.800E+00 
 2.146E-08 
 1.800E+00 
 4.164E-09 
 1.800E+00 
 1.800E+00 
 1.483E-08 
 1.800E+00 
 1.800E+00 
 1.800E+00 
 5.757E-05 
 2.577E-08 
 1.800E+00 
 1.800E+00 
 1.800E+00 
 5.464E-07 
 1.800E+00 
 1.168E-07 
 1.800E+00 
 1.800E+00 
 1.800E+00 
-5.183E-07 
-3.073E-07 
 1.800E+00 
 1.800E+00 
 1.800E+00 
 1.800E+00 
 1.797E-08 
 1.432E-08 
 1.800E+00 
 1.800E+00 
 1.800E+00 
 1.800E+00 
-1.552E-07 
-9.438E-08 
 1.800E+00 
 1.800E+00 
 1.800E+00 
-3.015E-06 
 1.800E+00 
 8.169E-08 
 1.800E+00 
 1.800E+00 
 1.800E+00 
 1.448E-08 
 1.800E+00 
 1.800E+00 
 3.896E-07 
 1.800E+00 
-1.306E-09 
 1.800E+00 
 1.800E+00 
 1.800E+00 
 5.718E-06 
 1.800E+00 
 1.800E+00 
-2.407E-05 
 1.800E+00 
 1.800E+00 
-5.918E-07 
 1.800E+00 
 2.935E-06 
 1.800E+00 
 1.800E+00 
 1.800E+00 
 1.800E+00 
 5.200E-07 
 1.800E+00 
-8.311E-07 
 1.800E+00 
 1.800E+00 
 4.728E-08 
 1.800E+00 
 1.800E+00 
 1.800E+00 
 2.177E-06 
 1.800E+00 
 6.887E-06 
 1.800E+00 
 1.800E+00 
 1.800E+00 
 1.800E+00 
-9.749E-06 
-9.752E-06 
 1.800E+00 
 1.800E+00 
 1.800E+00 
 1.800E+00 
-2.434E-05 
 1.800E+00 
 1.800E+00 
-4.739E-07 
 1.800E+00 
 1.800E+00 
 1.240E-08 
 1.800E+00 
 1.800E+00 
 8.026E-06 
 1.800E+00 
 1.800E+00 
 1.800E+00 
 2.759E-07 
 1.800E+00 
 1.800E+00 
 1.800E+00 
-1.292E-07 
-1.187E-07 
 1.800E+00 
 1.800E+00 
 1.800E+00 
 1.800E+00 
 1.800E+00 
 3.210E-06 
 1.800E+00 
 1.800E+00 
-4.670E-07 
 1.800E+00 
 1.800E+00 
 4.784E-06 
 1.800E+00 
 1.800E+00 
 1.333E-07 
 1.800E+00 
 1.800E+00 
 1.800E+00 
 1.800E+00 
 4.841E-09 
 1.800E+00 
-1.434E-06 
 1.800E+00 
 1.800E+00 
 1.800E+00 
 1.800E+00 
 3.259E-07 
 1.800E+00 
 4.239E-07 
 1.800E+00 
 1.800E+00 
 1.800E+00 
 1.800E+00 
 1.800E+00 
 3.448E-06 
 9.995E-06 
 1.800E+00 
 1.800E+00 
 1.800E+00 
 1.800E+00 
 1.800E+00 
 2.832E-07 
 1.800E+00 
 1.800E+00 
 9.544E-09 
 1.800E+00 
 1.800E+00 
 1.800E+00 
 1.390E-09 
 1.800E+00 
 1.800E+00 
 4.310E-07 
 1.800E+00 
 1.800E+00 
 1.800E+00 
 1.800E+00 
 2.546E-09 
 1.800E+00 
 1.800E+00 
 9.713E-09 
 1.800E+00 
 1.800E+00 
 1.800E+00 
 1.800E+00 
-1.568E-06 
 1.800E+00 
 1.800E+00 
-1.466E-06 
 1.800E+00 
 1.800E+00 
 1.800E+00 
 1.800E+00 
 1.235E-06 
 1.800E+00 
 1.800E+00 
 3.504E-06 
 1.800E+00 
 1.800E+00 
 1.800E+00 
 1.800E+00 
 1.041E-05 
 1.800E+00 
 1.800E+00 
 5.988E-09 
 1.800E+00 
 1.800E+00 
 1.800E+00 
 1.800E+00 
 1.800E+00 
 1.332E-07 
 1.800E+00 
-3.469E-08 
 1.800E+00 
 1.800E+00 
 1.800E+00 
 1.800E+00 
 1.800E+00 
-2.534E-06 
 1.800E+00 
 1.800E+00 
 1.800E+00 
-4.335E-07 
 1.800E+00 
 1.800E+00 
 1.800E+00 
 3.967E-09 
 1.800E+00 
 1.800E+00 
 1.800E+00 
 1.800E+00 
 1.892E-08 
 1.800E+00 
 1.800E+00 
 1.800E+00 
-4.484E-09 
 1.800E+00 
 1.800E+00 
 1.800E+00 
 1.800E+00 
-6.956E-08 
 1.800E+00 
 1.800E+00 
 1.800E+00 
 3.434E-08 
 1.800E+00 
 1.800E+00 
 1.800E+00 
 1.800E+00 
 5.765E-08 
 1.800E+00 
 1.800E+00 
 1.800E+00 
 4.230E-09 
 1.800E+00 
 1.800E+00 
 1.800E+00 
 1.800E+00 
 1.800E+00 
-5.693E-06 
 1.800E+00 
 1.800E+00 
 1.800E+00 
 4.502E-06 
 1.800E+00 
 1.800E+00 
 1.800E+00 
 1.800E+00 
 1.007E-05 
 1.800E+00 
 1.800E+00 
 1.800E+00 
 1.800E+00 
 2.563E-07 
 1.800E+00 
 1.800E+00 
 1.800E+00 
 3.329E-08 
 1.800E+00 
 1.800E+00 
 1.800E+00 
 1.800E+00 
 1.800E+00 
 1.800E+00 
 4.573E-08 
 1.800E+00 
 1.800E+00 
 3.308E-07 
 1.800E+00 
 1.800E+00 
 1.800E+00 
 1.800E+00 
 1.800E+00 
 1.800E+00 
 2.854E-08 
 1.800E+00 
 1.800E+00 
 1.800E+00 
 2.026E-06 
 1.800E+00 
 1.800E+00 
 1.800E+00 
 1.800E+00 
 1.800E+00 
 1.800E+00 
 4.123E-09 
 1.800E+00 
 1.800E+00 
 1.462E-07 
 1.800E+00 
 1.800E+00 
 1.800E+00 
 1.800E+00 
 1.800E+00 
 1.800E+00 
 1.800E+00 
-2.754E-07 
 1.800E+00 
 1.800E+00 
 6.967E-08 
 1.800E+00 
 1.800E+00 
 1.800E+00 
 1.800E+00 
 1.800E+00 
 1.800E+00 
 1.800E+00 
 1.287E-06 
 1.800E+00 
 1.800E+00 
 8.523E-10 
 1.800E+00 
 1.800E+00 
 1.800E+00 
 1.800E+00 
 1.800E+00 
 1.800E+00 
 1.800E+00 
 1.800E+00 
 6.359E-08 
 1.800E+00 
 1.800E+00 
 7.057E-07 
 1.800E+00 
 1.800E+00 
 1.800E+00 
 1.800E+00 
 1.800E+00 
 1.800E+00 
 1.800E+00 
 3.548E-10 
 1.800E+00 
 1.800E+00 
 1.800E+00 
 1.800E+00 
-3.240E-07 
 1.800E+00 
 1.800E+00 
 1.800E+00 
 1.800E+00 
 1.800E+00 
 1.800E+00 
 5.316E-08 
 1.800E+00 
 1.800E+00 
 1.800E+00 
 1.800E+00 
 1.800E+00 
 9.583E-09 
 1.800E+00 
 1.800E+00 
 1.800E+00 
 1.800E+00 
 1.800E+00 
-7.887E-07 
 1.800E+00 
 1.800E+00 
 1.800E+00 
 1.800E+00 
 1.800E+00 
-9.163E-08 
 1.800E+00 
 1.800E+00 
 1.800E+00 
 1.800E+00 
 1.800E+00 
 1.800E+00 
 1.800E+00 
 2.696E-09 
 1.800E+00 
 1.800E+00 
 1.800E+00 
 1.800E+00 
 2.722E-08 
 1.800E+00 
 1.800E+00 
 1.800E+00 
 1.800E+00 
 1.800E+00 
 1.800E+00 
 1.800E+00 
 1.800E+00 
-4.740E-07 
 1.800E+00 
 1.800E+00 
 1.800E+00 
-7.017E-07 
 1.800E+00 
 1.800E+00 
 1.800E+00 
 1.800E+00 
 1.800E+00 
 1.800E+00 
 1.800E+00 
 1.800E+00 
 1.800E+00 
 9.269E-07 
 1.800E+00 
 1.800E+00 
 1.800E+00 
 1.800E+00 
 4.236E-06 
 1.800E+00 
 1.800E+00 
 1.800E+00 
 1.800E+00 
 1.800E+00 
 1.800E+00 
 1.800E+00 
 1.800E+00 
 6.131E-08 
 1.800E+00 
 1.800E+00 
 1.800E+00 
 1.800E+00 
 1.800E+00 
 1.952E-09 
 1.800E+00 
 1.800E+00 
 1.800E+00 
 1.800E+00 
 1.800E+00 
 1.800E+00 
 1.800E+00 
 6.394E-09 
 1.800E+00 
 1.800E+00 
 1.800E+00 
 1.800E+00 
 1.800E+00 
 1.800E+00 
 1.800E+00 
-4.955E-07 
 1.800E+00 
 1.800E+00 
 1.800E+00 
 1.800E+00 
 1.800E+00 
 1.800E+00 
 4.751E-08 
 1.800E+00 
 1.800E+00 
 1.800E+00 
 1.800E+00 
 1.800E+00 
 1.800E+00 
 1.800E+00 
 1.800E+00 
 2.416E-06 
 1.800E+00 
 1.800E+00 
 1.800E+00 
 1.800E+00 
 1.800E+00 
 1.800E+00 
-8.933E-07 
 1.800E+00 
 1.800E+00 
 1.800E+00 
 1.800E+00 
 1.800E+00 
 1.800E+00 
 1.800E+00 
 1.800E+00 
 3.870E-08 
 1.800E+00 
 1.800E+00 
 1.800E+00 
 1.800E+00 
 1.800E+00 
 1.800E+00 
 1.800E+00 
-1.901E-10 
 1.800E+00 
 1.800E+00 
 1.800E+00 
 1.800E+00 
 1.800E+00 
 1.800E+00 
 1.800E+00 
 1.800E+00 
 1.871E-08 
 1.800E+00 
 1.800E+00 
 1.800E+00 
 1.800E+00 
 1.800E+00 
 1.800E+00 
 1.800E+00 
-6.873E-07 
 1.800E+00 
 1.800E+00 
 1.800E+00 
 1.800E+00 
 1.800E+00 
 1.800E+00 
 1.800E+00 
 1.800E+00 
 1.800E+00 
-2.990E-07 
 1.800E+00 
 1.800E+00 
 1.800E+00 
 1.800E+00 
 1.800E+00 
 1.800E+00 
 1.342E-08 
 1.800E+00 
 1.800E+00 
 1.800E+00 
 1.800E+00 
 1.800E+00 
 1.800E+00 
 1.800E+00 
 1.800E+00 
 1.800E+00 
 1.800E+00 
 6.937E-06 
 1.800E+00 
 1.800E+00 
 1.800E+00 
 1.800E+00 
 1.800E+00 
 1.800E+00 
 5.575E-09 
 1.800E+00 
 1.800E+00 
 1.800E+00 
 1.800E+00 
 1.800E+00 
 1.800E+00 
 1.800E+00 
 1.800E+00 
 1.800E+00 
 1.800E+00 
 1.800E+00 
 1.569E-08 
 1.800E+00 
 1.800E+00 
 1.800E+00 
 1.800E+00 
 1.800E+00 
-1.464E-08 
 1.800E+00 
 1.800E+00 
 1.800E+00 
 1.800E+00 
 1.800E+00 
 1.800E+00 
 1.800E+00 
 1.800E+00 
 1.800E+00 
 1.800E+00 
 1.800E+00 
 1.800E+00 
 1.800E+00 
 3.644E-09 
 1.800E+00 
 1.800E+00 
 1.800E+00 
 7.413E-09 
 1.800E+00 
 1.800E+00 
 1.800E+00 
 1.800E+00 
 1.800E+00 
 1.800E+00 
 1.800E+00 
 1.800E+00 
 1.800E+00 
 1.800E+00 
 1.800E+00 
 1.800E+00 
 1.800E+00 
 1.800E+00 
 1.800E+00 
 5.359E-06 
 1.800E+00 
 1.800E+00 
 1.800E+00 
 1.800E+00 
-3.917E-07 
 1.800E+00 
 1.800E+00 
 1.800E+00 
 1.800E+00 
 1.800E+00 
 1.800E+00 
 1.800E+00 
 1.800E+00 
 1.800E+00 
 1.800E+00 
 1.800E+00 
 1.800E+00 
-5.037E-06 
 1.800E+00 
 1.800E+00 
 1.800E+00 
 1.800E+00 
 1.800E+00 
 1.800E+00 
 1.800E+00 
-5.917E-06 
 1.800E+00 
 1.800E+00 
 1.800E+00 
 1.800E+00 
 1.800E+00 
 1.800E+00 
 1.800E+00 
 1.800E+00 
 1.800E+00 
 1.800E+00 
 1.800E+00 
 2.266E-07 
 1.800E+00 
 1.800E+00 
 1.800E+00 
 1.800E+00 
 1.800E+00 
 1.800E+00 
-1.550E-08 
 1.800E+00 
 1.800E+00 
 1.800E+00 
 1.800E+00 
 1.800E+00 
 1.800E+00 
 1.800E+00 
 1.800E+00 
 1.800E+00 
 1.800E+00 
 1.800E+00 
 1.800E+00 
-5.755E-07 
 1.800E+00 
 1.800E+00 
 1.800E+00 
 1.800E+00 
 1.800E+00 
 1.800E+00 
 1.800E+00 
 1.800E+00 
 7.500E-09 
 1.800E+00 
 1.800E+00 
 1.800E+00 
 1.800E+00 
 1.800E+00 
 1.800E+00 
 1.800E+00 
 1.800E+00 
 1.800E+00 
-2.939E-07 
 1.800E+00 
 1.800E+00 
 1.800E+00 
 1.800E+00 
 1.800E+00 
 1.800E+00 
 1.800E+00 
 1.800E+00 
 1.800E+00 
 4.389E-08 
 1.800E+00 
 1.800E+00 
 1.800E+00 
 1.800E+00 
 1.800E+00 
 1.800E+00 
 1.800E+00 
 1.800E+00 
 1.800E+00 
 9.317E-07 
 1.800E+00 
 1.800E+00 
 1.800E+00 
 1.800E+00 
 1.800E+00 
 1.800E+00 
 1.800E+00 
 1.800E+00 
 1.800E+00 
-5.736E-07 
 1.800E+00 
 1.800E+00 
 1.800E+00 
 1.800E+00 
 1.800E+00 
 1.800E+00 
 1.800E+00 
 1.800E+00 
 1.800E+00 
 6.899E-09 
 1.800E+00 
 1.800E+00 
 1.800E+00 
 1.800E+00 
 1.800E+00 
 1.800E+00 
 1.800E+00 
 1.800E+00 
 1.800E+00 
 6.782E-08 
 1.800E+00 
 1.800E+00 
 1.800E+00 
 1.800E+00 
 1.800E+00 
 1.800E+00 
 1.800E+00 
 1.800E+00 
-8.316E-09 
 1.800E+00 
 1.800E+00 
 1.800E+00 
 1.800E+00 
 1.800E+00 
 1.800E+00 
 1.800E+00 
 1.800E+00 
 1.800E+00 
-2.066E-05 
 1.800E+00 
 1.800E+00 
 1.800E+00 
 1.800E+00 
 1.800E+00 
 1.800E+00 
 1.800E+00 
 1.800E+00 
 1.800E+00 
 5.504E-08 
 1.800E+00 
 1.800E+00 
 1.800E+00 
 1.800E+00 
 1.800E+00 
 1.800E+00 
 1.800E+00 
 6.292E-09 
 1.800E+00 
 1.800E+00 
 1.800E+00 
 1.800E+00 
 1.800E+00 
 1.800E+00 
 1.800E+00 
 1.800E+00 
 1.800E+00 
 1.800E+00 
 7.027E-07 
 1.800E+00 
 1.800E+00 
 1.800E+00 
 1.800E+00 
 1.800E+00 
 1.800E+00 
 1.800E+00 
-2.228E-08 
 1.800E+00 
 1.800E+00 
 1.800E+00 
 1.800E+00 
 1.800E+00 
 1.800E+00 
 1.800E+00 
 1.800E+00 
 5.469E-09 
 1.800E+00 
 1.800E+00 
 1.800E+00 
 1.800E+00 
 1.800E+00 
 1.800E+00 
 1.800E+00 
 1.800E+00 
 4.572E-07 
 1.800E+00 
 1.800E+00 
 1.800E+00 
 1.800E+00 
 1.800E+00 
 1.800E+00 
 1.800E+00 
 1.800E+00 
-8.352E-07 
 1.800E+00 
 1.800E+00 
 1.800E+00 
 1.800E+00 
 1.800E+00 
 1.800E+00 
 1.800E+00 
 2.318E-06 
 1.800E+00 
 1.800E+00 
 1.800E+00 
 1.800E+00 
 1.800E+00 
 1.800E+00 
 1.800E+00 
 1.800E+00 
 1.983E-07 
 1.800E+00 
 1.800E+00 
 1.800E+00 
 1.800E+00 
 1.800E+00 
 1.800E+00 
 1.800E+00 
-2.916E-06 
 1.800E+00 
 1.800E+00 
 1.800E+00 
 1.800E+00 
 1.800E+00 
 1.800E+00 
 1.800E+00 
 1.863E-08 
 1.800E+00 
 1.800E+00 
 1.800E+00 
 1.800E+00 
 1.800E+00 
 1.800E+00 
 1.800E+00 
-2.415E-09 
 1.800E+00 
 1.800E+00 
 1.800E+00 
 1.800E+00 
 1.800E+00 
 1.800E+00 
 1.800E+00 
 2.225E-06 
 1.800E+00 
 1.800E+00 
 1.800E+00 
 1.800E+00 
 1.800E+00 
 1.800E+00 
 1.800E+00 
-5.899E-07 
 1.800E+00 
 1.800E+00 
 1.800E+00 
 1.800E+00 
 1.800E+00 
 1.800E+00 
 2.783E-06 
 1.800E+00 
 1.800E+00 
 1.800E+00 
 1.800E+00 
 1.800E+00 
 1.800E+00 
 1.800E+00 
-2.404E-05 
 1.800E+00 
 1.800E+00 
 1.800E+00 
 1.800E+00 
 1.800E+00 
 2.428E-08 
 1.800E+00 
 1.800E+00 
 1.800E+00 
 1.800E+00 
 1.800E+00 
 1.800E+00 
 1.800E+00 
 1.800E+00 
 6.100E-09 
 1.800E+00 
 1.800E+00 
 1.800E+00 
 1.800E+00 
 1.800E+00 
-7.990E-08 
 1.800E+00 
 1.800E+00 
 1.800E+00 
 1.800E+00 
 1.800E+00 
 1.800E+00 
 1.800E+00 
-3.668E-08 
 1.800E+00 
 1.800E+00 
 1.800E+00 
 1.800E+00 
 4.584E-08 
 1.800E+00 
 1.800E+00 
 1.800E+00 
 1.800E+00 
 1.800E+00 
 1.800E+00 
 1.800E+00 
 1.800E+00 
-1.187E-05 
 1.800E+00 
 1.800E+00 
 1.800E+00 
 1.800E+00 
 1.636E-06 
 1.800E+00 
 1.800E+00 
 1.800E+00 
 1.800E+00 
 1.800E+00 
 1.800E+00 
-1.974E-06 
 1.800E+00 
 1.800E+00 
 1.800E+00 
 1.800E+00 
 1.800E+00 
 6.567E-09 
 1.800E+00 
 1.800E+00 
 1.800E+00 
 1.800E+00 
 1.800E+00 
 1.800E+00 
 4.447E-08 
 1.800E+00 
 1.800E+00 
 1.800E+00 
 1.800E+00 
 1.800E+00 
 5.008E-07 
 1.800E+00 
 1.800E+00 
 1.800E+00 
 1.800E+00 
 1.800E+00 
-2.412E-08 
 1.800E+00 
 1.800E+00 
 1.800E+00 
 1.800E+00 
 1.800E+00 
 7.498E-07 
 1.800E+00 
 1.800E+00 
 1.800E+00 
 1.800E+00 
 1.800E+00 
 7.748E-09 
 1.800E+00 
 1.800E+00 
 1.800E+00 
 1.800E+00 
 1.800E+00 
 1.945E-08 
 1.800E+00 
 1.800E+00 
 1.800E+00 
 1.800E+00 
 1.639E-09 
 1.800E+00 
 1.800E+00 
 1.800E+00 
 1.800E+00 
 1.800E+00 
 1.800E+00 
-1.463E-08 
 1.800E+00 
 1.800E+00 
 1.800E+00 
 6.368E-06 
 1.800E+00 
 1.800E+00 
 1.800E+00 
 1.800E+00 
 1.800E+00 
 1.800E+00 
-1.355E-07 
 1.800E+00 
 1.800E+00 
 2.426E-08 
 1.800E+00 
 1.800E+00 
 1.800E+00 
 1.800E+00 
 1.800E+00 
 1.800E+00 
 1.800E+00 
 1.800E+00 
 1.242E-08 
 9.075E-09 
 1.800E+00 
 1.800E+00 
 1.800E+00 
 1.800E+00 
 1.800E+00 
 1.800E+00 
 1.800E+00 
 1.800E+00 
-6.344E-06 
 1.800E+00 
 1.800E+00 
 1.800E+00 
 4.334E-07 
 1.800E+00 
 1.800E+00 
 1.800E+00 
 7.358E-09 
 1.800E+00 
 1.800E+00 
 1.800E+00 
 1.800E+00 
 1.800E+00 
 3.839E-10 
 1.800E+00 
 1.800E+00 
 1.800E+00 
 1.800E+00 
-1.138E-06 
 1.800E+00 
 1.800E+00 
 1.800E+00 
 7.333E-09 
 1.800E+00 
 1.800E+00 
 1.800E+00 
 1.800E+00 
 1.800E+00 
-6.415E-08 
 1.800E+00 
 1.800E+00 
 2.374E-07 
 1.800E+00 
 1.800E+00 
 1.800E+00 
 1.800E+00 
 1.800E+00 
 1.800E+00 
 1.557E-08 
 1.800E+00 
 1.800E+00 
 5.561E-08 
 1.800E+00 
 1.800E+00 
 1.800E+00 
 1.800E+00 
-5.445E-06 
 1.800E+00 
 1.800E+00 
 1.800E+00 
 1.800E+00 
 4.164E-09 
 1.800E+00 
 1.800E+00 
 1.800E+00 
 8.693E-09 
 1.800E+00 
 1.800E+00 
 1.800E+00 
 1.800E+00 
 5.749E-07 
 1.800E+00 
 1.800E+00 
 6.211E-08 
 1.800E+00 
 1.800E+00 
 1.800E+00 
 1.800E+00 
 1.800E+00 
 7.454E-09 
 1.800E+00 
 1.800E+00 
 1.800E+00 
 9.734E-09 
 1.800E+00 
 1.800E+00 
-7.953E-08 
 1.800E+00 
 1.800E+00 
 1.800E+00 
 1.800E+00 
 1.800E+00 
-4.185E-08 
 1.800E+00 
 1.800E+00 
-1.297E-09 
 1.800E+00 
 1.800E+00 
 1.800E+00 
 4.172E-08 
 1.800E+00 
 1.800E+00 
 1.800E+00 
 1.800E+00 
 5.684E-07 
 1.800E+00 
 1.800E+00 
 1.800E+00 
-2.018E-08 
 1.800E+00 
 1.800E+00 
-2.867E-05 
 1.800E+00 
 1.800E+00 
 1.800E+00 
 1.800E+00 
 9.139E-08 
 1.800E+00 
 1.800E+00 
 4.846E-08 
 1.800E+00 
 1.800E+00 
 1.800E+00 
 1.800E+00 
 9.111E-08 
 1.800E+00 
 7.393E-09 
 1.800E+00 
 1.800E+00 
 1.800E+00 
 1.800E+00 
 1.800E+00 
 1.332E-08 
 1.800E+00 
 1.800E+00 
 5.573E-09 
 1.800E+00 
 1.800E+00 
 6.126E-09 
 1.800E+00 
 1.800E+00 
 1.800E+00 
 1.800E+00 
 4.494E-06 
 1.800E+00 
 1.800E+00 
 5.435E-07 
 1.800E+00 
 1.800E+00 
 1.800E+00 
-1.780E-05 
 1.800E+00 
 1.800E+00 
 8.075E-06 
 1.800E+00 
 1.800E+00 
 1.800E+00 
 1.068E-06 
 1.800E+00 
 1.800E+00 
 1.122E-08 
 1.800E+00 
 1.800E+00 
 1.800E+00 
 1.800E+00 
-1.047E-07 
 1.800E+00 
 3.337E-08 
 1.800E+00 
 1.800E+00 
 1.800E+00 
 3.027E-07 
 1.800E+00 
 1.800E+00 
 1.800E+00 
 4.525E-07 
 1.800E+00 
 1.800E+00 
 7.167E-07 
 1.800E+00 
 1.800E+00 
-1.008E-07 
 1.800E+00 
 1.800E+00 
 1.800E+00 
 8.278E-07 
 1.800E+00 
 1.800E+00 
 1.716E-08 
 1.800E+00 
 1.800E+00 
 1.930E-06 
 1.800E+00 
 1.800E+00 
 1.800E+00 
 6.289E-06 
 1.800E+00 
 1.800E+00 
 2.651E-09 
 1.800E+00 
 1.800E+00 
 1.800E+00 
 1.607E-06 
 1.800E+00 
 2.832E-08 
 1.800E+00 
 1.800E+00 
 1.800E+00 
 8.858E-06 
 1.800E+00 
 1.800E+00 
-8.359E-07 
 1.800E+00 
 1.800E+00 
 2.139E-07 
 1.800E+00 
 1.800E+00 
 5.044E-08 
 1.800E+00 
 1.800E+00 
 1.800E+00 
 4.265E-07 
 1.800E+00 
-5.698E-08 
 1.800E+00 
 1.800E+00 
 1.800E+00 
-5.877E-07 
 1.800E+00 
 8.383E-08 
 1.800E+00 
 1.800E+00 
 1.800E+00 
 7.615E-09 
 1.800E+00 
 1.800E+00 
-1.963E-07 
 1.800E+00 
 2.473E-08 
 1.800E+00 
 1.800E+00 
 1.800E+00 
-6.725E-08 
 1.800E+00 
 1.800E+00 
 3.678E-06 
 1.800E+00 
-3.151E-08 
 1.800E+00 
 1.800E+00 
 1.800E+00 
 7.583E-09 
 1.800E+00 
 1.796E-07 
 1.800E+00 
 1.800E+00 
 1.800E+00 
 6.148E-09 
 1.800E+00 
-1.049E-08 
 1.800E+00 
 1.800E+00 
 1.059E-07 
 1.800E+00 
 1.800E+00 
-2.580E-08 
 1.800E+00 
 1.800E+00 
-7.872E-06 
 1.800E+00 
-1.600E-08 
 1.800E+00 
 1.800E+00 
 1.800E+00 
-7.090E-08 
 1.800E+00 
 4.691E-06 
 1.800E+00 
 1.800E+00 
-1.600E-08 
 1.800E+00 
 1.800E+00 
 4.397E-08 
 1.800E+00 
 8.559E-07 
 1.800E+00 
 1.800E+00 
 7.502E-09 
 1.800E+00 
 1.800E+00 
 3.687E-09 
 1.800E+00 
 1.800E+00 
-3.163E-07 
 1.800E+00 
-7.141E-08 
 1.800E+00 
 1.800E+00 
-3.004E-08 
 1.800E+00 
 1.800E+00 
 1.408E-09 
 5.895E-09 
 1.800E+00 
 1.800E+00 
 1.800E+00 
 1.800E+00 
-2.183E-08 
 1.074E-08 
 1.800E+00 
 1.800E+00 
-4.082E-07 
 1.800E+00 
 1.800E+00 
 2.532E-07 
 1.800E+00 
-2.737E-08 
 1.800E+00 
 1.800E+00 
-3.121E-08 
 1.800E+00 
 8.864E-09 
 1.800E+00 
 1.800E+00 
 1.799E-07 
 1.800E+00 
 1.582E-05 
 1.800E+00 
 1.800E+00 
-1.484E-06 
 1.800E+00 
 1.800E+00 
-2.129E-05 
 7.346E-06 
 1.800E+00 
 1.800E+00 
 1.800E+00 
 1.543E-06 
 1.540E-06 
 1.800E+00 
 1.800E+00 
 1.800E+00 
-7.414E-09 
-9.465E-09 
 1.800E+00 
 1.800E+00 
 1.800E+00 
 1.341E-06 
 1.118E-06 
 1.800E+00 
 1.800E+00 
 3.183E-09 
 1.800E+00 
 1.800E+00 
 1.098E-07 
 4.619E-09 
 1.800E+00 
 1.800E+00 
 1.800E+00 
 1.397E-07 
 1.909E-07 
 1.800E+00 
 1.800E+00 
 3.257E-08 
 1.800E+00 
 4.237E-06 
 1.800E+00 
 1.800E+00 
-1.732E-08 
 1.800E+00 
-9.548E-10 
 1.800E+00 
-1.214E-07 
 1.800E+00 
 1.800E+00 
-1.314E-05 
-1.302E-05 
 1.800E+00 
 1.800E+00 
 1.800E+00 
-3.077E-07 
 8.732E-09 
 1.800E+00 
 1.800E+00 
-1.578E-05 
 1.800E+00 
 1.883E-07 
 1.800E+00 
-1.109E-05 
 1.800E+00 
 1.800E+00 
-1.708E-06 
-1.666E-06 
 1.800E+00 
 1.800E+00 
 8.316E-09 
 1.800E+00 
 1.800E+00 
-6.726E-06 
-7.065E-06 
 1.800E+00 
-3.054E-07 
 1.800E+00 
 1.800E+00 
 1.944E-08 
 1.800E+00 
 1.862E-08 
 1.800E+00 
 1.800E+00 
 8.800E-08 
 8.705E-09 
 1.800E+00 
-3.619E-07 
 1.800E+00 
 1.800E+00 
-4.980E-07 
 1.800E+00 
 1.719E-08 
 1.800E+00 
-2.964E-05 
 1.800E+00 
 2.949E-07 
 1.800E+00 
 1.443E-07 
 1.800E+00 
 1.800E+00 
 1.910E-07 
 1.910E-07 
 1.800E+00 
 1.800E+00 
 1.311E-07 
 1.800E+00 
 2.774E-06 
 2.771E-06 
 1.800E+00 
 1.800E+00 
 8.523E-09 
 1.800E+00 
-1.484E-07 
 1.800E+00 
-1.352E-05 
 1.800E+00 
-1.420E-10 
 1.800E+00 
 1.800E+00 
-4.259E-06 
-4.409E-06 
 1.800E+00 
 6.519E-09 
 1.800E+00 
 1.261E-07 
 1.800E+00 
 1.800E+00 
-1.936E-08 
-1.953E-08 
 1.800E+00 
-3.279E-07 
 1.800E+00 
 1.800E+00 
-1.354E-06 
 3.393E-08 
 1.800E+00 
 1.800E+00 
 1.063E-06 
 1.062E-06 
 1.800E+00 
-3.774E-06 
 1.800E+00 
 1.800E+00 
 2.346E-08 
 1.355E-08 
 1.800E+00 
 1.800E+00 
-1.413E-06 
 2.430E-08 
 1.800E+00 
 6.196E-09 
 1.800E+00 
 1.837E-07 
 1.800E+00 
 2.677E-08 
 1.800E+00 
 1.800E+00 
 4.848E-07 
 9.886E-09 
 9.886E-09 
 1.800E+00 
 1.800E+00 
-1.241E-06 
 1.800E+00 
-4.834E-08 
 1.800E+00 
 2.739E-06 
 1.800E+00 
-2.663E-06 
-2.735E-06 
 1.800E+00 
 1.800E+00 
 1.755E-09 
 2.432E-09 
 1.800E+00 
 8.672E-09 
 1.800E+00 
 1.159E-07 
 1.800E+00 
 8.700E-06 
 1.800E+00 
-1.129E-07 
 1.800E+00 
 1.260E-05 
 1.255E-05 
 1.800E+00 
 1.800E+00 
-1.072E-07 
-8.514E-08 
 1.800E+00 
-2.972E-06 
 1.800E+00 
 1.043E-08 
 1.800E+00 
-1.581E-07 
 1.800E+00 
 9.586E-07 
 8.725E-09 
 1.800E+00 
 1.800E+00 
-5.436E-06 
 1.346E-06 
 1.346E-06 
 1.800E+00 
 1.800E+00 
-1.367E-07 
 1.800E+00 
 8.368E-06 
 8.437E-06 
 1.800E+00 
 1.800E+00 
 9.722E-09 
 1.132E-08 
 1.132E-08 
 1.800E+00 
 1.800E+00 
-5.893E-08 
-8.154E-08 
 1.800E+00 
 4.566E-07 
 1.800E+00 
-8.529E-08 
 1.800E+00 
-1.646E-05 
-1.638E-05 
 1.800E+00 
-1.027E-05 
 1.800E+00 
 2.521E-07 
 1.800E+00 
-1.443E-06 
 8.623E-06 
 1.800E+00 
 7.500E-09 
 1.800E+00 
-1.686E-09 
 1.800E+00 
 7.495E-06 
 7.496E-06 
 1.800E+00 
 1.739E-08 
 1.800E+00 
-4.683E-07 
 1.800E+00 
-1.486E-06 
 8.371E-09 
 1.800E+00 
-1.326E-07 
 1.800E+00 
 2.358E-08 
 8.471E-09 
 1.800E+00 
 1.804E-07 
 1.800E+00 
-8.038E-10 
-2.789E-09 
 1.800E+00 
 1.800E+00 
 1.115E-06 
 1.497E-09 
 1.526E-09 
 1.800E+00 
 1.443E-06 
 1.800E+00 
 6.606E-07 
 6.389E-07 
 1.800E+00 
 1.800E+00 
-2.679E-06 
 1.869E-08 
 1.869E-08 
 1.800E+00 
 1.607E-07 
 1.800E+00 
-5.450E-07 
 1.800E+00 
 8.519E-08 
 3.867E-07 
 1.800E+00 
-2.622E-06 
 1.275E-08 
 1.800E+00 
 6.713E-08 
 1.800E+00 
-2.032E-06 
 3.576E-08 
 1.800E+00 
 1.244E-08 
 1.800E+00 
 5.522E-07 
 5.541E-07 
 1.800E+00 
 1.147E-08 
 1.800E+00 
-4.042E-08 
-2.834E-08 
-2.834E-08 
 1.800E+00 
 1.800E+00 
 2.359E-07 
 2.560E-07 
 2.560E-07 
 1.800E+00 
 1.854E-07 
 1.800E+00 
 6.078E-09 
 3.105E-09 
 1.800E+00 
 8.863E-08 
 6.492E-09 
 1.800E+00 
-2.957E-09 
 1.800E+00 
 3.849E-06 
 3.893E-06 
 1.800E+00 
 1.536E-06 
 1.471E-06 
 1.800E+00 
 2.921E-08 
 1.800E+00 
-2.555E-06 
 1.197E-08 
 1.800E+00 
 1.436E-08 
 1.043E-07 
 1.043E-07 
 1.800E+00 
 1.800E+00 
 2.435E-07 
 1.200E-07 
 1.200E-07 
 1.800E+00 
 5.295E-09 
 6.076E-09 
 1.800E+00 
-7.627E-07 
 1.800E+00 
-4.104E-07 
-1.306E-08 
 1.800E+00 
 3.592E-06 
-4.032E-08 
-4.033E-08 
 1.800E+00 
 1.800E+00 
 1.128E-06 
 1.620E-09 
 1.620E-09 
 1.620E-09 
 1.800E+00 
 1.800E+00 
-4.651E-07 
-4.201E-07 
-4.201E-07 
-4.201E-07 
 1.800E+00 
 1.800E+00 
 1.136E-07 
 1.610E-07 
 1.610E-07 
 1.800E+00 
-1.665E-06 
 1.066E-08 
 1.800E+00 
 1.574E-06 
 1.576E-06 
 1.800E+00 
-2.098E-05 
-2.099E-05 
 1.800E+00 
 5.751E-08 
 3.525E-08 
 1.800E+00 
 7.060E-09 
 7.445E-09 
 7.469E-09 
 1.800E+00 
 1.800E+00 
 5.572E-05 
 2.207E-06 
 2.207E-06 
 2.207E-06 
 1.800E+00 
 2.716E-06 
 1.828E-05 
 1.800E+00 
 1.387E-06 
 1.800E+00 
 3.601E-06 
 3.069E-06 
 3.069E-06 
 3.069E-06 
 1.800E+00 
 1.800E+00 
 1.429E-06 
 1.446E-06 
 1.446E-06 
 1.446E-06 
 1.800E+00 
-9.463E-06 
-9.463E-06 
 1.800E+00 
 1.315E-06 
 1.419E-06 
 1.800E+00 
 1.044E-06 
 1.056E-06 
 1.800E+00 
 3.617E-07 
 3.294E-07 
 3.294E-07 
 1.800E+00 
 1.026E-05 
-2.703E-05 
 1.800E+00 
 1.171E-08 
 8.622E-09 
 8.621E-09 
 1.800E+00 
-1.334E-07 
 1.800E+00 
 3.236E-05 
-8.704E-10 
-8.711E-10 
-8.701E-10 
 1.800E+00 
 4.615E-09 
 4.714E-09 
 1.800E+00 
 6.978E-06 
 6.900E-06 
 1.800E+00 
-3.820E-07 
-3.706E-07 
-3.706E-07 
 1.800E+00 
 6.643E-07 
 8.275E-07 
 1.800E+00 
 1.010E-06 
 7.076E-07 
 7.076E-07 
 1.800E+00 
 3.963E-07 
 9.049E-07 
 9.049E-07 
 1.800E+00 
 1.982E-08 
 1.784E-08 
 1.800E+00 
-2.248E-06 
 2.880E-08 
 2.880E-08 
 1.800E+00 
 1.246E-07 
 2.552E-08 
 2.552E-08 
 1.800E+00 
-1.876E-08 
-1.312E-08 
 1.800E+00 
 1.595E-07 
-1.307E-07 
-1.307E-07 
-1.307E-07 
 1.800E+00 
 1.328E-08 
 1.800E+00 
-1.533E-08 
-7.053E-09 
-7.052E-09 
-7.053E-09 
-7.053E-09 
 1.800E+00 
-3.224E-08 
 1.800E+00 
 9.157E-08 
 2.832E-09 
 2.832E-09 
 2.832E-09 
 1.800E+00 
 1.029E-08 
 1.004E-08 
 1.800E+00 
 1.508E-07 
 1.513E-07 
 1.513E-07 
 1.513E-07 
 1.800E+00 
 2.996E-07 
 5.089E-09 
 5.089E-09 
 1.800E+00 
 1.511E-07 
-8.189E-08 
 1.800E+00 
 8.771E-08 
 7.595E-09 
 7.595E-09 
 7.595E-09 
 7.595E-09 
 1.800E+00 
 1.800E+00 
-7.218E-05 
 1.171E-07 
 1.171E-07 
 1.171E-07 
 1.171E-07 
 1.171E-07 
 1.171E-07 
 1.800E+00 
 9.258E-09 
 1.800E+00 
 1.833E-08 
 6.075E-09 
 6.074E-09 
 6.074E-09 
 1.800E+00 
-1.968E-05 
-1.979E-05 
-1.979E-05 
 1.800E+00 
 1.225E-07 
 1.423E-08 
 1.423E-08 
 1.800E+00 
 1.010E-06 
 9.450E-07 
 9.450E-07 
 9.450E-07 
 1.800E+00 
-2.029E-06 
 1.033E-08 
 1.033E-08 
 1.033E-08 
 1.800E+00 
 1.380E-07 
 1.930E-09 
 1.800E+00 
-2.538E-05 
-2.549E-05 
-2.549E-05 
-2.549E-05 
-2.549E-05 
 1.800E+00 
 1.267E-08 
 1.294E-08 
 1.294E-08 
 1.800E+00 
 7.645E-08 
-2.349E-07 
-2.349E-07 
-2.349E-07 
 1.800E+00 
 1.590E-08 
-2.489E-08 
-2.489E-08 
 1.800E+00 
 5.201E-07 
-1.744E-05 
-1.744E-05 
-1.744E-05 
-1.744E-05 
 1.800E+00 
-2.902E-06 
-2.930E-06 
 1.800E+00 
-6.846E-07 
 8.540E-09 
 8.541E-09 
 8.540E-09 
 8.540E-09 
 8.540E-09 
 1.800E+00 
 1.084E-07 
 1.085E-07 
 1.085E-07 
 1.800E+00 
 4.566E-08 
 4.544E-08 
 4.544E-08 
 4.544E-08 
 1.800E+00 
 1.279E-06 
 1.822E-06 
 1.822E-06 
 1.822E-06 
 1.800E+00 
 1.632E-07 
 1.215E-07 
 1.215E-07 
 1.215E-07 
 1.215E-07 
 1.800E+00 
-7.817E-07 
 1.190E-08 
 1.190E-08 
 1.800E+00 
-4.208E-07 
-1.408E-07 
-1.409E-07 
-1.409E-07 
-1.409E-07 
 1.800E+00 
 2.187E-06 
-9.706E-08 
-9.706E-08 
-9.706E-08 
-9.706E-08 
 1.800E+00 
-6.472E-06 
-6.472E-06 
-6.472E-06 
 1.800E+00 
 1.274E-06 
-8.366E-09 
-8.366E-09 
-8.367E-09 
-8.366E-09 
-8.365E-09 
 1.800E+00 
-4.105E-06 
 2.730E-07 
 2.730E-07 
 2.730E-07 
 1.800E+00 
-3.895E-07 
-1.429E-07 
-1.429E-07 
-1.429E-07 
-1.429E-07 
 1.800E+00 
-1.302E-05 
-1.301E-05 
-1.301E-05 
-1.301E-05 
 1.800E+00 
-1.128E-08 
-1.043E-08 
-1.043E-08 
-1.043E-08 
-1.044E-08 
-1.043E-08 
 1.800E+00 
 1.668E-06 
 1.676E-06 
 1.676E-06 
 1.676E-06 
 1.800E+00 
-4.072E-08 
-2.810E-10 
-2.810E-10 
-2.810E-10 
-2.810E-10 
-2.812E-10 
 1.800E+00 
 1.417E-07 
 1.448E-07 
 1.448E-07 
 1.448E-07 
 1.800E+00 
-3.475E-06 
-3.259E-06 
-3.259E-06 
-3.259E-06 
-3.259E-06 
-3.259E-06 
 1.800E+00 
 9.997E-09 
 1.036E-08 
 1.036E-08 
 1.036E-08 
 1.036E-08 
 1.036E-08 
 1.800E+00 
-2.890E-07 
-2.433E-09 
-2.439E-09 
-2.439E-09 
 1.800E+00 
 6.061E-07 
 1.626E-08 
 1.626E-08 
 1.626E-08 
 1.626E-08 
 1.626E-08 
 1.626E-08 
 1.800E+00 
 7.198E-07 
 7.364E-07 
 7.364E-07 
 7.364E-07 
 1.800E+00 
 5.086E-08 
 6.438E-09 
 6.433E-09 
 6.438E-09 
 6.438E-09 
 6.438E-09 
 6.438E-09 
 6.438E-09 
 1.800E+00 
 9.203E-08 
-7.951E-08 
-7.950E-08 
-7.950E-08 
 1.800E+00 
 4.544E-06 
-7.813E-08 
-7.813E-08 
-7.813E-08 
-7.813E-08 
-7.813E-08 
-7.813E-08 
 1.800E+00 
 1.164E-06 
 6.483E-09 
 6.496E-09 
 6.488E-09 
 6.483E-09 
 6.484E-09 
 1.800E+00 
 4.460E-06 
 4.523E-06 
 4.523E-06 
 4.523E-06 
 4.523E-06 
 4.523E-06 
 1.800E+00 
-2.116E-05 
-1.397E-06 
-1.397E-06 
-1.397E-06 
-1.397E-06 
-1.397E-06 
-1.397E-06 
 1.800E+00 
 5.206E-06 
-1.587E-07 
-1.587E-07 
-1.587E-07 
-1.587E-07 
-1.587E-07 
 1.800E+00 
-3.070E-07 
-3.049E-07 
-3.049E-07 
-3.049E-07 
-3.049E-07 
-3.049E-07 
-3.049E-07 
 1.800E+00 
 2.134E-06 
 1.704E-06 
 1.704E-06 
 1.704E-06 
 1.704E-06 
 1.704E-06 
 1.800E+00 
-6.307E-06 
 8.716E-06 
 8.716E-06 
 8.716E-06 
 8.716E-06 
 8.716E-06 
 8.716E-06 
 8.716E-06 
 1.800E+00 
 7.432E-07 
 5.581E-07 
 5.581E-07 
 5.581E-07 
 5.581E-07 
 5.581E-07 
 5.581E-07 
 1.800E+00 
 3.362E-06 
 3.063E-06 
 3.063E-06 
 3.063E-06 
 3.063E-06 
 3.063E-06 
 1.800E+00 
-1.213E-06 
 1.547E-08 
 1.547E-08 
 1.547E-08 
 1.547E-08 
 1.547E-08 
 1.548E-08 
 1.547E-08 
 1.547E-08 
 1.800E+00 
 1.301E-06 
 1.069E-06 
 1.069E-06 
 1.069E-06 
 1.069E-06 
 1.069E-06 
 1.800E+00 
 5.254E-07 
 3.789E-07 
 3.789E-07 
 3.789E-07 
 3.788E-07 
 3.789E-07 
 3.788E-07 
 3.789E-07 
 3.788E-07 
 1.800E+00 
 1.399E-04 
-2.143E-06 
-2.143E-06 
-2.143E-06 
-2.143E-06 
-2.143E-06 
-2.143E-06 
 1.800E+00 
-3.645E-07 
-3.909E-07 
-3.909E-07 
-3.909E-07 
-3.909E-07 
-3.909E-07 
-3.909E-07 
-3.909E-07 
 1.800E+00 
-1.048E-06 
-1.071E-06 
-1.071E-06 
-1.071E-06 
-1.071E-06 
-1.071E-06 
-1.071E-06 
-1.071E-06 
 1.800E+00 
 1.036E-05 
 1.050E-05 
 1.050E-05 
 1.050E-05 
 1.050E-05 
 1.050E-05 
 1.050E-05 
 1.050E-05 
 1.050E-05 
 1.800E+00 
 4.500E-06 
 4.464E-06 
 4.464E-06 
 4.464E-06 
 4.464E-06 
 4.464E-06 
 4.464E-06 
 1.800E+00 
 1.658E-06 
 6.002E-09 
 6.002E-09 
 6.002E-09 
 6.002E-09 
 6.002E-09 
 6.002E-09 
 6.002E-09 
 6.002E-09 
 6.013E-09 
 1.800E+00 
 3.063E-09 
 1.693E-09 
 1.692E-09 
 1.692E-09 
 1.692E-09 
 1.692E-09 
 1.692E-09 
 1.800E+00 
-2.421E-06 
-2.201E-06 
-2.201E-06 
-2.201E-06 
-2.201E-06 
-2.201E-06 
-2.201E-06 
-2.201E-06 
-2.201E-06 
-2.201E-06 
 1.800E+00 
 1.088E-06 
 1.810E-06 
 1.810E-06 
 1.810E-06 
 1.810E-06 
 1.810E-06 
 1.810E-06 
 1.800E+00 
-2.945E-09 
 6.229E-09 
 6.230E-09 
 6.230E-09 
 6.229E-09 
 6.230E-09 
 6.229E-09 
 6.229E-09 
 6.230E-09 
 6.230E-09 
 6.230E-09 
 1.800E+00 
 1.156E-08 
 1.173E-08 
 1.173E-08 
 1.173E-08 
 1.173E-08 
 1.173E-08 
 1.173E-08 
 1.800E+00 
 1.593E-08 
 2.384E-09 
 2.384E-09 
 2.384E-09 
 2.383E-09 
 2.394E-09 
 2.383E-09 
 2.383E-09 
 2.383E-09 
 2.384E-09 
 2.383E-09 
 1.800E+00 
 8.812E-07 
 8.256E-07 
 8.256E-07 
 8.257E-07 
 8.256E-07 
 8.256E-07 
 8.256E-07 
 1.800E+00 
 3.354E-06 
 3.354E-06 
 3.354E-06 
 3.354E-06 
 3.354E-06 
 3.354E-06 
 3.354E-06 
 3.354E-06 
 3.354E-06 
 3.354E-06 
 1.800E+00 
 9.689E-07 
 3.049E-08 
 3.049E-08 
 3.049E-08 
 3.049E-08 
 3.049E-08 
 3.049E-08 
 3.049E-08 
 3.049E-08 
 1.800E+00 
 2.028E-08 
-1.678E-08 
-1.678E-08 
-1.678E-08 
-1.678E-08 
-1.678E-08 
-1.678E-08 
-1.678E-08 
-1.678E-08 
-1.678E-08 
 1.800E+00 
 8.991E-08 
 1.181E-07 
 1.181E-07 
 1.181E-07 
 1.181E-07 
 1.181E-07 
 1.181E-07 
 1.800E+00 
-2.057E-08 
-2.586E-07 
-2.586E-07 
-2.586E-07 
-2.586E-07 
-2.586E-07 
-2.586E-07 
-2.586E-07 
-2.586E-07 
-2.586E-07 
-2.586E-07 
 1.800E+00 
-3.222E-07 
 1.335E-08 
 1.335E-08 
 1.335E-08 
 1.336E-08 
 1.335E-08 
 1.335E-08 
 1.335E-08 
 1.800E+00 
-6.298E-07 
 8.711E-09 
 8.712E-09 
 8.712E-09 
 8.712E-09 
 8.712E-09 
 8.712E-09 
 8.712E-09 
 8.712E-09 
 1.800E+00 
 1.685E-06 
 1.672E-06 
 1.672E-06 
 1.672E-06 
 1.672E-06 
 1.672E-06 
 1.672E-06 
 1.672E-06 
 1.672E-06 
 1.672E-06 
 1.800E+00 
 2.554E-08 
 6.095E-08 
 6.095E-08 
 6.095E-08 
 6.096E-08 
 6.095E-08 
 6.095E-08 
 1.800E+00 
-1.265E-06 
 7.413E-09 
 7.413E-09 
 7.413E-09 
 7.413E-09 
 7.413E-09 
 7.413E-09 
 7.414E-09 
 7.413E-09 
 7.413E-09 
 1.800E+00 
-2.066E-07 
 7.448E-08 
 7.448E-08 
 7.448E-08 
 7.448E-08 
 7.448E-08 
 7.448E-08 
 7.448E-08 
 1.800E+00 
 8.638E-06 
-6.179E-07 
-6.179E-07 
-6.179E-07 
-6.179E-07 
-6.179E-07 
-6.179E-07 
-6.179E-07 
-6.179E-07 
 1.800E+00 
 8.299E-06 
-2.159E-05 
-2.159E-05 
-2.159E-05 
-2.159E-05 
-2.159E-05 
-2.159E-05 
 1.800E+00 
 7.392E-08 
 7.322E-09 
 7.322E-09 
 7.322E-09 
 7.322E-09 
 7.322E-09 
 7.322E-09 
 7.322E-09 
 7.322E-09 
 7.323E-09 
 1.800E+00 
-6.553E-07 
 1.611E-07 
 1.611E-07 
 1.611E-07 
 1.611E-07 
 1.611E-07 
 1.611E-07 
 1.800E+00 
 1.204E-06 
 1.205E-06 
 1.205E-06 
 1.205E-06 
 1.205E-06 
 1.205E-06 
 1.205E-06 
 1.205E-06 
 1.205E-06 
 1.800E+00 
 2.228E-06 
 1.558E-06 
 1.558E-06 
 1.558E-06 
 1.558E-06 
 1.558E-06 
 1.558E-06 
 1.800E+00 
-8.665E-06 
-8.971E-06 
-8.971E-06 
-8.971E-06 
-8.971E-06 
-8.971E-06 
-8.971E-06 
-8.971E-06 
 1.800E+00 
-4.604E-05 
-1.120E-06 
-1.120E-06 
-1.120E-06 
-1.120E-06 
-1.120E-06 
-1.120E-06 
 1.800E+00 
 9.568E-07 
 9.604E-07 
 9.604E-07 
 9.604E-07 
 9.604E-07 
 9.604E-07 
 9.604E-07 
 9.604E-07 
 1.800E+00 
 2.790E-07 
 2.316E-07 
 2.316E-07 
 2.316E-07 
 2.316E-07 
 2.316E-07 
 2.316E-07 
 2.316E-07 
 1.800E+00 
 2.347E-08 
 2.453E-08 
 2.454E-08 
 2.454E-08 
 2.454E-08 
 1.800E+00 
-1.730E-06 
 3.678E-08 
 3.677E-08 
 3.678E-08 
 3.678E-08 
 3.678E-08 
 3.678E-08 
 3.678E-08 
 3.678E-08 
 1.800E+00 
 9.368E-07 
 9.364E-07 
 9.364E-07 
 9.364E-07 
 9.364E-07 
 9.364E-07 
 1.800E+00 
 4.886E-06 
 4.883E-06 
 4.883E-06 
 4.883E-06 
 4.883E-06 
 4.883E-06 
 4.883E-06 
 1.800E+00 
 3.855E-07 
 3.653E-07 
 3.653E-07 
 3.653E-07 
 3.652E-07 
 3.653E-07 
 3.653E-07 
 1.800E+00 
 2.059E-06 
 2.057E-06 
 2.057E-06 
 2.057E-06 
 2.057E-06 
 1.800E+00 
-1.073E-05 
 1.461E-05 
 1.461E-05 
 1.461E-05 
 1.461E-05 
 1.461E-05 
 1.461E-05 
 1.461E-05 
 1.800E+00 
 8.614E-06 
 8.714E-06 
 8.714E-06 
 8.714E-06 
 8.714E-06 
 1.800E+00 
-1.136E-06 
-1.087E-06 
-1.087E-06 
-1.087E-06 
-1.087E-06 
-1.087E-06 
-1.087E-06 
 1.800E+00 
-5.200E-07 
-4.589E-07 
-4.589E-07 
-4.589E-07 
-4.589E-07 
-4.589E-07 
 1.800E+00 
 1.958E-06 
 4.096E-09 
 4.096E-09 
 4.096E-09 
 4.096E-09 
 1.800E+00 
-1.694E-07 
 2.702E-08 
 2.702E-08 
 2.702E-08 
 2.702E-08 
 2.701E-08 
 1.800E+00 
 2.217E-07 
 2.196E-07 
 2.197E-07 
 2.196E-07 
 2.196E-07 
 2.196E-07 
 1.800E+00 
 3.516E-07 
 6.167E-07 
 6.167E-07 
 6.167E-07 
 6.167E-07 
 1.800E+00 
-1.871E-06 
-2.104E-06 
-2.104E-06 
-2.104E-06 
-2.104E-06 
-2.104E-06 
 1.800E+00 
 3.241E-07 
 3.035E-08 
 3.035E-08 
 3.035E-08 
 3.035E-08 
 1.800E+00 
-1.870E-06 
 1.503E-08 
 1.503E-08 
 1.503E-08 
 1.503E-08 
 1.800E+00 
-1.831E-05 
-1.869E-05 
-1.869E-05 
-1.869E-05 
-1.869E-05 
 1.800E+00 
-7.188E-06 
-7.272E-06 
-7.272E-06 
-7.272E-06 
-7.272E-06 
-7.272E-06 
 1.800E+00 
 1.094E-06 
 5.966E-09 
 5.966E-09 
 5.966E-09 
 1.800E+00 
 9.551E-06 
 9.447E-06 
 9.447E-06 
 9.447E-06 
 9.447E-06 
 1.800E+00 
 6.176E-09 
 5.750E-09 
 5.749E-09 
 5.750E-09 
 5.750E-09 
 1.800E+00 
 1.612E-07 
 3.056E-09 
 3.057E-09 
 3.057E-09 
 1.800E+00 
 6.521E-09 
 6.414E-09 
 6.414E-09 
 6.416E-09 
 6.412E-09 
 6.414E-09 
 1.800E+00 
 1.912E-07 
 1.913E-07 
 1.800E+00 
 1.409E-08 
 5.168E-06 
 5.168E-06 
 5.168E-06 
 5.168E-06 
 5.168E-06 
 5.168E-06 
 1.800E+00 
-3.554E-06 
-3.554E-06 
-3.554E-06 
 1.800E+00 
 3.470E-09 
 9.506E-09 
 9.507E-09 
 9.507E-09 
 9.508E-09 
 1.800E+00 
 3.850E-06 
 3.843E-06 
 3.843E-06 
 3.843E-06 
 1.800E+00 
 1.050E-07 
 1.150E-07 
 1.150E-07 
 1.150E-07 
 1.800E+00 
 2.441E-07 
 2.141E-08 
 2.141E-08 
 2.141E-08 
 1.800E+00 
 8.102E-06 
-1.638E-05 
-1.638E-05 
-1.638E-05 
 1.800E+00 
-3.004E-06 
 1.876E-08 
 1.877E-08 
 1.877E-08 
 1.800E+00 
-2.682E-06 
 1.232E-08 
 1.232E-08 
 1.232E-08 
 1.800E+00 
-2.563E-06 
 3.720E-08 
 3.720E-08 
 1.800E+00 
 2.277E-09 
 6.016E-09 
 6.016E-09 
 6.017E-09 
 6.016E-09 
 1.800E+00 
 4.165E-07 
 4.007E-07 
 4.007E-07 
 1.800E+00 
-1.975E-06 
-1.844E-06 
-1.844E-06 
-1.844E-06 
 1.800E+00 
 1.249E-05 
 1.250E-05 
 1.250E-05 
 1.250E-05 
 1.800E+00 
 2.608E-06 
 2.663E-06 
 1.800E+00 
 7.083E-08 
 9.200E-09 
 9.192E-09 
 9.200E-09 
 9.200E-09 
 1.800E+00 
-3.225E-07 
-2.537E-07 
-2.537E-07 
 1.800E+00 
-2.388E-09 
 5.661E-09 
 5.661E-09 
 1.800E+00 
 1.106E-07 
 1.103E-07 
 1.103E-07 
 1.103E-07 
 1.800E+00 
-2.086E-07 
 1.228E-07 
 1.228E-07 
 1.800E+00 
-1.282E-06 
 9.578E-09 
 9.578E-09 
 1.800E+00 
-6.097E-06 
-6.085E-06 
-6.085E-06 
-6.085E-06 
 1.800E+00 
 7.511E-06 
 7.491E-06 
 1.800E+00 
 1.093E-06 
-1.883E-07 
-1.883E-07 
-1.883E-07 
-1.883E-07 
 1.800E+00 
 1.800E+00 
 3.635E-07 
 1.827E-07 
 1.827E-07 
 1.827E-07 
 1.827E-07 
 1.827E-07 
 1.800E+00 
-1.707E-06 
 5.696E-08 
 1.800E+00 
 3.482E-08 
 4.325E-08 
 4.325E-08 
 1.800E+00 
 3.727E-06 
-1.147E-05 
-1.147E-05 
 1.800E+00 
 2.331E-07 
 1.101E-08 
 1.800E+00 
 5.397E-07 
 5.075E-07 
 5.075E-07 
 5.075E-07 
 1.800E+00 
 7.660E-08 
 5.718E-09 
 5.718E-09 
 1.800E+00 
-2.412E-08 
-2.348E-08 
 1.800E+00 
-2.056E-07 
 1.904E-07 
 1.904E-07 
 1.800E+00 
 5.524E-06 
-6.409E-06 
 1.800E+00 
 1.745E-06 
 5.880E-09 
 5.880E-09 
 5.880E-09 
 1.800E+00 
 2.009E-07 
 2.035E-07 
 1.800E+00 
 1.675E-06 
-4.652E-08 
-4.652E-08 
 1.800E+00 
 1.160E-08 
 1.044E-08 
 1.800E+00 
-6.419E-09 
-7.923E-09 
-7.923E-09 
 1.800E+00 
 9.734E-06 
-1.075E-06 
 1.800E+00 
 2.719E-06 
-4.896E-09 
-4.896E-09 
-4.896E-09 
 1.800E+00 
 1.800E+00 
-8.978E-06 
-8.955E-06 
-8.955E-06 
-8.955E-06 
-8.955E-06 
 1.800E+00 
-3.949E-07 
 1.800E+00 
-3.464E-06 
 5.211E-08 
 5.211E-08 
 1.800E+00 
-4.433E-05 
-1.329E-06 
 1.800E+00 
-7.361E-07 
-7.366E-07 
 1.800E+00 
 1.200E-08 
 1.278E-08 
 1.278E-08 
 1.800E+00 
 1.022E-06 
 5.789E-09 
 5.789E-09 
 1.800E+00 
 1.800E+00 
-5.063E-06 
-5.063E-06 
-5.063E-06 
-5.063E-06 
-5.063E-06 
 1.800E+00 
 1.800E+00 
 1.726E-05 
 1.733E-05 
 1.733E-05 
 1.733E-05 
 1.800E+00 
 1.800E+00 
 3.731E-07 
 3.671E-07 
 3.671E-07 
 3.671E-07 
 1.800E+00 
-1.104E-07 
-1.002E-07 
 1.800E+00 
 1.260E-07 
 2.906E-07 
 1.800E+00 
 6.908E-09 
 1.800E+00 
-1.548E-06 
-1.771E-06 
-1.771E-06 
-1.771E-06 
 1.800E+00 
 1.800E+00 
 1.811E-06 
 1.811E-06 
 1.811E-06 
 1.811E-06 
 1.800E+00 
 1.800E+00 
 1.850E-06 
 6.505E-09 
 6.502E-09 
 6.505E-09 
 1.800E+00 
 1.800E+00 
-8.261E-07 
-7.740E-07 
-7.740E-07 
-7.740E-07 
 1.800E+00 
 1.800E+00 
 1.091E-06 
 1.121E-06 
 1.121E-06 
 1.121E-06 
 1.800E+00 
 1.800E+00 
-6.946E-06 
-6.919E-06 
-6.919E-06 
 1.800E+00 
 1.282E-06 
 1.894E-05 
 1.800E+00 
-9.020E-06 
 1.800E+00 
 2.717E-10 
 3.844E-08 
 3.839E-08 
 1.800E+00 
 1.800E+00 
-4.792E-07 
-6.460E-07 
-6.460E-07 
-6.460E-07 
 1.800E+00 
 1.800E+00 
 3.348E-06 
-2.278E-08 
-2.278E-08 
 1.800E+00 
 1.336E-08 
 1.800E+00 
 8.563E-08 
 6.311E-09 
 6.311E-09 
 1.800E+00 
 1.800E+00 
 2.529E-08 
 2.938E-08 
 2.938E-08 
 1.800E+00 
 2.915E-08 
 1.800E+00 
 8.641E-07 
 7.358E-09 
 1.800E+00 
 1.082E-07 
 1.089E-08 
 1.800E+00 
-1.485E-07 
 1.800E+00 
-3.393E-07 
-3.397E-07 
 1.800E+00 
-5.236E-07 
 1.800E+00 
 7.886E-09 
 3.594E-09 
 3.594E-09 
 1.800E+00 
 1.800E+00 
 1.436E-07 
 1.118E-07 
 1.118E-07 
 1.800E+00 
 5.304E-09 
 1.800E+00 
-3.653E-06 
 1.800E+00 
 5.814E-09 
 5.812E-09 
 5.812E-09 
 1.800E+00 
 1.800E+00 
 1.200E-07 
 6.483E-08 
 6.483E-08 
 1.800E+00 
 1.800E+00 
 1.211E-07 
 1.179E-09 
 1.179E-09 
 1.800E+00 
 1.800E+00 
-3.912E-09 
 9.397E-09 
 9.397E-09 
 1.800E+00 
 1.800E+00 
 9.497E-08 
 9.496E-08 
 9.496E-08 
 1.800E+00 
 1.800E+00 
 1.463E-06 
 1.847E-06 
 1.800E+00 
 1.158E-05 
 1.150E-05 
 1.800E+00 
-2.229E-06 
 1.800E+00 
 1.024E-07 
 1.800E+00 
 1.320E-06 
 8.085E-07 
 1.800E+00 
 5.809E-06 
 1.800E+00 
-1.301E-07 
 9.432E-06 
 1.800E+00 
 1.800E+00 
-1.177E-06 
 1.705E-08 
 1.705E-08 
 1.800E+00 
 1.800E+00 
 2.837E-08 
 7.510E-09 
 7.509E-09 
 1.800E+00 
 1.800E+00 
-8.852E-10 
 1.800E+00 
 2.265E-06 
 2.264E-06 
 1.800E+00 
 3.618E-08 
 7.450E-09 
 1.800E+00 
 1.800E+00 
-1.821E-07 
-1.821E-07 
 1.800E+00 
-4.781E-07 
 1.800E+00 
-2.049E-06 
 1.800E+00 
-3.674E-07 
 8.606E-09 
 1.800E+00 
 1.726E-06 
 1.800E+00 
 4.280E-06 
 1.800E+00 
-3.971E-08 
 1.800E+00 
 1.940E-08 
 1.948E-08 
 1.800E+00 
 5.747E-07 
 1.800E+00 
 6.635E-09 
 1.800E+00 
-4.770E-08 
 1.800E+00 
 1.525E-07 
 1.800E+00 
 1.440E-05 
-2.639E-05 
 1.800E+00 
-1.111E-05 
 1.800E+00 
 1.800E+00 
-1.946E-06 
-1.571E-06 
-1.571E-06 
 1.800E+00 
 1.800E+00 
 4.566E-07 
 1.800E+00 
 1.110E-06 
 1.725E-06 
 1.800E+00 
 1.800E+00 
-6.239E-08 
 1.427E-08 
 1.800E+00 
-1.107E-06 
 1.800E+00 
 9.220E-06 
 1.800E+00 
-8.037E-07 
 1.800E+00 
 1.780E-07 
 1.800E+00 
-7.310E-07 
-7.490E-07 
 1.800E+00 
 1.800E+00 
 8.172E-08 
 1.800E+00 
 1.421E-06 
 1.421E-06 
 1.800E+00 
 1.800E+00 
-2.100E-07 
-1.103E-07 
 1.800E+00 
-1.654E-06 
 1.800E+00 
 1.800E+00 
-3.569E-06 
-3.124E-06 
 1.800E+00 
 1.909E-08 
 1.800E+00 
-7.840E-06 
 1.800E+00 
 1.800E+00 
-1.026E-08 
-1.158E-08 
 1.800E+00 
-7.553E-06 
 1.800E+00 
 4.437E-08 
 1.800E+00 
 4.478E-07 
 1.800E+00 
 1.800E+00 
 1.258E-06 
 3.650E-09 
 1.800E+00 
-3.392E-08 
 1.800E+00 
 1.800E+00 
 2.176E-07 
-1.592E-07 
 1.800E+00 
-3.022E-07 
 1.800E+00 
 1.800E+00 
-1.673E-06 
 1.743E-05 
 1.800E+00 
 1.800E+00 
 3.076E-08 
 3.937E-08 
 1.800E+00 
 1.800E+00 
-6.794E-08 
 1.800E+00 
 1.231E-05 
 1.800E+00 
-5.182E-09 
 1.800E+00 
 1.249E-05 
 1.800E+00 
 3.181E-05 
 1.800E+00 
 2.754E-08 
 1.800E+00 
 1.800E+00 
-7.473E-07 
-7.391E-07 
 1.800E+00 
 1.800E+00 
 6.198E-08 
 1.800E+00 
-7.253E-08 
 1.800E+00 
 8.745E-08 
 1.800E+00 
-1.659E-07 
 1.800E+00 
-2.218E-06 
 1.800E+00 
 1.800E+00 
 2.701E-06 
 6.825E-09 
 1.800E+00 
 1.800E+00 
 3.007E-09 
 1.800E+00 
 1.042E-06 
 1.800E+00 
-2.808E-08 
 1.800E+00 
 1.800E+00 
-2.386E-06 
-2.386E-06 
 1.800E+00 
 1.800E+00 
 6.823E-06 
 1.800E+00 
 1.800E+00 
 3.694E-08 
 3.730E-08 
 1.800E+00 
 1.800E+00 
-1.892E-06 
 1.132E-08 
 1.800E+00 
 1.800E+00 
 1.800E+00 
-1.088E-06 
-8.982E-07 
 1.800E+00 
 1.800E+00 
 1.173E-06 
 1.800E+00 
 4.094E-08 
 1.800E+00 
 1.800E+00 
-1.255E-06 
 8.566E-09 
 1.800E+00 
 1.800E+00 
 1.800E+00 
 7.997E-09 
 7.442E-09 
 1.800E+00 
 1.800E+00 
 7.405E-08 
 1.800E+00 
 3.239E-10 
 1.800E+00 
 7.427E-09 
 1.800E+00 
 1.800E+00 
 1.800E+00 
-1.889E-06 
 1.302E-08 
 1.800E+00 
 1.775E-09 
 1.800E+00 
 1.800E+00 
 1.800E+00 
-5.609E-09 
-4.930E-09 
 1.800E+00 
 1.800E+00 
-5.085E-07 
 1.800E+00 
 1.800E+00 
 7.930E-09 
 3.942E-08 
 1.800E+00 
 1.800E+00 
 1.800E+00 
-7.644E-06 
-2.743E-09 
 1.800E+00 
 1.800E+00 
 1.800E+00 
 2.102E-06 
 1.800E+00 
 3.422E-08 
 1.800E+00 
-1.751E-07 
 1.800E+00 
 1.800E+00 
 1.322E-07 
 1.800E+00 
 3.104E-08 
 1.800E+00 
 1.800E+00 
 1.800E+00 
 4.397E-07 
 2.906E-07 
 1.800E+00 
 1.800E+00 
 3.396E-07 
 1.800E+00 
 1.800E+00 
 3.226E-08 
 1.800E+00 
-8.366E-09 
 1.800E+00 
 1.800E+00 
 4.491E-08 
 1.800E+00 
 3.062E-07 
 1.800E+00 
 1.800E+00 
 1.800E+00 
 1.026E-08 
 9.941E-09 
 1.800E+00 
 1.800E+00 
 1.800E+00 
-1.380E-07 
 1.800E+00 
 5.682E-07 
 1.800E+00 
 1.800E+00 
 1.103E-06 
 1.800E+00 
 1.800E+00 
 3.402E-08 
 1.800E+00 
 2.012E-07 
 1.800E+00 
 1.800E+00 
 8.794E-08 
 1.800E+00 
 1.800E+00 
-1.343E-07 
 1.800E+00 
 1.800E+00 
 2.545E-06 
 1.800E+00 
-4.749E-08 
 1.800E+00 
 1.800E+00 
-2.052E-09 
 1.800E+00 
 1.800E+00 
-5.331E-08 
 1.800E+00 
 1.800E+00 
 3.621E-08 
 1.800E+00 
 1.800E+00 
 1.829E-08 
 1.800E+00 
 7.343E-06 
 1.800E+00 
 1.800E+00 
 1.800E+00 
 3.260E-08 
 1.800E+00 
-3.910E-07 
 1.800E+00 
 1.800E+00 
-8.538E-09 
 1.800E+00 
 1.800E+00 
 3.694E-06 
 1.800E+00 
 1.800E+00 
 1.800E+00 
 8.203E-05 
 5.296E-09 
 1.800E+00 
 1.800E+00 
 1.800E+00 
 1.800E+00 
 1.086E-06 
 1.800E+00 
 1.679E-06 
 1.800E+00 
 1.800E+00 
 1.788E-06 
 1.800E+00 
 1.800E+00 
-1.329E-08 
 1.800E+00 
 1.800E+00 
 1.800E+00 
 1.009E-07 
 1.800E+00 
 4.136E-08 
 1.800E+00 
 1.800E+00 
 5.613E-06 
 1.800E+00 
 1.800E+00 
 1.800E+00 
 5.001E-07 
 1.800E+00 
 1.800E+00 
 7.304E-08 
 1.800E+00 
 1.800E+00 
-2.829E-06 
 1.800E+00 
 1.800E+00 
-4.351E-07 
 1.800E+00 
 1.800E+00 
 1.618E-07 
 1.800E+00 
 1.800E+00 
 1.800E+00 
-9.858E-08 
 1.800E+00 
 1.800E+00 
-4.777E-07 
 1.800E+00 
 1.800E+00 
 3.792E-06 
 1.800E+00 
 1.800E+00 
 7.114E-07 
 1.800E+00 
 1.800E+00 
 1.800E+00 
 3.852E-08 
 1.800E+00 
 1.800E+00 
 5.661E-07 
 1.800E+00 
 1.800E+00 
 1.800E+00 
 9.861E-07 
 1.800E+00 
 4.091E-06 
 1.800E+00 
 1.800E+00 
 1.800E+00 
 1.800E+00 
 1.124E-05 
 1.800E+00 
 1.800E+00 
 1.491E-10 
 1.800E+00 
 1.800E+00 
 6.450E-08 
 1.800E+00 
 1.800E+00 
 1.800E+00 
 1.571E-09 
 1.800E+00 
 1.800E+00 
 1.800E+00 
 3.462E-08 
 1.800E+00 
-1.294E-07 
 1.800E+00 
 1.800E+00 
 1.800E+00 
 1.800E+00 
-1.832E-06 
 1.800E+00 
 1.800E+00 
 1.111E-05 
 1.800E+00 
 1.800E+00 
 1.800E+00 
 4.823E-06 
 1.800E+00 
 1.800E+00 
 1.800E+00 
-2.234E-08 
 1.800E+00 
 1.800E+00 
-5.016E-07 
 1.800E+00 
 1.800E+00 
 1.800E+00 
-3.655E-08 
 1.800E+00 
 1.800E+00 
 1.800E+00 
-7.020E-07 
 1.800E+00 
 1.800E+00 
 1.800E+00 
 1.559E-07 
 1.800E+00 
 1.800E+00 
 1.800E+00 
 1.448E-05 
 1.800E+00 
 1.800E+00 
 3.006E-06 
 1.800E+00 
 1.800E+00 
 1.800E+00 
 1.800E+00 
 1.149E-07 
 1.800E+00 
 1.800E+00 
-2.441E-07 
 1.800E+00 
 1.800E+00 
 1.800E+00 
 2.682E-09 
 1.800E+00 
 1.800E+00 
 1.800E+00 
 1.800E+00 
 1.587E-09 
 1.800E+00 
 1.800E+00 
 1.800E+00 
-9.027E-07 
 1.800E+00 
 1.800E+00 
 6.417E-09 
 1.800E+00 
 1.800E+00 
 1.800E+00 
 1.800E+00 
 1.800E+00 
 2.013E-08 
 1.800E+00 
 9.759E-09 
 1.800E+00 
 1.800E+00 
 1.800E+00 
 1.800E+00 
 1.800E+00 
-1.439E-07 
 1.800E+00 
 1.800E+00 
 1.800E+00 
 1.683E-06 
 1.800E+00 
 1.800E+00 
 1.800E+00 
 1.637E-09 
 1.800E+00 
 1.800E+00 
 1.800E+00 
 1.682E-08 
 1.800E+00 
 1.800E+00 
 1.800E+00 
 1.800E+00 
 1.800E+00 
 5.637E-09 
 1.800E+00 
-6.665E-07 
 1.800E+00 
 1.800E+00 
 1.800E+00 
 1.800E+00 
 1.800E+00 
 1.800E+00 
-6.302E-08 
 1.800E+00 
 1.800E+00 
 1.800E+00 
 6.554E-07 
 1.800E+00 
 1.800E+00 
 1.800E+00 
 1.839E-06 
 1.800E+00 
 1.800E+00 
 1.800E+00 
 1.800E+00 
 3.170E-06 
 1.800E+00 
 1.800E+00 
 1.800E+00 
 1.800E+00 
-1.030E-06 
 1.800E+00 
 1.800E+00 
 1.800E+00 
-3.585E-06 
 1.800E+00 
 1.800E+00 
 1.800E+00 
 1.800E+00 
 1.800E+00 
 2.981E-08 
 1.800E+00 
 1.800E+00 
 1.800E+00 
 1.800E+00 
-1.075E-08 
 1.800E+00 
 1.800E+00 
 1.800E+00 
 1.782E-06 
 1.800E+00 
 1.800E+00 
 1.800E+00 
 1.800E+00 
 1.800E+00 
 7.627E-07 
 1.800E+00 
 1.800E+00 
 1.800E+00 
-1.055E-07 
 1.800E+00 
 1.800E+00 
 1.800E+00 
 1.800E+00 
 1.800E+00 
 1.800E+00 
 7.200E-07 
 1.800E+00 
 1.800E+00 
 7.235E-09 
 1.800E+00 
 1.800E+00 
 1.800E+00 
 1.800E+00 
 1.800E+00 
 1.800E+00 
 1.800E+00 
-1.778E-07 
 1.800E+00 
 1.800E+00 
-6.142E-08 
 1.800E+00 
 1.800E+00 
 1.800E+00 
 1.800E+00 
 1.800E+00 
 1.800E+00 
 4.209E-08 
 1.800E+00 
 1.800E+00 
 1.800E+00 
 1.800E+00 
 2.806E-08 
 1.800E+00 
 1.800E+00 
 1.800E+00 
 1.800E+00 
 1.800E+00 
-5.400E-08 
 1.800E+00 
 1.800E+00 
 1.800E+00 
 1.800E+00 
 1.800E+00 
 3.296E-07 
 1.800E+00 
 1.800E+00 
 1.800E+00 
 1.800E+00 
-7.300E-08 
 1.800E+00 
 1.800E+00 
 1.800E+00 
 1.800E+00 
 1.800E+00 
 1.800E+00 
-8.564E-11 
 1.800E+00 
 1.800E+00 
 1.800E+00 
 1.800E+00 
 3.785E-07 
 1.800E+00 
 1.800E+00 
 1.800E+00 
 1.800E+00 
 1.800E+00 
 1.800E+00 
 2.306E-08 
 1.800E+00 
 1.800E+00 
 1.800E+00 
 1.800E+00 
 1.959E-07 
 1.800E+00 
 1.800E+00 
 1.800E+00 
 1.800E+00 
 1.800E+00 
 1.800E+00 
 1.800E+00 
-3.325E-07 
 1.800E+00 
 1.800E+00 
 1.800E+00 
 1.800E+00 
 6.693E-08 
 1.800E+00 
 1.800E+00 
 1.800E+00 
 1.800E+00 
 1.800E+00 
 1.800E+00 
 1.800E+00 
-4.392E-07 
 1.800E+00 
 1.800E+00 
 1.800E+00 
 3.547E-06 
 1.800E+00 
 1.800E+00 
 1.800E+00 
 1.800E+00 
 1.800E+00 
 1.800E+00 
 1.800E+00 
 1.800E+00 
 1.800E+00 
 3.830E-07 
 1.800E+00 
 1.800E+00 
 1.800E+00 
-5.314E-07 
 1.800E+00 
 1.800E+00 
 1.800E+00 
 1.800E+00 
 1.800E+00 
 1.800E+00 
 1.800E+00 
 1.800E+00 
 1.800E+00 
-1.106E-07 
 1.800E+00 
 1.800E+00 
 1.800E+00 
 2.346E-09 
 1.800E+00 
 1.800E+00 
 1.800E+00 
 1.800E+00 
 1.800E+00 
 1.800E+00 
 1.800E+00 
 1.800E+00 
 1.800E+00 
 6.500E-07 
 1.800E+00 
 1.800E+00 
 1.800E+00 
 1.800E+00 
 9.197E-08 
 1.800E+00 
 1.800E+00 
 1.800E+00 
 1.800E+00 
 1.800E+00 
 1.800E+00 
 1.800E+00 
 1.800E+00 
-3.467E-06 
 1.800E+00 
 1.800E+00 
 1.800E+00 
 1.800E+00 
 1.800E+00 
 1.800E+00 
 2.621E-06 
 1.800E+00 
 1.800E+00 
 1.800E+00 
 1.800E+00 
 1.800E+00 
 1.800E+00 
 1.800E+00 
 3.244E-08 
 1.800E+00 
 1.800E+00 
 1.800E+00 
 1.800E+00 
 1.800E+00 
 1.800E+00 
 1.800E+00 
 7.464E-08 
 1.800E+00 
 1.800E+00 
 1.800E+00 
 1.800E+00 
 1.800E+00 
 1.800E+00 
 8.178E-09 
 1.800E+00 
 1.800E+00 
 1.800E+00 
 1.800E+00 
 1.800E+00 
 1.800E+00 
 1.800E+00 
 1.800E+00 
 1.800E+00 
 7.550E-09 
 1.800E+00 
 1.800E+00 
 1.800E+00 
 1.800E+00 
 1.800E+00 
-2.300E-07 
 1.800E+00 
 1.800E+00 
 1.800E+00 
 1.800E+00 
 1.800E+00 
 1.800E+00 
 1.800E+00 
 1.800E+00 
 1.800E+00 
 1.800E+00 
 1.153E-06 
 1.800E+00 
 1.800E+00 
 1.800E+00 
 1.800E+00 
 1.800E+00 
 8.751E-09 
 1.800E+00 
 1.800E+00 
 1.800E+00 
 1.800E+00 
 1.800E+00 
 1.800E+00 
 1.800E+00 
 1.800E+00 
 1.800E+00 
 1.800E+00 
 1.097E-08 
 1.800E+00 
 1.800E+00 
 1.800E+00 
 1.800E+00 
 1.800E+00 
 1.800E+00 
-1.050E-08 
 1.800E+00 
 1.800E+00 
 1.800E+00 
 1.800E+00 
 1.800E+00 
 1.800E+00 
 1.800E+00 
 1.800E+00 
 1.800E+00 
 1.800E+00 
 2.428E-06 
 1.800E+00 
 1.800E+00 
 1.800E+00 
 1.800E+00 
 1.800E+00 
 1.800E+00 
 4.890E-07 
 1.800E+00 
 1.800E+00 
 1.800E+00 
 1.800E+00 
 1.800E+00 
 1.800E+00 
 1.800E+00 
 1.800E+00 
 1.800E+00 
 1.800E+00 
-1.777E-07 
 1.800E+00 
 1.800E+00 
 1.800E+00 
 1.800E+00 
 1.800E+00 
 1.800E+00 
 1.800E+00 
-1.274E-08 
 1.800E+00 
 1.800E+00 
 1.800E+00 
 1.800E+00 
 1.800E+00 
 1.800E+00 
 1.800E+00 
 1.800E+00 
 1.800E+00 
 1.800E+00 
 1.408E-08 
 1.800E+00 
 1.800E+00 
 1.800E+00 
 1.800E+00 
 1.800E+00 
 1.800E+00 
 1.800E+00 
 5.171E-08 
 1.800E+00 
 1.800E+00 
 1.800E+00 
 1.800E+00 
 1.800E+00 
 1.800E+00 
 1.800E+00 
 1.800E+00 
 1.800E+00 
 1.800E+00 
 9.879E-09 
 1.800E+00 
 1.800E+00 
 1.800E+00 
 1.800E+00 
 1.800E+00 
 1.800E+00 
 1.800E+00 
 1.800E+00 
-2.042E-08 
 1.800E+00 
 1.800E+00 
 1.800E+00 
 1.800E+00 
 1.800E+00 
 1.800E+00 
 1.800E+00 
 1.800E+00 
 1.800E+00 
 1.800E+00 
 4.056E-05 
 1.800E+00 
 1.800E+00 
 1.800E+00 
 1.800E+00 
 1.800E+00 
 1.800E+00 
 1.800E+00 
 1.414E-06 
 1.800E+00 
 1.800E+00 
 1.800E+00 
 1.800E+00 
 1.800E+00 
 1.800E+00 
 1.800E+00 
 1.800E+00 
 1.800E+00 
 1.800E+00 
 1.800E+00 
 1.634E-08 
 1.800E+00 
 1.800E+00 
 1.800E+00 
 1.800E+00 
 1.800E+00 
 1.800E+00 
 1.800E+00 
 1.800E+00 
 9.663E-09 
 1.800E+00 
 1.800E+00 
 1.800E+00 
 1.800E+00 
 1.800E+00 
 1.800E+00 
 1.800E+00 
 1.800E+00 
 1.800E+00 
 1.800E+00 
 2.127E-08 
 1.800E+00 
 1.800E+00 
 1.800E+00 
 1.800E+00 
 1.800E+00 
 1.800E+00 
 1.800E+00 
 1.800E+00 
-2.779E-05 
 1.800E+00 
 1.800E+00 
 1.800E+00 
 1.800E+00 
 1.800E+00 
 1.800E+00 
 1.800E+00 
 1.800E+00 
 1.800E+00 
-1.276E-06 
 1.800E+00 
 1.800E+00 
 1.800E+00 
 1.800E+00 
 1.800E+00 
 1.800E+00 
 1.800E+00 
 1.800E+00 
 1.800E+00 
 1.800E+00 
 1.452E-08 
 1.800E+00 
 1.800E+00 
 1.800E+00 
 1.800E+00 
 1.800E+00 
 1.800E+00 
 1.800E+00 
 1.800E+00 
 1.800E+00 
 5.850E-08 
 1.800E+00 
 1.800E+00 
 1.800E+00 
 1.800E+00 
 1.800E+00 
 1.800E+00 
 1.800E+00 
 1.800E+00 
 1.089E-07 
 1.800E+00 
 1.800E+00 
 1.800E+00 
 1.800E+00 
 1.800E+00 
 1.800E+00 
 1.800E+00 
 1.800E+00 
 1.800E+00 
 1.800E+00 
 4.220E-08 
 1.800E+00 
 1.800E+00 
 1.800E+00 
 1.800E+00 
 1.800E+00 
 1.800E+00 
 1.800E+00 
 1.800E+00 
 1.174E-05 
 1.800E+00 
 1.800E+00 
 1.800E+00 
 1.800E+00 
 1.800E+00 
 1.800E+00 
 1.800E+00 
 1.800E+00 
 1.800E+00 
 1.665E-08 
 1.800E+00 
 1.800E+00 
 1.800E+00 
 1.800E+00 
 1.800E+00 
 1.800E+00 
 1.800E+00 
 1.800E+00 
 7.556E-09 
 1.800E+00 
 1.800E+00 
 1.800E+00 
 1.800E+00 
 1.800E+00 
 1.800E+00 
 1.800E+00 
 1.800E+00 
 1.800E+00 
 1.800E+00 
 8.829E-09 
 1.800E+00 
 1.800E+00 
 1.800E+00 
 1.800E+00 
 1.800E+00 
 1.800E+00 
 1.800E+00 
 8.896E-08 
 1.800E+00 
 1.800E+00 
 1.800E+00 
 1.800E+00 
 1.800E+00 
 1.800E+00 
 1.800E+00 
 1.800E+00 
 1.800E+00 
 1.800E+00 
-5.911E-06 
 1.800E+00 
 1.800E+00 
 1.800E+00 
 1.800E+00 
 1.800E+00 
 1.800E+00 
 1.074E-08 
 1.800E+00 
 1.800E+00 
 1.800E+00 
 1.800E+00 
 1.800E+00 
 1.800E+00 
 1.800E+00 
 1.800E+00 
 1.800E+00 
 1.800E+00 
 1.065E-07 
 1.800E+00 
 1.800E+00 
 1.800E+00 
 1.800E+00 
 1.800E+00 
 1.800E+00 
 5.872E-09 
 1.800E+00 
 1.800E+00 
 1.800E+00 
 1.800E+00 
 1.800E+00 
 1.800E+00 
 1.800E+00 
 1.800E+00 
 1.800E+00 
 1.800E+00 
 6.723E-09 
 1.800E+00 
 1.800E+00 
 1.800E+00 
 1.800E+00 
 1.800E+00 
-9.611E-07 
 1.800E+00 
 1.800E+00 
 1.800E+00 
 1.800E+00 
 1.800E+00 
 1.800E+00 
 1.800E+00 
 1.800E+00 
 1.800E+00 
 1.800E+00 
 1.167E-08 
 1.800E+00 
 1.800E+00 
 1.800E+00 
 1.800E+00 
 1.800E+00 
 1.800E+00 
-3.272E-07 
 1.800E+00 
 1.800E+00 
 1.800E+00 
 1.800E+00 
 1.800E+00 
 1.800E+00 
 1.800E+00 
-4.958E-08 
 1.800E+00 
 1.800E+00 
 1.800E+00 
 1.800E+00 
 1.800E+00 
 1.800E+00 
 1.800E+00 
 1.800E+00 
-9.841E-06 
 1.800E+00 
 1.800E+00 
 1.800E+00 
 1.800E+00 
 1.800E+00 
 1.800E+00 
-3.153E-07 
 1.800E+00 
 1.800E+00 
 1.800E+00 
 1.800E+00 
 1.800E+00 
 1.800E+00 
 1.800E+00 
 1.800E+00 
-6.374E-07 
 1.800E+00 
 1.800E+00 
 1.800E+00 
 1.800E+00 
 1.800E+00 
-1.546E-06 
 1.800E+00 
 1.800E+00 
 1.800E+00 
 1.800E+00 
 1.800E+00 
 1.800E+00 
 1.800E+00 
 1.800E+00 
 2.185E-08 
 1.800E+00 
 1.800E+00 
 1.800E+00 
 1.800E+00 
 1.800E+00 
-1.191E-07 
 1.800E+00 
 1.800E+00 
 1.800E+00 
 1.800E+00 
 1.800E+00 
 1.800E+00 
 1.800E+00 
-2.744E-07 
 1.800E+00 
 1.800E+00 
 1.800E+00 
 1.800E+00 
 1.800E+00 
 1.800E+00 
-8.243E-07 
 1.800E+00 
 1.800E+00 
 1.800E+00 
 1.800E+00 
 1.800E+00 
 1.800E+00 
 1.800E+00 
-5.056E-06 
 1.800E+00 
 1.800E+00 
 1.800E+00 
 1.800E+00 
 1.899E-08 
 1.800E+00 
 1.800E+00 
 1.800E+00 
 1.800E+00 
 1.800E+00 
 1.800E+00 
 1.800E+00 
-3.260E-07 
 1.800E+00 
 1.800E+00 
 1.800E+00 
 1.800E+00 
 1.800E+00 
 1.800E+00 
-4.787E-09 
 1.800E+00 
 1.800E+00 
 1.800E+00 
 1.800E+00 
 2.576E-07 
 1.800E+00 
 1.800E+00 
 1.800E+00 
 1.800E+00 
 1.800E+00 
 1.800E+00 
 1.800E+00 
 2.855E-06 
 1.800E+00 
 1.800E+00 
 1.800E+00 
 1.800E+00 
 1.800E+00 
-9.572E-08 
 1.800E+00 
 1.800E+00 
 1.800E+00 
 1.800E+00 
 7.501E-09 
 1.800E+00 
 1.800E+00 
 1.800E+00 
 1.800E+00 
 1.800E+00 
 1.800E+00 
 1.800E+00 
 3.819E-09 
 1.800E+00 
 1.800E+00 
 1.800E+00 
 1.800E+00 
 1.375E-07 
 1.800E+00 
 1.800E+00 
 1.800E+00 
 1.800E+00 
 1.800E+00 
-3.666E-07 
 1.800E+00 
 1.800E+00 
 1.800E+00 
 1.800E+00 
 1.800E+00 
 1.800E+00 
 1.046E-06 
 1.800E+00 
 1.800E+00 
 1.133E-08 
 1.800E+00 
 1.800E+00 
 1.800E+00 
 1.800E+00 
 1.800E+00 
 1.800E+00 
 1.800E+00 
 1.800E+00 
 6.615E-09 
 1.800E+00 
 1.800E+00 
 1.800E+00 
 3.991E-08 
 1.800E+00 
 1.800E+00 
 1.800E+00 
 1.800E+00 
 1.800E+00 
 1.102E-08 
 1.800E+00 
 1.800E+00 
 1.800E+00 
 1.223E-08 
 1.800E+00 
 1.800E+00 
 1.800E+00 
 1.800E+00 
 1.800E+00 
 1.800E+00 
 1.800E+00 
 4.488E-05 
 1.800E+00 
-2.609E-05 
 1.800E+00 
 1.800E+00 
 1.800E+00 
 1.800E+00 
 1.800E+00 
 1.800E+00 
 1.800E+00 
 1.800E+00 
-2.028E-07 
-1.959E-07 
 1.800E+00 
 1.800E+00 
 1.800E+00 
 1.800E+00 
 1.800E+00 
 1.800E+00 
 1.800E+00 
 1.800E+00 
 1.469E-08 
 1.800E+00 
 1.800E+00 
 2.352E-09 
 1.800E+00 
 1.800E+00 
 1.800E+00 
 1.800E+00 
 1.800E+00 
-5.692E-08 
 1.800E+00 
 1.800E+00 
-6.447E-09 
 1.800E+00 
 1.800E+00 
 1.800E+00 
 1.800E+00 
 1.800E+00 
 1.800E+00 
-2.122E-05 
 1.800E+00 
 1.800E+00 
 1.800E+00 
-6.500E-08 
 1.800E+00 
 1.800E+00 
 1.800E+00 
 7.675E-09 
 1.800E+00 
 1.800E+00 
 1.800E+00 
 1.800E+00 
 1.800E+00 
-2.482E-07 
 1.800E+00 
 1.800E+00 
 1.800E+00 
 7.049E-07 
 1.800E+00 
 1.800E+00 
 1.800E+00 
-5.945E-07 
 1.800E+00 
 1.800E+00 
 1.800E+00 
 1.800E+00 
 1.800E+00 
 4.085E-08 
 1.800E+00 
 2.799E-09 
 1.800E+00 
 1.800E+00 
 1.800E+00 
 1.800E+00 
 1.800E+00 
 1.800E+00 
-9.155E-06 
 1.800E+00 
 1.800E+00 
 1.410E-08 
 1.800E+00 
 1.800E+00 
 1.800E+00 
 1.800E+00 
 1.216E-06 
 1.800E+00 
 1.800E+00 
-2.312E-07 
 1.800E+00 
 1.800E+00 
 1.800E+00 
 1.800E+00 
 1.800E+00 
 1.131E-07 
 1.800E+00 
 1.800E+00 
-1.309E-06 
 1.800E+00 
 1.800E+00 
 1.800E+00 
 1.800E+00 
 2.601E-06 
 1.800E+00 
 1.800E+00 
 2.884E-07 
 1.800E+00 
 1.800E+00 
 1.800E+00 
 1.800E+00 
 2.728E-07 
 1.800E+00 
 1.800E+00 
 2.942E-06 
 1.800E+00 
 1.800E+00 
 1.800E+00 
 1.800E+00 
-1.519E-07 
 1.800E+00 
 1.800E+00 
 1.800E+00 
 6.857E-07 
 1.800E+00 
 1.800E+00 
 3.651E-09 
 1.800E+00 
 1.800E+00 
 1.800E+00 
 1.800E+00 
-5.536E-07 
 1.800E+00 
 1.800E+00 
 3.908E-08 
 1.800E+00 
 1.800E+00 
 1.800E+00 
 7.902E-09 
 1.800E+00 
 1.800E+00 
 1.800E+00 
 1.307E-07 
 1.800E+00 
 1.800E+00 
-5.853E-09 
 1.800E+00 
 1.800E+00 
 1.800E+00 
 1.800E+00 
 2.808E-08 
 1.800E+00 
 3.237E-06 
 1.800E+00 
 1.800E+00 
 1.800E+00 
 1.800E+00 
 9.786E-06 
 1.800E+00 
 1.800E+00 
 1.800E+00 
-3.293E-06 
 1.800E+00 
 4.228E-08 
 1.800E+00 
 1.800E+00 
 1.800E+00 
 1.800E+00 
 2.432E-06 
 1.800E+00 
-5.552E-08 
 1.800E+00 
 1.800E+00 
 1.800E+00 
 1.800E+00 
-2.525E-06 
 1.800E+00 
 1.800E+00 
-3.846E-06 
 1.800E+00 
 1.800E+00 
-2.731E-09 
 1.800E+00 
 1.800E+00 
 1.800E+00 
 3.836E-06 
 1.800E+00 
 1.800E+00 
-5.842E-07 
 1.800E+00 
 1.800E+00 
 9.122E-07 
 1.800E+00 
 1.800E+00 
 1.800E+00 
-9.741E-08 
 1.800E+00 
 1.800E+00 
-2.324E-05 
 1.800E+00 
 1.800E+00 
 1.800E+00 
-1.127E-06 
 1.800E+00 
-8.437E-07 
 1.800E+00 
 1.800E+00 
 1.800E+00 
 8.644E-09 
 1.800E+00 
 1.800E+00 
 1.800E+00 
-1.964E-07 
 4.437E-08 
 1.800E+00 
 1.800E+00 
 1.800E+00 
 1.800E+00 
 1.800E+00 
 3.979E-09 
-1.287E-08 
 1.800E+00 
 1.800E+00 
 1.800E+00 
-1.028E-06 
 1.800E+00 
 1.800E+00 
-1.298E-07 
 1.800E+00 
 1.800E+00 
 1.452E-07 
 1.800E+00 
 1.800E+00 
 1.539E-08 
 1.800E+00 
 1.800E+00 
 1.085E-08 
 1.800E+00 
 1.800E+00 
 2.004E-05 
 1.800E+00 
 1.800E+00 
 1.800E+00 
-4.307E-07 
 3.356E-10 
 1.800E+00 
 1.800E+00 
 1.800E+00 
 1.800E+00 
 2.992E-06 
 1.800E+00 
 1.338E-07 
 1.800E+00 
 1.800E+00 
 2.377E-08 
 1.800E+00 
 1.800E+00 
-2.630E-05 
 1.800E+00 
 1.800E+00 
 9.001E-09 
 1.800E+00 
 1.800E+00 
 1.317E-06 
 1.800E+00 
 1.800E+00 
 1.109E-08 
 1.800E+00 
 8.275E-06 
 1.800E+00 
 1.800E+00 
 1.800E+00 
-9.250E-07 
 6.727E-09 
 1.800E+00 
 1.800E+00 
 1.800E+00 
 1.800E+00 
 7.825E-08 
-2.431E-07 
 1.800E+00 
 1.800E+00 
 1.800E+00 
-1.765E-06 
 1.800E+00 
-2.639E-07 
 1.800E+00 
 1.800E+00 
 1.800E+00 
 1.444E-05 
 1.434E-05 
 1.800E+00 
 1.800E+00 
 1.800E+00 
-2.046E-09 
 1.800E+00 
-2.879E-08 
 1.800E+00 
 1.800E+00 
-1.695E-07 
 1.800E+00 
-3.344E-07 
 1.800E+00 
 1.800E+00 
 1.800E+00 
-5.275E-08 
 8.603E-09 
 1.800E+00 
 1.800E+00 
 1.800E+00 
 4.689E-06 
 1.800E+00 
 1.711E-06 
 1.800E+00 
 1.800E+00 
-5.527E-08 
 1.800E+00 
 1.571E-07 
 1.800E+00 
 1.800E+00 
-4.528E-06 
 1.800E+00 
 1.800E+00 
-9.412E-07 
-3.346E-08 
 1.800E+00 
 1.800E+00 
 1.800E+00 
-5.650E-07 
 1.800E+00 
 2.628E-08 
 1.800E+00 
 1.800E+00 
 2.000E-07 
 1.800E+00 
 3.752E-06 
 1.800E+00 
-1.189E-05 
 1.800E+00 
 1.800E+00 
 1.800E+00 
-1.039E-06 
 9.125E-09 
 1.800E+00 
 1.800E+00 
 1.000E-07 
 1.800E+00 
 1.800E+00 
 1.557E-06 
 1.558E-06 
 1.800E+00 
 1.800E+00 
 1.800E+00 
 1.222E-05 
 1.800E+00 
-1.617E-05 
 1.800E+00 
-1.639E-07 
 1.800E+00 
-4.883E-08 
 1.800E+00 
 1.800E+00 
-3.441E-06 
 1.800E+00 
 1.800E+00 
 1.026E-05 
-3.199E-05 
 1.800E+00 
 1.800E+00 
 9.696E-07 
 1.800E+00 
 1.800E+00 
 5.655E-09 
 5.376E-09 
 1.800E+00 
 1.800E+00 
 1.800E+00 
 2.306E-05 
-5.589E-06 
 1.800E+00 
 1.494E-08 
 1.800E+00 
 1.800E+00 
 1.800E+00 
 1.546E-06 
 1.474E-06 
 1.800E+00 
 1.691E-07 
 1.800E+00 
 1.800E+00 
-1.547E-05 
 1.800E+00 
 9.399E-08 
 1.800E+00 
 1.800E+00 
 9.121E-09 
 8.598E-09 
 1.800E+00 
 1.800E+00 
 9.818E-09 
 1.800E+00 
 1.211E-06 
 1.800E+00 
 1.108E-08 
 1.800E+00 
 1.800E+00 
 1.019E-08 
 9.966E-09 
 1.800E+00 
 1.800E+00 
 5.597E-09 
 1.800E+00 
-1.357E-07 
 1.800E+00 
 1.800E+00 
-3.568E-05 
-5.498E-07 
 1.800E+00 
 1.112E-08 
 1.800E+00 
 1.800E+00 
-1.514E-06 
 1.800E+00 
 3.335E-08 
 1.800E+00 
 1.222E-05 
 1.800E+00 
-3.002E-10 
 1.800E+00 
 1.139E-08 
 1.800E+00 
 1.800E+00 
 7.356E-08 
 3.376E-08 
 1.800E+00 
 1.800E+00 
 1.669E-05 
 1.800E+00 
 5.122E-06 
 5.150E-06 
 1.800E+00 
 1.800E+00 
 5.287E-09 
 1.800E+00 
 5.231E-09 
 1.800E+00 
-6.015E-07 
 1.800E+00 
-1.177E-05 
 1.800E+00 
-7.820E-06 
 1.800E+00 
 1.800E+00 
-7.084E-07 
 9.218E-09 
 1.800E+00 
 7.323E-08 
 1.800E+00 
 9.155E-09 
 1.800E+00 
 1.800E+00 
-1.438E-06 
 8.755E-09 
 1.800E+00 
 5.962E-07 
 1.800E+00 
 1.800E+00 
 2.148E-07 
-1.007E-07 
 1.800E+00 
-6.668E-09 
 1.800E+00 
 1.800E+00 
-2.942E-06 
 6.813E-08 
 1.800E+00 
 2.268E-08 
 1.800E+00 
-5.145E-07 
 1.800E+00 
 1.800E+00 
 2.959E-07 
 1.104E-08 
 1.800E+00 
 9.673E-09 
 1.800E+00 
 8.662E-08 
 1.800E+00 
-5.721E-08 
 1.800E+00 
-2.959E-06 
 1.800E+00 
-5.509E-07 
 2.732E-07 
 1.800E+00 
 1.800E+00 
-2.082E-08 
 1.800E+00 
-5.697E-07 
-1.397E-08 
 1.800E+00 
 1.800E+00 
 1.454E-07 
 1.108E-08 
 1.800E+00 
-3.133E-07 
 1.800E+00 
 2.171E-07 
 1.800E+00 
 7.971E-09 
 1.800E+00 
-3.850E-06 
 1.800E+00 
 9.486E-07 
 2.411E-08 
 1.800E+00 
 1.800E+00 
 4.993E-07 
 1.261E-07 
 1.800E+00 
 3.596E-07 
 1.800E+00 
 5.168E-09 
 1.800E+00 
 8.108E-06 
 1.800E+00 
 7.195E-09 
 3.904E-09 
 1.800E+00 
 1.800E+00 
 8.898E-06 
-7.959E-09 
-7.959E-09 
 1.800E+00 
 1.800E+00 
 9.342E-08 
 1.800E+00 
 1.484E-06 
 1.420E-06 
 1.800E+00 
 1.800E+00 
-9.373E-07 
-4.009E-08 
-4.009E-08 
 1.800E+00 
 1.800E+00 
-3.357E-06 
-9.837E-06 
 1.800E+00 
-2.513E-08 
 1.800E+00 
 1.005E-09 
 1.800E+00 
-3.402E-09 
-3.437E-09 
 1.800E+00 
 1.800E+00 
-6.442E-07 
-2.993E-07 
-2.992E-07 
 1.800E+00 
 1.800E+00 
 2.178E-08 
 2.961E-08 
 1.800E+00 
-1.982E-06 
-1.474E-06 
 1.800E+00 
 1.800E+00 
-2.897E-06 
-2.982E-06 
 1.800E+00 
-4.513E-06 
-4.059E-06 
 1.800E+00 
 1.800E+00 
-1.498E-06 
-1.452E-06 
-1.452E-06 
 1.800E+00 
 1.800E+00 
 5.907E-08 
 6.032E-08 
 1.800E+00 
-8.130E-08 
 7.104E-06 
 1.800E+00 
 1.800E+00 
 8.722E-06 
 8.608E-06 
 8.608E-06 
 1.800E+00 
 5.406E-07 
 1.800E+00 
-1.273E-08 
 1.800E+00 
 6.972E-09 
 6.570E-09 
 1.800E+00 
 8.121E-09 
 1.800E+00 
 6.101E-06 
-4.811E-07 
 1.800E+00 
 2.059E-07 
 2.059E-07 
 1.800E+00 
 1.800E+00 
-2.710E-08 
-4.002E-08 
-4.001E-08 
 1.800E+00 
 2.037E-07 
 1.800E+00 
-3.755E-08 
 1.800E+00 
 1.363E-06 
 1.481E-06 
 1.481E-06 
 1.800E+00 
 1.800E+00 
 3.494E-07 
 3.729E-07 
 3.729E-07 
 1.800E+00 
 1.836E-08 
 1.800E+00 
-2.324E-07 
 1.800E+00 
 3.411E-07 
 4.523E-09 
 4.523E-09 
 1.800E+00 
 2.122E-08 
 1.800E+00 
 2.789E-07 
 1.800E+00 
-2.214E-07 
-2.232E-07 
-2.232E-07 
 1.800E+00 
 2.855E-08 
 1.800E+00 
 2.645E-06 
 2.626E-06 
 1.800E+00 
-2.498E-07 
 1.800E+00 
-1.587E-07 
-2.288E-07 
-2.288E-07 
 1.800E+00 
 4.361E-09 
 1.800E+00 
-4.448E-08 
 1.451E-08 
 1.800E+00 
 2.979E-06 
 1.800E+00 
 3.213E-07 
 3.229E-07 
 3.229E-07 
 1.800E+00 
 1.484E-06 
 1.800E+00 
 8.841E-09 
 8.786E-09 
 8.786E-09 
 1.800E+00 
 1.800E+00 
 7.383E-06 
-5.760E-07 
-5.760E-07 
-5.760E-07 
 1.800E+00 
 1.800E+00 
-6.020E-07 
 1.379E-08 
 1.383E-08 
 1.800E+00 
-2.134E-06 
-2.074E-06 
 1.800E+00 
 2.441E-07 
 1.800E+00 
 1.464E-05 
 1.482E-05 
 1.482E-05 
 1.800E+00 
 2.001E-06 
 2.007E-06 
 1.800E+00 
-8.245E-07 
 1.800E+00 
-8.988E-06 
 1.350E-05 
 1.350E-05 
 1.800E+00 
-1.951E-07 
-2.067E-07 
 1.800E+00 
 1.014E-08 
 1.800E+00 
 7.265E-09 
 8.961E-09 
 8.961E-09 
 8.961E-09 
 1.800E+00 
 1.800E+00 
 3.345E-09 
 3.557E-09 
 3.557E-09 
 3.557E-09 
 1.800E+00 
 1.800E+00 
 1.683E-08 
 1.671E-08 
 1.671E-08 
 1.671E-08 
 1.800E+00 
 3.810E-07 
 6.032E-09 
 1.800E+00 
 3.022E-07 
 2.997E-07 
 1.800E+00 
-2.948E-06 
 8.575E-06 
 1.800E+00 
 1.785E-06 
 6.069E-09 
 1.800E+00 
-3.802E-07 
 6.661E-09 
 6.661E-09 
 1.800E+00 
 3.218E-06 
 3.218E-06 
 1.800E+00 
-3.677E-06 
-3.677E-06 
 1.800E+00 
-1.189E-07 
 1.141E-06 
 1.141E-06 
 1.800E+00 
 5.487E-09 
 5.687E-09 
 1.800E+00 
 5.204E-06 
-1.663E-05 
 1.800E+00 
 4.125E-06 
-1.402E-06 
-1.402E-06 
-1.402E-06 
 1.800E+00 
 1.800E+00 
-4.416E-07 
-8.240E-07 
-8.240E-07 
-8.240E-07 
-8.240E-07 
 1.800E+00 
-6.980E-06 
 1.800E+00 
-2.466E-06 
 1.216E-08 
 1.216E-08 
 1.800E+00 
 3.969E-09 
 3.982E-09 
 3.981E-09 
 1.800E+00 
 6.687E-09 
 1.800E+00 
 1.409E-05 
 1.414E-05 
 1.414E-05 
 1.414E-05 
 1.414E-05 
 1.800E+00 
 1.800E+00 
 4.037E-08 
-2.243E-07 
-2.243E-07 
-2.243E-07 
-2.243E-07 
 1.800E+00 
-3.420E-07 
-2.377E-07 
 1.800E+00 
 4.404E-07 
 3.922E-07 
 3.922E-07 
 1.800E+00 
-1.899E-06 
-1.894E-06 
 1.800E+00 
-1.459E-07 
 1.959E-07 
 1.959E-07 
 1.800E+00 
 1.067E-06 
 9.975E-07 
 9.975E-07 
 9.975E-07 
 1.800E+00 
 5.595E-08 
 1.800E+00 
 8.315E-07 
 8.342E-07 
 8.342E-07 
 8.342E-07 
 8.342E-07 
 1.800E+00 
 8.787E-08 
 1.800E+00 
 1.235E-06 
 6.502E-09 
 6.502E-09 
 6.502E-09 
 6.502E-09 
 1.800E+00 
 1.209E-07 
 1.800E+00 
 2.644E-06 
-1.597E-07 
-1.597E-07 
-1.597E-07 
-1.597E-07 
 1.800E+00 
 5.511E-07 
 3.307E-07 
 1.800E+00 
-5.844E-08 
-7.273E-08 
-7.273E-08 
-7.273E-08 
 1.800E+00 
 3.027E-07 
 2.683E-07 
 1.800E+00 
-2.766E-07 
-1.689E-07 
-1.689E-07 
-1.689E-07 
-1.689E-07 
 1.800E+00 
 1.961E-07 
 1.800E+00 
 1.356E-07 
 2.055E-08 
 2.055E-08 
 2.055E-08 
 2.055E-08 
 2.055E-08 
 1.800E+00 
-6.090E-06 
 1.800E+00 
-4.587E-07 
-4.289E-07 
-4.289E-07 
-4.289E-07 
-4.289E-07 
 1.800E+00 
 4.865E-08 
 9.420E-09 
 9.419E-09 
 1.800E+00 
 1.946E-06 
 2.289E-06 
 2.289E-06 
 2.289E-06 
 1.800E+00 
 1.621E-08 
 1.569E-08 
 1.569E-08 
 1.800E+00 
-1.143E-08 
 3.287E-09 
 3.289E-09 
 3.289E-09 
 1.800E+00 
 1.498E-08 
 1.010E-08 
 1.010E-08 
 1.800E+00 
 2.248E-08 
 6.830E-09 
 6.830E-09 
 6.830E-09 
 6.830E-09 
 1.800E+00 
-4.998E-08 
 5.968E-08 
 5.968E-08 
 1.800E+00 
 4.360E-07 
 4.214E-08 
 4.214E-08 
 4.214E-08 
 1.800E+00 
-1.963E-07 
-3.679E-07 
-3.679E-07 
-3.679E-07 
 1.800E+00 
 2.633E-06 
-1.150E-08 
-1.150E-08 
-1.149E-08 
-1.150E-08 
 1.800E+00 
-8.910E-07 
-8.915E-07 
 1.800E+00 
 3.253E-08 
 3.631E-08 
 3.631E-08 
 3.632E-08 
 3.631E-08 
 3.631E-08 
 1.800E+00 
 9.023E-08 
 6.245E-09 
 6.245E-09 
 1.800E+00 
 4.432E-06 
 4.300E-06 
 4.300E-06 
 4.300E-06 
 4.300E-06 
 4.300E-06 
 1.800E+00 
-1.559E-05 
 2.058E-05 
 1.800E+00 
 4.456E-07 
 4.456E-07 
 4.456E-07 
 4.456E-07 
 4.456E-07 
 4.456E-07 
 4.456E-07 
 1.800E+00 
 1.626E-08 
 1.646E-08 
 1.800E+00 
 4.580E-06 
-5.175E-08 
-5.175E-08 
-5.174E-08 
-5.175E-08 
-5.175E-08 
-5.175E-08 
 1.800E+00 
 4.397E-08 
 4.319E-08 
 1.800E+00 
-1.940E-05 
-1.941E-05 
-1.941E-05 
-1.941E-05 
-1.941E-05 
-1.941E-05 
-1.941E-05 
 1.800E+00 
 1.025E-06 
 1.833E-07 
 1.833E-07 
 1.833E-07 
 1.800E+00 
 5.700E-06 
-4.356E-07 
-4.356E-07 
-4.356E-07 
-4.355E-07 
 1.800E+00 
 6.436E-06 
 6.375E-06 
 6.375E-06 
 6.375E-06 
 6.375E-06 
 6.375E-06 
 1.800E+00 
 1.107E-08 
 8.819E-09 
 8.820E-09 
 1.800E+00 
 1.211E-08 
 8.683E-09 
 8.683E-09 
 8.683E-09 
 8.683E-09 
 8.685E-09 
 8.684E-09 
 1.800E+00 
-4.580E-07 
 5.417E-09 
 5.417E-09 
 5.416E-09 
 5.417E-09 
 1.800E+00 
-1.145E-07 
 1.082E-08 
 1.082E-08 
 1.082E-08 
 1.082E-08 
 1.800E+00 
 1.898E-06 
 1.512E-06 
 1.512E-06 
 1.512E-06 
 1.512E-06 
 1.512E-06 
 1.800E+00 
-1.766E-05 
-1.760E-05 
-1.760E-05 
-1.760E-05 
-1.760E-05 
 1.800E+00 
-2.508E-07 
 6.486E-09 
 6.486E-09 
 6.486E-09 
 6.486E-09 
 6.483E-09 
 1.800E+00 
-6.980E-06 
-9.736E-06 
-9.736E-06 
-9.736E-06 
-9.736E-06 
-9.736E-06 
-9.736E-06 
 1.800E+00 
 8.218E-08 
-2.561E-08 
-2.561E-08 
-2.561E-08 
 1.800E+00 
 4.631E-06 
 4.631E-06 
 4.631E-06 
 4.631E-06 
 4.631E-06 
 4.631E-06 
 4.631E-06 
 4.631E-06 
 1.800E+00 
 2.223E-09 
 4.660E-09 
 4.658E-09 
 4.658E-09 
 1.800E+00 
-1.486E-08 
-2.093E-08 
-2.093E-08 
-2.093E-08 
-2.093E-08 
-2.093E-08 
-2.093E-08 
-2.093E-08 
-2.093E-08 
 1.800E+00 
 4.415E-07 
 3.345E-08 
 3.345E-08 
 3.345E-08 
 1.800E+00 
 6.053E-08 
 6.600E-08 
 6.600E-08 
 6.600E-08 
 6.600E-08 
 6.600E-08 
 6.600E-08 
 6.600E-08 
 6.600E-08 
 1.800E+00 
 1.033E-07 
 6.527E-09 
 6.527E-09 
 6.527E-09 
 6.527E-09 
 1.800E+00 
-1.410E-06 
-1.528E-05 
-1.528E-05 
-1.528E-05 
-1.528E-05 
-1.528E-05 
-1.528E-05 
-1.528E-05 
 1.800E+00 
 2.021E-07 
 1.988E-07 
 1.988E-07 
 1.988E-07 
 1.988E-07 
 1.988E-07 
 1.800E+00 
 1.048E-08 
 1.064E-08 
 1.064E-08 
 1.064E-08 
 1.064E-08 
 1.064E-08 
 1.064E-08 
 1.064E-08 
 1.800E+00 
 1.689E-06 
 6.659E-09 
 6.659E-09 
 6.659E-09 
 6.660E-09 
 6.659E-09 
 6.659E-09 
 1.800E+00 
 1.251E-07 
 8.003E-08 
 8.003E-08 
 8.003E-08 
 8.004E-08 
 8.003E-08 
 8.003E-08 
 1.800E+00 
 1.436E-07 
 7.346E-09 
 7.346E-09 
 7.346E-09 
 7.346E-09 
 7.348E-09 
 7.346E-09 
 7.346E-09 
 7.346E-09 
 1.800E+00 
-3.406E-08 
 9.600E-09 
 9.601E-09 
 9.602E-09 
 9.601E-09 
 9.601E-09 
 1.800E+00 
 5.216E-08 
 1.154E-08 
 1.154E-08 
 1.154E-08 
 1.154E-08 
 1.154E-08 
 1.154E-08 
 1.154E-08 
 1.154E-08 
 1.800E+00 
-7.511E-08 
 6.624E-09 
 6.624E-09 
 6.623E-09 
 6.624E-09 
 6.618E-09 
 6.625E-09 
 1.800E+00 
 1.118E-06 
 6.651E-09 
 6.650E-09 
 6.650E-09 
 6.651E-09 
 6.650E-09 
 6.650E-09 
 6.650E-09 
 6.650E-09 
 6.650E-09 
 1.800E+00 
 1.251E-06 
 5.819E-09 
 5.819E-09 
 5.819E-09 
 5.819E-09 
 5.819E-09 
 1.800E+00 
-1.021E-05 
-1.018E-05 
-1.018E-05 
-1.018E-05 
-1.018E-05 
-1.018E-05 
-1.018E-05 
-1.018E-05 
-1.018E-05 
-1.018E-05 
 1.800E+00 
 3.986E-06 
-3.157E-08 
-3.157E-08 
-3.157E-08 
-3.157E-08 
-3.157E-08 
-3.153E-08 
-3.157E-08 
 1.800E+00 
 2.134E-08 
 2.187E-08 
 2.187E-08 
 2.187E-08 
 2.187E-08 
 2.187E-08 
 2.187E-08 
 2.187E-08 
 1.800E+00 
 2.269E-07 
-2.504E-07 
-2.504E-07 
-2.504E-07 
-2.504E-07 
-2.504E-07 
-2.504E-07 
-2.504E-07 
-2.504E-07 
-2.504E-07 
 1.800E+00 
-1.747E-07 
 6.650E-09 
 6.649E-09 
 6.650E-09 
 6.650E-09 
 6.650E-09 
 6.651E-09 
 6.649E-09 
 1.800E+00 
-1.412E-06 
 1.346E-08 
 1.346E-08 
 1.346E-08 
 1.346E-08 
 1.346E-08 
 1.346E-08 
 1.346E-08 
 1.346E-08 
 1.800E+00 
 1.505E-07 
 1.420E-07 
 1.420E-07 
 1.420E-07 
 1.420E-07 
 1.420E-07 
 1.420E-07 
 1.420E-07 
 1.420E-07 
 1.800E+00 
-5.847E-06 
 1.642E-05 
 1.642E-05 
 1.642E-05 
 1.642E-05 
 1.642E-05 
 1.642E-05 
 1.642E-05 
 1.642E-05 
 1.800E+00 
 1.978E-08 
 1.486E-08 
 1.486E-08 
 1.486E-08 
 1.486E-08 
 1.486E-08 
 1.486E-08 
 1.486E-08 
 1.486E-08 
 1.800E+00 
 4.279E-07 
 4.257E-07 
 4.257E-07 
 4.257E-07 
 4.257E-07 
 4.257E-07 
 4.257E-07 
 4.257E-07 
 4.257E-07 
 1.800E+00 
 4.885E-07 
 4.892E-07 
 4.892E-07 
 4.892E-07 
 4.892E-07 
 4.892E-07 
 4.892E-07 
 4.892E-07 
 4.892E-07 
 4.892E-07 
 1.800E+00 
-3.706E-07 
-2.009E-08 
-2.009E-08 
-2.009E-08 
-2.009E-08 
-2.009E-08 
-2.009E-08 
 1.800E+00 
-3.797E-07 
 6.541E-09 
 6.541E-09 
 6.541E-09 
 6.541E-09 
 6.541E-09 
 6.541E-09 
 6.541E-09 
 6.541E-09 
 6.541E-09 
 6.541E-09 
 6.541E-09 
 1.800E+00 
 7.307E-07 
 7.308E-07 
 7.308E-07 
 7.308E-07 
 7.308E-07 
 7.308E-07 
 1.800E+00 
 1.934E-06 
 5.851E-09 
 5.850E-09 
 5.850E-09 
 5.851E-09 
 5.850E-09 
 5.850E-09 
 5.850E-09 
 5.850E-09 
 5.850E-09 
 5.850E-09 
 1.800E+00 
 3.377E-06 
-2.833E-07 
-2.833E-07 
-2.833E-07 
-2.833E-07 
-2.833E-07 
-2.833E-07 
-2.833E-07 
 1.800E+00 
-7.343E-07 
-7.667E-07 
-7.667E-07 
-7.667E-07 
-7.667E-07 
-7.667E-07 
-7.667E-07 
-7.667E-07 
-7.667E-07 
-7.667E-07 
 1.800E+00 
 4.837E-07 
 2.085E-07 
 2.085E-07 
 2.085E-07 
 2.085E-07 
 2.085E-07 
 1.800E+00 
-7.088E-06 
-7.090E-06 
-7.090E-06 
-7.090E-06 
-7.090E-06 
-7.090E-06 
-7.090E-06 
-7.090E-06 
-7.090E-06 
-7.090E-06 
-7.090E-06 
-7.090E-06 
 1.800E+00 
-8.070E-06 
-8.077E-06 
-8.077E-06 
-8.077E-06 
-8.077E-06 
-8.077E-06 
 1.800E+00 
 2.264E-07 
 7.376E-09 
 7.377E-09 
 7.374E-09 
 7.377E-09 
 7.373E-09 
 7.377E-09 
 7.377E-09 
 7.376E-09 
 7.377E-09 
 1.800E+00 
 1.473E-06 
 1.648E-06 
 1.648E-06 
 1.648E-06 
 1.648E-06 
 1.648E-06 
 1.648E-06 
 1.648E-06 
 1.800E+00 
 1.563E-06 
 3.677E-09 
 3.677E-09 
 3.678E-09 
 3.677E-09 
 3.677E-09 
 3.677E-09 
 1.800E+00 
-2.204E-06 
-1.948E-06 
-1.948E-06 
-1.948E-06 
-1.948E-06 
-1.948E-06 
-1.948E-06 
-1.948E-06 
-1.948E-06 
-1.948E-06 
 1.800E+00 
 4.860E-07 
 4.860E-07 
 4.860E-07 
 4.860E-07 
 4.860E-07 
 4.860E-07 
 1.800E+00 
 1.869E-06 
 1.812E-06 
 1.812E-06 
 1.812E-06 
 1.812E-06 
 1.812E-06 
 1.812E-06 
 1.812E-06 
 1.812E-06 
 1.800E+00 
-3.226E-07 
-3.580E-07 
-3.580E-07 
-3.580E-07 
-3.580E-07 
-3.580E-07 
-3.580E-07 
 1.800E+00 
 1.543E-08 
 1.400E-08 
 1.400E-08 
 1.400E-08 
 1.400E-08 
 1.400E-08 
 1.400E-08 
 1.400E-08 
 1.800E+00 
-2.291E-06 
-2.297E-06 
-2.297E-06 
-2.297E-06 
-2.297E-06 
-2.297E-06 
 1.800E+00 
-1.155E-05 
-1.192E-05 
-1.192E-05 
-1.192E-05 
-1.192E-05 
-1.192E-05 
-1.192E-05 
-1.192E-05 
-1.192E-05 
 1.800E+00 
 1.782E-08 
 6.487E-09 
 6.487E-09 
 6.487E-09 
 6.487E-09 
 6.487E-09 
 1.800E+00 
-1.659E-06 
-1.665E-06 
-1.665E-06 
-1.665E-06 
-1.665E-06 
-1.665E-06 
-1.665E-06 
 1.800E+00 
 6.078E-06 
 6.082E-06 
 6.082E-06 
 6.082E-06 
 6.082E-06 
 6.082E-06 
 6.082E-06 
 1.800E+00 
 6.498E-06 
-9.049E-07 
-9.048E-07 
-9.048E-07 
-9.048E-07 
-9.048E-07 
-9.048E-07 
 1.800E+00 
-4.238E-08 
-3.966E-08 
-3.966E-08 
-3.966E-08 
-3.966E-08 
 1.800E+00 
 1.341E-08 
 6.735E-09 
 6.735E-09 
 6.736E-09 
 6.735E-09 
 6.735E-09 
 6.735E-09 
 6.735E-09 
 1.800E+00 
 2.962E-07 
 2.942E-07 
 2.942E-07 
 2.942E-07 
 2.942E-07 
 2.942E-07 
 1.800E+00 
-1.166E-06 
-1.113E-06 
-1.113E-06 
-1.113E-06 
-1.113E-06 
 1.800E+00 
-2.587E-07 
-2.587E-07 
-2.587E-07 
-2.587E-07 
-2.587E-07 
-2.587E-07 
-2.587E-07 
-2.587E-07 
 1.800E+00 
-1.831E-05 
-1.814E-05 
-1.814E-05 
 1.800E+00 
 2.641E-07 
 8.810E-08 
 8.810E-08 
 8.810E-08 
 8.810E-08 
 8.810E-08 
 8.810E-08 
 8.810E-08 
 8.810E-08 
 1.800E+00 
 2.318E-07 
 7.447E-09 
 7.447E-09 
 1.800E+00 
-2.339E-05 
-7.024E-07 
-7.024E-07 
-7.024E-07 
-7.024E-07 
-7.024E-07 
-7.024E-07 
-7.024E-07 
 1.800E+00 
 1.480E-08 
 1.478E-08 
 1.478E-08 
 1.800E+00 
 6.908E-09 
 3.682E-09 
 3.682E-09 
 3.682E-09 
 3.682E-09 
 3.682E-09 
 3.683E-09 
 1.800E+00 
-2.183E-06 
 1.038E-08 
 1.039E-08 
 1.038E-08 
 1.038E-08 
 1.800E+00 
 6.571E-08 
 6.064E-09 
 6.074E-09 
 6.074E-09 
 1.800E+00 
 2.831E-06 
 2.974E-09 
 2.974E-09 
 2.974E-09 
 2.973E-09 
 2.974E-09 
 2.974E-09 
 1.800E+00 
-1.927E-07 
-1.565E-07 
-1.565E-07 
 1.800E+00 
-1.235E-05 
-8.855E-10 
-8.857E-10 
-8.810E-10 
-8.856E-10 
-8.843E-10 
 1.800E+00 
 4.236E-07 
-2.023E-07 
-2.023E-07 
-2.023E-07 
-2.023E-07 
 1.800E+00 
-1.390E-05 
-1.913E-05 
-1.913E-05 
 1.800E+00 
-5.594E-08 
-5.702E-08 
-5.702E-08 
-5.702E-08 
-5.702E-08 
-5.702E-08 
-5.704E-08 
 1.800E+00 
 4.067E-09 
 3.450E-09 
 3.448E-09 
 1.800E+00 
 8.585E-07 
 3.329E-09 
 3.329E-09 
 3.329E-09 
 3.329E-09 
 1.800E+00 
 3.183E-08 
 2.186E-08 
 2.186E-08 
 2.187E-08 
 1.800E+00 
 6.759E-08 
 9.038E-09 
 9.050E-09 
 9.050E-09 
 1.800E+00 
-1.162E-05 
 6.550E-09 
 6.549E-09 
 6.549E-09 
 6.550E-09 
 1.800E+00 
 2.868E-06 
 2.857E-06 
 2.857E-06 
 2.857E-06 
 1.800E+00 
 4.003E-07 
 6.263E-09 
 6.263E-09 
 6.263E-09 
 1.800E+00 
-3.748E-06 
 2.471E-07 
 2.471E-07 
 2.471E-07 
 1.800E+00 
 8.376E-07 
 3.478E-07 
 3.478E-07 
 3.478E-07 
 1.800E+00 
-3.351E-06 
-3.146E-06 
-3.146E-06 
-3.146E-06 
 1.800E+00 
 1.641E-07 
 5.055E-08 
 5.055E-08 
 5.055E-08 
 1.800E+00 
-1.731E-07 
-3.430E-08 
-3.430E-08 
 1.800E+00 
 1.597E-07 
 1.369E-07 
 1.369E-07 
 1.369E-07 
 1.800E+00 
 3.631E-06 
-7.296E-08 
-7.296E-08 
-7.296E-08 
 1.800E+00 
 6.135E-07 
 5.706E-07 
 5.706E-07 
 5.706E-07 
 1.800E+00 
-1.415E-07 
-5.796E-08 
-5.796E-08 
 1.800E+00 
-1.571E-07 
 1.926E-08 
 1.926E-08 
 1.926E-08 
 1.800E+00 
 2.774E-06 
 2.807E-06 
 1.800E+00 
 2.824E-08 
 9.147E-09 
 9.147E-09 
 9.147E-09 
 9.147E-09 
 1.800E+00 
-7.386E-06 
-6.530E-06 
-6.530E-06 
 1.800E+00 
-9.684E-09 
 5.218E-09 
 5.217E-09 
 1.800E+00 
 2.553E-06 
-5.959E-09 
-5.958E-09 
-5.959E-09 
 1.800E+00 
-3.587E-07 
 8.191E-09 
 1.800E+00 
 2.228E-05 
-1.519E-05 
-1.519E-05 
-1.519E-05 
-1.519E-05 
 1.800E+00 
-5.846E-08 
 1.800E+00 
 7.411E-09 
 7.294E-09 
 7.294E-09 
 7.294E-09 
 7.294E-09 
 1.800E+00 
-8.769E-08 
 1.800E+00 
 8.491E-06 
 8.292E-06 
 8.292E-06 
 8.292E-06 
 8.292E-06 
 1.800E+00 
-1.553E-06 
-1.551E-06 
 1.800E+00 
-3.540E-06 
 9.054E-08 
 9.054E-08 
 9.054E-08 
 1.800E+00 
 8.744E-09 
 1.800E+00 
-1.366E-07 
-2.176E-07 
-2.176E-07 
-2.176E-07 
-2.176E-07 
 1.800E+00 
-3.217E-06 
 1.800E+00 
-1.872E-07 
 8.823E-09 
 8.823E-09 
 8.823E-09 
 1.800E+00 
-8.008E-06 
-7.327E-06 
 1.800E+00 
 8.315E-09 
 9.091E-09 
 9.092E-09 
 9.092E-09 
 1.800E+00 
 9.572E-09 
 1.800E+00 
-1.264E-07 
-2.009E-06 
-2.009E-06 
-2.009E-06 
 1.800E+00 
-6.176E-06 
-6.308E-06 
 1.800E+00 
 1.156E-07 
 3.065E-09 
 3.065E-09 
 1.800E+00 
 3.494E-07 
 3.540E-07 
 1.800E+00 
-7.404E-08 
-6.416E-08 
-6.416E-08 
 1.800E+00 
 1.513E-05 
 1.502E-05 
 1.502E-05 
 1.800E+00 
 7.296E-09 
 1.800E+00 
-6.898E-07 
-6.824E-07 
-6.824E-07 
-6.824E-07 
 1.800E+00 
-2.947E-06 
-2.961E-06 
 1.800E+00 
 9.251E-07 
 9.105E-07 
 1.800E+00 
 1.275E-05 
 1.275E-05 
 1.275E-05 
 1.800E+00 
 1.317E-07 
 1.287E-07 
 1.800E+00 
-2.313E-06 
 1.668E-08 
 1.800E+00 
 3.662E-06 
-7.530E-09 
-7.530E-09 
 1.800E+00 
-1.648E-07 
-1.651E-07 
 1.800E+00 
-5.113E-06 
-5.113E-06 
 1.800E+00 
-5.309E-08 
 5.455E-09 
 5.455E-09 
 1.800E+00 
 1.983E-08 
 1.800E+00 
 1.614E-07 
 1.111E-08 
 1.111E-08 
 1.800E+00 
 1.411E-07 
 4.744E-09 
 1.800E+00 
 5.005E-06 
-6.574E-08 
-6.574E-08 
 1.800E+00 
-4.458E-08 
 1.800E+00 
 1.952E-06 
 1.933E-06 
 1.800E+00 
 3.246E-07 
-3.588E-09 
-3.590E-09 
 1.800E+00 
-6.402E-07 
 1.393E-08 
 1.800E+00 
-1.025E-07 
 1.800E+00 
-1.301E-06 
 1.077E-08 
 1.077E-08 
 1.800E+00 
-9.075E-07 
 8.946E-10 
 1.800E+00 
 1.710E-07 
 1.402E-07 
 1.800E+00 
 3.489E-09 
 1.800E+00 
 1.529E-07 
-1.237E-07 
-1.237E-07 
 1.800E+00 
 1.484E-07 
-1.377E-07 
 1.800E+00 
 8.311E-08 
 1.800E+00 
 3.215E-06 
-3.398E-09 
-3.399E-09 
 1.800E+00 
-1.015E-06 
 1.800E+00 
-6.255E-08 
 3.327E-08 
 1.800E+00 
-7.385E-06 
-8.112E-06 
 1.800E+00 
-9.112E-09 
 2.773E-09 
 1.800E+00 
 9.509E-10 
-9.462E-08 
 1.800E+00 
-8.888E-07 
 1.073E-08 
 1.800E+00 
 1.800E+00 
 1.530E-05 
 4.361E-06 
 4.361E-06 
 4.361E-06 
 1.800E+00 
 2.373E-07 
 1.800E+00 
 6.014E-06 
 1.800E+00 
 4.052E-06 
 3.511E-06 
 3.511E-06 
 1.800E+00 
-3.610E-08 
 1.800E+00 
 2.955E-07 
 1.800E+00 
-9.106E-08 
-1.036E-07 
-1.036E-07 
 1.800E+00 
-9.743E-08 
 1.800E+00 
 1.455E-09 
 2.608E-09 
 1.800E+00 
-2.266E-08 
 1.800E+00 
-1.820E-04 
 1.817E-08 
 1.800E+00 
 6.455E-06 
-8.006E-07 
 1.800E+00 
 5.346E-08 
 1.800E+00 
-9.113E-07 
-9.106E-07 
 1.800E+00 
 6.798E-09 
 1.800E+00 
-2.365E-06 
-2.805E-06 
-2.805E-06 
 1.800E+00 
 1.800E+00 
-2.041E-07 
-1.463E-07 
 1.800E+00 
-6.873E-08 
-4.110E-08 
 1.800E+00 
 8.325E-09 
 1.800E+00 
-9.958E-07 
 1.800E+00 
 1.430E-07 
-2.391E-09 
-2.391E-09 
 1.800E+00 
 1.800E+00 
 2.148E-06 
 1.494E-06 
 1.800E+00 
-8.756E-07 
 1.680E-07 
 1.800E+00 
 6.151E-06 
 1.800E+00 
-2.177E-05 
 1.800E+00 
 1.555E-09 
 1.984E-09 
 1.800E+00 
-3.026E-07 
 1.800E+00 
-1.261E-06 
 1.192E-08 
 1.800E+00 
 3.067E-06 
 1.800E+00 
-2.032E-08 
-2.100E-08 
 1.800E+00 
 1.800E+00 
 5.575E-07 
 3.288E-08 
 3.288E-08 
 1.800E+00 
 1.800E+00 
 8.326E-07 
 5.494E-07 
 1.800E+00 
-3.947E-07 
 1.800E+00 
-8.915E-07 
-3.901E-07 
 1.800E+00 
 9.011E-09 
 1.800E+00 
 1.412E-08 
 1.800E+00 
-1.125E-07 
-1.916E-09 
 1.800E+00 
 1.800E+00 
 7.501E-09 
 5.023E-09 
 1.800E+00 
-2.898E-06 
-2.898E-06 
 1.800E+00 
 1.800E+00 
-1.543E-08 
 1.614E-09 
 1.800E+00 
-1.052E-08 
 1.800E+00 
-6.010E-08 
-6.205E-08 
 1.800E+00 
 1.800E+00 
-5.381E-06 
-1.720E-05 
 1.800E+00 
-9.455E-07 
 1.800E+00 
 2.037E-08 
 1.800E+00 
-1.643E-06 
 1.800E+00 
 1.672E-07 
 1.341E-08 
 1.800E+00 
-1.154E-07 
 1.800E+00 
 5.784E-09 
 1.800E+00 
 1.341E-08 
 1.800E+00 
 5.563E-07 
 1.800E+00 
 1.651E-07 
 1.800E+00 
 7.736E-09 
 6.100E-09 
 1.800E+00 
 1.800E+00 
 7.621E-08 
-4.808E-07 
 1.800E+00 
-2.343E-06 
 1.800E+00 
-6.261E-06 
 1.800E+00 
 3.323E-08 
 1.800E+00 
 4.849E-08 
-1.623E-09 
 1.800E+00 
 1.800E+00 
 7.971E-09 
 1.800E+00 
-8.410E-07 
-4.050E-07 
 1.800E+00 
 1.800E+00 
-7.138E-06 
-7.141E-06 
 1.800E+00 
 1.800E+00 
 2.859E-07 
-7.610E-09 
 1.800E+00 
 9.768E-07 
 1.800E+00 
 5.720E-09 
 1.800E+00 
 1.800E+00 
 1.460E-08 
 1.014E-08 
 1.800E+00 
-1.830E-07 
 1.800E+00 
-2.987E-09 
 1.800E+00 
 1.933E-06 
 1.800E+00 
 7.742E-08 
 1.800E+00 
 1.800E+00 
 1.664E-07 
 2.319E-07 
 1.800E+00 
 5.325E-06 
 1.800E+00 
 6.464E-09 
 1.800E+00 
 1.200E-06 
 1.800E+00 
 1.800E+00 
 6.932E-08 
 7.611E-09 
 1.800E+00 
 9.186E-08 
 1.800E+00 
 1.800E+00 
-5.016E-06 
-5.296E-06 
 1.800E+00 
 1.800E+00 
 1.746E-06 
 1.748E-06 
 1.800E+00 
 1.800E+00 
 1.427E-06 
 1.800E+00 
 1.028E-05 
 1.800E+00 
 4.783E-07 
 1.800E+00 
-2.916E-07 
 1.800E+00 
 1.013E-08 
 1.800E+00 
 1.800E+00 
 6.904E-08 
-1.369E-07 
 1.800E+00 
 1.376E-08 
 1.800E+00 
 1.800E+00 
 2.210E-08 
 1.800E+00 
 6.747E-09 
 1.800E+00 
 5.022E-08 
 1.800E+00 
 1.190E-07 
 1.800E+00 
 2.733E-08 
 1.800E+00 
 1.800E+00 
 5.348E-09 
 1.800E+00 
-5.915E-06 
 1.192E-05 
 1.800E+00 
 1.800E+00 
 1.800E+00 
-4.737E-07 
 6.141E-09 
 1.800E+00 
-1.149E-05 
 1.800E+00 
 1.800E+00 
 2.786E-08 
 1.800E+00 
-5.153E-08 
 1.800E+00 
 1.800E+00 
 3.622E-08 
 1.358E-08 
 1.800E+00 
 1.800E+00 
-7.018E-07 
 1.800E+00 
 1.066E-05 
 1.800E+00 
 6.341E-09 
 1.800E+00 
 1.800E+00 
-4.467E-08 
 1.800E+00 
-4.885E-09 
 1.800E+00 
 1.995E-05 
 1.800E+00 
 1.800E+00 
-1.912E-08 
 1.041E-08 
 1.800E+00 
 1.800E+00 
 1.800E+00 
 9.131E-10 
 1.250E-08 
 1.800E+00 
 1.800E+00 
 1.402E-06 
 1.800E+00 
 1.800E+00 
-8.680E-07 
-5.198E-08 
 1.800E+00 
 1.800E+00 
-1.118E-07 
 1.800E+00 
 1.800E+00 
-5.987E-07 
 1.800E+00 
 8.300E-08 
 1.800E+00 
 2.049E-08 
 1.800E+00 
 1.800E+00 
-3.282E-07 
 1.800E+00 
 6.866E-09 
 1.800E+00 
 8.527E-09 
 1.800E+00 
 1.800E+00 
 1.800E+00 
-3.303E-07 
 8.908E-09 
 1.800E+00 
 1.800E+00 
 2.078E-07 
 1.800E+00 
 1.800E+00 
 3.849E-07 
 1.800E+00 
 4.073E-08 
 1.800E+00 
-8.290E-09 
 1.800E+00 
 1.800E+00 
 1.800E+00 
 7.697E-09 
 3.301E-09 
 1.800E+00 
 1.800E+00 
 1.800E+00 
 2.464E-08 
 6.727E-09 
 1.800E+00 
 1.800E+00 
 1.800E+00 
 3.570E-07 
 8.829E-09 
 1.800E+00 
 1.800E+00 
 1.800E+00 
-1.826E-08 
 1.800E+00 
 1.800E+00 
-3.888E-08 
 1.770E-08 
 1.800E+00 
 1.800E+00 
 1.800E+00 
 4.616E-08 
 1.800E+00 
-1.206E-08 
 1.800E+00 
 1.800E+00 
-1.666E-06 
 1.800E+00 
 5.779E-08 
 1.800E+00 
 1.800E+00 
 1.800E+00 
-1.291E-06 
 9.122E-09 
 1.800E+00 
 1.800E+00 
 1.800E+00 
-1.037E-07 
 1.800E+00 
 1.800E+00 
 3.978E-08 
 1.800E+00 
 1.137E-06 
 1.800E+00 
 1.800E+00 
 3.280E-07 
 1.800E+00 
 1.800E+00 
 4.126E-07 
 1.800E+00 
-4.427E-08 
 1.800E+00 
 1.800E+00 
 1.800E+00 
 1.835E-05 
 1.800E+00 
 1.164E-08 
 1.800E+00 
 1.800E+00 
-3.992E-08 
 1.800E+00 
 1.800E+00 
 1.559E-07 
 1.800E+00 
 1.800E+00 
-2.012E-06 
 1.800E+00 
 1.800E+00 
 1.645E-06 
 1.800E+00 
 8.175E-09 
 1.800E+00 
 1.800E+00 
 1.800E+00 
 8.332E-09 
 1.800E+00 
 1.800E+00 
-2.962E-08 
 1.800E+00 
 2.021E-07 
 1.800E+00 
 1.800E+00 
 1.800E+00 
 8.517E-08 
 1.800E+00 
 1.800E+00 
-4.030E-06 
 1.800E+00 
-1.310E-08 
 1.800E+00 
 1.800E+00 
 1.800E+00 
 2.911E-07 
 1.800E+00 
 1.800E+00 
 1.014E-07 
 1.800E+00 
 1.800E+00 
 1.845E-06 
 1.800E+00 
 1.800E+00 
 3.610E-07 
 1.800E+00 
 1.800E+00 
 2.425E-06 
 1.800E+00 
 1.800E+00 
 1.800E+00 
 1.316E-07 
 1.800E+00 
-1.842E-05 
 1.800E+00 
 1.800E+00 
 1.800E+00 
 6.397E-08 
 1.800E+00 
 1.800E+00 
 7.813E-09 
 1.800E+00 
 1.800E+00 
-5.002E-07 
 1.800E+00 
 1.800E+00 
 1.800E+00 
 2.331E-07 
 1.800E+00 
-2.386E-06 
 1.800E+00 
 1.800E+00 
 1.800E+00 
 1.800E+00 
 3.070E-07 
 1.800E+00 
 2.347E-08 
 1.800E+00 
 1.800E+00 
 1.800E+00 
 7.033E-07 
 1.800E+00 
 1.800E+00 
 6.922E-09 
 1.800E+00 
 1.800E+00 
 1.800E+00 
 5.064E-06 
 1.800E+00 
 1.800E+00 
 2.446E-08 
 1.800E+00 
 1.800E+00 
 1.800E+00 
 2.576E-08 
 1.800E+00 
 1.800E+00 
 4.482E-09 
 1.800E+00 
 1.800E+00 
 1.800E+00 
 5.934E-09 
 1.800E+00 
 1.800E+00 
 3.251E-07 
 1.800E+00 
 1.800E+00 
 1.800E+00 
 1.467E-06 
 1.800E+00 
 1.800E+00 
 4.700E-07 
 1.800E+00 
 1.800E+00 
 1.800E+00 
 7.606E-09 
 1.800E+00 
 1.800E+00 
 1.800E+00 
 4.560E-09 
 1.800E+00 
 1.800E+00 
 1.800E+00 
 6.346E-09 
 1.800E+00 
 1.800E+00 
 8.415E-10 
 1.800E+00 
 1.800E+00 
 1.800E+00 
 1.771E-06 
 1.800E+00 
 1.800E+00 
 1.800E+00 
-8.738E-06 
 1.800E+00 
 1.800E+00 
 1.800E+00 
-1.262E-05 
 1.800E+00 
 1.800E+00 
 3.151E-06 
 1.800E+00 
 1.800E+00 
 1.800E+00 
 1.800E+00 
 2.224E-10 
 1.800E+00 
 1.800E+00 
-1.448E-06 
 1.800E+00 
 1.800E+00 
 1.800E+00 
 1.800E+00 
-2.874E-08 
 1.800E+00 
 1.800E+00 
 1.800E+00 
 2.468E-08 
 1.800E+00 
 1.800E+00 
 2.251E-06 
 1.800E+00 
 1.800E+00 
 1.800E+00 
 1.800E+00 
-1.110E-05 
 1.800E+00 
 1.800E+00 
 1.800E+00 
 7.855E-09 
 1.800E+00 
 1.800E+00 
 1.800E+00 
 6.837E-09 
 1.800E+00 
 1.800E+00 
 1.800E+00 
 1.800E+00 
-1.872E-06 
 1.800E+00 
 1.800E+00 
-9.483E-08 
 1.800E+00 
 1.800E+00 
 1.800E+00 
 1.800E+00 
-2.345E-07 
 1.800E+00 
 1.800E+00 
 1.800E+00 
 1.800E+00 
-7.045E-09 
 1.800E+00 
 1.800E+00 
-3.964E-08 
 1.800E+00 
 1.800E+00 
 1.800E+00 
 1.800E+00 
 1.800E+00 
 3.329E-08 
 1.800E+00 
 1.800E+00 
 1.800E+00 
 2.959E-07 
 1.800E+00 
 1.800E+00 
 1.800E+00 
-8.525E-07 
 1.800E+00 
 1.800E+00 
 1.800E+00 
 1.800E+00 
-3.706E-08 
 1.800E+00 
 1.800E+00 
 1.800E+00 
 1.800E+00 
 4.041E-09 
 1.800E+00 
 1.800E+00 
 1.800E+00 
 1.800E+00 
 1.417E-06 
 1.800E+00 
 1.800E+00 
 1.800E+00 
 1.011E-08 
 1.800E+00 
 1.800E+00 
 1.800E+00 
 1.800E+00 
-1.704E-05 
 1.800E+00 
 1.800E+00 
 1.800E+00 
 1.800E+00 
 1.800E+00 
 6.231E-09 
 1.800E+00 
 1.800E+00 
 4.006E-09 
 1.800E+00 
 1.800E+00 
 1.800E+00 
 1.800E+00 
 1.800E+00 
 1.800E+00 
 6.875E-09 
 1.800E+00 
 1.800E+00 
 1.800E+00 
-1.270E-09 
 1.800E+00 
 1.800E+00 
 1.800E+00 
 1.800E+00 
 1.800E+00 
-1.383E-06 
 1.800E+00 
 1.800E+00 
 1.800E+00 
 1.800E+00 
-1.034E-05 
 1.800E+00 
 1.800E+00 
 1.800E+00 
 1.800E+00 
-1.530E-07 
 1.800E+00 
 1.800E+00 
 1.800E+00 
 1.800E+00 
 2.185E-09 
 1.800E+00 
 1.800E+00 
 1.800E+00 
 1.800E+00 
 1.800E+00 
 1.800E+00 
-2.002E-05 
 1.800E+00 
 1.800E+00 
 2.417E-08 
 1.800E+00 
 1.800E+00 
 1.800E+00 
 1.800E+00 
 1.800E+00 
 1.800E+00 
 1.800E+00 
 1.800E+00 
 2.159E-08 
 1.800E+00 
 3.833E-08 
 1.800E+00 
 1.800E+00 
 1.800E+00 
 1.800E+00 
 1.800E+00 
 1.800E+00 
 1.800E+00 
 1.800E+00 
-1.901E-05 
 1.800E+00 
 1.800E+00 
 1.800E+00 
 1.800E+00 
 3.066E-08 
 1.800E+00 
 1.800E+00 
 1.800E+00 
 1.800E+00 
-3.636E-06 
 1.800E+00 
 1.800E+00 
 1.800E+00 
 1.800E+00 
 1.800E+00 
 1.800E+00 
 4.526E-08 
 1.800E+00 
 1.800E+00 
 1.800E+00 
 1.800E+00 
 1.800E+00 
 8.316E-07 
 1.800E+00 
 1.800E+00 
 1.800E+00 
 1.800E+00 
 1.800E+00 
 1.468E-06 
 1.800E+00 
 1.800E+00 
 1.800E+00 
 1.800E+00 
 1.800E+00 
 1.800E+00 
 1.344E-07 
 1.800E+00 
 1.800E+00 
 1.800E+00 
 1.800E+00 
 1.800E+00 
-2.103E-06 
 1.800E+00 
 1.800E+00 
 1.800E+00 
 1.800E+00 
 1.800E+00 
 1.800E+00 
 1.401E-08 
 1.800E+00 
 1.800E+00 
 1.800E+00 
 1.800E+00 
 1.800E+00 
-7.530E-06 
 1.800E+00 
 1.800E+00 
 1.800E+00 
 1.800E+00 
 1.800E+00 
 1.800E+00 
 6.432E-08 
 1.800E+00 
 1.800E+00 
 1.800E+00 
 1.800E+00 
 1.800E+00 
 1.800E+00 
 1.623E-08 
 1.800E+00 
 1.800E+00 
 1.800E+00 
 1.800E+00 
 1.800E+00 
 1.800E+00 
 1.800E+00 
-1.029E-06 
 1.800E+00 
 1.800E+00 
 1.800E+00 
 1.800E+00 
 4.217E-08 
 1.800E+00 
 1.800E+00 
 1.800E+00 
 1.800E+00 
 1.800E+00 
 1.800E+00 
 1.800E+00 
 1.800E+00 
 1.800E+00 
 2.441E-09 
 1.800E+00 
 1.800E+00 
 1.800E+00 
 1.800E+00 
 3.858E-09 
 1.800E+00 
 1.800E+00 
 1.800E+00 
 1.800E+00 
 1.800E+00 
 1.800E+00 
 1.800E+00 
 1.800E+00 
-1.940E-05 
 1.800E+00 
 1.800E+00 
 1.800E+00 
 1.800E+00 
 1.800E+00 
 1.800E+00 
-6.347E-08 
 1.800E+00 
 1.800E+00 
 1.800E+00 
 1.800E+00 
 1.800E+00 
 1.800E+00 
 1.800E+00 
 1.800E+00 
 8.592E-08 
 1.800E+00 
 1.800E+00 
 1.800E+00 
 1.800E+00 
 1.800E+00 
 4.495E-08 
 1.800E+00 
 1.800E+00 
 1.800E+00 
 1.800E+00 
 1.800E+00 
 1.800E+00 
 1.800E+00 
 1.800E+00 
 1.800E+00 
-2.850E-07 
 1.800E+00 
 1.800E+00 
 1.800E+00 
 1.800E+00 
 1.800E+00 
 1.800E+00 
-1.786E-08 
 1.800E+00 
 1.800E+00 
 1.800E+00 
 1.800E+00 
 1.800E+00 
 1.800E+00 
 1.800E+00 
 1.800E+00 
 5.819E-08 
 1.800E+00 
 1.800E+00 
 1.800E+00 
 1.800E+00 
 1.800E+00 
 1.800E+00 
 1.800E+00 
 1.800E+00 
 2.413E-06 
 1.800E+00 
 1.800E+00 
 1.800E+00 
 1.800E+00 
 1.800E+00 
 1.800E+00 
-2.854E-09 
 1.800E+00 
 1.800E+00 
 1.800E+00 
 1.800E+00 
 1.800E+00 
 1.800E+00 
 1.800E+00 
 1.800E+00 
 1.800E+00 
 1.800E+00 
 8.115E-09 
 1.800E+00 
 1.800E+00 
 1.800E+00 
 1.800E+00 
 1.800E+00 
 1.800E+00 
 2.626E-08 
 1.800E+00 
 1.800E+00 
 1.800E+00 
 1.800E+00 
 1.800E+00 
 1.800E+00 
 1.800E+00 
 1.800E+00 
 1.800E+00 
 5.873E-09 
 1.800E+00 
 1.800E+00 
 1.800E+00 
 1.800E+00 
 1.800E+00 
 1.800E+00 
 1.800E+00 
 1.800E+00 
-1.904E-08 
 1.800E+00 
 1.800E+00 
 1.800E+00 
 1.800E+00 
 1.800E+00 
 1.800E+00 
 1.800E+00 
 1.800E+00 
 1.800E+00 
 8.061E-07 
 1.800E+00 
 1.800E+00 
 1.800E+00 
 1.800E+00 
 1.800E+00 
 1.800E+00 
 1.800E+00 
-1.352E-07 
 1.800E+00 
 1.800E+00 
 1.800E+00 
 1.800E+00 
 1.800E+00 
 1.800E+00 
 1.800E+00 
 1.800E+00 
 1.800E+00 
 1.800E+00 
-1.474E-06 
 1.800E+00 
 1.800E+00 
 1.800E+00 
 1.800E+00 
 1.800E+00 
 1.800E+00 
 1.800E+00 
 1.800E+00 
 2.255E-08 
 1.800E+00 
 1.800E+00 
 1.800E+00 
 1.800E+00 
 1.800E+00 
 1.800E+00 
 1.800E+00 
 1.800E+00 
 1.800E+00 
-2.155E-08 
 1.800E+00 
 1.800E+00 
 1.800E+00 
 1.800E+00 
 1.800E+00 
 1.800E+00 
 1.800E+00 
 1.800E+00 
 1.800E+00 
-2.384E-08 
 1.800E+00 
 1.800E+00 
 1.800E+00 
 1.800E+00 
 1.800E+00 
 1.800E+00 
 1.800E+00 
 1.800E+00 
 1.800E+00 
 3.327E-06 
 1.800E+00 
 1.800E+00 
 1.800E+00 
 1.800E+00 
 1.800E+00 
 1.800E+00 
 1.800E+00 
 1.800E+00 
 4.087E-09 
 1.800E+00 
 1.800E+00 
 1.800E+00 
 1.800E+00 
 1.800E+00 
 1.800E+00 
 1.800E+00 
 1.800E+00 
 1.800E+00 
 1.800E+00 
-3.991E-07 
 1.800E+00 
 1.800E+00 
 1.800E+00 
 1.800E+00 
 1.800E+00 
 1.800E+00 
 1.800E+00 
 1.800E+00 
 1.800E+00 
-1.260E-08 
 1.800E+00 
 1.800E+00 
 1.800E+00 
 1.800E+00 
 1.800E+00 
 1.800E+00 
 1.800E+00 
 1.800E+00 
 1.800E+00 
 7.627E-09 
 1.800E+00 
 1.800E+00 
 1.800E+00 
 1.800E+00 
 1.800E+00 
 1.800E+00 
 1.800E+00 
 1.800E+00 
 1.800E+00 
 1.694E-08 
 1.800E+00 
 1.800E+00 
 1.800E+00 
 1.800E+00 
 1.800E+00 
 1.800E+00 
 1.800E+00 
 1.800E+00 
-1.759E-05 
 1.800E+00 
 1.800E+00 
 1.800E+00 
 1.800E+00 
 1.800E+00 
 1.800E+00 
 1.800E+00 
 1.800E+00 
 1.800E+00 
 1.800E+00 
 1.800E+00 
 9.724E-09 
 1.800E+00 
 1.800E+00 
 1.800E+00 
 1.800E+00 
 1.800E+00 
 1.800E+00 
 1.800E+00 
 1.800E+00 
 1.197E-08 
 1.800E+00 
 1.800E+00 
 1.800E+00 
 1.800E+00 
 1.800E+00 
 1.800E+00 
 1.800E+00 
 1.800E+00 
 1.800E+00 
 1.292E-08 
 1.800E+00 
 1.800E+00 
 1.800E+00 
 1.800E+00 
 1.800E+00 
 1.800E+00 
 1.800E+00 
 1.800E+00 
 1.800E+00 
 5.629E-07 
 1.800E+00 
 1.800E+00 
 1.800E+00 
 1.800E+00 
 1.800E+00 
 1.800E+00 
 1.800E+00 
 1.800E+00 
 3.332E-08 
 1.800E+00 
 1.800E+00 
 1.800E+00 
 1.800E+00 
 1.800E+00 
 1.800E+00 
 1.800E+00 
 1.800E+00 
 1.800E+00 
 1.800E+00 
 7.365E-08 
 1.800E+00 
 1.800E+00 
 1.800E+00 
 1.800E+00 
 1.800E+00 
 1.800E+00 
 1.800E+00 
-6.568E-07 
 1.800E+00 
 1.800E+00 
 1.800E+00 
 1.800E+00 
 1.800E+00 
 1.800E+00 
 1.800E+00 
 1.800E+00 
 1.800E+00 
 1.800E+00 
 6.813E-09 
 1.800E+00 
 1.800E+00 
 1.800E+00 
 1.800E+00 
 1.800E+00 
 1.800E+00 
 1.800E+00 
 1.800E+00 
 9.502E-08 
 1.800E+00 
 1.800E+00 
 1.800E+00 
 1.800E+00 
 1.800E+00 
 1.800E+00 
 1.800E+00 
 1.404E-08 
 1.800E+00 
 1.800E+00 
 1.800E+00 
 1.800E+00 
 1.800E+00 
 1.800E+00 
 1.800E+00 
 1.800E+00 
 1.800E+00 
 1.800E+00 
 1.430E-08 
 1.800E+00 
 1.800E+00 
 1.800E+00 
 1.800E+00 
 1.800E+00 
 1.800E+00 
 8.205E-08 
 1.800E+00 
 1.800E+00 
 1.800E+00 
 1.800E+00 
 1.800E+00 
 1.800E+00 
 1.800E+00 
 1.800E+00 
 1.800E+00 
 1.800E+00 
 6.372E-07 
 1.800E+00 
 1.800E+00 
 1.800E+00 
 1.800E+00 
 1.800E+00 
 8.912E-09 
 1.800E+00 
 1.800E+00 
 1.800E+00 
 1.800E+00 
 1.800E+00 
 1.800E+00 
 1.800E+00 
 1.800E+00 
 1.800E+00 
 1.800E+00 
-2.428E-05 
 1.800E+00 
 1.800E+00 
 1.800E+00 
 1.800E+00 
 1.800E+00 
 1.800E+00 
 1.427E-07 
 1.800E+00 
 1.800E+00 
 1.800E+00 
 1.800E+00 
 1.800E+00 
 1.800E+00 
 1.800E+00 
 1.800E+00 
-1.580E-07 
 1.800E+00 
 1.800E+00 
 1.800E+00 
 1.800E+00 
 1.800E+00 
 1.800E+00 
 1.800E+00 
 2.422E-08 
 1.800E+00 
 1.800E+00 
 1.800E+00 
 1.800E+00 
 1.800E+00 
 1.800E+00 
 2.858E-08 
 1.800E+00 
 1.800E+00 
 1.800E+00 
 1.800E+00 
 1.800E+00 
 1.800E+00 
 1.800E+00 
 1.800E+00 
 7.046E-09 
 1.800E+00 
 1.800E+00 
 1.800E+00 
 1.800E+00 
 1.800E+00 
 1.800E+00 
 6.736E-08 
 1.800E+00 
 1.800E+00 
 1.800E+00 
 1.800E+00 
 1.800E+00 
 1.800E+00 
 1.800E+00 
 1.800E+00 
 6.443E-08 
 1.800E+00 
 1.800E+00 
 1.800E+00 
 1.800E+00 
 9.821E-09 
 1.800E+00 
 1.800E+00 
 1.800E+00 
 1.800E+00 
 1.800E+00 
 1.800E+00 
 1.800E+00 
 1.800E+00 
 1.800E+00 
 6.415E-05 
 1.800E+00 
 1.800E+00 
 1.800E+00 
-2.232E-07 
 1.800E+00 
 1.800E+00 
 1.800E+00 
 1.800E+00 
 1.800E+00 
 1.800E+00 
 1.800E+00 
 1.800E+00 
 1.800E+00 
 1.963E-08 
 1.800E+00 
 1.800E+00 
 1.800E+00 
 1.800E+00 
 1.800E+00 
 1.399E-06 
 1.800E+00 
 1.800E+00 
 1.800E+00 
 1.800E+00 
 1.800E+00 
 7.189E-09 
 1.800E+00 
 1.800E+00 
 1.800E+00 
 1.800E+00 
 1.800E+00 
 1.800E+00 
 1.800E+00 
-4.224E-06 
 1.800E+00 
 1.800E+00 
 1.800E+00 
 1.800E+00 
 1.620E-08 
 1.800E+00 
 1.800E+00 
 1.800E+00 
 1.800E+00 
 1.800E+00 
 1.800E+00 
 1.800E+00 
-3.058E-05 
 1.800E+00 
 1.800E+00 
 1.800E+00 
 1.800E+00 
 1.800E+00 
 1.045E-07 
 1.800E+00 
 1.800E+00 
 1.800E+00 
 1.800E+00 
 1.800E+00 
-1.029E-07 
 1.800E+00 
 1.800E+00 
 1.800E+00 
 1.800E+00 
 1.800E+00 
 2.787E-07 
 1.800E+00 
 1.800E+00 
 1.800E+00 
 1.800E+00 
 1.800E+00 
 1.800E+00 
 6.054E-08 
 1.800E+00 
 1.800E+00 
 1.800E+00 
 1.800E+00 
 1.653E-07 
 1.800E+00 
 1.800E+00 
 1.800E+00 
 1.800E+00 
 1.800E+00 
-7.652E-08 
 1.800E+00 
 1.800E+00 
 1.800E+00 
 1.800E+00 
 1.800E+00 
 1.800E+00 
 1.243E-08 
 1.800E+00 
 1.800E+00 
-2.983E-09 
 1.800E+00 
 1.800E+00 
 1.800E+00 
 1.800E+00 
 1.800E+00 
 1.800E+00 
 1.800E+00 
 1.800E+00 
 1.242E-07 
 1.800E+00 
 1.800E+00 
 1.743E-08 
 1.800E+00 
 1.800E+00 
 1.800E+00 
 1.800E+00 
 1.800E+00 
 1.800E+00 
 1.800E+00 
-2.524E-07 
 1.800E+00 
 2.225E-06 
 1.800E+00 
 1.800E+00 
 1.800E+00 
 1.800E+00 
 1.800E+00 
 1.800E+00 
 1.800E+00 
 1.800E+00 
 3.125E-07 
 1.800E+00 
 1.800E+00 
 2.070E-08 
 1.800E+00 
 1.800E+00 
 1.800E+00 
 1.800E+00 
 1.800E+00 
 1.616E-07 
 1.800E+00 
 1.800E+00 
 1.800E+00 
 1.800E+00 
 1.609E-08 
 1.800E+00 
 1.800E+00 
 1.800E+00 
 1.800E+00 
 7.156E-06 
 1.800E+00 
 1.800E+00 
 1.800E+00 
 1.800E+00 
 3.013E-07 
 1.800E+00 
 1.800E+00 
 1.800E+00 
 1.800E+00 
 9.030E-07 
 1.800E+00 
 1.800E+00 
 1.800E+00 
 7.626E-09 
 1.800E+00 
 1.800E+00 
 1.800E+00 
 1.800E+00 
 1.800E+00 
-1.700E-07 
 1.800E+00 
 1.800E+00 
 1.800E+00 
 7.487E-09 
 1.800E+00 
 1.800E+00 
 1.800E+00 
 1.800E+00 
 1.800E+00 
 1.116E-05 
 1.800E+00 
 1.800E+00 
 9.181E-08 
 1.800E+00 
 1.800E+00 
 1.800E+00 
 1.800E+00 
 1.800E+00 
 1.741E-07 
 1.800E+00 
 1.800E+00 
 3.959E-09 
 1.800E+00 
 1.800E+00 
 1.800E+00 
 1.800E+00 
 1.800E+00 
-8.165E-07 
 1.800E+00 
 1.800E+00 
 1.616E-07 
 1.800E+00 
 1.800E+00 
 1.800E+00 
 1.800E+00 
 1.800E+00 
 1.795E-06 
 1.800E+00 
 1.800E+00 
-6.800E-07 
 1.800E+00 
 1.800E+00 
 1.800E+00 
 1.800E+00 
 9.328E-09 
 1.800E+00 
 1.800E+00 
 1.800E+00 
 2.702E-06 
 1.800E+00 
 1.800E+00 
 1.800E+00 
 7.121E-09 
 1.800E+00 
 1.800E+00 
 1.800E+00 
 1.800E+00 
 1.813E-07 
 1.800E+00 
 1.800E+00 
 1.267E-06 
 1.800E+00 
 1.800E+00 
 1.800E+00 
 1.800E+00 
-1.061E-06 
 1.800E+00 
 1.800E+00 
 5.088E-08 
 1.800E+00 
 1.800E+00 
 1.800E+00 
 1.800E+00 
 2.834E-07 
 1.800E+00 
 1.800E+00 
 1.800E+00 
 1.789E-08 
 1.800E+00 
 1.800E+00 
 1.063E-08 
 1.800E+00 
 1.800E+00 
 1.800E+00 
 1.800E+00 
 1.073E-08 
 1.800E+00 
 1.800E+00 
 1.105E-08 
 1.800E+00 
 1.800E+00 
 1.800E+00 
 1.800E+00 
-2.542E-06 
 1.800E+00 
-2.858E-05 
 1.800E+00 
 1.800E+00 
 1.800E+00 
 1.800E+00 
-8.639E-07 
 1.800E+00 
 1.800E+00 
 1.800E+00 
 2.930E-08 
 1.800E+00 
-1.004E-07 
 1.800E+00 
 1.800E+00 
 1.800E+00 
 1.800E+00 
 1.800E+00 
-1.505E-05 
-1.504E-05 
 1.800E+00 
 1.800E+00 
 1.800E+00 
 1.800E+00 
 1.800E+00 
-3.120E-06 
 1.800E+00 
-1.359E-07 
 1.800E+00 
 1.800E+00 
 1.800E+00 
 1.800E+00 
-2.536E-07 
 1.800E+00 
 2.996E-08 
 1.800E+00 
 1.800E+00 
 1.800E+00 
 1.974E-08 
 1.800E+00 
 1.800E+00 
 1.800E+00 
-2.185E-07 
 1.800E+00 
 1.800E+00 
 4.191E-07 
 1.800E+00 
 1.800E+00 
-6.662E-09 
 1.800E+00 
 1.800E+00 
 1.800E+00 
 3.614E-07 
 1.800E+00 
 1.800E+00 
 5.554E-09 
 1.800E+00 
 1.800E+00 
 1.800E+00 
 3.778E-07 
 1.800E+00 
-1.809E-08 
 1.800E+00 
 1.800E+00 
 1.800E+00 
 1.800E+00 
 5.435E-09 
 5.038E-09 
 1.800E+00 
 1.800E+00 
 1.800E+00 
 1.800E+00 
 1.800E+00 
 2.057E-09 
 4.835E-09 
 1.800E+00 
 1.800E+00 
 1.800E+00 
 4.223E-08 
 1.800E+00 
 1.800E+00 
-1.713E-05 
 1.800E+00 
 1.800E+00 
 1.800E+00 
-1.995E-07 
 3.289E-09 
 1.800E+00 
 1.800E+00 
 1.800E+00 
 1.800E+00 
 1.467E-08 
 1.800E+00 
 1.800E+00 
 1.297E-07 
 1.800E+00 
 1.880E-06 
 1.800E+00 
 1.800E+00 
 1.800E+00 
-3.451E-08 
 1.800E+00 
 1.800E+00 
-4.197E-07 
 1.800E+00 
 6.780E-09 
 1.800E+00 
 1.800E+00 
 1.800E+00 
 4.930E-07 
 1.800E+00 
 1.800E+00 
-2.092E-05 
 1.800E+00 
 3.809E-08 
 1.800E+00 
 1.800E+00 
 1.800E+00 
 1.611E-06 
 1.800E+00 
 1.095E-07 
 1.800E+00 
 1.800E+00 
 1.800E+00 
-1.031E-05 
 1.800E+00 
-6.703E-09 
 1.800E+00 
 1.800E+00 
-3.217E-05 
 1.800E+00 
 1.800E+00 
 8.286E-08 
 1.800E+00 
 1.800E+00 
 1.919E-08 
 1.800E+00 
 1.150E-06 
 1.800E+00 
 1.800E+00 
 1.800E+00 
 2.693E-06 
 1.203E-05 
 1.800E+00 
 1.800E+00 
 1.800E+00 
 1.800E+00 
 1.085E-05 
-1.831E-05 
 1.800E+00 
 1.800E+00 
 1.800E+00 
-3.243E-07 
 6.579E-09 
 1.800E+00 
 1.800E+00 
 1.800E+00 
 1.800E+00 
 4.073E-09 
 4.348E-09 
 1.800E+00 
 1.800E+00 
 1.117E-08 
 1.800E+00 
 1.800E+00 
-1.172E-06 
 1.800E+00 
 1.800E+00 
 1.882E-05 
-3.111E-05 
 1.800E+00 
 1.800E+00 
 1.800E+00 
 1.800E+00 
 8.253E-08 
 6.047E-08 
 1.800E+00 
 1.800E+00 
 9.656E-09 
 1.800E+00 
-1.777E-06 
 1.800E+00 
 1.800E+00 
 1.800E+00 
 2.674E-06 
-1.103E-05 
 1.800E+00 
 1.800E+00 
 2.450E-06 
 1.800E+00 
 1.800E+00 
 4.367E-07 
 1.800E+00 
 7.512E-09 
 1.800E+00 
 1.800E+00 
 2.470E-08 
 1.800E+00 
 1.800E+00 
 1.383E-06 
 1.656E-06 
 1.800E+00 
 1.800E+00 
 1.800E+00 
 1.399E-06 
 6.401E-09 
 1.800E+00 
 1.800E+00 
 1.800E+00 
-3.737E-06 
-3.293E-06 
 1.800E+00 
 1.800E+00 
-9.044E-08 
 1.800E+00 
 1.800E+00 
 1.603E-06 
 1.472E-06 
 1.800E+00 
 1.800E+00 
 1.800E+00 
 8.516E-07 
 8.464E-07 
 1.800E+00 
 1.800E+00 
 1.800E+00 
-1.245E-07 
-2.059E-07 
 1.800E+00 
 1.800E+00 
 7.782E-08 
 1.800E+00 
-5.178E-08 
 1.800E+00 
-1.735E-06 
 1.800E+00 
 1.800E+00 
-8.184E-08 
 1.800E+00 
 1.800E+00 
 8.690E-07 
 8.638E-07 
 1.800E+00 
 1.800E+00 
 2.850E-07 
-8.108E-09 
 1.800E+00 
 1.800E+00 
 1.800E+00 
 6.816E-08 
 1.800E+00 
 8.574E-08 
 9.050E-08 
 1.800E+00 
 1.800E+00 
 1.800E+00 
 2.947E-07 
 2.895E-07 
 1.800E+00 
 1.800E+00 
-1.237E-05 
-1.235E-05 
 1.800E+00 
 1.800E+00 
 1.800E+00 
 3.863E-07 
-1.395E-09 
 1.800E+00 
-2.790E-05 
 1.800E+00 
 1.800E+00 
 6.127E-07 
 1.800E+00 
-4.644E-08 
 1.800E+00 
-2.145E-08 
 1.800E+00 
-3.006E-09 
 1.800E+00 
 1.800E+00 
 1.838E-08 
 1.720E-08 
 1.800E+00 
 1.800E+00 
 3.530E-07 
 1.800E+00 
 1.549E-07 
 1.800E+00 
 1.222E-07 
 1.800E+00 
 6.489E-07 
 1.800E+00 
 2.117E-06 
 1.800E+00 
 1.800E+00 
-1.850E-05 
 9.088E-09 
 1.800E+00 
 1.800E+00 
 2.819E-08 
 1.702E-08 
 1.800E+00 
 1.800E+00 
-1.589E-06 
 1.800E+00 
-1.618E-05 
 1.800E+00 
 1.836E-07 
 1.800E+00 
 6.069E-09 
 1.800E+00 
 2.876E-07 
 1.800E+00 
-4.504E-07 
 1.800E+00 
-4.837E-08 
 1.800E+00 
 3.727E-06 
 1.800E+00 
 2.608E-07 
 1.800E+00 
 1.800E+00 
-1.107E-07 
 5.372E-07 
 1.800E+00 
-6.948E-08 
 1.800E+00 
-8.227E-08 
 1.800E+00 
 1.800E+00 
-1.578E-10 
 1.259E-08 
 1.800E+00 
-5.946E-07 
 1.800E+00 
-3.293E-07 
 1.800E+00 
 1.800E+00 
-1.795E-06 
 1.166E-07 
 1.800E+00 
 3.006E-06 
 1.800E+00 
 1.581E-08 
 1.800E+00 
-1.687E-06 
 1.800E+00 
 5.665E-08 
 1.800E+00 
 3.943E-08 
 1.800E+00 
-5.460E-09 
 1.800E+00 
 9.285E-09 
 9.282E-09 
 1.800E+00 
 1.800E+00 
 2.806E-08 
 1.800E+00 
 2.339E-08 
 2.415E-08 
 1.800E+00 
 7.503E-09 
 1.800E+00 
 1.800E+00 
-2.331E-07 
 2.778E-08 
 1.800E+00 
 2.283E-09 
 1.800E+00 
-9.712E-08 
 1.800E+00 
 2.009E-06 
 2.120E-06 
 1.800E+00 
 1.800E+00 
 3.513E-08 
-1.191E-08 
 1.800E+00 
 1.800E+00 
 9.655E-07 
 3.917E-08 
 1.800E+00 
 1.450E-08 
 3.066E-09 
 1.800E+00 
 1.800E+00 
-3.258E-08 
 1.800E+00 
 4.868E-05 
 1.477E-05 
 1.800E+00 
 2.038E-07 
 1.800E+00 
-4.654E-08 
 1.800E+00 
-4.821E-08 
 1.800E+00 
-6.208E-08 
 6.346E-08 
 1.800E+00 
-8.161E-07 
 1.800E+00 
 3.619E-08 
 1.800E+00 
 4.741E-07 
 1.800E+00 
 1.039E-06 
 9.834E-07 
 1.800E+00 
-9.619E-09 
 1.800E+00 
 2.274E-08 
 1.800E+00 
-1.888E-07 
 2.203E-08 
 1.800E+00 
-4.168E-06 
 1.800E+00 
 1.759E-06 
 1.800E+00 
-6.983E-07 
 1.800E+00 
 4.771E-07 
 9.580E-09 
 1.800E+00 
 1.290E-07 
 1.800E+00 
-7.934E-07 
-1.353E-07 
 1.800E+00 
-5.476E-08 
 1.800E+00 
-5.729E-09 
 1.800E+00 
-3.459E-06 
 2.871E-08 
 1.800E+00 
 5.170E-07 
 1.800E+00 
 9.219E-06 
 9.219E-06 
 1.800E+00 
 1.800E+00 
-3.237E-09 
-6.902E-09 
-6.902E-09 
 1.800E+00 
 6.608E-08 
 1.800E+00 
 4.835E-06 
 1.800E+00 
 7.301E-09 
 1.067E-08 
 1.800E+00 
-4.795E-08 
 1.800E+00 
 1.721E-06 
 1.800E+00 
-5.812E-06 
 2.302E-05 
 2.302E-05 
 1.800E+00 
 1.800E+00 
 6.202E-06 
-1.614E-07 
-1.614E-07 
 1.800E+00 
 1.800E+00 
-5.244E-06 
-5.563E-06 
-5.563E-06 
 1.800E+00 
 1.800E+00 
 7.933E-09 
 1.153E-08 
 1.154E-08 
 1.800E+00 
 3.562E-06 
 1.800E+00 
-1.544E-07 
 6.374E-08 
 1.800E+00 
 5.643E-08 
 1.800E+00 
-4.289E-07 
-4.260E-07 
 1.800E+00 
-2.505E-07 
 1.800E+00 
 2.121E-09 
 1.744E-09 
 1.745E-09 
 1.800E+00 
 1.800E+00 
 4.949E-08 
 2.252E-08 
 2.252E-08 
 1.800E+00 
 2.137E-06 
 1.800E+00 
 7.854E-07 
-7.793E-09 
 1.800E+00 
 2.371E-06 
 1.800E+00 
 4.944E-06 
-7.717E-08 
-7.717E-08 
 1.800E+00 
 3.295E-08 
 1.800E+00 
-5.690E-07 
-5.688E-07 
 1.800E+00 
-3.814E-08 
 1.800E+00 
 1.096E-07 
 1.501E-08 
 1.500E-08 
 1.800E+00 
 5.409E-06 
 1.800E+00 
-9.891E-09 
 9.868E-09 
 1.800E+00 
 5.085E-06 
 5.016E-06 
 1.800E+00 
-1.847E-07 
-4.182E-09 
 1.800E+00 
-7.007E-08 
-4.395E-08 
 1.800E+00 
 3.969E-07 
 1.800E+00 
-3.886E-07 
 5.477E-09 
 5.477E-09 
 1.800E+00 
 8.041E-08 
 1.800E+00 
-5.697E-08 
 2.785E-09 
 2.785E-09 
 1.800E+00 
-2.281E-06 
 1.800E+00 
-4.284E-08 
 6.824E-09 
 1.800E+00 
 4.434E-09 
 1.098E-07 
 1.098E-07 
 1.800E+00 
 1.800E+00 
 3.613E-08 
 2.639E-09 
 2.639E-09 
 2.639E-09 
 1.800E+00 
 1.526E-07 
 1.266E-09 
 1.800E+00 
-1.425E-07 
 1.800E+00 
 4.910E-08 
 3.016E-09 
 3.016E-09 
 1.800E+00 
 7.858E-08 
-1.336E-09 
 1.800E+00 
 3.705E-06 
 1.800E+00 
 1.100E-06 
 5.640E-09 
 5.640E-09 
 5.640E-09 
 1.800E+00 
-2.982E-09 
 1.800E+00 
 7.678E-09 
 7.689E-09 
 1.800E+00 
 2.670E-06 
-3.727E-09 
-3.720E-09 
 1.800E+00 
-1.230E-08 
-1.233E-08 
 1.800E+00 
 2.669E-05 
 1.253E-08 
 1.800E+00 
-6.270E-06 
-6.311E-06 
-6.311E-06 
 1.800E+00 
 7.013E-07 
 7.158E-07 
 1.800E+00 
 1.033E-07 
 1.046E-07 
 1.800E+00 
 4.135E-07 
 4.121E-07 
 1.800E+00 
 4.043E-09 
 5.519E-09 
 5.515E-09 
 5.520E-09 
 1.800E+00 
-1.406E-06 
 1.800E+00 
 8.346E-07 
 7.758E-07 
 7.758E-07 
 1.800E+00 
 9.390E-06 
 9.463E-06 
 1.800E+00 
 2.731E-06 
 2.537E-06 
 2.537E-06 
 1.800E+00 
 3.188E-06 
-3.613E-08 
-3.613E-08 
 1.800E+00 
 1.609E-09 
 1.800E+00 
-2.999E-07 
-2.881E-07 
-2.881E-07 
-2.881E-07 
 1.800E+00 
 2.391E-06 
 5.248E-09 
 1.800E+00 
 5.990E-08 
 6.272E-08 
 6.272E-08 
 1.800E+00 
-1.097E-07 
-9.007E-08 
-9.008E-08 
 1.800E+00 
 6.147E-08 
 3.618E-08 
 1.800E+00 
 9.447E-07 
 1.134E-07 
 1.134E-07 
 1.800E+00 
 4.264E-07 
 5.802E-09 
 5.802E-09 
 1.800E+00 
 4.124E-08 
 3.493E-08 
 3.493E-08 
 1.800E+00 
-4.222E-08 
 5.840E-09 
 1.800E+00 
-5.966E-08 
-5.651E-08 
-5.651E-08 
-5.651E-08 
 1.800E+00 
 1.091E-08 
 1.109E-08 
 1.800E+00 
 3.944E-06 
 4.530E-06 
 4.530E-06 
 1.800E+00 
-1.535E-08 
 3.031E-09 
 3.031E-09 
 3.031E-09 
 1.800E+00 
-3.641E-07 
-3.627E-07 
 1.800E+00 
 9.562E-07 
 1.098E-06 
 1.098E-06 
 1.098E-06 
 1.800E+00 
-1.805E-08 
-1.806E-08 
 1.800E+00 
-1.526E-07 
 1.212E-08 
 1.212E-08 
 1.212E-08 
 1.800E+00 
-4.406E-08 
-4.349E-08 
-4.349E-08 
 1.800E+00 
 1.704E-08 
 1.482E-08 
 1.482E-08 
 1.800E+00 
 1.930E-05 
-3.355E-06 
-3.355E-06 
-3.355E-06 
 1.800E+00 
 3.791E-06 
-2.619E-08 
 1.800E+00 
-5.678E-05 
 1.316E-08 
 1.316E-08 
 1.316E-08 
 1.316E-08 
 1.800E+00 
-1.203E-07 
-1.145E-05 
 1.800E+00 
-7.914E-07 
 1.019E-08 
 1.019E-08 
 1.019E-08 
 1.019E-08 
 1.800E+00 
 1.746E-08 
 1.668E-08 
 1.800E+00 
-1.486E-06 
-1.408E-06 
-1.408E-06 
-1.408E-06 
-1.408E-06 
 1.800E+00 
-4.688E-08 
-3.742E-08 
 1.800E+00 
 1.736E-07 
-1.832E-09 
-1.831E-09 
-1.832E-09 
-1.831E-09 
 1.800E+00 
-1.428E-05 
-1.428E-05 
-1.428E-05 
-1.428E-05 
 1.800E+00 
-4.031E-08 
-4.473E-08 
-4.472E-08 
 1.800E+00 
 6.414E-06 
 6.514E-06 
 6.514E-06 
 6.514E-06 
 1.800E+00 
 8.389E-08 
 6.632E-09 
 6.632E-09 
 6.632E-09 
 1.800E+00 
 2.694E-06 
-1.483E-07 
-1.483E-07 
-1.483E-07 
 1.800E+00 
 3.445E-06 
 3.423E-06 
 3.423E-06 
 3.423E-06 
 1.800E+00 
-3.322E-05 
 2.353E-08 
 2.355E-08 
 2.353E-08 
 2.353E-08 
 1.800E+00 
-5.618E-08 
 1.088E-08 
 1.800E+00 
 2.946E-06 
 2.451E-06 
 2.451E-06 
 2.451E-06 
 2.451E-06 
 2.451E-06 
 2.451E-06 
 1.800E+00 
 9.257E-06 
 8.889E-06 
 1.800E+00 
-1.503E-07 
 6.825E-09 
 6.825E-09 
 6.825E-09 
 6.825E-09 
 6.825E-09 
 1.800E+00 
-1.245E-07 
-7.109E-09 
-7.109E-09 
-7.109E-09 
 1.800E+00 
 2.990E-05 
 7.952E-08 
 7.952E-08 
 7.952E-08 
 7.952E-08 
 1.800E+00 
 8.747E-06 
 8.746E-06 
 8.746E-06 
 8.746E-06 
 1.800E+00 
-2.216E-06 
-1.311E-06 
-1.311E-06 
-1.311E-06 
-1.311E-06 
 1.800E+00 
-1.792E-05 
-1.784E-05 
-1.784E-05 
-1.784E-05 
 1.800E+00 
 2.316E-05 
-2.274E-05 
-2.274E-05 
-2.274E-05 
-2.274E-05 
-2.274E-05 
 1.800E+00 
 1.288E-05 
 1.281E-05 
 1.281E-05 
 1.281E-05 
 1.281E-05 
 1.800E+00 
 1.054E-05 
 1.021E-05 
 1.021E-05 
 1.021E-05 
 1.021E-05 
 1.800E+00 
-9.310E-06 
-9.092E-06 
-9.092E-06 
-9.092E-06 
 1.800E+00 
-1.302E-07 
-8.910E-08 
-8.910E-08 
-8.910E-08 
-8.910E-08 
-8.910E-08 
-8.909E-08 
 1.800E+00 
 1.866E-07 
 1.654E-07 
 1.654E-07 
 1.654E-07 
 1.800E+00 
 1.513E-06 
 9.410E-07 
 9.410E-07 
 9.410E-07 
 9.410E-07 
 9.410E-07 
 9.410E-07 
 1.800E+00 
 1.064E-08 
 8.720E-09 
 8.720E-09 
 8.722E-09 
 1.800E+00 
 1.573E-06 
 1.436E-06 
 1.436E-06 
 1.436E-06 
 1.436E-06 
 1.436E-06 
 1.436E-06 
 1.800E+00 
 7.575E-08 
 4.711E-08 
 4.711E-08 
 4.711E-08 
 4.711E-08 
 1.800E+00 
 6.251E-09 
 6.225E-09 
 6.225E-09 
 6.225E-09 
 6.225E-09 
 6.226E-09 
 1.800E+00 
-9.105E-06 
-2.575E-05 
-2.575E-05 
-2.575E-05 
-2.575E-05 
-2.575E-05 
-2.575E-05 
 1.800E+00 
-5.565E-08 
-5.694E-08 
-5.693E-08 
-5.694E-08 
-5.694E-08 
 1.800E+00 
 5.994E-06 
-1.082E-07 
-1.082E-07 
-1.082E-07 
-1.082E-07 
-1.082E-07 
-1.082E-07 
 1.800E+00 
 1.081E-06 
 6.322E-07 
 6.322E-07 
 6.322E-07 
 6.322E-07 
 6.322E-07 
 1.800E+00 
 6.776E-06 
 6.282E-06 
 6.282E-06 
 6.282E-06 
 6.282E-06 
 6.282E-06 
 6.282E-06 
 1.800E+00 
-3.385E-08 
 6.385E-09 
 6.385E-09 
 6.385E-09 
 6.384E-09 
 6.384E-09 
 1.800E+00 
-9.287E-07 
-6.532E-07 
-6.532E-07 
-6.532E-07 
-6.532E-07 
-6.532E-07 
-6.532E-07 
-6.532E-07 
 1.800E+00 
-1.836E-07 
 9.636E-09 
 9.636E-09 
 9.636E-09 
 9.636E-09 
 9.637E-09 
 1.800E+00 
 2.867E-09 
 4.567E-09 
 4.562E-09 
 4.562E-09 
 4.562E-09 
 4.562E-09 
 4.562E-09 
 4.560E-09 
 1.800E+00 
-7.396E-06 
 1.445E-06 
 1.445E-06 
 1.445E-06 
 1.445E-06 
 1.445E-06 
 1.800E+00 
 5.710E-07 
 6.912E-07 
 6.912E-07 
 6.912E-07 
 6.912E-07 
 6.912E-07 
 6.912E-07 
 6.912E-07 
 6.912E-07 
 1.800E+00 
-5.877E-07 
 1.592E-08 
 1.591E-08 
 1.592E-08 
 1.596E-08 
 1.592E-08 
 1.800E+00 
 4.445E-06 
-3.550E-08 
-3.550E-08 
-3.550E-08 
-3.550E-08 
-3.550E-08 
-3.550E-08 
-3.550E-08 
-3.550E-08 
 1.800E+00 
 1.537E-07 
 6.149E-09 
 6.149E-09 
 6.149E-09 
 6.149E-09 
 6.150E-09 
 1.800E+00 
 2.111E-07 
 1.058E-07 
 1.058E-07 
 1.058E-07 
 1.059E-07 
 1.058E-07 
 1.058E-07 
 1.058E-07 
 1.058E-07 
 1.058E-07 
 1.800E+00 
-4.595E-06 
-4.874E-06 
-4.874E-06 
-4.874E-06 
-4.874E-06 
-4.874E-06 
-4.874E-06 
 1.800E+00 
-6.520E-08 
-6.956E-08 
-6.956E-08 
-6.956E-08 
-6.955E-08 
-6.956E-08 
-6.956E-08 
-6.956E-08 
-6.956E-08 
 1.800E+00 
 8.477E-09 
 8.454E-09 
 8.454E-09 
 8.454E-09 
 8.454E-09 
 8.454E-09 
 8.454E-09 
 1.800E+00 
 1.723E-05 
 1.723E-05 
 1.723E-05 
 1.723E-05 
 1.723E-05 
 1.723E-05 
 1.723E-05 
 1.723E-05 
 1.723E-05 
 1.723E-05 
 1.800E+00 
 5.516E-06 
-2.059E-07 
-2.059E-07 
-2.059E-07 
-2.059E-07 
-2.059E-07 
-2.059E-07 
 1.800E+00 
 5.890E-07 
 1.465E-08 
 1.465E-08 
 1.465E-08 
 1.465E-08 
 1.465E-08 
 1.465E-08 
 1.465E-08 
 1.465E-08 
 1.465E-08 
 1.800E+00 
-5.190E-06 
-4.885E-06 
-4.885E-06 
-4.885E-06 
-4.885E-06 
-4.885E-06 
-4.885E-06 
-4.885E-06 
-4.885E-06 
 1.800E+00 
 7.982E-07 
 3.541E-09 
 3.541E-09 
 3.541E-09 
 3.540E-09 
 3.541E-09 
 3.541E-09 
 1.800E+00 
 2.874E-08 
 3.060E-08 
 3.060E-08 
 3.060E-08 
 3.060E-08 
 3.060E-08 
 3.060E-08 
 3.060E-08 
 3.060E-08 
 3.060E-08 
 3.060E-08 
 1.800E+00 
 2.021E-06 
 3.492E-09 
 3.485E-09 
 3.495E-09 
 3.495E-09 
 3.495E-09 
 3.495E-09 
 3.504E-09 
 1.800E+00 
-1.090E-06 
 1.996E-07 
 1.996E-07 
 1.996E-07 
 1.996E-07 
 1.996E-07 
 1.996E-07 
 1.996E-07 
 1.996E-07 
 1.800E+00 
-8.127E-07 
-1.002E-06 
-1.002E-06 
-1.002E-06 
-1.002E-06 
-1.002E-06 
-1.002E-06 
-1.002E-06 
-1.002E-06 
-1.002E-06 
 1.800E+00 
 1.918E-06 
-1.938E-08 
-1.938E-08 
-1.938E-08 
-1.938E-08 
-1.938E-08 
-1.938E-08 
 1.800E+00 
-2.961E-06 
-2.663E-06 
-2.663E-06 
-2.663E-06 
-2.663E-06 
-2.663E-06 
-2.663E-06 
-2.663E-06 
-2.663E-06 
-2.663E-06 
-2.663E-06 
-2.663E-06 
 1.800E+00 
 5.063E-07 
 5.739E-07 
 5.739E-07 
 5.739E-07 
 5.739E-07 
 5.739E-07 
 1.800E+00 
-1.020E-06 
-1.543E-06 
-1.543E-06 
-1.543E-06 
-1.543E-06 
-1.543E-06 
-1.543E-06 
-1.543E-06 
-1.543E-06 
-1.543E-06 
-1.543E-06 
-1.543E-06 
 1.800E+00 
 8.933E-07 
 3.043E-09 
 3.043E-09 
 3.042E-09 
 3.043E-09 
 3.043E-09 
 1.800E+00 
 4.380E-06 
-4.657E-08 
-4.657E-08 
-4.657E-08 
-4.657E-08 
-4.657E-08 
-4.657E-08 
-4.657E-08 
-4.657E-08 
-4.657E-08 
-4.657E-08 
-4.657E-08 
 1.800E+00 
 1.615E-06 
-6.896E-09 
-6.898E-09 
-6.898E-09 
-6.898E-09 
-6.898E-09 
 1.800E+00 
 7.025E-08 
 7.030E-08 
 7.030E-08 
 7.030E-08 
 7.030E-08 
 7.030E-08 
 7.030E-08 
 7.030E-08 
 7.030E-08 
 7.030E-08 
 7.030E-08 
 1.800E+00 
 1.288E-06 
 3.880E-09 
 3.880E-09 
 3.880E-09 
 3.880E-09 
 3.880E-09 
 3.880E-09 
 1.800E+00 
-2.175E-07 
-4.204E-07 
-4.204E-07 
-4.204E-07 
-4.204E-07 
-4.204E-07 
-4.204E-07 
-4.204E-07 
-4.204E-07 
-4.204E-07 
 1.800E+00 
-1.390E-05 
-1.390E-05 
-1.390E-05 
-1.390E-05 
-1.390E-05 
-1.390E-05 
-1.390E-05 
 1.800E+00 
 2.382E-06 
 4.963E-09 
 4.963E-09 
 4.963E-09 
 4.963E-09 
 4.963E-09 
 4.963E-09 
 4.963E-09 
 4.964E-09 
 4.963E-09 
 1.800E+00 
 2.791E-06 
 2.796E-06 
 2.796E-06 
 2.796E-06 
 2.796E-06 
 2.796E-06 
 2.796E-06 
 1.800E+00 
 1.755E-07 
-1.331E-07 
-1.331E-07 
-1.331E-07 
-1.331E-07 
-1.331E-07 
-1.331E-07 
-1.331E-07 
-1.331E-07 
 1.800E+00 
 1.222E-06 
 4.201E-09 
 4.203E-09 
 4.203E-09 
 4.203E-09 
 4.203E-09 
 1.800E+00 
 9.766E-09 
 6.351E-09 
 6.351E-09 
 6.351E-09 
 6.351E-09 
 6.351E-09 
 6.351E-09 
 6.352E-09 
 6.351E-09 
 6.351E-09 
 6.351E-09 
 1.800E+00 
-2.307E-08 
 6.256E-09 
 6.257E-09 
 6.255E-09 
 1.800E+00 
 6.342E-08 
 6.420E-08 
 6.420E-08 
 6.420E-08 
 6.420E-08 
 6.420E-08 
 6.420E-08 
 6.420E-08 
 6.420E-08 
 6.420E-08 
 6.420E-08 
 1.800E+00 
 6.972E-06 
-2.212E-06 
-2.212E-06 
-2.212E-06 
 1.800E+00 
-1.131E-06 
-1.121E-06 
-1.121E-06 
-1.121E-06 
-1.121E-06 
-1.121E-06 
-1.121E-06 
-1.121E-06 
-1.122E-06 
-1.121E-06 
-1.121E-06 
 1.800E+00 
 4.288E-09 
 4.180E-09 
 4.177E-09 
 1.800E+00 
-2.817E-06 
 4.351E-08 
 4.351E-08 
 4.351E-08 
 4.351E-08 
 4.351E-08 
 4.351E-08 
 4.351E-08 
 4.351E-08 
 4.351E-08 
 4.351E-08 
 1.800E+00 
 9.494E-08 
 9.494E-08 
 9.494E-08 
 1.800E+00 
 5.280E-07 
 5.333E-07 
 5.333E-07 
 5.333E-07 
 5.333E-07 
 5.333E-07 
 5.333E-07 
 5.333E-07 
 5.333E-07 
 5.333E-07 
 1.800E+00 
 2.684E-06 
 2.684E-06 
 2.684E-06 
 2.684E-06 
 1.800E+00 
-3.600E-06 
-3.338E-06 
-3.338E-06 
-3.338E-06 
-3.338E-06 
-3.338E-06 
-3.338E-06 
-3.338E-06 
-3.338E-06 
 1.800E+00 
-4.188E-08 
 1.038E-08 
 1.038E-08 
 1.800E+00 
 3.028E-06 
 2.699E-06 
 2.699E-06 
 2.699E-06 
 2.699E-06 
 2.699E-06 
 2.699E-06 
 2.699E-06 
 2.699E-06 
 2.699E-06 
 1.800E+00 
 3.238E-07 
 2.754E-07 
 1.800E+00 
-3.849E-06 
-3.855E-06 
-3.855E-06 
-3.855E-06 
-3.855E-06 
-3.855E-06 
-3.855E-06 
-3.855E-06 
-3.855E-06 
-3.855E-06 
 1.800E+00 
-1.240E-06 
-1.240E-06 
 1.800E+00 
-1.017E-07 
-1.023E-08 
-1.023E-08 
-1.023E-08 
-1.021E-08 
-1.023E-08 
-1.023E-08 
-1.023E-08 
-1.023E-08 
 1.800E+00 
 1.094E-05 
 1.102E-05 
 1.102E-05 
 1.800E+00 
 6.860E-07 
 6.861E-07 
 6.861E-07 
 6.861E-07 
 6.861E-07 
 6.861E-07 
 6.861E-07 
 6.861E-07 
 1.800E+00 
 3.570E-07 
 6.569E-09 
 1.800E+00 
 5.359E-06 
-4.731E-08 
-4.731E-08 
-4.731E-08 
-4.731E-08 
-4.731E-08 
-4.731E-08 
-4.731E-08 
-4.731E-08 
 1.800E+00 
 6.228E-06 
 5.951E-06 
 5.951E-06 
 1.800E+00 
-3.088E-08 
-9.131E-09 
-9.130E-09 
-9.136E-09 
-9.131E-09 
 1.800E+00 
-1.562E-07 
-1.593E-07 
-1.593E-07 
-1.593E-07 
-1.593E-07 
-1.593E-07 
 1.800E+00 
-1.723E-04 
 1.636E-06 
 1.636E-06 
 1.636E-06 
 1.800E+00 
-6.796E-06 
-6.816E-06 
-6.816E-06 
-6.816E-06 
-6.816E-06 
-6.816E-06 
 1.800E+00 
-3.380E-07 
 6.661E-09 
 6.660E-09 
 1.800E+00 
-1.744E-07 
-1.772E-07 
-1.772E-07 
-1.772E-07 
-1.772E-07 
-1.772E-07 
 1.800E+00 
 1.174E-08 
 1.800E-08 
 1.800E-08 
 1.800E-08 
 1.800E+00 
 1.409E-08 
 1.429E-08 
 1.429E-08 
 1.429E-08 
 1.429E-08 
 1.800E+00 
-1.803E-06 
 1.423E-08 
 1.423E-08 
 1.423E-08 
 1.800E+00 
-1.412E-06 
 8.366E-09 
 8.371E-09 
 8.366E-09 
 1.800E+00 
 1.406E-06 
 6.777E-07 
 6.777E-07 
 6.777E-07 
 6.777E-07 
 1.800E+00 
-2.423E-06 
 8.032E-06 
 8.032E-06 
 8.032E-06 
 1.800E+00 
 3.960E-06 
-1.809E-08 
-1.809E-08 
-1.809E-08 
 1.800E+00 
 3.898E-08 
 3.977E-08 
 3.977E-08 
 3.977E-08 
 1.800E+00 
 1.475E-05 
 1.474E-05 
 1.474E-05 
 1.474E-05 
 1.800E+00 
 9.487E-08 
-8.383E-09 
-8.382E-09 
-8.384E-09 
 1.800E+00 
-9.895E-06 
-9.878E-06 
-9.878E-06 
 1.800E+00 
 7.508E-07 
 1.184E-08 
 1.186E-08 
 1.185E-08 
 1.184E-08 
 1.800E+00 
-2.771E-09 
-3.515E-07 
-3.515E-07 
-3.515E-07 
 1.800E+00 
-4.965E-09 
-3.275E-09 
 1.800E+00 
-1.644E-06 
 1.125E-08 
 1.125E-08 
 1.125E-08 
 1.125E-08 
 1.125E-08 
 1.800E+00 
-2.027E-08 
 1.800E+00 
-1.427E-05 
 1.226E-05 
 1.226E-05 
 1.226E-05 
 1.226E-05 
 1.226E-05 
 1.800E+00 
-4.212E-08 
 1.800E+00 
 9.357E-07 
-1.821E-06 
-1.821E-06 
-1.821E-06 
-1.821E-06 
-1.821E-06 
 1.800E+00 
 1.643E-06 
 1.800E+00 
-6.335E-05 
-1.065E-05 
-1.065E-05 
-1.065E-05 
-1.065E-05 
 1.800E+00 
-1.422E-06 
-1.428E-06 
-1.428E-06 
 1.800E+00 
-3.136E-06 
 1.565E-05 
 1.565E-05 
 1.800E+00 
-5.011E-08 
 8.594E-09 
 8.594E-09 
 1.800E+00 
-2.933E-06 
-1.839E-06 
-1.839E-06 
-1.839E-06 
 1.800E+00 
 5.029E-09 
 1.800E+00 
 1.368E-06 
 6.566E-09 
 6.566E-09 
 6.567E-09 
 6.566E-09 
 6.566E-09 
 1.800E+00 
 1.640E-08 
 1.800E+00 
 6.594E-09 
 5.346E-09 
 5.346E-09 
 5.346E-09 
 1.800E+00 
 5.131E-09 
 6.121E-09 
 1.800E+00 
 4.287E-06 
-5.906E-08 
-5.906E-08 
-5.906E-08 
 1.800E+00 
-5.400E-09 
 5.750E-09 
 1.800E+00 
-1.940E-07 
-1.943E-07 
-1.943E-07 
-1.943E-07 
 1.800E+00 
-5.078E-09 
 1.800E+00 
 8.414E-07 
 6.356E-09 
 6.357E-09 
 6.357E-09 
 6.357E-09 
 1.800E+00 
 6.313E-09 
 1.800E+00 
 7.768E-07 
 5.820E-08 
 5.820E-08 
 5.820E-08 
 1.800E+00 
 8.008E-09 
 1.800E+00 
 4.785E-07 
 8.809E-09 
 8.809E-09 
 8.809E-09 
 1.800E+00 
 1.721E-08 
 1.475E-08 
 1.475E-08 
 1.800E+00 
 4.055E-07 
 1.800E+00 
 1.743E-05 
 1.743E-05 
 1.743E-05 
 1.743E-05 
 1.800E+00 
 4.094E-08 
 1.113E-08 
 1.800E+00 
-1.051E-06 
 9.147E-09 
 1.800E+00 
-3.223E-07 
-3.326E-07 
-3.326E-07 
 1.800E+00 
 1.441E-06 
 6.472E-09 
 6.472E-09 
 1.800E+00 
 1.217E-07 
 1.800E+00 
 3.804E-06 
-5.039E-08 
-5.039E-08 
-5.039E-08 
 1.800E+00 
 4.196E-08 
 1.800E+00 
-4.418E-07 
-4.433E-07 
-4.433E-07 
-4.433E-07 
 1.800E+00 
 1.800E+00 
 3.456E-07 
 3.007E-07 
 3.007E-07 
 3.007E-07 
 3.007E-07 
 1.800E+00 
 1.800E+00 
-4.250E-08 
 2.183E-09 
 2.183E-09 
 2.183E-09 
 1.800E+00 
 1.800E+00 
-1.334E-07 
-1.237E-07 
-1.238E-07 
-1.237E-07 
-1.237E-07 
 1.800E+00 
 1.800E+00 
 4.253E-08 
 1.534E-08 
 1.534E-08 
 1.800E+00 
 1.606E-06 
 1.601E-06 
 1.800E+00 
 6.128E-07 
 4.797E-09 
 1.800E+00 
 5.346E-08 
 3.373E-08 
 3.372E-08 
 1.800E+00 
 2.717E-08 
 1.800E+00 
 3.046E-08 
-3.525E-08 
-3.525E-08 
 1.800E+00 
 1.800E+00 
 2.939E-07 
 2.353E-07 
 2.353E-07 
 2.353E-07 
 2.354E-07 
 1.800E+00 
 1.800E+00 
 2.106E-07 
 3.670E-07 
 1.800E+00 
 5.801E-07 
 5.920E-08 
 5.920E-08 
 1.800E+00 
 1.917E-05 
 1.800E+00 
 1.585E-06 
 5.216E-09 
 5.215E-09 
 1.800E+00 
 1.800E+00 
-7.994E-07 
 8.034E-08 
 8.034E-08 
 8.034E-08 
 1.800E+00 
 1.261E-07 
 1.800E+00 
 6.392E-06 
 6.392E-06 
 1.800E+00 
-1.012E-07 
 1.800E+00 
 4.848E-06 
-3.586E-08 
-3.586E-08 
 1.800E+00 
 1.992E-08 
 1.800E+00 
 1.367E-06 
-3.141E-08 
-3.139E-08 
 1.800E+00 
 1.800E+00 
-2.815E-05 
-2.813E-05 
-2.813E-05 
 1.800E+00 
-8.864E-06 
-9.033E-06 
 1.800E+00 
 1.800E+00 
 2.956E-09 
 2.824E-09 
 2.824E-09 
 2.824E-09 
 1.800E+00 
 1.800E+00 
 8.737E-09 
 1.422E-08 
 1.422E-08 
 1.800E+00 
 1.800E+00 
-7.545E-06 
 1.438E-06 
 1.438E-06 
 1.800E+00 
-3.639E-08 
 1.800E+00 
 1.307E-08 
 1.127E-08 
 1.800E+00 
 1.702E-07 
-3.729E-10 
 1.800E+00 
 9.584E-09 
 1.800E+00 
 3.902E-07 
 3.902E-07 
 1.800E+00 
-2.861E-07 
 1.800E+00 
 8.598E-09 
 9.019E-09 
 1.800E+00 
-1.240E-06 
 1.800E+00 
 2.841E-06 
 2.840E-06 
 1.800E+00 
-3.679E-06 
 9.922E-08 
 1.800E+00 
-6.659E-07 
 1.800E+00 
-2.142E-08 
 1.800E+00 
 6.212E-07 
 5.761E-07 
 5.761E-07 
 1.800E+00 
 1.800E+00 
-4.106E-07 
 7.446E-09 
 1.800E+00 
-5.992E-07 
-5.969E-07 
 1.800E+00 
 1.800E+00 
 9.907E-06 
 9.815E-06 
 9.815E-06 
 1.800E+00 
-2.026E-08 
 1.800E+00 
 2.881E-09 
 1.800E+00 
-1.018E-07 
-6.772E-08 
 1.800E+00 
 1.800E+00 
-2.070E-06 
-1.613E-06 
-1.613E-06 
 1.800E+00 
 5.582E-07 
 1.800E+00 
 1.178E-08 
 1.800E+00 
-9.939E-07 
 8.581E-09 
 1.800E+00 
 1.800E+00 
 2.783E-08 
 2.160E-08 
 2.160E-08 
 1.800E+00 
 1.800E+00 
-7.204E-07 
-8.459E-09 
 1.800E+00 
-1.363E-08 
 1.800E+00 
-6.480E-07 
 1.039E-08 
 1.800E+00 
 1.800E+00 
 1.138E-06 
 1.219E-07 
 1.219E-07 
 1.800E+00 
 1.800E+00 
 4.748E-08 
 1.800E+00 
 8.915E-08 
 8.896E-08 
 1.800E+00 
-4.949E-06 
 1.446E-05 
 1.800E+00 
 1.800E+00 
 4.746E-09 
 1.800E+00 
 1.490E-07 
-6.936E-09 
 1.800E+00 
 1.078E-09 
 1.800E+00 
-4.718E-07 
 1.800E+00 
 2.015E-08 
 4.529E-08 
 1.800E+00 
 1.800E+00 
 2.974E-06 
 2.073E-06 
 1.800E+00 
-7.177E-08 
 1.800E+00 
-3.940E-08 
 1.800E+00 
-1.393E-06 
-1.033E-06 
 1.800E+00 
 1.800E+00 
-2.691E-05 
-2.677E-05 
 1.800E+00 
 1.800E+00 
-3.817E-06 
 6.604E-08 
 1.800E+00 
 2.909E-08 
 1.800E+00 
 3.026E-09 
 1.800E+00 
 1.201E-06 
 1.800E+00 
-1.716E-06 
-1.722E-06 
 1.800E+00 
 1.800E+00 
 3.620E-07 
 1.800E+00 
-1.056E-05 
-1.224E-05 
 1.800E+00 
-5.598E-09 
 1.800E+00 
 1.800E+00 
 4.965E-08 
 5.010E-08 
 1.800E+00 
 4.845E-07 
 1.800E+00 
 1.800E+00 
 5.218E-06 
 5.030E-06 
 1.800E+00 
 9.187E-08 
 1.800E+00 
-2.047E-06 
 1.800E+00 
 6.306E-08 
 1.800E+00 
 3.749E-08 
 1.800E+00 
 1.565E-07 
 1.800E+00 
 1.001E-06 
 1.800E+00 
 8.849E-07 
 1.800E+00 
 6.075E-09 
 1.800E+00 
 8.301E-08 
 1.800E+00 
 9.456E-08 
 1.800E+00 
 1.800E+00 
-6.019E-07 
 8.688E-09 
 1.800E+00 
 4.171E-07 
 1.800E+00 
 1.517E-07 
 1.800E+00 
 9.274E-09 
 1.800E+00 
 1.800E+00 
-1.573E-08 
-8.943E-09 
 1.800E+00 
 1.800E+00 
 3.789E-07 
 3.879E-07 
 1.800E+00 
 1.800E+00 
-3.658E-07 
 1.800E+00 
-4.790E-07 
 1.800E+00 
-1.566E-06 
 1.171E-08 
 1.800E+00 
 1.800E+00 
 1.800E+00 
-2.307E-07 
-2.304E-07 
 1.800E+00 
 1.281E-08 
 1.800E+00 
 1.800E+00 
 3.643E-07 
 3.597E-07 
 1.800E+00 
 1.800E+00 
-1.364E-05 
 1.800E+00 
-3.607E-07 
 1.800E+00 
 3.283E-07 
 1.800E+00 
 1.800E+00 
 2.636E-06 
 2.597E-06 
 1.800E+00 
 1.800E+00 
 3.145E-09 
 1.800E+00 
-3.814E-08 
 1.800E+00 
 8.742E-07 
 1.800E+00 
 1.575E-08 
 1.800E+00 
 1.800E+00 
-6.812E-07 
 1.800E+00 
-1.987E-07 
-1.936E-07 
 1.800E+00 
 1.800E+00 
 1.800E+00 
 6.026E-06 
 6.006E-06 
 1.800E+00 
 1.800E+00 
 4.117E-06 
 1.800E+00 
 2.743E-07 
 1.800E+00 
 1.800E+00 
 7.118E-05 
-2.228E-07 
 1.800E+00 
 1.800E+00 
 1.800E+00 
 1.643E-08 
 5.020E-09 
 1.800E+00 
 3.425E-09 
 1.800E+00 
 1.800E+00 
 5.451E-09 
 1.800E+00 
 1.800E+00 
 2.061E-07 
 1.903E-07 
 1.800E+00 
 1.800E+00 
-7.060E-08 
 1.800E+00 
 1.800E+00 
 1.068E-06 
 9.992E-09 
 1.800E+00 
 1.800E+00 
 1.800E+00 
-2.765E-05 
-2.765E-05 
 1.800E+00 
 1.800E+00 
-3.912E-08 
 1.800E+00 
 1.800E+00 
-2.554E-08 
 1.800E+00 
 2.654E-06 
 1.800E+00 
-2.580E-06 
 1.800E+00 
 1.800E+00 
-2.604E-08 
 1.800E+00 
 3.794E-07 
 1.800E+00 
 1.800E+00 
-9.371E-08 
 1.800E+00 
 3.308E-09 
 1.800E+00 
 1.800E+00 
-1.591E-07 
 1.800E+00 
 7.271E-09 
 1.800E+00 
 1.800E+00 
-5.002E-08 
 1.800E+00 
 2.735E-06 
 1.800E+00 
 1.800E+00 
 3.189E-06 
 1.800E+00 
-2.978E-08 
 1.800E+00 
 1.800E+00 
 1.800E+00 
-1.167E-06 
-7.302E-07 
 1.800E+00 
 1.800E+00 
-1.358E-05 
 1.800E+00 
 1.800E+00 
-1.600E-08 
 1.800E+00 
 1.800E+00 
-5.151E-07 
-4.721E-07 
 1.800E+00 
 1.800E+00 
 1.800E+00 
 2.957E-09 
 1.800E+00 
 1.800E+00 
 3.335E-08 
 1.800E+00 
-9.404E-07 
 1.800E+00 
 1.800E+00 
-4.818E-06 
 1.800E+00 
 2.694E-06 
 1.800E+00 
 1.800E+00 
 1.800E+00 
-1.368E-05 
-1.909E-05 
 1.800E+00 
 1.800E+00 
 1.800E+00 
 2.562E-09 
 1.800E+00 
 1.800E+00 
 3.564E-07 
 1.800E+00 
 3.289E-07 
 1.800E+00 
 1.800E+00 
-6.486E-09 
 1.800E+00 
 1.800E+00 
 1.162E-07 
 1.800E+00 
 1.800E+00 
 7.915E-09 
 1.800E+00 
 3.548E-07 
 1.800E+00 
 1.800E+00 
 1.800E+00 
 7.048E-06 
 1.800E+00 
-1.188E-06 
 1.800E+00 
 1.800E+00 
 1.800E+00 
-1.586E-06 
 1.800E+00 
 3.092E-07 
 1.800E+00 
 1.800E+00 
 1.577E-06 
 1.800E+00 
 1.800E+00 
-1.877E-05 
 1.800E+00 
 1.800E+00 
 1.377E-08 
 1.800E+00 
 1.800E+00 
-1.349E-06 
 1.800E+00 
 1.800E+00 
-6.500E-08 
 1.800E+00 
 1.800E+00 
 1.800E+00 
-8.824E-06 
-8.884E-06 
 1.800E+00 
 1.800E+00 
 1.800E+00 
 1.800E+00 
 2.364E-07 
 1.800E+00 
-4.572E-07 
 1.800E+00 
 1.800E+00 
 1.800E+00 
-3.199E-07 
 1.800E+00 
 2.609E-06 
 1.800E+00 
 1.800E+00 
 1.800E+00 
-3.286E-07 
 1.800E+00 
 1.800E+00 
 1.091E-06 
 1.800E+00 
 1.800E+00 
 3.883E-06 
 1.800E+00 
 1.800E+00 
-1.570E-06 
 1.800E+00 
 1.800E+00 
 1.800E+00 
-7.305E-07 
 1.800E+00 
 1.800E+00 
-3.676E-07 
 1.800E+00 
 1.800E+00 
-4.735E-07 
 1.800E+00 
 1.800E+00 
-2.189E-06 
 1.800E+00 
 1.800E+00 
 1.800E+00 
 1.451E-08 
 1.800E+00 
 1.800E+00 
 5.469E-06 
 1.800E+00 
 1.800E+00 
 1.800E+00 
 7.723E-09 
 1.800E+00 
 1.800E+00 
-9.770E-08 
 1.800E+00 
 1.800E+00 
 2.906E-09 
 1.800E+00 
 1.800E+00 
 1.800E+00 
 9.741E-09 
 1.800E+00 
 1.800E+00 
 7.850E-09 
 1.800E+00 
 1.800E+00 
 1.800E+00 
 3.554E-06 
 1.800E+00 
 1.800E+00 
 1.800E+00 
-3.445E-08 
 1.800E+00 
 1.800E+00 
-2.953E-06 
 1.800E+00 
 1.800E+00 
 1.209E-06 
 1.800E+00 
 1.800E+00 
 1.800E+00 
 1.800E+00 
-2.142E-05 
 1.800E+00 
 2.822E-07 
 1.800E+00 
 1.800E+00 
 1.800E+00 
 1.800E+00 
-6.263E-09 
 1.800E+00 
 1.800E+00 
 1.800E+00 
-4.341E-06 
 1.800E+00 
 1.800E+00 
 1.011E-07 
 1.800E+00 
 1.800E+00 
 1.800E+00 
 9.804E-08 
 1.800E+00 
 1.800E+00 
 1.800E+00 
 1.327E-08 
 1.800E+00 
 1.800E+00 
 8.429E-08 
 1.800E+00 
 1.800E+00 
 1.800E+00 
 1.800E+00 
 1.354E-08 
 1.800E+00 
 1.800E+00 
-8.458E-06 
 1.800E+00 
 1.800E+00 
 1.800E+00 
 1.800E+00 
-1.901E-08 
 1.800E+00 
 1.800E+00 
 1.800E+00 
-1.276E-06 
 1.800E+00 
 1.800E+00 
 6.727E-08 
 1.800E+00 
 1.800E+00 
 1.800E+00 
 1.800E+00 
 3.447E-07 
 1.800E+00 
 1.800E+00 
 1.800E+00 
 5.959E-07 
 1.800E+00 
 1.800E+00 
 1.800E+00 
 5.523E-09 
 1.800E+00 
 1.800E+00 
 1.800E+00 
 2.494E-08 
 1.800E+00 
 1.800E+00 
 1.800E+00 
 1.800E+00 
 2.273E-08 
 1.800E+00 
 1.800E+00 
 3.427E-06 
 1.800E+00 
 1.800E+00 
 1.800E+00 
 1.800E+00 
 1.800E+00 
-1.372E-06 
 1.800E+00 
 1.800E+00 
 9.872E-07 
 1.800E+00 
 1.800E+00 
 1.800E+00 
 1.800E+00 
 1.800E+00 
-3.958E-07 
 1.800E+00 
 1.800E+00 
-9.741E-07 
 1.800E+00 
 1.800E+00 
 1.800E+00 
 1.800E+00 
-5.416E-08 
 1.800E+00 
 1.800E+00 
 1.800E+00 
 1.800E+00 
-2.552E-05 
 1.800E+00 
 1.800E+00 
 1.800E+00 
 1.800E+00 
-3.835E-08 
 1.800E+00 
 1.800E+00 
 7.566E-09 
 1.800E+00 
 1.800E+00 
 1.800E+00 
 1.800E+00 
 1.800E+00 
 1.800E+00 
 3.424E-07 
 1.800E+00 
 1.800E+00 
 1.800E+00 
 2.347E-07 
 1.800E+00 
 1.800E+00 
 1.800E+00 
 7.944E-09 
 1.800E+00 
 1.800E+00 
 1.800E+00 
 1.800E+00 
 1.800E+00 
 7.512E-09 
 1.800E+00 
 1.800E+00 
 1.800E+00 
 1.800E+00 
-1.085E-05 
 1.800E+00 
 1.800E+00 
 1.800E+00 
 1.800E+00 
-3.285E-07 
 1.800E+00 
 1.800E+00 
 1.800E+00 
 1.058E-05 
 1.800E+00 
 1.800E+00 
 1.800E+00 
 1.800E+00 
 1.800E+00 
 1.800E+00 
-6.662E-08 
 1.800E+00 
 1.800E+00 
 1.800E+00 
-8.934E-08 
 1.800E+00 
 1.800E+00 
 1.800E+00 
 1.800E+00 
 1.800E+00 
 1.800E+00 
 1.756E-08 
 1.800E+00 
 1.800E+00 
-2.223E-09 
 1.800E+00 
 1.800E+00 
 1.800E+00 
 1.800E+00 
 1.800E+00 
 1.800E+00 
 1.800E+00 
 9.319E-09 
 1.800E+00 
 1.800E+00 
 1.800E+00 
-1.741E-07 
 1.800E+00 
 1.800E+00 
 1.800E+00 
 1.800E+00 
 1.800E+00 
 1.896E-06 
 1.800E+00 
 1.800E+00 
 1.800E+00 
 1.800E+00 
 1.800E+00 
-1.569E-08 
 1.800E+00 
 1.800E+00 
 1.800E+00 
 1.800E+00 
 1.800E+00 
 8.073E-09 
 1.800E+00 
 1.800E+00 
 1.800E+00 
 1.800E+00 
 1.800E+00 
 9.450E-09 
 1.800E+00 
 1.800E+00 
 1.800E+00 
 1.800E+00 
 1.800E+00 
 7.130E-09 
 1.800E+00 
 1.800E+00 
 1.800E+00 
 1.800E+00 
-2.341E-07 
 1.800E+00 
 1.800E+00 
 1.800E+00 
 1.800E+00 
 1.800E+00 
 1.800E+00 
 1.800E+00 
 1.805E-07 
 1.800E+00 
 1.800E+00 
 1.800E+00 
 1.800E+00 
-3.802E-08 
 1.800E+00 
 1.800E+00 
 1.800E+00 
 1.800E+00 
 1.800E+00 
 1.800E+00 
 1.800E+00 
-3.965E-06 
 1.800E+00 
 1.800E+00 
 1.800E+00 
-2.283E-07 
 1.800E+00 
 1.800E+00 
 1.800E+00 
 1.800E+00 
 1.800E+00 
 1.800E+00 
 1.800E+00 
 1.800E+00 
-1.568E-07 
 1.800E+00 
 1.800E+00 
 1.800E+00 
 1.800E+00 
 1.800E+00 
-4.518E-10 
 1.800E+00 
 1.800E+00 
 1.800E+00 
 1.800E+00 
 1.800E+00 
 1.800E+00 
-3.230E-06 
 1.800E+00 
 1.800E+00 
 1.800E+00 
 1.800E+00 
 1.800E+00 
 2.005E-06 
 1.800E+00 
 1.800E+00 
 1.800E+00 
 1.800E+00 
 1.800E+00 
 1.800E+00 
 1.800E+00 
 1.800E+00 
-7.641E-06 
 1.800E+00 
 1.800E+00 
 1.800E+00 
 1.800E+00 
 6.071E-07 
 1.800E+00 
 1.800E+00 
 1.800E+00 
 1.800E+00 
 1.800E+00 
 1.800E+00 
 1.800E+00 
 1.800E+00 
 1.800E+00 
 2.247E-06 
 1.800E+00 
 1.800E+00 
 1.800E+00 
-4.009E-07 
 1.800E+00 
 1.800E+00 
 1.800E+00 
 1.800E+00 
 1.800E+00 
 1.800E+00 
 1.800E+00 
 1.800E+00 
 1.800E+00 
 1.800E+00 
-1.333E-05 
 1.800E+00 
 1.800E+00 
 1.800E+00 
 1.800E+00 
 1.800E+00 
 4.661E-08 
 1.800E+00 
 1.800E+00 
 1.800E+00 
 1.800E+00 
 1.800E+00 
 1.800E+00 
 1.800E+00 
 1.800E+00 
-4.812E-07 
 1.800E+00 
 1.800E+00 
 1.800E+00 
 1.800E+00 
 1.800E+00 
 1.800E+00 
 5.838E-07 
 1.800E+00 
 1.800E+00 
 1.800E+00 
 1.800E+00 
 1.800E+00 
 1.800E+00 
 1.800E+00 
 1.800E+00 
-2.232E-06 
 1.800E+00 
 1.800E+00 
 1.800E+00 
 1.800E+00 
 1.800E+00 
 1.800E+00 
-6.671E-09 
 1.800E+00 
 1.800E+00 
 1.800E+00 
 1.800E+00 
 1.800E+00 
 1.800E+00 
 1.800E+00 
 1.800E+00 
 1.800E+00 
-3.241E-08 
 1.800E+00 
 1.800E+00 
 1.800E+00 
 1.800E+00 
 1.800E+00 
 1.800E+00 
 1.800E+00 
 7.531E-09 
 1.800E+00 
 1.800E+00 
 1.800E+00 
 1.800E+00 
 1.800E+00 
 1.800E+00 
 1.800E+00 
 7.081E-09 
 1.800E+00 
 1.800E+00 
 1.800E+00 
 1.800E+00 
 1.800E+00 
 1.800E+00 
 1.800E+00 
 1.800E+00 
 1.800E+00 
-5.469E-07 
 1.800E+00 
 1.800E+00 
 1.800E+00 
 1.800E+00 
 1.800E+00 
 1.800E+00 
 1.800E+00 
 1.800E+00 
 9.972E-08 
 1.800E+00 
 1.800E+00 
 1.800E+00 
 1.800E+00 
 1.800E+00 
 1.800E+00 
 1.800E+00 
 9.108E-09 
 1.800E+00 
 1.800E+00 
 1.800E+00 
 1.800E+00 
 1.800E+00 
 1.800E+00 
 1.800E+00 
 1.800E+00 
 1.800E+00 
 1.800E+00 
-2.829E-07 
 1.800E+00 
 1.800E+00 
 1.800E+00 
 1.800E+00 
 1.800E+00 
 1.800E+00 
 1.819E-07 
 1.800E+00 
 1.800E+00 
 1.800E+00 
 1.800E+00 
 1.800E+00 
 1.800E+00 
 1.800E+00 
 1.800E+00 
 1.800E+00 
 1.800E+00 
 1.800E+00 
-1.807E-07 
 1.800E+00 
 1.800E+00 
 1.800E+00 
 1.800E+00 
 1.800E+00 
 1.800E+00 
 1.800E+00 
 5.300E-09 
 1.800E+00 
 1.800E+00 
 1.800E+00 
 1.800E+00 
 1.800E+00 
 1.800E+00 
 1.800E+00 
 1.800E+00 
 1.800E+00 
 1.800E+00 
 5.777E-07 
 1.800E+00 
 1.800E+00 
 1.800E+00 
 1.800E+00 
 1.800E+00 
 1.800E+00 
 1.800E+00 
 1.800E+00 
 3.320E-09 
 1.800E+00 
 1.800E+00 
 1.800E+00 
 1.800E+00 
 1.800E+00 
 1.800E+00 
 1.800E+00 
 1.800E+00 
 1.800E+00 
 2.262E-08 
 1.800E+00 
 1.800E+00 
 1.800E+00 
 1.800E+00 
 1.800E+00 
 1.800E+00 
 1.800E+00 
 1.800E+00 
 1.800E+00 
 1.064E-08 
 1.800E+00 
 1.800E+00 
 1.800E+00 
 1.800E+00 
 1.800E+00 
 1.800E+00 
 1.800E+00 
 1.800E+00 
 1.800E+00 
 4.913E-09 
 1.800E+00 
 1.800E+00 
 1.800E+00 
 1.800E+00 
 1.800E+00 
 1.800E+00 
 1.800E+00 
 1.800E+00 
 1.800E+00 
-2.849E-08 
 1.800E+00 
 1.800E+00 
 1.800E+00 
 1.800E+00 
 1.800E+00 
 1.800E+00 
 1.800E+00 
 1.800E+00 
 1.800E+00 
 1.800E+00 
-1.150E-06 
 1.800E+00 
 1.800E+00 
 1.800E+00 
 1.800E+00 
 1.800E+00 
 1.800E+00 
 1.800E+00 
 9.082E-06 
 1.800E+00 
 1.800E+00 
 1.800E+00 
 1.800E+00 
 1.800E+00 
 1.800E+00 
 1.800E+00 
 1.800E+00 
 1.800E+00 
 1.800E+00 
 1.800E+00 
 3.824E-06 
 1.800E+00 
 1.800E+00 
 1.800E+00 
 1.800E+00 
 1.800E+00 
 1.800E+00 
 1.800E+00 
 1.800E+00 
 4.682E-06 
 1.800E+00 
 1.800E+00 
 1.800E+00 
 1.800E+00 
 1.800E+00 
 1.800E+00 
 1.800E+00 
 1.800E+00 
 1.800E+00 
 1.800E+00 
-2.310E-05 
 1.800E+00 
 1.800E+00 
 1.800E+00 
 1.800E+00 
 1.800E+00 
 1.800E+00 
 1.800E+00 
 1.800E+00 
 5.481E-06 
 1.800E+00 
 1.800E+00 
 1.800E+00 
 1.800E+00 
 1.800E+00 
 1.800E+00 
 1.800E+00 
 1.800E+00 
 1.800E+00 
 6.620E-09 
 1.800E+00 
 1.800E+00 
 1.800E+00 
 1.800E+00 
 1.800E+00 
 1.800E+00 
 1.800E+00 
 1.800E+00 
 1.800E+00 
 1.159E-07 
 1.800E+00 
 1.800E+00 
 1.800E+00 
 1.800E+00 
 1.800E+00 
 1.800E+00 
 1.800E+00 
 1.800E+00 
 1.800E+00 
 2.188E-06 
 1.800E+00 
 1.800E+00 
 1.800E+00 
 1.800E+00 
 1.800E+00 
 1.800E+00 
 1.800E+00 
 1.800E+00 
 4.708E-09 
 1.800E+00 
 1.800E+00 
 1.800E+00 
 1.800E+00 
 1.800E+00 
 1.800E+00 
 1.800E+00 
 1.800E+00 
 1.800E+00 
 1.800E+00 
-4.956E-07 
 1.800E+00 
 1.800E+00 
 1.800E+00 
 1.800E+00 
 1.800E+00 
 1.800E+00 
 4.269E-08 
 1.800E+00 
 1.800E+00 
 1.800E+00 
 1.800E+00 
 1.800E+00 
 1.800E+00 
 1.800E+00 
 1.800E+00 
 1.800E+00 
 1.800E+00 
 1.800E+00 
-9.612E-07 
 1.800E+00 
 1.800E+00 
 1.800E+00 
 1.800E+00 
 1.800E+00 
 8.313E-08 
 1.800E+00 
 1.800E+00 
 1.800E+00 
 1.800E+00 
 1.800E+00 
 1.800E+00 
 1.800E+00 
 1.800E+00 
 1.800E+00 
 1.800E+00 
 1.800E+00 
-9.655E-08 
 1.800E+00 
 1.800E+00 
 1.800E+00 
 1.800E+00 
 1.800E+00 
 1.800E+00 
 1.872E-08 
 1.800E+00 
 1.800E+00 
 1.800E+00 
 1.800E+00 
 1.800E+00 
 1.800E+00 
 1.800E+00 
 1.800E+00 
 1.800E+00 
 2.060E-09 
 1.800E+00 
 1.800E+00 
 1.800E+00 
 1.800E+00 
 1.800E+00 
 1.800E+00 
 1.800E+00 
 1.338E-06 
 1.800E+00 
 1.800E+00 
 1.800E+00 
 1.800E+00 
 1.800E+00 
 1.800E+00 
 1.800E+00 
-9.525E-06 
 1.800E+00 
 1.800E+00 
 1.800E+00 
 1.800E+00 
 1.800E+00 
 1.800E+00 
 1.800E+00 
 1.800E+00 
-6.323E-06 
 1.800E+00 
 1.800E+00 
 1.800E+00 
 1.800E+00 
 1.800E+00 
 1.800E+00 
 1.800E+00 
-1.137E-06 
 1.800E+00 
 1.800E+00 
 1.800E+00 
 1.800E+00 
 1.800E+00 
 1.800E+00 
 1.800E+00 
 2.283E-08 
 1.800E+00 
 1.800E+00 
 1.800E+00 
 1.800E+00 
 1.800E+00 
 1.800E+00 
 1.800E+00 
 3.675E-07 
 1.800E+00 
 1.800E+00 
 1.800E+00 
 1.800E+00 
 1.800E+00 
 1.800E+00 
-4.635E-08 
 1.800E+00 
 1.800E+00 
 1.800E+00 
 1.800E+00 
 1.800E+00 
 1.800E+00 
 1.800E+00 
 1.800E+00 
 1.591E-06 
 1.800E+00 
 1.800E+00 
 1.800E+00 
 1.800E+00 
 1.800E+00 
-4.169E-07 
 1.800E+00 
 1.800E+00 
 1.800E+00 
 1.800E+00 
 1.800E+00 
 1.800E+00 
 1.800E+00 
 1.800E+00 
 8.178E-08 
 1.800E+00 
 1.800E+00 
 1.800E+00 
 1.800E+00 
 1.800E+00 
 4.284E-08 
 1.800E+00 
 1.800E+00 
 1.800E+00 
 1.800E+00 
 1.800E+00 
 1.800E+00 
 1.800E+00 
-5.472E-07 
 1.800E+00 
 1.800E+00 
 1.800E+00 
 1.800E+00 
 1.800E+00 
 1.512E-08 
 1.800E+00 
 1.800E+00 
 1.800E+00 
 1.800E+00 
 1.800E+00 
 1.800E+00 
 1.800E+00 
-7.617E-09 
 1.800E+00 
 1.800E+00 
 1.800E+00 
 1.800E+00 
 3.637E-07 
 1.800E+00 
 1.800E+00 
 1.800E+00 
 1.800E+00 
 1.800E+00 
 1.800E+00 
 1.800E+00 
 1.800E+00 
 1.211E-07 
 1.800E+00 
 1.800E+00 
 1.800E+00 
-1.190E-08 
 1.800E+00 
 1.800E+00 
 1.800E+00 
 1.800E+00 
 1.800E+00 
 1.800E+00 
 1.800E+00 
 1.800E+00 
-1.405E-08 
 1.800E+00 
 1.800E+00 
 1.800E+00 
-1.748E-08 
 1.800E+00 
 1.800E+00 
 1.800E+00 
 1.800E+00 
 1.800E+00 
 1.800E+00 
 1.800E+00 
-1.183E-05 
 1.800E+00 
 1.800E+00 
 1.800E+00 
 1.800E+00 
 1.800E+00 
 2.482E-09 
 1.800E+00 
 1.800E+00 
 1.800E+00 
 1.800E+00 
-5.239E-08 
 1.800E+00 
 1.800E+00 
 1.800E+00 
 1.800E+00 
 1.800E+00 
 1.800E+00 
 1.568E-06 
 1.800E+00 
 1.800E+00 
 1.800E+00 
 3.424E-09 
 1.800E+00 
 1.800E+00 
 1.800E+00 
 1.800E+00 
 1.800E+00 
 1.800E+00 
 1.800E+00 
 1.970E-08 
 1.800E+00 
 1.800E+00 
 1.800E+00 
 1.800E+00 
-2.421E-06 
 1.800E+00 
 1.800E+00 
 1.800E+00 
 1.800E+00 
 6.512E-07 
 1.800E+00 
 1.800E+00 
 1.800E+00 
 1.800E+00 
 1.800E+00 
 4.617E-08 
 1.800E+00 
 1.800E+00 
 1.800E+00 
 1.800E+00 
 2.095E-07 
 1.800E+00 
 1.800E+00 
 1.800E+00 
 1.800E+00 
 1.800E+00 
 1.192E-08 
 1.800E+00 
 1.800E+00 
 1.800E+00 
 1.800E+00 
-2.266E-05 
 1.800E+00 
 1.800E+00 
 1.800E+00 
 1.800E+00 
 1.800E+00 
 1.060E-08 
 1.800E+00 
 1.800E+00 
 8.139E-06 
 1.800E+00 
 1.800E+00 
 1.800E+00 
 1.800E+00 
 1.800E+00 
 1.800E+00 
 1.800E+00 
 5.497E-07 
 1.800E+00 
-5.481E-07 
 1.800E+00 
 1.800E+00 
 1.800E+00 
 1.800E+00 
 1.800E+00 
 1.800E+00 
 1.800E+00 
 5.526E-09 
 1.800E+00 
-2.255E-07 
 1.800E+00 
 1.800E+00 
 1.800E+00 
 1.800E+00 
 1.800E+00 
 1.800E+00 
-5.964E-07 
 1.800E+00 
 1.800E+00 
 1.800E+00 
-2.192E-08 
 1.800E+00 
 1.800E+00 
 1.800E+00 
 1.800E+00 
 5.572E-07 
 1.800E+00 
 1.800E+00 
 1.800E+00 
 3.899E-08 
 1.800E+00 
 1.800E+00 
 1.800E+00 
 1.800E+00 
 1.800E+00 
-1.981E-07 
 1.800E+00 
 1.800E+00 
 3.719E-07 
 1.800E+00 
 1.800E+00 
 1.800E+00 
 1.800E+00 
 7.353E-08 
 1.800E+00 
 1.800E+00 
 1.800E+00 
 1.800E+00 
-5.246E-09 
 1.800E+00 
 1.800E+00 
 1.800E+00 
 5.005E-07 
 1.800E+00 
 1.800E+00 
 1.800E+00 
-3.058E-05 
 1.800E+00 
 1.800E+00 
 1.800E+00 
 1.800E+00 
-2.964E-07 
 1.800E+00 
 1.800E+00 
 1.800E+00 
-2.317E-06 
 1.800E+00 
 1.800E+00 
 1.800E+00 
-8.887E-06 
 1.800E+00 
 1.800E+00 
 1.800E+00 
 1.800E+00 
 1.392E-08 
 1.800E+00 
-3.165E-07 
 1.800E+00 
 1.800E+00 
 1.800E+00 
 1.800E+00 
 1.800E+00 
 1.800E+00 
 5.088E-08 
 1.800E+00 
 2.748E-08 
 1.800E+00 
 1.800E+00 
 1.800E+00 
 1.800E+00 
 2.422E-08 
 1.800E+00 
 1.800E+00 
 1.800E+00 
 2.794E-06 
 1.800E+00 
 1.800E+00 
-7.913E-07 
 1.800E+00 
 1.800E+00 
 1.800E+00 
 1.800E+00 
 3.905E-09 
 1.800E+00 
 1.800E+00 
-5.281E-09 
 1.800E+00 
 1.800E+00 
 1.800E+00 
 1.800E+00 
-6.734E-07 
 1.800E+00 
 1.800E+00 
-1.762E-09 
 1.800E+00 
 1.800E+00 
 2.607E-08 
 1.800E+00 
 1.800E+00 
 1.800E+00 
 1.800E+00 
 2.637E-09 
 1.800E+00 
 1.800E+00 
 1.800E+00 
 1.831E-10 
 1.800E+00 
 4.085E-07 
 1.800E+00 
 1.800E+00 
 1.800E+00 
 1.800E+00 
-4.529E-07 
 1.800E+00 
 1.800E+00 
 9.144E-09 
 1.800E+00 
 1.800E+00 
 1.800E+00 
-5.973E-06 
 1.800E+00 
 1.800E+00 
 1.800E+00 
 1.246E-05 
 1.800E+00 
 1.119E-06 
 1.800E+00 
 1.800E+00 
 1.800E+00 
 1.800E+00 
 8.068E-06 
 1.800E+00 
 1.092E-08 
 1.800E+00 
 1.800E+00 
 1.800E+00 
 1.800E+00 
 1.378E-05 
 1.800E+00 
-1.988E-05 
 1.800E+00 
 1.800E+00 
 1.800E+00 
 1.800E+00 
 3.939E-08 
 1.800E+00 
 6.644E-09 
 1.800E+00 
 1.800E+00 
 1.800E+00 
 2.129E-08 
 1.800E+00 
 1.800E+00 
-6.537E-07 
 1.800E+00 
 1.800E+00 
-1.152E-07 
 1.800E+00 
 1.800E+00 
 1.800E+00 
-1.270E-06 
 1.800E+00 
 1.800E+00 
-3.884E-05 
 1.800E+00 
 1.800E+00 
 1.163E-08 
 1.800E+00 
 1.800E+00 
 1.016E-08 
 1.800E+00 
 1.800E+00 
 1.800E+00 
-2.164E-07 
 1.800E+00 
 1.800E+00 
-2.805E-06 
 1.800E+00 
-2.503E-07 
 1.800E+00 
 1.800E+00 
 1.800E+00 
-5.247E-08 
 1.800E+00 
 1.800E+00 
-8.247E-09 
 1.800E+00 
 1.800E+00 
 1.194E-08 
 1.800E+00 
 1.800E+00 
 1.800E+00 
 2.594E-07 
 2.212E-07 
 1.800E+00 
 1.800E+00 
 1.800E+00 
 1.800E+00 
-1.210E-07 
 1.800E+00 
 2.327E-06 
 1.800E+00 
 1.800E+00 
 1.896E-06 
 1.800E+00 
 1.800E+00 
 4.412E-08 
 1.800E+00 
 1.800E+00 
 1.193E-08 
 1.800E+00 
 1.800E+00 
 4.309E-07 
 1.800E+00 
 1.800E+00 
 1.825E-08 
 1.800E+00 
 1.800E+00 
 3.042E-08 
 1.800E+00 
 2.289E-08 
 1.800E+00 
 1.800E+00 
 1.800E+00 
 7.771E-06 
 1.800E+00 
-2.683E-07 
 1.800E+00 
 1.800E+00 
-8.472E-08 
 1.800E+00 
 1.800E+00 
-9.307E-08 
 1.800E+00 
 1.800E+00 
 8.101E-09 
 1.800E+00 
-5.030E-06 
 1.800E+00 
 1.800E+00 
 1.800E+00 
-1.631E-08 
 6.583E-09 
 1.800E+00 
 1.800E+00 
 1.800E+00 
 8.193E-09 
 1.800E+00 
 1.800E+00 
-2.520E-05 
 1.800E+00 
 7.412E-07 
 1.800E+00 
 3.434E-09 
 1.800E+00 
 1.800E+00 
 1.800E+00 
-3.251E-09 
 1.800E+00 
 9.960E-07 
 1.800E+00 
 1.800E+00 
 9.326E-09 
 1.800E+00 
 2.098E-09 
 1.800E+00 
 1.800E+00 
 2.456E-07 
 1.800E+00 
 1.800E+00 
-1.221E-07 
 1.800E+00 
 2.324E-07 
 1.800E+00 
 1.800E+00 
 4.581E-08 
 1.800E+00 
-3.804E-08 
 1.800E+00 
 1.800E+00 
 2.057E-08 
 1.800E+00 
 1.800E+00 
-2.290E-05 
 1.800E+00 
-1.502E-07 
 1.800E+00 
 2.081E-07 
 1.800E+00 
 1.800E+00 
 5.096E-09 
 1.800E+00 
 1.800E+00 
 1.832E-06 
 1.826E-06 
 1.800E+00 
 1.800E+00 
 1.800E+00 
 3.054E-09 
 1.800E+00 
 9.455E-08 
 1.800E+00 
 1.994E-06 
 1.800E+00 
 1.800E+00 
-2.913E-06 
 1.800E+00 
-9.729E-10 
 1.800E+00 
 1.800E+00 
 9.271E-06 
 1.800E+00 
-6.883E-09 
 1.800E+00 
 1.555E-06 
 1.800E+00 
 1.800E+00 
 9.573E-08 
 1.800E+00 
 1.800E+00 
 6.814E-09 
 2.322E-08 
 1.800E+00 
 1.800E+00 
 1.257E-09 
 1.800E+00 
 3.085E-08 
 1.800E+00 
 1.800E+00 
 1.038E-06 
 1.800E+00 
-2.548E-06 
 1.800E+00 
 2.065E-08 
 1.800E+00 
 3.770E-08 
 1.800E+00 
 1.800E+00 
-2.987E-05 
 1.800E+00 
-5.909E-08 
 1.800E+00 
 1.800E+00 
 3.652E-09 
 5.677E-09 
 1.800E+00 
 1.800E+00 
-5.487E-07 
 1.800E+00 
 1.800E+00 
-8.013E-07 
 4.858E-08 
 1.800E+00 
 1.800E+00 
 1.525E-06 
 6.043E-09 
 1.800E+00 
 1.800E+00 
 1.800E+00 
-1.457E-09 
 7.821E-10 
 1.800E+00 
 2.912E-06 
 1.800E+00 
 1.800E+00 
 1.316E-06 
 1.800E+00 
-7.394E-10 
 1.800E+00 
 3.520E-07 
 1.800E+00 
-1.632E-08 
 1.800E+00 
 1.800E+00 
-4.814E-07 
-1.334E-07 
 1.800E+00 
 1.800E+00 
 4.504E-09 
 1.800E+00 
 9.871E-09 
 1.800E+00 
 2.551E-08 
 1.800E+00 
 3.024E-09 
 1.800E+00 
-8.456E-08 
 1.800E+00 
 1.800E+00 
-4.574E-08 
-1.082E-08 
 1.800E+00 
 1.800E+00 
-8.698E-08 
-8.703E-08 
 1.800E+00 
 1.800E+00 
 6.041E-09 
 1.800E+00 
 4.182E-09 
 4.234E-09 
 1.800E+00 
 1.800E+00 
 1.800E+00 
 1.574E-06 
 6.256E-09 
 6.256E-09 
 1.800E+00 
 1.800E+00 
 1.800E+00 
 1.590E-05 
 1.589E-05 
 1.800E+00 
-3.499E-07 
 1.800E+00 
 4.960E-07 
 1.800E+00 
-1.398E-08 
 1.800E+00 
 1.257E-07 
 1.800E+00 
 1.029E-06 
 1.800E+00 
 1.800E+00 
 1.184E-08 
 8.729E-09 
 1.800E+00 
 5.765E-09 
 1.800E+00 
 3.242E-07 
 1.800E+00 
-2.327E-07 
 1.800E+00 
 6.414E-07 
 1.800E+00 
-3.891E-08 
 1.800E+00 
 8.777E-06 
 1.800E+00 
 5.621E-08 
 1.800E+00 
 3.027E-06 
 1.800E+00 
-1.772E-08 
 1.800E+00 
 6.116E-06 
 6.113E-06 
 1.800E+00 
 1.800E+00 
-3.136E-07 
-1.652E-08 
 1.800E+00 
 1.800E+00 
-8.425E-06 
 9.565E-06 
 1.800E+00 
 2.272E-06 
 1.800E+00 
 1.800E+00 
 1.627E-07 
-2.311E-08 
-2.311E-08 
 1.800E+00 
 1.800E+00 
 6.770E-07 
 1.800E+00 
 3.044E-07 
 1.631E-07 
 1.800E+00 
 1.800E+00 
-7.496E-06 
 2.302E-08 
 1.800E+00 
-1.241E-06 
 1.800E+00 
 1.132E-06 
 1.800E+00 
 5.344E-07 
 1.800E+00 
 1.129E-06 
 1.130E-06 
 1.800E+00 
-1.933E-07 
 1.800E+00 
 1.800E+00 
-4.296E-07 
 7.128E-09 
 7.117E-09 
 1.800E+00 
 1.800E+00 
 2.895E-07 
 3.166E-07 
 1.800E+00 
 7.070E-09 
 1.800E+00 
 2.025E-08 
 1.800E+00 
 1.141E-07 
 1.800E+00 
-4.851E-08 
-5.222E-09 
 1.800E+00 
 1.229E-06 
 1.800E+00 
-3.909E-07 
 1.800E+00 
-7.356E-07 
 1.395E-06 
 1.800E+00 
 1.800E+00 
 4.112E-07 
 4.120E-07 
 4.120E-07 
 1.800E+00 
 1.800E+00 
 5.656E-09 
 2.198E-09 
 1.800E+00 
 7.970E-10 
 1.800E+00 
 1.285E-08 
 1.239E-08 
 1.800E+00 
 1.800E+00 
 5.905E-07 
-6.304E-08 
-6.304E-08 
 1.800E+00 
 1.800E+00 
 1.627E-08 
 1.744E-08 
 1.743E-08 
 1.800E+00 
 1.800E+00 
 9.593E-06 
 9.461E-06 
 1.800E+00 
 3.735E-08 
 1.800E+00 
-3.759E-06 
-2.422E-05 
 1.800E+00 
 3.607E-07 
 1.800E+00 
-1.860E-07 
-1.859E-07 
 1.800E+00 
 5.587E-07 
 1.800E+00 
-3.449E-07 
 1.800E+00 
-6.514E-09 
 4.042E-09 
 4.041E-09 
 1.800E+00 
 1.800E+00 
-1.027E-04 
 2.454E-06 
 1.800E+00 
 1.219E-07 
 5.386E-09 
 1.800E+00 
 2.178E-08 
 1.800E+00 
 8.504E-07 
 4.934E-07 
 1.800E+00 
-4.378E-06 
 1.800E+00 
 2.160E-07 
 2.211E-07 
 1.800E+00 
 3.910E-06 
-7.055E-08 
 1.800E+00 
 1.835E-08 
 1.800E+00 
 3.927E-06 
-2.090E-08 
 1.800E+00 
 1.394E-06 
 1.800E+00 
-9.650E-09 
-9.689E-09 
 1.800E+00 
 1.972E-08 
 3.089E-09 
 1.800E+00 
 1.309E-06 
 1.800E+00 
-3.535E-07 
-5.608E-08 
 1.800E+00 
-1.686E-07 
 1.114E-08 
 1.800E+00 
 5.757E-09 
 1.800E+00 
-6.927E-10 
-1.435E-11 
-1.637E-11 
 1.800E+00 
 1.800E+00 
 3.681E-06 
-1.386E-08 
-1.386E-08 
 1.800E+00 
-9.726E-08 
-9.902E-08 
 1.800E+00 
-9.653E-06 
 1.800E+00 
-2.093E-07 
 1.462E-08 
 1.800E+00 
-8.485E-07 
-3.011E-07 
 1.800E+00 
 1.216E-07 
 4.768E-08 
 1.800E+00 
-2.358E-07 
 1.800E+00 
 1.098E-05 
-2.580E-05 
-2.580E-05 
 1.800E+00 
 3.948E-06 
 1.800E+00 
 1.039E-06 
 9.954E-07 
 1.800E+00 
-2.174E-05 
-2.174E-05 
-2.174E-05 
 1.800E+00 
 1.800E+00 
-9.333E-08 
 2.143E-08 
 2.143E-08 
 2.143E-08 
 1.800E+00 
 1.601E-09 
 1.800E+00 
 1.106E-06 
 1.108E-06 
 1.800E+00 
 1.722E-06 
 1.667E-06 
 1.800E+00 
 7.545E-07 
 8.181E-07 
 1.800E+00 
 1.066E-05 
 4.752E-08 
 1.800E+00 
-4.196E-06 
-4.197E-06 
-4.197E-06 
 1.800E+00 
 1.800E+00 
 2.229E-06 
-3.155E-05 
-3.155E-05 
-3.155E-05 
 1.800E+00 
 6.964E-09 
 5.624E-09 
 1.800E+00 
 1.895E-09 
-3.276E-08 
 1.800E+00 
-1.296E-08 
 1.800E+00 
-5.901E-07 
 1.509E-08 
 1.509E-08 
 1.508E-08 
 1.800E+00 
-3.636E-08 
 1.800E+00 
-3.620E-05 
 1.575E-07 
 1.575E-07 
 1.800E+00 
 1.496E-05 
 1.800E+00 
 1.090E-06 
 1.856E-07 
 1.856E-07 
 1.856E-07 
 1.800E+00 
 7.449E-08 
 1.800E+00 
 9.318E-07 
 9.315E-07 
 9.315E-07 
 1.800E+00 
-5.155E-08 
-3.201E-08 
 1.800E+00 
-1.255E-07 
-9.867E-08 
-9.867E-08 
 1.800E+00 
-7.467E-06 
 5.731E-07 
 1.800E+00 
 1.638E-05 
 1.650E-05 
 1.650E-05 
 1.800E+00 
 7.729E-09 
 1.800E+00 
 9.816E-09 
 7.440E-09 
 7.450E-09 
 7.451E-09 
 1.800E+00 
-5.789E-06 
-5.802E-06 
 1.800E+00 
 6.345E-07 
 6.376E-09 
 1.800E+00 
 2.600E-07 
-1.322E-07 
-1.322E-07 
-1.322E-07 
 1.800E+00 
-9.040E-09 
 1.800E+00 
-1.230E-06 
-3.386E-07 
-3.386E-07 
-3.386E-07 
 1.800E+00 
-4.145E-08 
-4.178E-08 
 1.800E+00 
 1.647E-07 
 5.256E-08 
 5.256E-08 
 1.800E+00 
 7.484E-10 
 7.435E-09 
 1.800E+00 
-2.274E-05 
-2.274E-05 
-2.274E-05 
-2.274E-05 
 1.800E+00 
-1.602E-08 
 1.800E+00 
-2.478E-08 
 9.481E-08 
 9.482E-08 
 9.481E-08 
 9.481E-08 
 1.800E+00 
 7.400E-09 
 1.800E+00 
 2.399E-07 
 4.896E-08 
 4.895E-08 
 4.895E-08 
 4.895E-08 
 1.800E+00 
 1.800E+00 
 1.556E-07 
-2.556E-09 
-2.578E-09 
-2.578E-09 
-2.578E-09 
-2.578E-09 
 1.800E+00 
-3.049E-07 
 1.800E+00 
 1.676E-06 
 2.970E-09 
 2.970E-09 
 2.969E-09 
 2.970E-09 
 1.800E+00 
 1.739E-08 
 1.800E+00 
 2.152E-06 
 1.908E-06 
 1.908E-06 
 1.908E-06 
 1.908E-06 
 1.800E+00 
 9.718E-09 
 1.800E+00 
 2.236E-07 
 1.408E-08 
 1.408E-08 
 1.408E-08 
 1.408E-08 
 1.408E-08 
 1.800E+00 
 1.800E+00 
 2.171E-06 
 2.744E-06 
 2.744E-06 
 2.744E-06 
 2.744E-06 
 2.744E-06 
 2.744E-06 
 1.800E+00 
 1.800E+00 
-5.064E-08 
-3.236E-08 
-3.235E-08 
-3.235E-08 
-3.235E-08 
-3.235E-08 
 1.800E+00 
 6.826E-08 
 5.800E-08 
 1.800E+00 
 1.647E-08 
 1.403E-08 
 1.403E-08 
 1.403E-08 
 1.800E+00 
 9.122E-09 
 1.015E-08 
 1.015E-08 
 1.015E-08 
 1.800E+00 
-5.423E-08 
 1.463E-08 
 1.800E+00 
-2.383E-05 
-2.725E-08 
-2.725E-08 
-2.725E-08 
-2.727E-08 
-2.725E-08 
 1.800E+00 
-2.033E-06 
-2.033E-06 
 1.800E+00 
 8.563E-09 
 1.668E-08 
 1.668E-08 
 1.668E-08 
 1.668E-08 
 1.800E+00 
-1.004E-05 
-1.002E-05 
 1.800E+00 
 7.187E-06 
 7.199E-06 
 7.199E-06 
 7.199E-06 
 7.199E-06 
 7.199E-06 
 1.800E+00 
 1.029E-07 
 8.566E-08 
 8.566E-08 
 1.800E+00 
 2.411E-07 
 2.047E-08 
 2.047E-08 
 2.047E-08 
 1.800E+00 
-2.982E-05 
-4.255E-07 
-4.255E-07 
-4.255E-07 
-4.255E-07 
 1.800E+00 
 6.311E-09 
-2.176E-09 
-2.176E-09 
 1.800E+00 
 1.204E-08 
 1.385E-08 
 1.384E-08 
 1.385E-08 
 1.385E-08 
 1.800E+00 
 7.798E-09 
 8.907E-09 
 8.904E-09 
 1.800E+00 
 2.196E-08 
 1.675E-08 
 1.675E-08 
 1.675E-08 
 1.675E-08 
 1.676E-08 
 1.800E+00 
-2.524E-08 
-5.286E-09 
-5.268E-09 
-5.285E-09 
 1.800E+00 
-7.268E-06 
-7.769E-06 
-7.769E-06 
-7.769E-06 
 1.800E+00 
 3.791E-06 
 3.840E-06 
 3.840E-06 
 3.840E-06 
 3.840E-06 
 3.840E-06 
 1.800E+00 
 3.259E-08 
 4.774E-09 
 4.774E-09 
 1.800E+00 
 8.151E-07 
 5.274E-07 
 5.274E-07 
 5.274E-07 
 5.274E-07 
 5.274E-07 
 1.800E+00 
-6.867E-09 
-1.660E-09 
-1.660E-09 
-1.660E-09 
 1.800E+00 
-9.188E-08 
 9.156E-09 
 9.156E-09 
 9.156E-09 
 9.156E-09 
 9.156E-09 
 1.800E+00 
-9.506E-09 
 1.065E-08 
 1.065E-08 
 1.065E-08 
 1.800E+00 
-7.805E-07 
-3.471E-07 
-3.471E-07 
-3.471E-07 
-3.471E-07 
-3.471E-07 
 1.800E+00 
-3.068E-05 
-3.060E-05 
-3.060E-05 
-3.060E-05 
 1.800E+00 
 4.944E-07 
 4.945E-07 
 4.945E-07 
 4.945E-07 
 4.945E-07 
 4.945E-07 
 4.945E-07 
 1.800E+00 
 2.803E-07 
-1.222E-08 
-1.223E-08 
-1.222E-08 
 1.800E+00 
 3.267E-09 
 3.796E-09 
 3.796E-09 
 3.796E-09 
 3.796E-09 
 3.796E-09 
 3.796E-09 
 1.800E+00 
-1.542E-05 
-1.543E-05 
-1.543E-05 
-1.543E-05 
-1.543E-05 
 1.800E+00 
-7.750E-07 
-1.146E-08 
-1.146E-08 
-1.146E-08 
-1.146E-08 
 1.800E+00 
-1.727E-07 
 3.060E-08 
 3.060E-08 
 3.060E-08 
 3.060E-08 
 3.060E-08 
 3.060E-08 
 1.800E+00 
-1.735E-05 
-4.866E-08 
-4.866E-08 
-4.866E-08 
-4.866E-08 
-4.866E-08 
 1.800E+00 
 4.644E-07 
 1.532E-09 
 1.535E-09 
 1.532E-09 
 1.532E-09 
 1.800E+00 
-2.420E-05 
-2.430E-05 
-2.430E-05 
-2.430E-05 
-2.430E-05 
-2.430E-05 
-2.430E-05 
-2.430E-05 
 1.800E+00 
 6.980E-08 
 6.064E-09 
 6.064E-09 
 6.064E-09 
 6.064E-09 
 1.800E+00 
-5.072E-08 
 5.864E-09 
 5.864E-09 
 5.865E-09 
 5.864E-09 
 5.864E-09 
 5.864E-09 
 1.800E+00 
-2.731E-08 
-2.071E-08 
-2.071E-08 
-2.071E-08 
-2.071E-08 
-2.071E-08 
-2.071E-08 
 1.800E+00 
 3.063E-08 
-6.628E-08 
-6.628E-08 
-6.628E-08 
-6.629E-08 
-6.628E-08 
 1.800E+00 
-2.393E-07 
-2.018E-07 
-2.018E-07 
-2.018E-07 
-2.018E-07 
-2.018E-07 
-2.018E-07 
-2.018E-07 
 1.800E+00 
 7.163E-07 
 7.973E-07 
 7.973E-07 
 7.973E-07 
 7.973E-07 
 7.973E-07 
 1.800E+00 
 4.436E-08 
-6.308E-08 
-6.308E-08 
-6.308E-08 
-6.308E-08 
-6.308E-08 
-6.309E-08 
-6.302E-08 
 1.800E+00 
-3.680E-08 
 4.912E-09 
 4.912E-09 
 4.912E-09 
 4.912E-09 
 4.911E-09 
 4.920E-09 
 1.800E+00 
 2.382E-06 
-1.401E-09 
-1.401E-09 
-1.403E-09 
-1.403E-09 
-1.403E-09 
-1.403E-09 
 1.800E+00 
-6.299E-07 
 7.390E-09 
 7.391E-09 
 7.389E-09 
 7.390E-09 
 7.390E-09 
 7.390E-09 
 7.390E-09 
 7.390E-09 
 1.800E+00 
-8.405E-08 
-2.678E-08 
-2.678E-08 
-2.678E-08 
-2.678E-08 
-2.678E-08 
 1.800E+00 
 4.060E-07 
 3.471E-07 
 3.471E-07 
 3.471E-07 
 3.471E-07 
 3.471E-07 
 3.471E-07 
 3.471E-07 
 3.471E-07 
 3.471E-07 
 1.800E+00 
 7.218E-06 
-1.264E-05 
-1.264E-05 
-1.264E-05 
-1.264E-05 
-1.264E-05 
 1.800E+00 
-2.074E-07 
 9.221E-09 
 9.221E-09 
 9.218E-09 
 9.221E-09 
 9.220E-09 
 9.222E-09 
 9.221E-09 
 9.221E-09 
 9.220E-09 
 1.800E+00 
 1.230E-05 
 1.223E-05 
 1.223E-05 
 1.223E-05 
 1.223E-05 
 1.223E-05 
 1.800E+00 
 1.523E-06 
 6.628E-09 
 6.628E-09 
 6.629E-09 
 6.629E-09 
 6.629E-09 
 6.629E-09 
 6.621E-09 
 6.629E-09 
 6.630E-09 
 6.629E-09 
 1.800E+00 
-4.622E-06 
-4.398E-06 
-4.398E-06 
-4.398E-06 
-4.398E-06 
-4.398E-06 
-4.398E-06 
 1.800E+00 
 7.473E-09 
 6.314E-09 
 6.314E-09 
 6.314E-09 
 6.314E-09 
 6.314E-09 
 6.314E-09 
 6.314E-09 
 6.314E-09 
 1.800E+00 
 1.072E-07 
-2.927E-08 
-2.927E-08 
-2.927E-08 
-2.927E-08 
-2.927E-08 
-2.927E-08 
-2.927E-08 
-2.927E-08 
 1.800E+00 
-2.754E-07 
-3.993E-07 
-3.993E-07 
-3.993E-07 
-3.993E-07 
-3.993E-07 
-3.993E-07 
-3.993E-07 
 1.800E+00 
-1.631E-07 
-1.704E-07 
-1.704E-07 
-1.704E-07 
-1.704E-07 
-1.704E-07 
-1.704E-07 
-1.704E-07 
-1.704E-07 
-1.704E-07 
 1.800E+00 
-3.978E-06 
 5.614E-08 
 5.614E-08 
 5.614E-08 
 5.614E-08 
 5.614E-08 
 5.614E-08 
 5.614E-08 
 5.614E-08 
 1.800E+00 
-5.359E-10 
 2.953E-08 
 2.954E-08 
 2.954E-08 
 2.954E-08 
 2.954E-08 
 2.954E-08 
 2.954E-08 
 1.800E+00 
 1.465E-06 
 4.402E-09 
 4.402E-09 
 4.395E-09 
 4.402E-09 
 4.402E-09 
 4.402E-09 
 4.402E-09 
 4.402E-09 
 4.401E-09 
 1.800E+00 
-2.226E-06 
 2.278E-08 
 2.278E-08 
 2.278E-08 
 2.278E-08 
 2.278E-08 
 2.278E-08 
 2.279E-08 
 1.800E+00 
 3.089E-07 
 7.444E-09 
 7.445E-09 
 7.444E-09 
 7.442E-09 
 7.444E-09 
 7.444E-09 
 7.444E-09 
 7.444E-09 
 7.442E-09 
 7.444E-09 
 1.800E+00 
 1.974E-08 
 1.081E-08 
 1.081E-08 
 1.081E-08 
 1.081E-08 
 1.081E-08 
 1.800E+00 
-1.208E-07 
-1.193E-07 
-1.193E-07 
-1.193E-07 
-1.193E-07 
-1.193E-07 
-1.193E-07 
-1.193E-07 
-1.193E-07 
-1.193E-07 
-1.193E-07 
-1.193E-07 
-1.193E-07 
 1.800E+00 
-6.135E-08 
 6.310E-09 
 6.327E-09 
 6.337E-09 
 6.337E-09 
 1.800E+00 
 1.163E-07 
 7.581E-09 
 7.581E-09 
 7.580E-09 
 7.581E-09 
 7.581E-09 
 7.564E-09 
 7.581E-09 
 7.581E-09 
 7.581E-09 
 7.579E-09 
 7.580E-09 
 1.800E+00 
 2.764E-06 
-5.361E-08 
-5.361E-08 
-5.361E-08 
-5.361E-08 
-5.361E-08 
-5.361E-08 
 1.800E+00 
-3.512E-06 
 8.104E-08 
 8.104E-08 
 8.104E-08 
 8.104E-08 
 8.105E-08 
 8.104E-08 
 8.104E-08 
 8.104E-08 
 8.104E-08 
 8.104E-08 
 1.800E+00 
 2.761E-07 
 2.760E-07 
 2.760E-07 
 2.760E-07 
 2.760E-07 
 1.800E+00 
 5.350E-07 
 6.319E-09 
 6.319E-09 
 6.319E-09 
 6.319E-09 
 6.319E-09 
 6.317E-09 
 6.318E-09 
 6.319E-09 
 6.319E-09 
 6.319E-09 
 6.319E-09 
 6.319E-09 
 1.800E+00 
 5.587E-09 
 6.655E-09 
 6.655E-09 
 6.655E-09 
 6.655E-09 
 1.800E+00 
-2.333E-05 
-2.331E-05 
-2.331E-05 
-2.331E-05 
-2.331E-05 
-2.331E-05 
-2.331E-05 
-2.331E-05 
-2.331E-05 
-2.331E-05 
-2.331E-05 
 1.800E+00 
-1.449E-07 
 6.538E-09 
 6.538E-09 
 6.538E-09 
 6.538E-09 
 6.538E-09 
 1.800E+00 
-2.685E-07 
-4.681E-07 
-4.681E-07 
-4.681E-07 
-4.681E-07 
-4.681E-07 
-4.681E-07 
-4.681E-07 
-4.681E-07 
-4.681E-07 
 1.800E+00 
 1.617E-06 
 2.268E-09 
 2.267E-09 
 2.267E-09 
 2.267E-09 
 2.267E-09 
 1.800E+00 
 1.168E-06 
 1.169E-06 
 1.169E-06 
 1.169E-06 
 1.169E-06 
 1.169E-06 
 1.169E-06 
 1.169E-06 
 1.169E-06 
 1.169E-06 
 1.800E+00 
 1.059E-07 
 1.032E-07 
 1.032E-07 
 1.032E-07 
 1.032E-07 
 1.032E-07 
 1.800E+00 
-1.932E-05 
 1.667E-05 
 1.667E-05 
 1.667E-05 
 1.667E-05 
 1.667E-05 
 1.667E-05 
 1.667E-05 
 1.667E-05 
 1.800E+00 
 4.437E-09 
 4.438E-09 
 4.435E-09 
 4.435E-09 
 4.438E-09 
 4.343E-09 
 1.800E+00 
 1.166E-07 
 6.578E-09 
 6.578E-09 
 6.578E-09 
 6.578E-09 
 6.577E-09 
 6.578E-09 
 6.580E-09 
 1.800E+00 
 4.381E-09 
 4.380E-09 
 4.380E-09 
 4.356E-09 
 4.380E-09 
 4.379E-09 
 4.380E-09 
 1.800E+00 
 4.051E-08 
 6.660E-09 
 6.660E-09 
 6.660E-09 
 6.660E-09 
 6.660E-09 
 6.661E-09 
 6.659E-09 
 1.800E+00 
 1.616E-08 
 1.447E-08 
 1.447E-08 
 1.447E-08 
 1.447E-08 
 1.800E+00 
 8.897E-08 
 8.901E-08 
 8.901E-08 
 8.901E-08 
 8.901E-08 
 8.901E-08 
 8.901E-08 
 8.902E-08 
 1.800E+00 
-1.716E-06 
 2.080E-08 
 2.080E-08 
 2.080E-08 
 2.080E-08 
 2.080E-08 
 2.079E-08 
 1.800E+00 
 2.387E-09 
 2.904E-09 
 2.905E-09 
 2.905E-09 
 2.905E-09 
 1.800E+00 
 1.106E-05 
 1.118E-05 
 1.118E-05 
 1.118E-05 
 1.118E-05 
 1.118E-05 
 1.118E-05 
 1.118E-05 
 1.800E+00 
-1.453E-05 
-1.459E-05 
-1.459E-05 
-1.459E-05 
 1.800E+00 
-1.956E-06 
-1.965E-06 
-1.965E-06 
-1.965E-06 
-1.965E-06 
-1.965E-06 
-1.965E-06 
-1.965E-06 
-1.965E-06 
 1.800E+00 
 2.812E-08 
 2.812E-08 
 2.812E-08 
 1.800E+00 
 1.877E-07 
-6.589E-09 
-6.589E-09 
-6.585E-09 
-6.589E-09 
-6.589E-09 
-6.589E-09 
-6.587E-09 
 1.800E+00 
-9.139E-09 
 1.619E-08 
 1.619E-08 
 1.619E-08 
 1.619E-08 
 1.800E+00 
 6.920E-06 
-2.460E-05 
-2.460E-05 
-2.460E-05 
-2.460E-05 
 1.800E+00 
-2.785E-05 
-2.779E-05 
-2.779E-05 
-2.779E-05 
-2.779E-05 
-2.779E-05 
-2.779E-05 
 1.800E+00 
 7.454E-09 
 8.592E-09 
 8.592E-09 
 8.592E-09 
 1.800E+00 
 9.614E-07 
 9.603E-07 
 9.603E-07 
 9.603E-07 
 9.603E-07 
 9.603E-07 
 1.800E+00 
 3.562E-07 
-4.534E-08 
-4.534E-08 
-4.534E-08 
-4.534E-08 
 1.800E+00 
 1.041E-07 
 2.010E-08 
 2.010E-08 
 2.010E-08 
 2.010E-08 
 2.010E-08 
 1.800E+00 
-8.080E-08 
-3.536E-09 
-3.536E-09 
 1.800E+00 
-2.339E-07 
 5.913E-09 
 5.913E-09 
 5.911E-09 
 5.913E-09 
 5.912E-09 
 5.913E-09 
 1.800E+00 
 1.251E-08 
 7.997E-09 
 7.977E-09 
 7.996E-09 
 1.800E+00 
 1.647E-06 
 1.761E-06 
 1.761E-06 
 1.761E-06 
 1.761E-06 
 1.800E+00 
 2.961E-08 
-3.193E-08 
-3.193E-08 
-3.193E-08 
 1.800E+00 
-1.947E-07 
-2.813E-08 
-2.813E-08 
-2.813E-08 
-2.813E-08 
 1.800E+00 
-5.480E-06 
 9.977E-07 
 9.977E-07 
 9.977E-07 
 9.977E-07 
 1.800E+00 
 1.690E-05 
-2.780E-06 
-2.780E-06 
-2.780E-06 
 1.800E+00 
-3.025E-07 
-6.927E-09 
-6.927E-09 
-6.928E-09 
 1.800E+00 
-2.979E-06 
 4.049E-08 
 4.049E-08 
 4.049E-08 
 4.049E-08 
 1.800E+00 
 8.349E-09 
 8.228E-09 
 8.228E-09 
 1.800E+00 
-6.882E-06 
-6.877E-06 
-6.877E-06 
-6.877E-06 
-6.877E-06 
-6.877E-06 
 1.800E+00 
 7.748E-08 
-3.320E-08 
 1.800E+00 
 2.015E-08 
 3.066E-08 
 3.066E-08 
 3.066E-08 
 3.066E-08 
 3.066E-08 
 1.800E+00 
 7.545E-09 
 7.447E-09 
 1.800E+00 
 3.912E-07 
 3.914E-07 
 3.914E-07 
 3.914E-07 
 3.914E-07 
 3.914E-07 
 1.800E+00 
-1.377E-05 
-1.371E-05 
 1.800E+00 
-7.745E-06 
 3.765E-06 
 3.765E-06 
 3.765E-06 
 3.765E-06 
 1.800E+00 
-2.219E-07 
-2.184E-07 
-2.184E-07 
 1.800E+00 
 2.072E-06 
 1.915E-06 
 1.915E-06 
 1.915E-06 
 1.800E+00 
-1.353E-09 
-5.700E-10 
-5.691E-10 
 1.800E+00 
-9.026E-07 
 5.630E-08 
 5.630E-08 
 5.630E-08 
 5.630E-08 
 1.800E+00 
 8.016E-09 
 1.800E+00 
 3.436E-06 
 3.243E-06 
 3.243E-06 
 3.243E-06 
 3.243E-06 
 3.243E-06 
 1.800E+00 
-1.792E-08 
-1.560E-09 
 1.800E+00 
 9.720E-09 
 6.631E-09 
 6.634E-09 
 6.633E-09 
 1.800E+00 
-2.436E-07 
 4.759E-08 
 4.759E-08 
 1.800E+00 
-2.574E-07 
-6.913E-08 
-6.913E-08 
-6.913E-08 
 1.800E+00 
 3.055E-08 
 1.800E+00 
 2.172E-07 
 1.980E-08 
 1.980E-08 
 1.980E-08 
 1.980E-08 
 1.980E-08 
 1.800E+00 
-1.526E-07 
 1.800E+00 
 9.785E-07 
 9.887E-07 
 9.887E-07 
 9.887E-07 
 9.887E-07 
 1.800E+00 
 8.519E-08 
 1.800E+00 
-5.681E-09 
-5.590E-09 
-5.590E-09 
-5.590E-09 
-5.590E-09 
 1.800E+00 
 9.893E-06 
 1.800E+00 
-5.316E-07 
-4.962E-07 
-4.962E-07 
-4.962E-07 
-4.962E-07 
 1.800E+00 
-1.963E-06 
 1.800E+00 
-1.070E-07 
 7.340E-09 
 7.339E-09 
 7.339E-09 
 1.800E+00 
 6.542E-06 
 6.569E-06 
 1.800E+00 
 7.703E-06 
 7.497E-06 
 7.497E-06 
 7.497E-06 
 1.800E+00 
-5.763E-06 
-5.839E-06 
 1.800E+00 
 1.400E-06 
 1.032E-09 
 1.035E-09 
 1.800E+00 
-1.618E-08 
 1.053E-08 
 1.800E+00 
-1.139E-06 
-1.463E-06 
-1.463E-06 
 1.800E+00 
-1.248E-06 
 5.594E-09 
 5.599E-09 
 1.800E+00 
 9.361E-09 
 1.062E-08 
 1.062E-08 
 1.800E+00 
-1.289E-06 
 1.800E+00 
-1.491E-07 
-1.274E-08 
-1.274E-08 
-1.274E-08 
 1.800E+00 
 9.345E-09 
 6.241E-09 
 1.800E+00 
-6.155E-07 
 5.458E-09 
 5.458E-09 
 1.800E+00 
-8.865E-08 
 3.387E-09 
 1.800E+00 
 5.987E-08 
 5.984E-08 
 1.800E+00 
-6.176E-07 
 8.844E-09 
 8.844E-09 
 1.800E+00 
-5.674E-07 
 2.171E-09 
 1.800E+00 
-1.020E-09 
 5.988E-09 
 5.988E-09 
 1.800E+00 
 7.341E-07 
 7.334E-07 
 1.800E+00 
-1.510E-06 
-1.509E-06 
 1.800E+00 
 1.139E-06 
 9.353E-09 
 9.353E-09 
 1.800E+00 
 4.432E-09 
 1.800E+00 
 1.296E-06 
 5.777E-09 
 5.778E-09 
 5.778E-09 
 1.800E+00 
 1.800E+00 
 2.511E-07 
 2.171E-07 
 2.171E-07 
 2.171E-07 
 1.800E+00 
 3.774E-08 
-1.267E-09 
 1.800E+00 
-3.847E-09 
 1.800E+00 
-2.846E-05 
-8.167E-07 
-8.167E-07 
-8.167E-07 
 1.800E+00 
 1.800E+00 
-9.280E-07 
-1.229E-06 
-1.229E-06 
-1.229E-06 
 1.800E+00 
 1.800E+00 
 7.217E-09 
 6.603E-09 
 6.603E-09 
 6.603E-09 
 1.800E+00 
 1.793E-08 
 1.800E+00 
-3.683E-07 
 1.467E-08 
 1.800E+00 
-4.283E-08 
 4.268E-09 
 4.268E-09 
 1.800E+00 
 1.800E+00 
-1.515E-07 
 4.653E-07 
 4.653E-07 
 4.653E-07 
 1.800E+00 
 2.697E-07 
 1.800E+00 
 5.316E-09 
 6.780E-09 
 1.800E+00 
 5.712E-09 
 7.474E-09 
 1.800E+00 
 5.322E-08 
 1.800E+00 
 5.235E-07 
-1.797E-07 
-1.797E-07 
 1.800E+00 
 5.619E-07 
 5.842E-09 
 1.800E+00 
-7.105E-08 
 1.800E+00 
-7.935E-07 
-1.740E-07 
 1.800E+00 
-1.232E-07 
-3.998E-08 
 1.800E+00 
 7.575E-08 
 6.304E-09 
 1.800E+00 
 4.946E-08 
 1.800E+00 
 4.924E-08 
 4.514E-09 
 4.514E-09 
 1.800E+00 
 1.800E+00 
-1.669E-08 
-7.473E-09 
-7.473E-09 
 1.800E+00 
 1.109E-05 
-7.110E-07 
 1.800E+00 
 1.974E-09 
 1.800E+00 
-2.324E-09 
-2.497E-09 
 1.800E+00 
 6.225E-09 
 1.800E+00 
 1.683E-07 
-2.104E-08 
 1.800E+00 
-1.796E-06 
 1.169E-08 
 1.800E+00 
-2.998E-08 
-1.613E-08 
 1.800E+00 
 1.800E+00 
-1.102E-08 
 9.747E-11 
 9.746E-11 
 1.800E+00 
 7.157E-07 
 1.800E+00 
 9.565E-07 
 8.954E-07 
 1.800E+00 
-2.605E-08 
 1.800E+00 
-3.280E-06 
-3.976E-06 
 1.800E+00 
 3.759E-07 
 3.677E-07 
 1.800E+00 
 1.800E+00 
 4.956E-07 
 7.450E-09 
 7.449E-09 
 1.800E+00 
 5.950E-09 
 1.800E+00 
 1.420E-05 
 1.412E-05 
 1.800E+00 
 1.800E+00 
 6.871E-08 
 5.844E-09 
 5.844E-09 
 1.800E+00 
 6.852E-07 
 1.800E+00 
 1.896E-06 
 1.800E+00 
 3.840E-06 
 3.847E-06 
 1.800E+00 
 6.390E-08 
 1.800E+00 
-3.021E-07 
 5.714E-09 
 1.800E+00 
 1.800E+00 
 1.261E-06 
 1.552E-06 
 1.552E-06 
 1.800E+00 
 1.601E-09 
 1.800E+00 
-9.839E-06 
 1.800E+00 
-5.133E-08 
 1.800E+00 
 7.377E-09 
 4.110E-09 
 1.800E+00 
-2.741E-09 
 1.800E+00 
-1.262E-06 
-7.691E-07 
 1.800E+00 
-1.097E-06 
 1.800E+00 
-4.023E-08 
 1.800E+00 
-3.800E-07 
 1.800E+00 
 6.504E-09 
 5.247E-09 
 1.800E+00 
-3.647E-07 
 1.800E+00 
 9.129E-08 
 1.800E+00 
-1.525E-05 
-1.259E-06 
 1.800E+00 
-2.250E-05 
 1.800E+00 
 9.917E-10 
 1.800E+00 
-2.219E-09 
 1.800E+00 
 1.653E-05 
 1.669E-05 
 1.800E+00 
-1.233E-05 
 1.800E+00 
 1.800E+00 
 2.986E-08 
 2.986E-08 
 2.986E-08 
 1.800E+00 
 1.800E+00 
-3.323E-08 
-7.164E-08 
 1.800E+00 
 6.374E-08 
 1.800E+00 
 4.212E-07 
 1.800E+00 
 4.575E-06 
 1.800E+00 
-7.270E-08 
 1.800E+00 
 1.005E-06 
 9.915E-07 
 1.800E+00 
 1.800E+00 
 8.595E-07 
 1.619E-06 
 1.800E+00 
-3.816E-06 
 1.800E+00 
-2.078E-07 
 1.800E+00 
-4.349E-10 
 1.800E+00 
 4.844E-07 
 1.800E+00 
 7.314E-09 
 7.360E-09 
 1.800E+00 
 1.800E+00 
 2.409E-08 
 1.800E+00 
-2.846E-08 
-1.107E-07 
 1.800E+00 
 1.092E-08 
 1.800E+00 
 1.800E+00 
-4.272E-09 
 1.891E-08 
 1.800E+00 
 5.500E-06 
 1.800E+00 
 2.109E-07 
 1.800E+00 
 6.816E-09 
 1.800E+00 
 8.313E-08 
 1.800E+00 
 7.506E-06 
 1.800E+00 
 1.056E-07 
 1.800E+00 
-2.974E-09 
 1.800E+00 
-1.109E-07 
 1.800E+00 
 6.313E-07 
 1.800E+00 
 5.610E-07 
 1.800E+00 
-5.572E-07 
 1.800E+00 
-4.380E-08 
 1.800E+00 
-2.751E-08 
 1.800E+00 
 2.611E-08 
 1.800E+00 
-6.464E-08 
 1.800E+00 
 1.800E+00 
 5.199E-08 
 3.665E-09 
 3.665E-09 
 1.800E+00 
 1.800E+00 
 1.800E+00 
 1.292E-06 
 6.459E-09 
 1.800E+00 
 1.800E+00 
 3.042E-08 
 8.964E-09 
 1.800E+00 
 1.800E+00 
-7.394E-07 
-6.893E-07 
 1.800E+00 
 1.800E+00 
 5.130E-07 
 1.800E+00 
 1.342E-06 
 1.800E+00 
-3.760E-06 
 1.800E+00 
-3.142E-08 
 1.800E+00 
-2.875E-08 
 1.800E+00 
 1.800E+00 
 9.174E-06 
 1.006E-05 
 1.800E+00 
 1.800E+00 
 2.692E-08 
 1.800E+00 
 9.148E-08 
 1.800E+00 
 2.245E-08 
 1.800E+00 
 1.693E-06 
 1.800E+00 
-6.319E-09 
 1.800E+00 
 1.800E+00 
 1.167E-05 
 1.165E-05 
 1.800E+00 
 1.800E+00 
 1.800E+00 
-7.995E-06 
-8.120E-06 
 1.800E+00 
 1.419E-06 
 1.800E+00 
 1.800E+00 
-6.171E-07 
 6.587E-09 
 1.800E+00 
 1.800E+00 
 1.800E+00 
-2.840E-06 
-4.812E-06 
 1.800E+00 
 1.800E+00 
 1.815E-07 
 1.871E-07 
 1.800E+00 
 1.800E+00 
 1.800E+00 
-6.139E-06 
-5.974E-06 
 1.800E+00 
 1.800E+00 
 9.035E-09 
 1.800E+00 
 6.250E-08 
 1.800E+00 
 2.917E-08 
 1.800E+00 
 1.800E+00 
-2.911E-08 
 1.800E+00 
-6.787E-09 
 1.800E+00 
 1.800E+00 
-6.168E-06 
-6.183E-06 
 1.800E+00 
 1.800E+00 
 1.800E+00 
 6.014E-06 
-1.345E-05 
 1.800E+00 
 1.800E+00 
-1.253E-07 
 1.800E+00 
 1.800E+00 
 4.046E-07 
 5.925E-07 
 1.800E+00 
 1.800E+00 
 2.419E-09 
 1.800E+00 
 1.800E+00 
 4.243E-06 
 1.800E+00 
-2.422E-07 
 1.800E+00 
 1.800E+00 
 2.303E-07 
 2.303E-07 
 1.800E+00 
 1.800E+00 
 1.800E+00 
-1.099E-08 
 1.800E+00 
 3.796E-06 
 1.800E+00 
 1.150E-07 
 1.800E+00 
 1.800E+00 
-2.872E-07 
 1.800E+00 
 1.800E+00 
-2.985E-08 
 6.337E-09 
 1.800E+00 
 1.800E+00 
 1.800E+00 
-2.225E-08 
 1.800E+00 
-1.347E-05 
 1.800E+00 
 1.800E+00 
 3.447E-07 
 1.800E+00 
 1.170E-06 
 1.800E+00 
 1.800E+00 
-3.896E-09 
 1.800E+00 
 1.800E+00 
-1.540E-07 
-3.132E-07 
 1.800E+00 
 1.800E+00 
 1.800E+00 
 1.800E+00 
 3.087E-06 
-1.258E-07 
 1.800E+00 
 1.800E+00 
 6.630E-09 
 1.800E+00 
 1.800E+00 
 2.716E-08 
 1.800E+00 
 4.487E-08 
 1.800E+00 
 1.800E+00 
 5.519E-07 
 1.800E+00 
 1.800E+00 
-2.767E-06 
 1.800E+00 
 1.800E+00 
-2.162E-06 
 1.800E+00 
 1.579E-05 
 1.800E+00 
 1.800E+00 
 2.027E-07 
 1.800E+00 
 1.800E+00 
-1.886E-08 
 1.800E+00 
 1.800E+00 
 2.050E-07 
 1.800E+00 
-1.839E-06 
 1.800E+00 
 1.800E+00 
 6.233E-09 
 1.800E+00 
 1.800E+00 
 1.800E+00 
 1.110E-06 
 1.017E-06 
 1.800E+00 
 1.800E+00 
 1.800E+00 
 1.800E+00 
 5.388E-07 
 5.528E-09 
 1.800E+00 
 1.800E+00 
 1.800E+00 
 1.920E-08 
 1.800E+00 
 1.800E+00 
-1.412E-05 
 1.800E+00 
 4.919E-07 
 1.800E+00 
 1.800E+00 
 1.800E+00 
-1.597E-08 
 1.800E+00 
 6.648E-09 
 1.800E+00 
 1.800E+00 
 1.800E+00 
-1.271E-06 
 1.800E+00 
 1.800E+00 
-6.674E-07 
 1.800E+00 
-1.164E-08 
 1.800E+00 
 1.800E+00 
 1.800E+00 
-2.279E-06 
 1.800E+00 
 1.800E+00 
 8.387E-07 
 1.800E+00 
-1.948E-07 
 1.800E+00 
 1.800E+00 
 1.800E+00 
 1.800E+00 
 1.135E-05 
 1.453E-05 
 1.800E+00 
 1.800E+00 
 1.800E+00 
 1.800E+00 
-2.473E-05 
 1.800E+00 
-5.494E-08 
 1.800E+00 
 1.800E+00 
 1.800E+00 
 4.883E-08 
 1.800E+00 
 1.800E+00 
-3.825E-08 
 1.800E+00 
 1.800E+00 
-5.213E-06 
 1.800E+00 
 1.800E+00 
 1.800E+00 
 1.049E-06 
 1.800E+00 
-1.146E-05 
 1.800E+00 
 1.800E+00 
 1.800E+00 
 1.800E+00 
-1.816E-08 
 1.800E+00 
-2.222E-07 
 1.800E+00 
 1.800E+00 
 1.800E+00 
 2.148E-06 
 1.800E+00 
 1.800E+00 
 6.413E-06 
 1.800E+00 
 1.800E+00 
 1.800E+00 
-7.074E-07 
 1.800E+00 
 1.800E+00 
 1.049E-05 
 1.800E+00 
 1.800E+00 
 1.800E+00 
 9.218E-07 
 1.800E+00 
-2.615E-06 
 1.800E+00 
 1.800E+00 
 1.800E+00 
 1.800E+00 
 1.800E+00 
 2.466E-06 
-1.716E-07 
 1.800E+00 
 1.800E+00 
 1.800E+00 
 1.800E+00 
 1.800E+00 
-1.137E-06 
-9.481E-07 
 1.800E+00 
 1.800E+00 
 1.800E+00 
 1.800E+00 
 1.800E+00 
 4.593E-07 
 1.800E+00 
 1.800E+00 
-2.374E-06 
 1.800E+00 
 1.800E+00 
 2.773E-09 
 1.800E+00 
 1.800E+00 
 1.800E+00 
 1.800E+00 
-6.344E-08 
 1.800E+00 
-1.167E-05 
 1.800E+00 
 1.800E+00 
 1.800E+00 
 1.800E+00 
 1.800E+00 
 6.662E-07 
 1.800E+00 
 9.629E-08 
 1.800E+00 
 1.800E+00 
 1.800E+00 
 1.800E+00 
-3.878E-06 
 1.800E+00 
 1.800E+00 
 1.800E+00 
 1.036E-07 
 1.800E+00 
 1.800E+00 
 2.325E-06 
 1.800E+00 
 1.800E+00 
 1.800E+00 
 1.800E+00 
-2.557E-05 
 1.800E+00 
 1.800E+00 
 5.020E-09 
 1.800E+00 
 1.800E+00 
 1.800E+00 
 1.800E+00 
 1.670E-08 
 1.800E+00 
 1.800E+00 
 1.800E+00 
 2.139E-07 
 1.800E+00 
 1.800E+00 
 1.800E+00 
 2.769E-09 
 1.800E+00 
 1.800E+00 
 1.800E+00 
-1.165E-07 
 1.800E+00 
 1.800E+00 
 1.800E+00 
-1.801E-11 
 1.800E+00 
 1.800E+00 
 1.800E+00 
 1.800E+00 
-1.571E-06 
 1.800E+00 
 1.800E+00 
 1.800E+00 
-1.564E-08 
 1.800E+00 
 1.800E+00 
 1.800E+00 
 1.800E+00 
 1.591E-05 
 1.800E+00 
 1.800E+00 
 1.800E+00 
 7.374E-09 
 1.800E+00 
 1.800E+00 
 1.800E+00 
 5.350E-07 
 1.800E+00 
 1.800E+00 
 1.800E+00 
 1.800E+00 
-3.477E-07 
 1.800E+00 
 1.800E+00 
 1.800E+00 
 1.800E+00 
 2.038E-08 
 1.800E+00 
 1.800E+00 
 1.800E+00 
-6.831E-07 
 1.800E+00 
 1.800E+00 
 1.800E+00 
 1.800E+00 
-2.491E-07 
 1.800E+00 
 1.800E+00 
 1.800E+00 
-8.263E-08 
 1.800E+00 
 1.800E+00 
 1.800E+00 
 1.800E+00 
 1.800E+00 
 1.621E-07 
 1.800E+00 
 1.800E+00 
 1.800E+00 
-1.789E-05 
 1.800E+00 
 1.800E+00 
 1.800E+00 
 1.800E+00 
 1.800E+00 
-1.416E-08 
 1.800E+00 
 1.800E+00 
 1.800E+00 
 1.222E-08 
 1.800E+00 
 1.800E+00 
 1.800E+00 
 1.800E+00 
 1.108E-06 
 1.800E+00 
 1.800E+00 
 1.800E+00 
 1.800E+00 
 1.800E+00 
 1.225E-06 
 1.800E+00 
 1.800E+00 
 1.800E+00 
 1.296E-07 
 1.800E+00 
 1.800E+00 
 1.800E+00 
 1.800E+00 
 1.800E+00 
 1.800E+00 
-1.127E-06 
 1.800E+00 
 1.800E+00 
 2.456E-08 
 1.800E+00 
 1.800E+00 
 1.800E+00 
 1.800E+00 
 1.800E+00 
 1.800E+00 
 1.800E+00 
 8.143E-07 
 1.800E+00 
 1.800E+00 
 3.516E-08 
 1.800E+00 
 1.800E+00 
 1.800E+00 
 1.800E+00 
 1.800E+00 
 1.800E+00 
 1.800E+00 
 2.493E-06 
 1.800E+00 
 1.800E+00 
 7.625E-09 
 1.800E+00 
 1.800E+00 
 1.800E+00 
 1.800E+00 
 1.800E+00 
 1.800E+00 
 1.800E+00 
-3.268E-06 
 1.800E+00 
 1.800E+00 
 1.800E+00 
 1.800E+00 
 3.230E-06 
 1.800E+00 
 1.800E+00 
 1.800E+00 
 1.800E+00 
 1.800E+00 
-6.437E-07 
 1.800E+00 
 1.800E+00 
 1.800E+00 
 1.800E+00 
 1.800E+00 
 5.819E-09 
 1.800E+00 
 1.800E+00 
 1.800E+00 
 1.800E+00 
 1.800E+00 
 7.819E-09 
 1.800E+00 
 1.800E+00 
 1.800E+00 
 1.800E+00 
 1.800E+00 
 1.189E-08 
 1.800E+00 
 1.800E+00 
 1.800E+00 
 1.800E+00 
 1.800E+00 
 1.800E+00 
 1.685E-07 
 1.800E+00 
 1.800E+00 
 1.800E+00 
 1.800E+00 
 2.673E-09 
 1.800E+00 
 1.800E+00 
 1.800E+00 
 1.800E+00 
 1.800E+00 
 1.800E+00 
 1.800E+00 
 6.588E-09 
 1.800E+00 
 1.800E+00 
 1.800E+00 
 1.800E+00 
 1.800E+00 
 2.140E-06 
 1.800E+00 
 1.800E+00 
 1.800E+00 
 1.800E+00 
 1.800E+00 
 1.984E-06 
 1.800E+00 
 1.800E+00 
 1.800E+00 
 1.800E+00 
 1.800E+00 
 1.800E+00 
 1.800E+00 
-2.104E-10 
 1.800E+00 
 1.800E+00 
 1.800E+00 
 1.800E+00 
 1.800E+00 
-6.332E-06 
 1.800E+00 
 1.800E+00 
 1.800E+00 
 1.800E+00 
 1.800E+00 
 1.800E+00 
 1.800E+00 
-6.580E-09 
 1.800E+00 
 1.800E+00 
 1.800E+00 
 1.800E+00 
 1.800E+00 
 1.800E+00 
 3.584E-08 
 1.800E+00 
 1.800E+00 
 1.800E+00 
 1.800E+00 
 1.800E+00 
 9.293E-07 
 1.800E+00 
 1.800E+00 
 1.800E+00 
 1.800E+00 
 1.800E+00 
 1.800E+00 
 1.800E+00 
 1.800E+00 
 1.800E+00 
-1.931E-06 
 1.800E+00 
 1.800E+00 
 1.800E+00 
 5.261E-09 
 1.800E+00 
 1.800E+00 
 1.800E+00 
 1.800E+00 
 1.800E+00 
 1.800E+00 
 1.800E+00 
 1.800E+00 
 1.800E+00 
 1.800E+00 
 1.800E+00 
 4.975E-06 
 1.800E+00 
 1.800E+00 
 1.088E-08 
 1.800E+00 
 1.800E+00 
 1.800E+00 
 1.800E+00 
 1.800E+00 
 1.800E+00 
 1.800E+00 
 1.800E+00 
 1.800E+00 
 1.800E+00 
 1.800E+00 
 1.800E+00 
 3.312E-07 
 1.800E+00 
 1.800E+00 
 1.800E+00 
 1.919E-05 
 1.800E+00 
 1.800E+00 
 1.800E+00 
 1.800E+00 
 1.800E+00 
 1.800E+00 
 1.800E+00 
 1.800E+00 
 1.800E+00 
 1.800E+00 
 9.819E-09 
 1.800E+00 
 1.800E+00 
 1.800E+00 
 1.800E+00 
 1.800E+00 
 1.800E+00 
 7.576E-06 
 1.800E+00 
 1.800E+00 
 1.800E+00 
 1.800E+00 
 1.800E+00 
 1.800E+00 
 1.800E+00 
 1.800E+00 
 1.301E-06 
 1.800E+00 
 1.800E+00 
 1.800E+00 
 1.800E+00 
 1.800E+00 
 1.800E+00 
 1.800E+00 
-6.636E-06 
 1.800E+00 
 1.800E+00 
 1.800E+00 
 1.800E+00 
 1.800E+00 
 1.800E+00 
 1.800E+00 
 1.800E+00 
 1.800E+00 
 4.747E-09 
 1.800E+00 
 1.800E+00 
 1.800E+00 
 1.800E+00 
 1.800E+00 
 1.800E+00 
 1.800E+00 
 2.300E-07 
 1.800E+00 
 1.800E+00 
 1.800E+00 
 1.800E+00 
 1.800E+00 
 1.800E+00 
 1.800E+00 
 1.800E+00 
 1.800E+00 
 1.436E-06 
 1.800E+00 
 1.800E+00 
 1.800E+00 
 1.800E+00 
 1.800E+00 
 1.800E+00 
 1.800E+00 
 1.721E-08 
 1.800E+00 
 1.800E+00 
 1.800E+00 
 1.800E+00 
 1.800E+00 
 1.800E+00 
 1.800E+00 
 1.800E+00 
 1.800E+00 
 5.066E-07 
 1.800E+00 
 1.800E+00 
 1.800E+00 
 1.800E+00 
 1.800E+00 
 1.800E+00 
 1.800E+00 
 1.800E+00 
 1.800E+00 
 6.657E-09 
 1.800E+00 
 1.800E+00 
 1.800E+00 
 1.800E+00 
 1.800E+00 
 1.800E+00 
 1.800E+00 
 1.800E+00 
-2.257E-08 
 1.800E+00 
 1.800E+00 
 1.800E+00 
 1.800E+00 
 1.800E+00 
 1.800E+00 
 1.800E+00 
 1.800E+00 
 1.437E-05 
 1.800E+00 
 1.800E+00 
 1.800E+00 
 1.800E+00 
 1.800E+00 
 1.800E+00 
 1.800E+00 
 1.800E+00 
 1.800E+00 
 1.800E+00 
-6.860E-07 
 1.800E+00 
 1.800E+00 
 1.800E+00 
 1.800E+00 
 1.800E+00 
 1.800E+00 
 1.800E+00 
 1.800E+00 
 1.800E+00 
 7.941E-09 
 1.800E+00 
 1.800E+00 
 1.800E+00 
 1.800E+00 
 1.800E+00 
 1.800E+00 
 1.800E+00 
 1.056E-08 
 1.800E+00 
 1.800E+00 
 1.800E+00 
 1.800E+00 
 1.800E+00 
 1.800E+00 
 1.800E+00 
 1.800E+00 
 1.800E+00 
 1.800E+00 
 1.800E+00 
 1.800E+00 
 7.144E-07 
 1.800E+00 
 1.800E+00 
 1.800E+00 
 1.800E+00 
 1.800E+00 
 1.354E-05 
 1.800E+00 
 1.800E+00 
 1.800E+00 
 1.800E+00 
 1.800E+00 
 1.800E+00 
 1.800E+00 
 1.800E+00 
 1.800E+00 
 1.800E+00 
 1.800E+00 
 1.800E+00 
 1.800E+00 
 1.800E+00 
-7.164E-08 
 1.800E+00 
 1.800E+00 
 1.800E+00 
 1.986E-08 
 1.800E+00 
 1.800E+00 
 1.800E+00 
 1.800E+00 
 1.800E+00 
 1.800E+00 
 1.800E+00 
 1.800E+00 
 1.800E+00 
 1.800E+00 
 1.800E+00 
 1.800E+00 
 1.800E+00 
 1.800E+00 
 1.800E+00 
 1.800E+00 
 1.600E-09 
 1.800E+00 
 1.800E+00 
 1.800E+00 
 6.295E-07 
 1.800E+00 
 1.800E+00 
 1.800E+00 
 1.800E+00 
 1.800E+00 
 1.800E+00 
 1.800E+00 
 1.800E+00 
 1.800E+00 
 1.800E+00 
 1.800E+00 
 1.800E+00 
 1.800E+00 
 1.800E+00 
-2.284E-08 
 1.800E+00 
 1.800E+00 
 1.800E+00 
 1.800E+00 
 7.403E-09 
 1.800E+00 
 1.800E+00 
 1.800E+00 
 1.800E+00 
 1.800E+00 
 1.800E+00 
 1.800E+00 
 1.800E+00 
 1.800E+00 
 1.800E+00 
 1.800E+00 
 1.800E+00 
 1.800E+00 
 1.800E+00 
 7.423E-09 
 1.800E+00 
 1.800E+00 
 1.800E+00 
 1.800E+00 
 1.800E+00 
 2.037E-08 
 1.800E+00 
 1.800E+00 
 1.800E+00 
 1.800E+00 
 1.800E+00 
 1.800E+00 
 1.800E+00 
 1.800E+00 
 1.800E+00 
 1.800E+00 
 1.800E+00 
 1.699E-08 
 1.800E+00 
 1.800E+00 
 1.800E+00 
 1.800E+00 
 1.800E+00 
 1.800E+00 
 1.800E+00 
 9.643E-06 
 1.800E+00 
 1.800E+00 
 1.800E+00 
 1.800E+00 
 1.800E+00 
 1.800E+00 
 1.800E+00 
 1.800E+00 
 1.800E+00 
 1.800E+00 
 1.800E+00 
-4.802E-06 
 1.800E+00 
 1.800E+00 
 1.800E+00 
 1.800E+00 
 1.800E+00 
 4.836E-06 
 1.800E+00 
 1.800E+00 
 1.800E+00 
 1.800E+00 
 1.800E+00 
 1.800E+00 
 1.800E+00 
 1.800E+00 
 1.800E+00 
 1.800E+00 
 1.800E+00 
 1.800E+00 
-2.161E-07 
 1.800E+00 
 1.800E+00 
 1.800E+00 
 1.800E+00 
 1.800E+00 
 4.269E-08 
 1.800E+00 
 1.800E+00 
 1.800E+00 
 1.800E+00 
 1.800E+00 
 1.800E+00 
 1.800E+00 
 1.800E+00 
 1.800E+00 
 1.800E+00 
 1.800E+00 
 1.137E-06 
 1.800E+00 
 1.800E+00 
 1.800E+00 
 1.800E+00 
 1.800E+00 
 3.875E-09 
 1.800E+00 
 1.800E+00 
 1.800E+00 
 1.800E+00 
 1.800E+00 
 1.800E+00 
 1.800E+00 
 1.800E+00 
 1.800E+00 
 1.800E+00 
-9.012E-09 
 1.800E+00 
 1.800E+00 
 1.800E+00 
 1.800E+00 
 1.800E+00 
 1.800E+00 
 1.800E+00 
-1.342E-08 
 1.800E+00 
 1.800E+00 
 1.800E+00 
 1.800E+00 
 1.800E+00 
 1.800E+00 
 1.800E+00 
 7.827E-06 
 1.800E+00 
 1.800E+00 
 1.800E+00 
 1.800E+00 
 1.800E+00 
 1.800E+00 
 1.800E+00 
 1.800E+00 
-1.029E-07 
 1.800E+00 
 1.800E+00 
 1.800E+00 
 1.800E+00 
 1.800E+00 
 1.800E+00 
 1.800E+00 
-1.797E-06 
 1.800E+00 
 1.800E+00 
 1.800E+00 
 1.800E+00 
 1.800E+00 
 1.800E+00 
 1.800E+00 
 9.168E-09 
 1.800E+00 
 1.800E+00 
 1.800E+00 
 1.800E+00 
 1.800E+00 
 1.800E+00 
 1.800E+00 
 1.800E+00 
 2.699E-07 
 1.800E+00 
 1.800E+00 
 1.800E+00 
 1.800E+00 
 1.800E+00 
-1.576E-07 
 1.800E+00 
 1.800E+00 
 1.800E+00 
 1.800E+00 
 1.800E+00 
 1.800E+00 
 1.800E+00 
 1.800E+00 
 1.262E-08 
 1.800E+00 
 1.800E+00 
 1.800E+00 
 1.800E+00 
 1.800E+00 
 1.800E+00 
 1.094E-09 
 1.800E+00 
 1.800E+00 
 1.800E+00 
 1.800E+00 
 1.800E+00 
 1.800E+00 
 1.800E+00 
-1.773E-07 
 1.800E+00 
 1.800E+00 
 1.800E+00 
 1.800E+00 
 1.800E+00 
 1.800E+00 
 1.708E-08 
 1.800E+00 
 1.800E+00 
 1.800E+00 
 1.800E+00 
 1.800E+00 
 1.800E+00 
 4.772E-07 
 1.800E+00 
 1.800E+00 
 1.800E+00 
 1.800E+00 
 1.800E+00 
 1.800E+00 
-1.078E-05 
 1.800E+00 
 1.800E+00 
 1.800E+00 
 1.800E+00 
 1.800E+00 
 1.800E+00 
 8.595E-07 
 1.800E+00 
 1.800E+00 
 1.800E+00 
 1.800E+00 
 1.800E+00 
 1.800E+00 
-2.543E-07 
 1.800E+00 
 1.800E+00 
 1.800E+00 
 1.800E+00 
 1.800E+00 
 1.800E+00 
 1.362E-06 
 1.800E+00 
 1.800E+00 
 1.800E+00 
 1.800E+00 
 1.800E+00 
-1.172E-07 
 1.800E+00 
 1.800E+00 
 1.800E+00 
 1.800E+00 
 1.800E+00 
 1.800E+00 
 8.654E-07 
 1.800E+00 
 1.800E+00 
 1.800E+00 
 1.800E+00 
 1.800E+00 
 1.387E-05 
 1.800E+00 
 1.800E+00 
 1.800E+00 
 1.800E+00 
 1.800E+00 
-2.465E-08 
 1.800E+00 
 1.800E+00 
 1.800E+00 
 1.800E+00 
 1.800E+00 
 1.800E+00 
-1.739E-06 
 1.800E+00 
 1.800E+00 
 1.800E+00 
 1.800E+00 
 1.282E-06 
 1.800E+00 
 1.800E+00 
 1.800E+00 
 1.800E+00 
 1.800E+00 
 1.800E+00 
 5.910E-08 
 1.800E+00 
 1.800E+00 
 1.800E+00 
 1.800E+00 
-4.681E-09 
 1.800E+00 
 1.800E+00 
 1.800E+00 
 1.800E+00 
 1.800E+00 
 1.800E+00 
 5.716E-08 
 1.800E+00 
 1.800E+00 
 1.800E+00 
 3.213E-08 
 1.800E+00 
 1.800E+00 
 1.800E+00 
 1.800E+00 
 1.800E+00 
 1.800E+00 
 1.800E+00 
-1.616E-06 
 1.800E+00 
 1.800E+00 
 1.935E-09 
 1.800E+00 
 1.800E+00 
 1.800E+00 
 1.800E+00 
 1.800E+00 
 1.800E+00 
 1.800E+00 
 1.684E-08 
 1.800E+00 
 1.800E+00 
 1.056E-06 
 1.800E+00 
 1.800E+00 
 1.800E+00 
 1.800E+00 
 1.800E+00 
 1.800E+00 
 8.734E-09 
 1.800E+00 
 1.800E+00 
 1.800E+00 
 1.669E-05 
 1.800E+00 
 1.800E+00 
 1.800E+00 
 1.800E+00 
 1.800E+00 
 1.800E+00 
 5.537E-07 
 1.800E+00 
 1.800E+00 
 1.030E-06 
 1.800E+00 
 1.800E+00 
 1.800E+00 
 1.800E+00 
 1.800E+00 
 1.800E+00 
-1.812E-07 
 1.800E+00 
 1.800E+00 
-7.372E-09 
 1.800E+00 
 1.800E+00 
 1.800E+00 
 1.800E+00 
 1.800E+00 
 1.800E+00 
 3.879E-07 
 1.800E+00 
 1.800E+00 
 5.133E-08 
 1.800E+00 
 1.800E+00 
 1.800E+00 
 1.800E+00 
 1.800E+00 
 1.800E+00 
 1.167E-07 
 1.800E+00 
-2.677E-05 
 1.800E+00 
 1.800E+00 
 1.800E+00 
 1.800E+00 
 1.800E+00 
 1.800E+00 
-2.578E-06 
 1.800E+00 
 1.800E+00 
 3.363E-09 
 1.800E+00 
 1.800E+00 
 1.800E+00 
 1.800E+00 
 1.800E+00 
-8.733E-08 
 1.800E+00 
 1.800E+00 
 1.800E+00 
 1.309E-06 
 1.800E+00 
 1.800E+00 
 1.800E+00 
-9.652E-08 
 1.800E+00 
 1.800E+00 
 1.800E+00 
 1.800E+00 
-6.643E-07 
 1.800E+00 
 1.800E+00 
 1.800E+00 
 1.295E-08 
 1.800E+00 
 1.800E+00 
 1.800E+00 
 1.800E+00 
-2.053E-08 
 1.800E+00 
 1.800E+00 
-2.945E-08 
 1.800E+00 
 1.800E+00 
 1.800E+00 
 1.800E+00 
 1.800E+00 
 1.282E-08 
 1.800E+00 
 1.800E+00 
-1.215E-07 
 1.800E+00 
 1.800E+00 
 1.800E+00 
 3.967E-08 
 1.800E+00 
 1.800E+00 
 1.800E+00 
 1.800E+00 
-7.253E-06 
 1.800E+00 
 1.800E+00 
 1.800E+00 
 1.948E-08 
 1.800E+00 
 1.800E+00 
-6.791E-07 
 1.800E+00 
 1.800E+00 
 1.800E+00 
 1.800E+00 
 1.493E-08 
 1.800E+00 
 1.800E+00 
 1.800E+00 
-2.195E-05 
 1.800E+00 
 1.800E+00 
-7.102E-08 
 1.800E+00 
 1.800E+00 
 1.800E+00 
 1.800E+00 
 1.703E-06 
 1.800E+00 
 1.800E+00 
 1.287E-08 
 1.800E+00 
 1.800E+00 
 1.800E+00 
 9.839E-07 
 1.800E+00 
 1.800E+00 
 1.800E+00 
 6.363E-09 
 1.800E+00 
 1.800E+00 
 1.800E+00 
-8.230E-08 
 1.800E+00 
 1.800E+00 
 4.651E-08 
 1.800E+00 
 1.800E+00 
 1.800E+00 
 1.800E+00 
 5.880E-08 
 1.800E+00 
-4.082E-07 
 1.800E+00 
 1.800E+00 
 1.800E+00 
 1.800E+00 
-8.007E-07 
 1.800E+00 
-9.174E-10 
 1.800E+00 
 1.800E+00 
 1.800E+00 
 1.800E+00 
-4.994E-06 
 1.800E+00 
 1.800E+00 
 8.380E-09 
 1.800E+00 
 1.800E+00 
 1.800E+00 
 6.010E-07 
 1.800E+00 
 1.800E+00 
 3.346E-09 
 1.800E+00 
 1.800E+00 
 2.434E-09 
 1.800E+00 
 1.800E+00 
 1.800E+00 
-8.028E-09 
 1.800E+00 
 1.800E+00 
 1.800E+00 
-2.162E-06 
 1.800E+00 
-6.098E-06 
 1.800E+00 
 1.800E+00 
 1.800E+00 
 1.800E+00 
 7.008E-07 
 7.095E-07 
 1.800E+00 
 1.800E+00 
 1.800E+00 
 1.800E+00 
 1.800E+00 
 1.845E-08 
 1.647E-08 
 1.800E+00 
 1.800E+00 
 1.800E+00 
 1.800E+00 
-3.537E-06 
 1.800E+00 
-7.081E-08 
 1.800E+00 
 1.800E+00 
 1.800E+00 
 1.977E-06 
 1.800E+00 
 1.800E+00 
 1.022E-07 
 1.800E+00 
-9.344E-09 
 1.800E+00 
 1.800E+00 
 1.800E+00 
 1.800E+00 
 3.073E-07 
 1.800E+00 
-2.268E-08 
 1.800E+00 
 1.800E+00 
 1.800E+00 
-1.819E-07 
 1.800E+00 
 9.278E-07 
 1.800E+00 
 1.800E+00 
 1.800E+00 
-6.087E-07 
 1.800E+00 
 3.437E-06 
 1.800E+00 
 1.800E+00 
 1.800E+00 
-2.409E-08 
 1.800E+00 
 4.015E-08 
 1.800E+00 
 1.800E+00 
 1.800E+00 
 1.154E-07 
 1.800E+00 
 9.805E-09 
 1.800E+00 
 1.800E+00 
 1.800E+00 
 6.626E-08 
 1.800E+00 
-1.423E-08 
 1.800E+00 
 1.800E+00 
 1.800E+00 
-3.004E-07 
 6.536E-09 
 1.800E+00 
 1.800E+00 
 1.800E+00 
 1.800E+00 
-1.022E-07 
 1.800E+00 
 1.025E-07 
 1.800E+00 
 1.800E+00 
 6.494E-07 
 1.800E+00 
 6.828E-09 
 1.800E+00 
 1.800E+00 
 1.800E+00 
-8.933E-06 
 1.800E+00 
-3.965E-07 
 1.800E+00 
 1.800E+00 
-1.520E-08 
 1.800E+00 
 1.800E+00 
 7.288E-06 
 1.800E+00 
 1.635E-08 
 1.800E+00 
 1.800E+00 
 1.800E+00 
-3.468E-07 
-4.068E-08 
 1.800E+00 
 1.800E+00 
 1.800E+00 
 6.151E-09 
 1.800E+00 
 1.800E+00 
-1.895E-07 
 6.085E-09 
 1.800E+00 
 1.800E+00 
 1.800E+00 
-3.965E-07 
 1.800E+00 
 1.800E+00 
 8.673E-09 
 9.463E-09 
 1.800E+00 
 1.800E+00 
 1.800E+00 
-3.549E-09 
 1.800E+00 
 1.800E+00 
 2.060E-07 
 1.970E-07 
 1.800E+00 
 1.800E+00 
 1.800E+00 
 1.657E-07 
 1.800E+00 
 4.063E-06 
 1.800E+00 
 5.945E-06 
 1.800E+00 
 1.800E+00 
 1.800E+00 
-1.549E-06 
 1.229E-08 
 1.800E+00 
 1.800E+00 
 2.766E-08 
 1.800E+00 
 1.800E+00 
 1.270E-07 
 1.800E+00 
-1.370E-08 
 1.800E+00 
 1.800E+00 
-3.922E-06 
 1.800E+00 
 2.418E-06 
 1.800E+00 
-5.880E-08 
 1.800E+00 
 1.800E+00 
 1.800E+00 
-5.452E-08 
-1.225E-08 
 1.800E+00 
 1.800E+00 
 6.710E-06 
 1.800E+00 
-6.663E-08 
 1.800E+00 
 1.800E+00 
 1.410E-08 
 1.800E+00 
 2.072E-07 
 1.800E+00 
 1.800E+00 
-1.069E-08 
 7.816E-09 
 1.800E+00 
 1.800E+00 
 1.800E+00 
-4.578E-06 
 5.027E-08 
 1.800E+00 
 1.800E+00 
-3.650E-08 
 1.800E+00 
 1.800E+00 
-7.767E-07 
 9.071E-09 
 1.800E+00 
 1.800E+00 
 1.027E-07 
 1.800E+00 
 1.800E+00 
 8.353E-06 
 8.497E-06 
 1.800E+00 
 1.800E+00 
-2.041E-07 
 1.800E+00 
 1.516E-08 
 1.800E+00 
 1.800E+00 
 1.840E-08 
 1.029E-08 
 1.800E+00 
 1.800E+00 
 1.800E+00 
 2.031E-09 
 5.418E-09 
 1.800E+00 
-2.354E-07 
 1.800E+00 
 1.800E+00 
 2.412E-06 
 1.800E+00 
 3.346E-07 
 1.800E+00 
 6.200E-07 
 1.800E+00 
-2.147E-05 
 1.800E+00 
 1.800E+00 
 1.387E-06 
 1.388E-06 
 1.800E+00 
 1.800E+00 
-1.650E-07 
 1.800E+00 
-5.914E-08 
 1.800E+00 
 1.800E+00 
 2.032E-06 
 1.694E-06 
 1.800E+00 
 1.204E-07 
 1.800E+00 
 1.800E+00 
 2.941E-08 
 1.800E+00 
-3.257E-08 
 1.800E+00 
 8.410E-09 
 1.800E+00 
 6.993E-06 
 1.800E+00 
-1.128E-06 
 1.800E+00 
 1.800E+00 
 6.209E-07 
-2.590E-07 
 1.800E+00 
 8.398E-06 
 1.800E+00 
 1.800E+00 
 1.537E-08 
 1.800E+00 
-1.216E-05 
-1.222E-05 
 1.800E+00 
 1.800E+00 
 5.090E-07 
 1.800E+00 
 4.726E-08 
 1.800E+00 
 6.460E-07 
 1.800E+00 
 8.400E-09 
 1.800E+00 
 2.554E-08 
 1.800E+00 
-8.162E-07 
 1.800E+00 
-3.160E-05 
 1.800E+00 
 2.437E-06 
 1.800E+00 
 3.786E-06 
 1.800E+00 
 1.819E-08 
 1.800E+00 
 3.330E-08 
 1.800E+00 
 1.671E-07 
 1.800E+00 
-5.183E-08 
 1.800E+00 
 5.334E-07 
 1.800E+00 
-1.837E-07 
 1.800E+00 
 1.171E-07 
 1.800E+00 
-2.150E-06 
 1.800E+00 
 6.252E-06 
 1.800E+00 
-5.276E-07 
 1.800E+00 
 3.561E-07 
 1.368E-06 
 1.800E+00 
 1.800E+00 
-1.420E-05 
 1.800E+00 
 8.317E-06 
 8.314E-06 
 1.800E+00 
 1.800E+00 
-2.164E-05 
 2.092E-06 
 1.800E+00 
-1.473E-08 
 1.800E+00 
 1.800E+00 
 3.122E-08 
 2.742E-08 
 2.742E-08 
 1.800E+00 
 1.800E+00 
-1.249E-08 
 1.800E+00 
 1.633E-08 
 1.800E+00 
 1.097E-06 
 1.464E-05 
 1.800E+00 
 1.800E+00 
 1.062E-06 
 1.733E-06 
 1.800E+00 
 7.621E-08 
 1.800E+00 
 3.461E-08 
 3.895E-08 
 1.800E+00 
 1.800E+00 
 7.924E-09 
 1.800E+00 
-2.978E-07 
-2.973E-07 
 1.800E+00 
-1.442E-07 
 1.800E+00 
 1.528E-08 
 1.800E+00 
-6.752E-06 
-4.384E-09 
 1.800E+00 
 1.800E+00 
 1.516E-05 
-2.708E-05 
 1.800E+00 
-7.127E-09 
 1.800E+00 
-1.129E-05 
 1.306E-05 
 1.800E+00 
 1.800E+00 
-2.582E-06 
-1.640E-06 
 1.800E+00 
-1.691E-07 
 6.457E-09 
 1.800E+00 
 1.800E+00 
 6.611E-08 
 6.477E-08 
 1.800E+00 
 2.721E-06 
 1.800E+00 
 3.690E-07 
 3.146E-07 
 1.800E+00 
 1.800E+00 
 1.178E-07 
 6.673E-09 
 6.673E-09 
 1.800E+00 
 1.800E+00 
 1.423E-06 
 1.425E-06 
 1.800E+00 
-1.118E-07 
 1.800E+00 
 5.530E-09 
 2.061E-09 
 1.800E+00 
 6.595E-06 
 1.800E+00 
 2.200E-06 
 1.800E+00 
-6.117E-07 
-6.109E-07 
 1.800E+00 
 7.886E-06 
 1.800E+00 
 4.448E-08 
 1.780E-07 
 1.800E+00 
-6.630E-08 
 1.800E+00 
-1.595E-06 
-1.529E-06 
 1.800E+00 
 7.000E-09 
 1.800E+00 
-4.414E-10 
 1.800E+00 
-7.051E-08 
-4.638E-08 
 1.800E+00 
-1.083E-08 
-1.023E-08 
 1.800E+00 
 2.071E-06 
 1.800E+00 
 3.740E-08 
 4.889E-08 
 1.800E+00 
 1.800E+00 
 2.470E-08 
 1.031E-08 
 1.031E-08 
 1.800E+00 
-4.996E-06 
-4.358E-06 
 1.800E+00 
 1.800E+00 
 3.216E-06 
-1.028E-08 
-1.028E-08 
 1.800E+00 
 3.421E-07 
 1.800E+00 
-5.594E-07 
 1.800E+00 
 3.972E-06 
 3.795E-06 
 3.795E-06 
 1.800E+00 
 1.800E+00 
 1.100E-06 
 1.125E-06 
 1.125E-06 
 1.800E+00 
-3.774E-06 
 1.800E+00 
-1.176E-07 
-1.075E-07 
 1.800E+00 
-1.471E-06 
 1.461E-08 
 1.800E+00 
-9.224E-08 
 1.800E+00 
 4.862E-09 
 6.329E-09 
 1.800E+00 
-2.753E-07 
-5.484E-10 
 1.800E+00 
 1.621E-08 
 1.800E+00 
-7.329E-08 
-2.038E-08 
-2.038E-08 
 1.800E+00 
 1.800E+00 
-1.720E-08 
 3.479E-09 
 3.479E-09 
 3.479E-09 
 1.800E+00 
 1.800E+00 
-1.133E-05 
-1.174E-05 
-1.174E-05 
 1.800E+00 
-3.196E-07 
 1.800E+00 
 1.489E-07 
-6.101E-08 
-6.101E-08 
 1.800E+00 
 1.800E+00 
-5.644E-06 
 4.106E-07 
 4.106E-07 
 4.106E-07 
 1.800E+00 
 1.800E+00 
 1.005E-07 
 5.469E-09 
 5.469E-09 
 5.469E-09 
 1.800E+00 
 1.800E+00 
 8.795E-08 
-2.990E-07 
-2.990E-07 
 1.800E+00 
-1.121E-04 
 7.539E-06 
 1.800E+00 
-1.511E-07 
-3.184E-07 
 1.800E+00 
 1.436E-05 
 1.800E+00 
-2.486E-08 
-4.815E-09 
-4.816E-09 
-4.815E-09 
 1.800E+00 
 1.800E+00 
 8.292E-09 
 5.280E-09 
 5.280E-09 
 5.279E-09 
 1.800E+00 
 1.800E+00 
-2.852E-05 
 3.471E-06 
 3.471E-06 
 3.471E-06 
 1.800E+00 
-1.716E-06 
 1.800E+00 
-8.583E-07 
-6.126E-07 
-6.126E-07 
 1.800E+00 
-1.362E-06 
-1.388E-06 
 1.800E+00 
-2.283E-06 
-2.211E-06 
 1.800E+00 
 8.701E-07 
-1.884E-08 
 1.800E+00 
 8.627E-09 
 1.654E-08 
 1.654E-08 
 1.800E+00 
 7.453E-08 
 1.800E+00 
 2.421E-06 
 1.851E-06 
 1.851E-06 
 1.851E-06 
 1.800E+00 
 1.215E-07 
 1.800E+00 
-3.258E-07 
 4.176E-09 
 4.176E-09 
 1.800E+00 
-4.962E-08 
 6.400E-09 
 1.800E+00 
-6.501E-10 
-1.229E-08 
-1.229E-08 
 1.800E+00 
 5.141E-07 
 4.635E-07 
 1.800E+00 
 1.222E-06 
 2.836E-08 
 1.800E+00 
 1.667E-07 
 6.499E-09 
 6.499E-09 
 6.572E-09 
 1.800E+00 
 1.800E+00 
-5.300E-07 
 9.220E-09 
 9.221E-09 
 9.221E-09 
 9.221E-09 
 1.800E+00 
 2.407E-07 
 2.019E-07 
 1.800E+00 
 9.812E-08 
 9.537E-08 
 1.800E+00 
 4.355E-08 
 3.670E-08 
 3.670E-08 
 1.800E+00 
 5.194E-07 
 5.309E-07 
 1.800E+00 
-5.841E-05 
 3.235E-08 
 3.235E-08 
 3.235E-08 
 1.800E+00 
-1.280E-05 
 1.800E+00 
 5.864E-07 
 6.007E-07 
 6.007E-07 
 6.007E-07 
 6.007E-07 
 1.800E+00 
 1.800E+00 
 2.105E-06 
 3.257E-09 
 3.257E-09 
 3.257E-09 
 3.247E-09 
 3.257E-09 
 1.800E+00 
 1.800E+00 
-3.701E-07 
 7.268E-09 
 7.269E-09 
 7.268E-09 
 7.267E-09 
 1.800E+00 
-1.232E-07 
 4.123E-08 
 1.800E+00 
 1.844E-07 
 8.426E-08 
 8.424E-08 
 1.800E+00 
 1.531E-06 
 6.404E-09 
 6.400E-09 
 1.800E+00 
 1.716E-07 
-7.462E-09 
-7.462E-09 
 1.800E+00 
-2.003E-06 
 2.176E-08 
 2.176E-08 
 2.176E-08 
 1.800E+00 
 2.144E-07 
 1.977E-07 
 1.800E+00 
-7.045E-09 
-7.463E-09 
-7.463E-09 
-7.463E-09 
 1.800E+00 
 1.745E-07 
 1.731E-07 
 1.800E+00 
 2.745E-06 
 2.895E-09 
 2.867E-09 
 2.895E-09 
 2.896E-09 
 1.800E+00 
-5.696E-09 
 1.800E+00 
-2.697E-09 
-1.583E-09 
-1.583E-09 
-1.583E-09 
-1.582E-09 
-1.583E-09 
 1.800E+00 
-1.401E-06 
 1.800E+00 
-4.837E-08 
-1.775E-07 
-1.775E-07 
-1.775E-07 
-1.775E-07 
-1.775E-07 
 1.800E+00 
 5.320E-07 
 1.800E+00 
-1.500E-06 
 5.883E-08 
 5.883E-08 
 5.883E-08 
 5.883E-08 
 1.800E+00 
 1.361E-07 
 5.687E-09 
 5.683E-09 
 5.689E-09 
 1.800E+00 
 9.590E-09 
 7.439E-09 
 1.800E+00 
 2.857E-08 
 4.186E-08 
 4.186E-08 
 4.186E-08 
 4.187E-08 
 1.800E+00 
-5.355E-08 
 7.265E-08 
 7.266E-08 
 1.800E+00 
-1.747E-07 
 7.466E-09 
 7.463E-09 
 7.466E-09 
 7.467E-09 
 1.800E+00 
 4.591E-07 
 1.780E-07 
 1.780E-07 
 1.800E+00 
-1.190E-06 
-1.192E-06 
-1.192E-06 
-1.192E-06 
 1.800E+00 
-2.274E-06 
-2.165E-06 
-2.165E-06 
-2.165E-06 
 1.800E+00 
 1.278E-06 
 5.576E-09 
 5.576E-09 
 5.577E-09 
 1.800E+00 
 4.097E-06 
 4.456E-06 
 4.456E-06 
 4.456E-06 
 4.456E-06 
 1.800E+00 
 4.034E-07 
 4.726E-07 
 4.726E-07 
 1.800E+00 
 7.333E-07 
-5.809E-09 
-5.811E-09 
-5.809E-09 
-5.809E-09 
 1.800E+00 
 6.998E-07 
 4.942E-07 
 4.942E-07 
 4.942E-07 
 4.942E-07 
 1.800E+00 
 1.459E-08 
 8.078E-09 
 8.078E-09 
 1.800E+00 
 1.672E-06 
 1.602E-06 
 1.602E-06 
 1.602E-06 
 1.602E-06 
 1.800E+00 
-1.066E-04 
 1.816E-08 
 1.816E-08 
 1.816E-08 
 1.816E-08 
 1.800E+00 
 3.219E-07 
 3.238E-07 
 3.238E-07 
 3.238E-07 
 3.238E-07 
 1.800E+00 
 4.810E-08 
 2.243E-08 
 2.243E-08 
 2.243E-08 
 1.800E+00 
 1.063E-06 
 1.062E-06 
 1.062E-06 
 1.062E-06 
 1.062E-06 
 1.800E+00 
 1.525E-06 
 1.487E-06 
 1.487E-06 
 1.487E-06 
 1.487E-06 
 1.800E+00 
 5.435E-08 
-6.077E-08 
-6.077E-08 
-6.077E-08 
-6.077E-08 
 1.800E+00 
-2.975E-09 
-4.685E-09 
-4.685E-09 
-4.686E-09 
-4.685E-09 
 1.800E+00 
 5.978E-08 
-4.743E-08 
-4.743E-08 
-4.743E-08 
-4.743E-08 
-4.743E-08 
 1.800E+00 
 1.440E-08 
 8.455E-09 
 8.454E-09 
 8.455E-09 
 1.800E+00 
-1.932E-07 
-1.843E-07 
-1.843E-07 
-1.843E-07 
-1.844E-07 
-1.843E-07 
-1.843E-07 
 1.800E+00 
 1.533E-07 
 2.115E-08 
 2.115E-08 
 1.800E+00 
 3.671E-08 
 1.748E-08 
 1.748E-08 
 1.748E-08 
 1.748E-08 
 1.748E-08 
 1.748E-08 
 1.748E-08 
 1.749E-08 
 1.800E+00 
 1.688E-06 
 1.908E-06 
 1.908E-06 
 1.800E+00 
-9.936E-09 
 7.470E-09 
 7.470E-09 
 7.470E-09 
 7.468E-09 
 7.471E-09 
 7.470E-09 
 7.470E-09 
 1.800E+00 
 6.034E-08 
-4.329E-08 
-4.329E-08 
 1.800E+00 
 1.775E-05 
 1.780E-05 
 1.780E-05 
 1.780E-05 
 1.780E-05 
 1.780E-05 
 1.780E-05 
 1.780E-05 
 1.780E-05 
 1.780E-05 
 1.800E+00 
 8.923E-08 
 8.928E-08 
 1.800E+00 
 2.113E-06 
 9.343E-10 
 9.342E-10 
 9.341E-10 
 9.421E-10 
 9.344E-10 
 9.343E-10 
 9.340E-10 
 9.341E-10 
 9.341E-10 
 9.337E-10 
 1.800E+00 
-2.933E-08 
 1.800E+00 
 9.605E-09 
 7.449E-09 
 7.451E-09 
 7.451E-09 
 7.452E-09 
 7.451E-09 
 7.451E-09 
 7.451E-09 
 7.451E-09 
 7.451E-09 
 7.453E-09 
 7.451E-09 
 1.800E+00 
-4.922E-08 
 2.455E-08 
 2.454E-08 
 2.454E-08 
 1.800E+00 
 3.918E-07 
 1.704E-07 
 1.704E-07 
 1.704E-07 
 1.704E-07 
 1.704E-07 
 1.704E-07 
 1.800E+00 
 1.729E-06 
 1.688E-06 
 1.689E-06 
 1.689E-06 
 1.689E-06 
 1.689E-06 
 1.689E-06 
 1.689E-06 
 1.800E+00 
-4.332E-06 
 1.072E-05 
 1.072E-05 
 1.072E-05 
 1.072E-05 
 1.072E-05 
 1.800E+00 
-1.155E-07 
-8.702E-08 
-8.702E-08 
-8.702E-08 
-8.702E-08 
-8.702E-08 
-8.702E-08 
-8.702E-08 
 1.800E+00 
-2.399E-05 
-2.399E-05 
-2.399E-05 
-2.399E-05 
-2.399E-05 
-2.399E-05 
-2.399E-05 
 1.800E+00 
-5.295E-08 
-5.493E-08 
-5.493E-08 
-5.493E-08 
-5.493E-08 
-5.493E-08 
-5.493E-08 
-5.493E-08 
 1.800E+00 
 1.540E-06 
 5.411E-09 
 5.410E-09 
 5.410E-09 
 5.411E-09 
 5.412E-09 
 5.411E-09 
 1.800E+00 
 3.672E-07 
 1.238E-08 
 1.238E-08 
 1.238E-08 
 1.238E-08 
 1.238E-08 
 1.238E-08 
 1.238E-08 
 1.238E-08 
 1.800E+00 
-4.947E-08 
-3.280E-08 
-3.280E-08 
-3.280E-08 
-3.280E-08 
-3.280E-08 
-3.280E-08 
 1.800E+00 
 8.626E-09 
 1.035E-08 
 1.035E-08 
 1.035E-08 
 1.035E-08 
 1.035E-08 
 1.035E-08 
 1.035E-08 
 1.035E-08 
 1.800E+00 
-1.219E-07 
-4.740E-07 
-4.740E-07 
-4.740E-07 
-4.740E-07 
-4.740E-07 
-4.740E-07 
-4.740E-07 
 1.800E+00 
-1.130E-06 
 6.315E-09 
 6.318E-09 
 6.315E-09 
 6.314E-09 
 6.315E-09 
 6.315E-09 
 6.315E-09 
 1.800E+00 
-4.508E-08 
-5.633E-08 
-5.633E-08 
-5.633E-08 
-5.633E-08 
-5.633E-08 
-5.633E-08 
-5.633E-08 
 1.800E+00 
-7.615E-09 
-3.819E-09 
-3.820E-09 
-3.819E-09 
-3.820E-09 
-3.819E-09 
-3.819E-09 
-3.819E-09 
-3.819E-09 
-3.818E-09 
 1.800E+00 
 2.687E-06 
 2.244E-06 
 2.244E-06 
 2.244E-06 
 2.244E-06 
 2.244E-06 
 2.244E-06 
 2.244E-06 
 1.800E+00 
-7.766E-07 
-4.633E-07 
-4.633E-07 
-4.633E-07 
-4.633E-07 
-4.633E-07 
-4.633E-07 
-4.633E-07 
-4.633E-07 
 1.800E+00 
 9.090E-09 
 7.393E-09 
 7.393E-09 
 7.394E-09 
 7.393E-09 
 7.394E-09 
 7.393E-09 
 7.393E-09 
 1.800E+00 
 7.104E-07 
 6.456E-07 
 6.456E-07 
 6.456E-07 
 6.456E-07 
 6.456E-07 
 6.456E-07 
 6.456E-07 
 6.456E-07 
 6.456E-07 
 6.456E-07 
 1.800E+00 
-3.257E-06 
 2.175E-08 
 2.175E-08 
 2.175E-08 
 2.175E-08 
 2.175E-08 
 1.800E+00 
-2.485E-06 
 9.376E-08 
 9.376E-08 
 9.376E-08 
 9.376E-08 
 9.376E-08 
 9.376E-08 
 9.376E-08 
 9.376E-08 
 9.376E-08 
 9.376E-08 
 9.376E-08 
 1.800E+00 
-2.400E-07 
-2.302E-08 
-2.302E-08 
-2.302E-08 
-2.294E-08 
-2.302E-08 
-2.302E-08 
 1.800E+00 
-3.900E-07 
-2.736E-07 
-2.736E-07 
-2.736E-07 
-2.736E-07 
-2.736E-07 
-2.736E-07 
-2.736E-07 
-2.736E-07 
-2.736E-07 
-2.736E-07 
 1.800E+00 
 3.634E-07 
 1.279E-08 
 1.279E-08 
 1.279E-08 
 1.279E-08 
 1.279E-08 
 1.279E-08 
 1.800E+00 
 7.947E-09 
 7.982E-09 
 7.981E-09 
 7.980E-09 
 7.981E-09 
 7.981E-09 
 7.981E-09 
 7.981E-09 
 7.981E-09 
 7.981E-09 
 7.997E-09 
 1.800E+00 
-7.341E-06 
 1.136E-05 
 1.136E-05 
 1.136E-05 
 1.136E-05 
 1.136E-05 
 1.136E-05 
 1.800E+00 
 2.465E-09 
 6.562E-09 
 6.562E-09 
 6.562E-09 
 6.562E-09 
 6.563E-09 
 6.562E-09 
 6.562E-09 
 6.562E-09 
 6.562E-09 
 6.566E-09 
 1.800E+00 
 5.915E-08 
-5.163E-08 
-5.163E-08 
-5.163E-08 
-5.163E-08 
-5.163E-08 
-5.163E-08 
-5.163E-08 
 1.800E+00 
-4.951E-07 
-4.953E-07 
-4.953E-07 
-4.953E-07 
-4.953E-07 
-4.953E-07 
-4.953E-07 
-4.953E-07 
-4.953E-07 
 1.800E+00 
-4.814E-07 
 5.758E-09 
 5.758E-09 
 5.758E-09 
 5.758E-09 
 5.743E-09 
 5.765E-09 
 5.758E-09 
 1.800E+00 
 3.341E-06 
 3.272E-06 
 3.272E-06 
 3.272E-06 
 3.272E-06 
 3.272E-06 
 3.272E-06 
 3.272E-06 
 3.272E-06 
 3.272E-06 
 1.800E+00 
 9.778E-09 
 9.813E-09 
 9.820E-09 
 9.813E-09 
 9.813E-09 
 9.813E-09 
 9.813E-09 
 1.800E+00 
-2.591E-07 
 1.345E-08 
 1.345E-08 
 1.345E-08 
 1.345E-08 
 1.345E-08 
 1.345E-08 
 1.345E-08 
 1.345E-08 
 1.345E-08 
 1.800E+00 
 1.768E-07 
 1.636E-07 
 1.636E-07 
 1.636E-07 
 1.636E-07 
 1.636E-07 
 1.800E+00 
 1.573E-06 
 4.732E-09 
 4.732E-09 
 4.733E-09 
 4.732E-09 
 4.734E-09 
 4.732E-09 
 4.732E-09 
 4.733E-09 
 4.742E-09 
 4.732E-09 
 1.800E+00 
-1.386E-06 
 8.666E-09 
 8.666E-09 
 8.666E-09 
 8.666E-09 
 8.666E-09 
 1.800E+00 
-6.679E-06 
-6.600E-06 
-6.600E-06 
-6.600E-06 
-6.600E-06 
-6.600E-06 
-6.600E-06 
-6.600E-06 
-6.600E-06 
 1.800E+00 
 7.351E-07 
 7.525E-07 
 7.525E-07 
 7.525E-07 
 7.525E-07 
 7.525E-07 
 7.525E-07 
 1.800E+00 
-2.377E-05 
 2.168E-05 
 2.168E-05 
 2.168E-05 
 2.168E-05 
 2.168E-05 
 2.168E-05 
 2.168E-05 
 2.168E-05 
 1.800E+00 
-2.701E-07 
 1.668E-08 
 1.668E-08 
 1.668E-08 
 1.668E-08 
 1.800E+00 
-3.586E-06 
-3.609E-06 
-3.609E-06 
-3.609E-06 
-3.609E-06 
-3.609E-06 
-3.609E-06 
-3.609E-06 
-3.609E-06 
-3.609E-06 
 1.800E+00 
 7.094E-07 
 6.035E-09 
 6.035E-09 
 6.035E-09 
 6.035E-09 
 6.034E-09 
 1.800E+00 
-6.227E-06 
-6.241E-06 
-6.241E-06 
-6.241E-06 
-6.241E-06 
-6.241E-06 
-6.241E-06 
 1.800E+00 
 1.019E-06 
 6.296E-09 
 6.296E-09 
 6.296E-09 
 6.296E-09 
 6.296E-09 
 6.299E-09 
 1.800E+00 
 1.092E-07 
 6.288E-09 
 6.288E-09 
 6.288E-09 
 6.288E-09 
 6.288E-09 
 6.288E-09 
 1.800E+00 
 7.950E-07 
 1.095E-06 
 1.095E-06 
 1.095E-06 
 1.095E-06 
 1.095E-06 
 1.800E+00 
 3.573E-07 
 3.601E-07 
 3.601E-07 
 3.601E-07 
 3.601E-07 
 3.601E-07 
 3.601E-07 
 1.800E+00 
-2.689E-08 
 5.634E-09 
 5.633E-09 
 5.633E-09 
 5.633E-09 
 5.633E-09 
 5.633E-09 
 1.800E+00 
-3.458E-08 
-5.284E-09 
-5.284E-09 
-5.283E-09 
-5.284E-09 
 1.800E+00 
-1.997E-07 
-1.610E-07 
-1.610E-07 
-1.610E-07 
-1.610E-07 
-1.610E-07 
-1.610E-07 
 1.800E+00 
 2.515E-06 
 7.439E-06 
 7.439E-06 
 7.439E-06 
 7.439E-06 
 7.439E-06 
 1.800E+00 
-5.159E-07 
-2.241E-07 
-2.241E-07 
-2.241E-07 
-2.241E-07 
 1.800E+00 
 6.703E-07 
 5.909E-07 
 5.909E-07 
 5.909E-07 
 5.909E-07 
 5.909E-07 
 5.909E-07 
 1.800E+00 
 5.702E-08 
 3.786E-09 
 3.786E-09 
 3.787E-09 
 3.786E-09 
 1.800E+00 
-2.659E-07 
-1.142E-08 
-1.142E-08 
-1.142E-08 
-1.142E-08 
 1.800E+00 
 3.442E-07 
-3.344E-08 
-3.344E-08 
-3.344E-08 
-3.344E-08 
-3.344E-08 
-3.344E-08 
 1.800E+00 
-8.322E-07 
-3.782E-07 
-3.782E-07 
-3.782E-07 
 1.800E+00 
-6.132E-09 
 4.371E-09 
 4.371E-09 
 4.371E-09 
 4.371E-09 
 4.372E-09 
 1.800E+00 
 9.218E-06 
 9.535E-06 
 9.535E-06 
 9.535E-06 
 9.535E-06 
 1.800E+00 
-1.810E-06 
 1.628E-08 
 1.628E-08 
 1.628E-08 
 1.800E+00 
 2.865E-07 
-4.209E-07 
-4.209E-07 
-4.209E-07 
-4.209E-07 
-4.209E-07 
-4.209E-07 
 1.800E+00 
-6.651E-10 
 8.643E-09 
 8.643E-09 
 1.800E+00 
-7.984E-06 
 1.154E-05 
 1.154E-05 
 1.154E-05 
 1.154E-05 
 1.154E-05 
 1.800E+00 
 4.145E-08 
 3.449E-08 
 3.449E-08 
 3.449E-08 
 1.800E+00 
 1.494E-06 
 1.492E-06 
 1.492E-06 
 1.492E-06 
 1.492E-06 
 1.800E+00 
-1.252E-06 
 8.658E-09 
 8.658E-09 
 8.660E-09 
 1.800E+00 
 5.579E-07 
 1.142E-07 
 1.142E-07 
 1.142E-07 
 1.142E-07 
 1.800E+00 
 1.170E-06 
 5.842E-09 
 5.842E-09 
 5.842E-09 
 1.800E+00 
 1.085E-07 
 6.253E-09 
 6.252E-09 
 6.253E-09 
 6.244E-09 
 1.800E+00 
-6.725E-06 
-7.135E-06 
-7.135E-06 
 1.800E+00 
 8.130E-10 
 2.593E-09 
 2.593E-09 
 2.593E-09 
 2.593E-09 
 2.593E-09 
 1.800E+00 
 7.947E-07 
 7.950E-07 
 1.800E+00 
 7.538E-09 
 5.128E-09 
 5.128E-09 
 5.128E-09 
 5.128E-09 
 5.128E-09 
 1.800E+00 
 1.522E-07 
 1.523E-07 
 1.800E+00 
 9.089E-07 
 6.045E-09 
 6.044E-09 
 6.045E-09 
 6.044E-09 
 6.045E-09 
 1.800E+00 
 2.988E-05 
 7.122E-08 
 1.800E+00 
-5.703E-06 
-5.659E-06 
-5.659E-06 
-5.659E-06 
-5.659E-06 
 1.800E+00 
 5.055E-08 
 9.878E-09 
 9.878E-09 
 9.878E-09 
 1.800E+00 
 5.629E-06 
 5.629E-06 
 1.800E+00 
 2.658E-06 
 1.179E-09 
 1.181E-09 
 1.177E-09 
 1.179E-09 
 1.800E+00 
 1.621E-06 
 5.121E-09 
 5.122E-09 
 5.121E-09 
 1.800E+00 
 1.019E-07 
 7.379E-08 
 1.800E+00 
 1.131E-05 
 1.138E-05 
 1.138E-05 
 1.138E-05 
 1.800E+00 
 2.067E-07 
 2.285E-07 
 2.285E-07 
 2.285E-07 
 1.800E+00 
 4.408E-08 
-3.624E-08 
-3.624E-08 
 1.800E+00 
 5.537E-09 
 9.245E-09 
 9.245E-09 
 1.800E+00 
 1.338E-07 
 1.175E-07 
 1.175E-07 
 1.175E-07 
 1.800E+00 
 1.064E-05 
 1.060E-05 
 1.060E-05 
 1.800E+00 
-1.617E-05 
-1.613E-05 
-1.613E-05 
 1.800E+00 
 3.476E-07 
 2.171E-09 
 2.177E-09 
 1.800E+00 
 3.495E-06 
-8.597E-08 
-8.597E-08 
 1.800E+00 
 1.557E-06 
 6.528E-09 
 6.528E-09 
 6.528E-09 
 1.800E+00 
 5.825E-07 
 5.824E-07 
 1.800E+00 
 4.411E-06 
-5.994E-08 
-5.994E-08 
-5.994E-08 
 1.800E+00 
 1.554E-08 
 1.800E+00 
 3.119E-07 
 5.824E-08 
 5.824E-08 
 5.824E-08 
 5.824E-08 
 1.800E+00 
 1.242E-05 
 1.257E-05 
 1.800E+00 
-1.208E-06 
 8.742E-09 
 8.743E-09 
 1.800E+00 
-2.777E-06 
 3.452E-08 
 3.452E-08 
 1.800E+00 
-3.769E-06 
-3.253E-06 
 1.800E+00 
 5.930E-06 
-1.868E-07 
-1.868E-07 
-1.868E-07 
 1.800E+00 
 1.508E-05 
 1.991E-05 
 1.800E+00 
 2.978E-08 
 6.154E-09 
 1.800E+00 
 3.660E-06 
 3.650E-06 
 3.650E-06 
 3.650E-06 
 1.800E+00 
-1.611E-06 
-1.202E-06 
 1.800E+00 
-9.509E-06 
-9.509E-06 
 1.800E+00 
 1.013E-07 
 6.940E-08 
 6.940E-08 
 1.800E+00 
-5.385E-09 
 1.959E-09 
 1.959E-09 
 1.800E+00 
 1.882E-07 
-1.314E-08 
 1.800E+00 
-8.809E-06 
 2.229E-06 
 2.229E-06 
 1.800E+00 
-1.619E-05 
 1.800E+00 
 1.528E-05 
 1.528E-05 
 1.528E-05 
 1.528E-05 
 1.800E+00 
 2.209E-05 
 1.444E-08 
 1.800E+00 
 2.339E-07 
 1.972E-07 
 1.800E+00 
 3.639E-06 
-1.019E-05 
-1.019E-05 
 1.800E+00 
 3.403E-08 
 1.800E+00 
-1.584E-06 
-1.567E-06 
-1.567E-06 
-1.567E-06 
 1.800E+00 
-9.325E-09 
 1.800E+00 
-3.681E-08 
-1.568E-08 
-1.568E-08 
 1.800E+00 
-3.270E-09 
-5.653E-09 
 1.800E+00 
 2.222E-07 
 9.202E-08 
 1.800E+00 
-4.353E-08 
-5.335E-08 
 1.800E+00 
 6.314E-09 
 8.697E-09 
 8.697E-09 
 1.800E+00 
 9.581E-09 
 1.800E+00 
-1.941E-06 
 1.069E-08 
 1.070E-08 
 1.800E+00 
 9.543E-07 
 1.800E+00 
 3.287E-07 
 2.909E-07 
 2.909E-07 
 2.909E-07 
 1.800E+00 
 1.800E+00 
 3.842E-07 
 3.858E-07 
 3.858E-07 
 1.800E+00 
 1.047E-08 
 9.768E-09 
 1.800E+00 
-7.786E-08 
-9.705E-09 
 1.800E+00 
 4.051E-08 
 4.767E-08 
 1.800E+00 
-3.806E-08 
-7.853E-08 
 1.800E+00 
 7.146E-08 
 1.620E-08 
 1.800E+00 
 1.136E-08 
 3.616E-09 
 1.800E+00 
 1.679E-08 
 1.800E+00 
-2.288E-05 
 2.172E-07 
 2.172E-07 
 1.800E+00 
 1.080E-06 
 1.800E+00 
 1.484E-05 
-2.834E-05 
-2.834E-05 
 1.800E+00 
 1.800E+00 
 3.679E-09 
 1.076E-09 
 1.076E-09 
 1.082E-09 
 1.800E+00 
 1.800E+00 
-1.359E-06 
 1.090E-05 
 1.090E-05 
 1.800E+00 
 3.213E-08 
 1.800E+00 
 2.639E-08 
 2.515E-08 
 1.800E+00 
 8.610E-07 
 8.109E-07 
 1.800E+00 
 1.664E-07 
 1.775E-07 
 1.800E+00 
 7.445E-09 
 1.800E+00 
 6.794E-08 
-1.396E-10 
 1.800E+00 
-5.159E-08 
 1.800E+00 
 1.225E-06 
 5.255E-07 
 5.255E-07 
 1.800E+00 
 1.587E-05 
 1.800E+00 
-6.838E-08 
 1.800E+00 
-1.906E-09 
-1.763E-09 
-1.765E-09 
 1.800E+00 
 1.800E+00 
 5.460E-07 
 5.374E-07 
 5.374E-07 
 1.800E+00 
 3.486E-10 
 1.800E+00 
-3.896E-07 
-2.933E-07 
 1.800E+00 
 2.872E-08 
 1.800E+00 
 2.044E-06 
 1.618E-06 
 1.800E+00 
 4.603E-08 
 1.800E+00 
-2.887E-05 
-8.698E-08 
 1.800E+00 
 5.669E-08 
 1.800E+00 
-5.289E-07 
 9.803E-09 
 1.800E+00 
-1.145E-06 
-1.008E-06 
 1.800E+00 
 1.800E+00 
-1.028E-08 
-1.067E-08 
-1.067E-08 
 1.800E+00 
-2.039E-05 
 1.800E+00 
 5.560E-09 
 1.800E+00 
-7.083E-08 
-7.103E-08 
 1.800E+00 
 1.800E+00 
 1.149E-06 
 5.462E-09 
 5.462E-09 
 1.800E+00 
 2.670E-06 
 1.800E+00 
-2.528E-07 
-1.505E-07 
 1.800E+00 
 1.800E+00 
 4.163E-06 
 1.396E-05 
 1.800E+00 
-4.008E-06 
-4.004E-06 
 1.800E+00 
 1.800E+00 
 1.881E-06 
 2.128E-06 
 2.128E-06 
 1.800E+00 
 1.800E+00 
 8.396E-06 
-8.274E-06 
 1.800E+00 
 5.824E-07 
 1.800E+00 
 7.954E-08 
 7.530E-08 
 1.800E+00 
 1.800E+00 
-9.924E-09 
 4.957E-09 
 1.800E+00 
-2.518E-05 
-2.518E-05 
 1.800E+00 
 1.800E+00 
 5.823E-09 
 6.293E-09 
 1.800E+00 
 1.722E-06 
 1.800E+00 
 1.913E-07 
 1.903E-07 
 1.800E+00 
 1.800E+00 
-7.427E-07 
-1.136E-07 
 1.800E+00 
 9.150E-07 
 1.800E+00 
-1.994E-05 
 1.800E+00 
-3.823E-08 
-1.545E-07 
 1.800E+00 
 1.800E+00 
 1.384E-05 
-2.535E-05 
 1.800E+00 
 1.259E-08 
 1.800E+00 
 2.627E-06 
 1.800E+00 
 7.839E-08 
 4.802E-09 
 1.800E+00 
 1.800E+00 
-1.758E-08 
-3.082E-08 
 1.800E+00 
 1.800E+00 
 2.092E-08 
 2.239E-08 
 2.239E-08 
 1.800E+00 
 1.800E+00 
 1.800E+00 
-4.371E-06 
-4.333E-06 
-4.333E-06 
 1.800E+00 
 1.800E+00 
-2.847E-05 
-2.847E-05 
 1.800E+00 
 1.800E+00 
 4.065E-06 
-3.295E-08 
 1.800E+00 
-1.412E-05 
 1.800E+00 
 1.800E+00 
-6.181E-06 
 6.777E-06 
 1.800E+00 
-2.665E-07 
 1.800E+00 
 1.335E-08 
 1.800E+00 
 1.127E-07 
 1.800E+00 
 3.305E-09 
 1.800E+00 
 3.924E-06 
 1.800E+00 
-7.428E-06 
 1.800E+00 
 6.647E-09 
 5.465E-09 
 1.800E+00 
 1.800E+00 
 1.800E+00 
 9.269E-07 
 3.681E-09 
 3.681E-09 
 1.800E+00 
 1.800E+00 
-7.228E-09 
 1.800E+00 
 1.331E-07 
 1.800E+00 
 2.960E-06 
 1.800E+00 
 6.653E-08 
 1.800E+00 
-1.205E-08 
 1.800E+00 
-5.727E-07 
 1.800E+00 
 7.597E-08 
 1.800E+00 
 5.627E-09 
 1.800E+00 
 7.323E-09 
 1.800E+00 
 1.800E+00 
-8.577E-09 
 5.550E-09 
 1.800E+00 
 1.800E+00 
 1.750E-07 
 6.420E-09 
 1.800E+00 
 1.800E+00 
 6.750E-06 
 6.750E-06 
 1.800E+00 
 1.800E+00 
 6.872E-07 
 1.800E+00 
 8.097E-07 
 1.800E+00 
-4.845E-09 
 1.800E+00 
 1.800E+00 
-6.383E-06 
-6.437E-06 
 1.800E+00 
-2.009E-07 
 1.800E+00 
 1.800E+00 
-1.434E-07 
 1.800E+00 
-4.090E-08 
 1.800E+00 
-9.451E-08 
 1.800E+00 
-4.840E-06 
 1.800E+00 
 7.968E-09 
 1.800E+00 
 1.800E+00 
 4.029E-07 
 1.800E+00 
 7.589E-08 
 1.800E+00 
 2.033E-08 
 1.800E+00 
 1.350E-05 
 1.800E+00 
 3.955E-08 
 1.800E+00 
 1.800E+00 
-8.638E-10 
 1.800E+00 
-1.817E-09 
 1.800E+00 
-2.416E-08 
 1.800E+00 
 1.800E+00 
-8.026E-07 
 3.444E-07 
 1.800E+00 
 1.800E+00 
-7.461E-08 
 1.800E+00 
 2.207E-09 
 1.800E+00 
 1.800E+00 
-1.837E-09 
 1.800E+00 
-4.750E-08 
 1.800E+00 
-3.902E-06 
 1.800E+00 
 1.800E+00 
 2.334E-06 
 2.334E-06 
 1.800E+00 
 1.800E+00 
 1.800E+00 
-1.296E-07 
 5.318E-09 
 1.800E+00 
 1.800E+00 
 1.398E-08 
 1.800E+00 
-1.005E-05 
 1.800E+00 
 1.800E+00 
 2.096E-08 
 1.800E+00 
-6.358E-07 
 1.800E+00 
 1.800E+00 
 1.671E-09 
 1.670E-09 
 1.800E+00 
 1.800E+00 
 1.800E+00 
-1.817E-09 
 1.800E+00 
 3.350E-09 
 1.800E+00 
 1.244E-09 
 1.800E+00 
 2.235E-07 
 1.800E+00 
 1.800E+00 
 1.800E+00 
-1.086E-07 
 9.427E-09 
 1.800E+00 
 1.800E+00 
 1.800E+00 
-1.140E-06 
-1.325E-06 
 1.800E+00 
 1.800E+00 
 4.130E-09 
 1.800E+00 
 1.800E+00 
 7.113E-08 
 1.800E+00 
-2.637E-07 
 1.800E+00 
 1.800E+00 
 1.578E-05 
 1.800E+00 
 1.524E-07 
 1.800E+00 
 1.800E+00 
-8.933E-08 
 1.800E+00 
 1.800E+00 
 2.090E-06 
 1.800E+00 
 3.237E-08 
 1.800E+00 
 1.800E+00 
 9.815E-09 
 1.800E+00 
-4.046E-09 
 1.800E+00 
 1.800E+00 
-3.362E-07 
 1.800E+00 
 1.800E+00 
 7.972E-06 
 1.800E+00 
 8.061E-09 
 1.800E+00 
 1.800E+00 
 2.442E-08 
 1.800E+00 
 1.800E+00 
 8.765E-09 
 1.800E+00 
 4.953E-08 
 1.800E+00 
 1.800E+00 
 1.800E+00 
 7.176E-09 
 9.570E-09 
 1.800E+00 
 1.800E+00 
 1.800E+00 
-2.358E-08 
 1.800E+00 
 1.800E+00 
-5.908E-08 
 4.388E-09 
 1.800E+00 
 1.800E+00 
 1.800E+00 
 1.800E+00 
-3.745E-07 
 1.800E+00 
-6.462E-06 
 1.800E+00 
 3.189E-08 
 1.800E+00 
 1.800E+00 
