#format table ## [Custom WaveView] saved 10:01:01 Wed Oct  7 2026
v(qout) 
 1.800000E+00 
 1.800000E+00 
 1.800000E+00 
 7.072046E-08 
 7.072052E-08 
 7.072052E-08 
 1.800000E+00 
 1.800000E+00 
 1.966281E-08 
 1.800000E+00 
 1.800000E+00 
 9.909178E-09 
 1.014978E-08 
 1.800000E+00 
 1.800000E+00 
-4.617401E-07 
-2.468524E-09 
 1.800000E+00 
-7.460716E-06 
 1.800000E+00 
 1.800001E+00 
 2.722565E-07 
 1.800005E+00 
-5.474139E-06 
-4.853684E-06 
 1.800000E+00 
 1.800000E+00 
-1.050280E-06 
 1.800000E+00 
-1.047410E-07 
 1.800000E+00 
 1.279649E-08 
 1.800000E+00 
 1.789542E-06 
 1.800000E+00 
 9.099311E-09 
 1.800000E+00 
-1.620137E-08 
 1.800000E+00 
 1.800000E+00 
-1.029883E-06 
-2.115922E-05 
 1.800003E+00 
 1.800000E+00 
 4.936090E-07 
 1.800000E+00 
 1.886746E-07 
 7.446260E-09 
 1.800000E+00 
 1.800000E+00 
 1.800000E+00 
 1.437750E-09 
 3.903777E-09 
 1.800000E+00 
 2.811987E-08 
 1.800000E+00 
 1.800000E+00 
 3.657840E-06 
 1.800000E+00 
 4.108591E-07 
 1.800000E+00 
 1.240913E-05 
 1.800000E+00 
-3.349922E-06 
 1.800000E+00 
-2.470759E-06 
 1.800000E+00 
 1.800000E+00 
 4.173007E-07 
 1.800000E+00 
 1.936687E-06 
 1.800000E+00 
 3.201207E-08 
 1.800000E+00 
 7.642704E-07 
 1.800000E+00 
 1.800007E+00 
 2.130908E-06 
 1.800000E+00 
 1.363772E-06 
 1.800000E+00 
 2.580721E-07 
 1.800003E+00 
 7.004730E-09 
 1.800000E+00 
 1.800000E+00 
-2.785264E-07 
 1.800000E+00 
 1.044845E-06 
 1.800000E+00 
-4.923174E-09 
 1.800000E+00 
 1.800000E+00 
 7.851448E-08 
 1.800000E+00 
 1.228911E-08 
 1.800000E+00 
 1.022995E-06 
 1.800000E+00 
 1.800000E+00 
 2.129956E-08 
 1.800000E+00 
-1.062904E-06 
 1.800000E+00 
 1.231980E-05 
 1.800000E+00 
 1.800000E+00 
 3.199630E-07 
 1.800000E+00 
 1.402040E-06 
 1.800000E+00 
 1.225786E-08 
 1.800000E+00 
 1.800000E+00 
 1.799999E+00 
 8.869970E-06 
-3.183684E-05 
 1.800000E+00 
-1.470857E-08 
 1.800000E+00 
 1.800000E+00 
 1.800000E+00 
 4.001167E-08 
 4.004558E-08 
 1.800000E+00 
 1.800000E+00 
 1.799999E+00 
 8.255470E-08 
 7.597375E-08 
 1.800000E+00 
 1.800000E+00 
-1.068549E-08 
 1.800001E+00 
 1.800000E+00 
 7.801444E-08 
 1.799999E+00 
 1.570281E-07 
 1.800000E+00 
 1.800000E+00 
-4.462294E-07 
-4.251670E-07 
 1.800000E+00 
 1.800000E+00 
 1.800000E+00 
 1.800000E+00 
 3.617543E-07 
-2.597335E-05 
 1.800000E+00 
 3.730626E-07 
 1.800000E+00 
 1.800000E+00 
 1.800000E+00 
 7.382369E-08 
 1.800000E+00 
 7.747765E-09 
 1.800003E+00 
-3.963810E-06 
 1.800000E+00 
 1.800000E+00 
 1.800000E+00 
-1.413331E-08 
-1.596986E-08 
 1.800000E+00 
 1.800000E+00 
 1.800000E+00 
-2.055786E-05 
 1.800001E+00 
-3.961823E-07 
 1.799998E+00 
 1.800007E+00 
 6.600294E-07 
 1.800000E+00 
-3.774289E-06 
 1.799999E+00 
 1.799999E+00 
 1.800000E+00 
-1.600828E-08 
-1.678294E-08 
 1.800000E+00 
 1.800000E+00 
 1.800000E+00 
 5.333999E-09 
 1.800000E+00 
 1.800000E+00 
 3.612841E-06 
 1.800000E+00 
-3.652696E-07 
 1.799999E+00 
 1.800000E+00 
 5.002753E-07 
 1.800000E+00 
 2.640580E-08 
 1.800000E+00 
 1.800000E+00 
 1.800000E+00 
 5.011211E-09 
 1.800000E+00 
 1.800000E+00 
 1.179074E-08 
 9.251481E-09 
 1.800007E+00 
 1.800007E+00 
 1.800007E+00 
 1.800000E+00 
 6.447330E-09 
 1.800000E+00 
-5.275056E-06 
 1.800000E+00 
-2.254469E-08 
 1.800000E+00 
 1.800000E+00 
 1.800000E+00 
 1.800001E+00 
 6.980732E-07 
 7.096254E-07 
 1.800000E+00 
 1.800000E+00 
 1.800000E+00 
 1.635149E-06 
 1.800000E+00 
 6.336636E-08 
 1.800000E+00 
 1.800000E+00 
 1.800000E+00 
 7.639362E-09 
 1.800002E+00 
 7.343662E-08 
 1.800000E+00 
 1.800000E+00 
 1.800000E+00 
-1.187247E-07 
 1.800000E+00 
 6.424619E-09 
 1.800000E+00 
 1.800000E+00 
 1.799999E+00 
-2.325692E-06 
 1.800000E+00 
 1.800000E+00 
 4.077208E-07 
 1.800000E+00 
 1.800000E+00 
-9.166198E-09 
 1.799999E+00 
 4.240322E-07 
 1.800000E+00 
 1.800000E+00 
 1.800000E+00 
 1.800000E+00 
 1.547764E-07 
 1.800000E+00 
-1.506770E-06 
 1.800000E+00 
 1.800000E+00 
 1.825499E-06 
 1.800002E+00 
 1.800002E+00 
 1.800000E+00 
 5.296223E-07 
 1.800007E+00 
 1.800000E+00 
-3.069265E-07 
 1.800000E+00 
 1.800006E+00 
 3.998054E-08 
 1.800000E+00 
 1.800000E+00 
 8.783226E-07 
 1.800000E+00 
 1.800000E+00 
 1.800000E+00 
-8.235831E-08 
 1.800000E+00 
 1.800000E+00 
-4.334770E-06 
 1.800000E+00 
 1.800000E+00 
-1.289784E-07 
 1.800000E+00 
 1.799999E+00 
 1.800000E+00 
 8.295772E-09 
 1.800000E+00 
 1.800000E+00 
-3.835663E-08 
 1.800000E+00 
 1.800000E+00 
 9.477730E-07 
 1.800000E+00 
 1.800000E+00 
 1.800000E+00 
-5.947888E-07 
 1.800000E+00 
 1.800000E+00 
 1.800000E+00 
 4.245869E-06 
 1.800000E+00 
-1.323150E-05 
 1.800000E+00 
 1.800000E+00 
 1.800000E+00 
 1.800000E+00 
 6.139760E-07 
 1.800000E+00 
 1.800000E+00 
 5.196443E-10 
 1.800000E+00 
 1.800000E+00 
 1.800000E+00 
 4.388519E-07 
 1.800000E+00 
 1.800000E+00 
-4.727525E-07 
 1.800000E+00 
 1.800000E+00 
 1.800000E+00 
 1.422759E-07 
 1.800000E+00 
 1.800000E+00 
 1.911568E-06 
 1.800000E+00 
 1.800000E+00 
 1.800000E+00 
 1.800000E+00 
 6.925044E-07 
 1.800000E+00 
 1.130784E-08 
 1.800000E+00 
 1.800000E+00 
 1.800000E+00 
 1.800000E+00 
 1.800000E+00 
-3.745456E-07 
 5.478552E-09 
 1.800000E+00 
 1.800000E+00 
 1.800000E+00 
 1.800000E+00 
 1.800000E+00 
 1.800000E+00 
-1.725764E-07 
-1.654939E-07 
 1.800000E+00 
 1.800000E+00 
 1.800000E+00 
 1.800000E+00 
 1.800000E+00 
 7.137609E-08 
 1.800000E+00 
 1.800000E+00 
-3.852611E-07 
 1.800000E+00 
 1.800000E+00 
 1.800000E+00 
 3.770966E-08 
 1.800000E+00 
 1.800000E+00 
 1.800000E+00 
 1.800000E+00 
 9.052307E-09 
 1.800000E+00 
-2.795168E-07 
 1.800000E+00 
 1.800000E+00 
 1.800000E+00 
 1.800000E+00 
 1.800000E+00 
 1.800000E+00 
 2.325739E-06 
 4.580766E-09 
 1.800000E+00 
 1.800000E+00 
 1.800000E+00 
 1.800000E+00 
 1.800000E+00 
 1.800000E+00 
 6.149687E-08 
 1.800000E+00 
 3.542226E-08 
 1.800000E+00 
 1.800000E+00 
 1.800000E+00 
 1.800000E+00 
 1.800000E+00 
 1.112116E-07 
 1.800000E+00 
 1.800001E+00 
 1.799997E+00 
 1.384168E-08 
 1.800000E+00 
 1.799999E+00 
-5.655754E-06 
 1.800000E+00 
 1.800000E+00 
 1.800000E+00 
 1.800000E+00 
 1.800000E+00 
-1.396625E-06 
 1.800000E+00 
 1.800000E+00 
 1.800000E+00 
 7.455882E-09 
 1.800001E+00 
 1.800001E+00 
 1.800000E+00 
 1.800000E+00 
 1.100278E-07 
 1.800001E+00 
 1.800000E+00 
-5.117034E-07 
 1.799999E+00 
 1.799999E+00 
 1.799999E+00 
 1.799999E+00 
 1.800000E+00 
 8.908434E-09 
 1.800000E+00 
 1.800000E+00 
 1.800000E+00 
 1.800000E+00 
 7.372160E-09 
 1.800000E+00 
 1.800000E+00 
 1.090178E-05 
 1.800000E+00 
 1.800000E+00 
 1.800000E+00 
 1.800000E+00 
 1.800000E+00 
 1.800000E+00 
-2.277280E-08 
 1.800000E+00 
 1.800002E+00 
 6.201280E-09 
 1.800000E+00 
 1.800000E+00 
 1.800000E+00 
 1.800000E+00 
 1.800000E+00 
-1.955796E-08 
 1.800000E+00 
 1.800000E+00 
 1.800000E+00 
 1.800000E+00 
 4.491547E-06 
 1.800000E+00 
 1.800000E+00 
 1.799999E+00 
 2.380703E-06 
 1.800000E+00 
 1.800000E+00 
 1.800000E+00 
 1.800000E+00 
 1.800000E+00 
 1.800007E+00 
-1.658013E-07 
 1.800000E+00 
 1.800000E+00 
-8.857662E-08 
 1.800000E+00 
 1.800000E+00 
 1.800000E+00 
 1.800000E+00 
 1.800000E+00 
 1.800000E+00 
 6.286273E-09 
 1.800000E+00 
 1.800000E+00 
 1.800000E+00 
 3.995731E-06 
 1.800000E+00 
 1.800000E+00 
 1.800000E+00 
 1.800000E+00 
 1.800000E+00 
 1.800000E+00 
-2.592636E-06 
 1.800000E+00 
 1.799999E+00 
 1.800000E+00 
 9.804160E-07 
 1.800000E+00 
 1.800000E+00 
 1.800000E+00 
 1.800000E+00 
 1.800000E+00 
-4.834953E-07 
 1.800000E+00 
 1.800000E+00 
 1.800000E+00 
 1.800000E+00 
 1.800000E+00 
 2.431522E-08 
 1.800001E+00 
 1.800001E+00 
 1.800001E+00 
 1.800000E+00 
-6.384384E-07 
 1.800000E+00 
 1.800000E+00 
 1.800000E+00 
 1.800000E+00 
 1.800000E+00 
 1.800000E+00 
 2.369960E-09 
 1.800000E+00 
 1.800000E+00 
 1.800000E+00 
 1.800002E+00 
-5.012714E-07 
 1.800004E+00 
 1.800004E+00 
 1.800004E+00 
 1.800000E+00 
 1.800000E+00 
-1.712623E-06 
 1.800001E+00 
 1.800001E+00 
 1.800001E+00 
 1.800001E+00 
 1.800000E+00 
-2.913734E-08 
 1.800000E+00 
 1.800000E+00 
 1.800000E+00 
 1.800000E+00 
 1.800000E+00 
 1.800000E+00 
 2.865432E-08 
 1.800000E+00 
 1.800000E+00 
 1.799997E+00 
 1.800000E+00 
 2.597151E-06 
 1.800000E+00 
 1.800000E+00 
 1.800000E+00 
 1.800000E+00 
 1.800000E+00 
 1.800000E+00 
 6.641994E-09 
 1.800000E+00 
 1.800000E+00 
 1.800000E+00 
 1.800000E+00 
 1.800000E+00 
 1.799999E+00 
-7.499824E-08 
 1.800000E+00 
 1.800000E+00 
 1.800000E+00 
 1.800000E+00 
 9.020663E-07 
 1.800000E+00 
 1.800000E+00 
 1.800000E+00 
 1.800000E+00 
 1.800000E+00 
 1.800000E+00 
 1.800000E+00 
 1.800000E+00 
 8.767131E-09 
 1.799999E+00 
 1.800000E+00 
 1.800000E+00 
 1.251252E-07 
 1.800000E+00 
 1.800000E+00 
 1.800000E+00 
 1.800000E+00 
 1.800000E+00 
 1.800000E+00 
 1.800000E+00 
 1.800000E+00 
 1.800001E+00 
 3.235314E-10 
 1.800000E+00 
 1.800000E+00 
 1.800000E+00 
-1.672470E-09 
 1.800000E+00 
 1.800000E+00 
 1.800000E+00 
 1.800000E+00 
 1.800000E+00 
 1.800000E+00 
 1.800000E+00 
 1.800000E+00 
 1.800001E+00 
 3.205358E-09 
 1.800000E+00 
 1.800000E+00 
 1.800000E+00 
 1.800000E+00 
 5.920817E-09 
 1.800000E+00 
 1.800000E+00 
 1.800000E+00 
 1.800000E+00 
 1.800000E+00 
 1.800000E+00 
 1.800000E+00 
 1.800000E+00 
-1.831769E-07 
 1.800000E+00 
 1.800000E+00 
 1.800000E+00 
 1.800000E+00 
 1.800000E+00 
-6.877592E-08 
 1.800000E+00 
 1.800000E+00 
 1.800000E+00 
 1.800000E+00 
 1.800000E+00 
 1.800000E+00 
 1.800000E+00 
 1.800000E+00 
 3.764289E-07 
 1.800000E+00 
 1.800000E+00 
 1.800000E+00 
 1.800000E+00 
 1.800000E+00 
 1.800000E+00 
-1.594684E-06 
 1.800000E+00 
 1.800000E+00 
 1.800000E+00 
 1.800000E+00 
 1.800000E+00 
 1.800000E+00 
 1.800000E+00 
 1.800000E+00 
-1.025129E-08 
 1.800000E+00 
 1.800000E+00 
 1.800000E+00 
 1.800000E+00 
 1.800000E+00 
 6.718319E-09 
 1.800000E+00 
 1.800000E+00 
 1.800000E+00 
 1.800000E+00 
 1.800000E+00 
 1.800000E+00 
 1.800000E+00 
 1.800000E+00 
 1.800000E+00 
 1.800000E+00 
 6.660810E-09 
 1.800000E+00 
 1.800000E+00 
 1.800000E+00 
 1.800000E+00 
 2.794734E-08 
 1.800000E+00 
 1.800000E+00 
 1.800000E+00 
 1.800000E+00 
 1.800000E+00 
 1.800000E+00 
 1.800000E+00 
 1.800000E+00 
 1.800000E+00 
 1.800000E+00 
 1.800000E+00 
-2.955202E-07 
 1.800000E+00 
 1.800000E+00 
 1.800000E+00 
 1.800000E+00 
 1.800000E+00 
 4.004325E-06 
 1.800000E+00 
 1.800000E+00 
 1.800000E+00 
 1.800000E+00 
 1.800000E+00 
 1.800000E+00 
 1.800000E+00 
 1.800000E+00 
 1.800000E+00 
-3.940583E-08 
 1.800000E+00 
 1.800000E+00 
 1.800000E+00 
 1.800000E+00 
 1.800000E+00 
 1.800000E+00 
 1.800000E+00 
 1.800000E+00 
 6.072848E-07 
 1.800000E+00 
 1.800000E+00 
 1.800000E+00 
 1.800000E+00 
 1.800000E+00 
 1.800000E+00 
 1.800007E+00 
-5.245443E-07 
 1.800003E+00 
 1.800003E+00 
 1.800003E+00 
 1.800003E+00 
 1.800003E+00 
 1.800003E+00 
 1.800003E+00 
 1.800003E+00 
 1.800000E+00 
 9.562688E-09 
 1.800002E+00 
 1.800002E+00 
 1.800002E+00 
 1.800002E+00 
 1.800002E+00 
 1.800002E+00 
 1.800002E+00 
 1.800000E+00 
-3.167273E-06 
 1.800000E+00 
 1.800000E+00 
 1.800000E+00 
 1.800000E+00 
 1.800000E+00 
 1.800000E+00 
 1.800000E+00 
 1.800000E+00 
 1.800000E+00 
 5.661744E-08 
 1.800000E+00 
 1.800000E+00 
 1.800000E+00 
 1.800000E+00 
 1.800000E+00 
 1.800000E+00 
 1.800000E+00 
 7.367360E-09 
 1.800000E+00 
 1.800000E+00 
 1.800000E+00 
 1.800000E+00 
 1.800000E+00 
 1.800000E+00 
 1.800000E+00 
 1.800000E+00 
 1.800000E+00 
 1.800000E+00 
 1.800000E+00 
-1.465977E-08 
 1.800000E+00 
 1.800000E+00 
 1.800000E+00 
 1.800000E+00 
 1.800000E+00 
 1.800000E+00 
 6.133547E-09 
 1.800000E+00 
 1.800000E+00 
 1.800000E+00 
 1.800000E+00 
 1.800000E+00 
 1.800000E+00 
 1.800000E+00 
 1.800000E+00 
 1.800000E+00 
 1.800000E+00 
 1.800000E+00 
 1.800000E+00 
 1.828972E-07 
 1.800000E+00 
 1.800000E+00 
 1.800000E+00 
 1.800000E+00 
 1.800000E+00 
-1.333963E-05 
 1.800000E+00 
 1.800000E+00 
 1.800000E+00 
 1.800000E+00 
 1.800000E+00 
 1.800000E+00 
 1.800000E+00 
 1.800000E+00 
 1.800000E+00 
 1.800000E+00 
 1.800000E+00 
 1.800000E+00 
 1.800000E+00 
 1.949812E-07 
 1.800000E+00 
 1.800000E+00 
 1.800000E+00 
 1.800000E+00 
 1.800000E+00 
-2.076212E-07 
 1.800000E+00 
 1.800000E+00 
 1.800000E+00 
 1.800000E+00 
 1.800000E+00 
 1.800000E+00 
 1.800000E+00 
 1.800000E+00 
 1.800000E+00 
 1.800000E+00 
 1.800000E+00 
 1.800000E+00 
 1.800000E+00 
 2.556268E-08 
 1.800000E+00 
 1.800000E+00 
 1.800000E+00 
 1.800000E+00 
 1.800000E+00 
 1.800000E+00 
 2.489308E-06 
 1.800000E+00 
 1.800000E+00 
 1.800000E+00 
 1.800000E+00 
 1.800000E+00 
 1.800000E+00 
 1.800000E+00 
 1.800000E+00 
 1.800000E+00 
 1.800000E+00 
 1.799999E+00 
 6.093559E-09 
 1.800000E+00 
 1.800000E+00 
 1.800000E+00 
 1.800000E+00 
 1.800000E+00 
 1.800000E+00 
 1.799999E+00 
-2.941191E-08 
 1.800007E+00 
 1.800007E+00 
 1.800007E+00 
 1.800007E+00 
 1.800007E+00 
 1.800007E+00 
 1.800007E+00 
 1.800007E+00 
 1.800007E+00 
 1.800007E+00 
 1.800007E+00 
 1.800000E+00 
 3.112114E-06 
 1.800000E+00 
 1.800000E+00 
 1.800000E+00 
 1.800007E+00 
 1.799998E+00 
 2.011317E-06 
 1.800007E+00 
 1.800007E+00 
 1.800007E+00 
 1.800007E+00 
 1.800007E+00 
 1.800007E+00 
 1.800007E+00 
 1.800007E+00 
 1.800007E+00 
 1.800007E+00 
 1.800007E+00 
 1.800007E+00 
 1.800007E+00 
 1.800000E+00 
-2.516791E-08 
 1.800000E+00 
 1.800000E+00 
 1.800000E+00 
-3.821460E-09 
 1.800000E+00 
 1.800000E+00 
 1.800000E+00 
 1.800000E+00 
 1.800000E+00 
 1.800000E+00 
 1.800000E+00 
 1.800000E+00 
 1.800000E+00 
 1.800000E+00 
 1.800000E+00 
 1.800000E+00 
 1.800000E+00 
 1.800000E+00 
 1.800000E+00 
 3.560936E-08 
 1.800000E+00 
 1.800000E+00 
 1.800000E+00 
 1.800000E+00 
-1.306075E-06 
 1.800000E+00 
 1.800000E+00 
 1.800000E+00 
 1.800000E+00 
 1.800000E+00 
 1.800000E+00 
 1.800000E+00 
 1.800000E+00 
 1.800000E+00 
 1.800000E+00 
 1.800000E+00 
 1.800000E+00 
 2.857602E-09 
 1.800000E+00 
 1.800000E+00 
 1.800000E+00 
 1.799999E+00 
 1.800000E+00 
 1.800000E+00 
 1.896458E-07 
 1.800000E+00 
 1.800000E+00 
 1.800000E+00 
 1.800000E+00 
 1.800000E+00 
 1.800000E+00 
 1.800000E+00 
 1.800000E+00 
 1.800001E+00 
 1.800000E+00 
 3.544197E-09 
 1.800000E+00 
 1.800000E+00 
 1.800000E+00 
 1.800000E+00 
 1.799999E+00 
 1.800007E+00 
 7.172795E-09 
 1.800000E+00 
 1.800000E+00 
 1.800000E+00 
 1.800000E+00 
 1.800000E+00 
 1.800000E+00 
 1.800000E+00 
 1.800000E+00 
 1.800000E+00 
 1.800000E+00 
 1.800000E+00 
-6.131784E-08 
 1.800000E+00 
 1.800000E+00 
 1.800000E+00 
 1.800000E+00 
 1.800000E+00 
 1.800007E+00 
 9.946254E-08 
 1.800000E+00 
 1.800000E+00 
 1.800000E+00 
 1.800000E+00 
 1.800000E+00 
 1.800000E+00 
 1.800000E+00 
 1.800000E+00 
 2.974220E-07 
 1.800000E+00 
 1.800000E+00 
 1.800000E+00 
 1.800000E+00 
 1.800000E+00 
 1.800000E+00 
 1.800000E+00 
 1.800000E+00 
 1.800000E+00 
 6.965410E-09 
 1.800000E+00 
 1.800000E+00 
 1.800000E+00 
 1.800000E+00 
 1.800000E+00 
 1.800003E+00 
-2.272304E-07 
 1.800000E+00 
 1.800000E+00 
 1.800000E+00 
 1.800000E+00 
 1.800000E+00 
 1.800000E+00 
 1.800000E+00 
 1.800000E+00 
 1.359802E-08 
 1.800000E+00 
 1.800000E+00 
 1.800000E+00 
 1.800000E+00 
 1.800000E+00 
 1.800000E+00 
 1.800000E+00 
 1.800000E+00 
-8.319196E-07 
 1.800000E+00 
 1.800000E+00 
 1.800000E+00 
 1.800000E+00 
 1.800000E+00 
 1.800000E+00 
-6.669408E-09 
 1.800000E+00 
 1.800000E+00 
 1.800000E+00 
 1.800000E+00 
 1.800000E+00 
 1.800000E+00 
 1.800000E+00 
 1.799999E+00 
 6.894499E-09 
 1.800000E+00 
 1.800000E+00 
 1.800000E+00 
 1.800000E+00 
 1.800001E+00 
 1.800000E+00 
-1.897572E-06 
 1.800000E+00 
 1.800000E+00 
 1.800000E+00 
 1.800000E+00 
 1.800000E+00 
 1.800000E+00 
 1.800000E+00 
-5.214891E-09 
 1.800000E+00 
 1.800000E+00 
 1.800000E+00 
 1.800000E+00 
 1.800000E+00 
 1.800000E+00 
 1.799999E+00 
 3.434776E-06 
 1.800000E+00 
 1.800000E+00 
 1.800000E+00 
 1.800000E+00 
 1.800000E+00 
 1.800000E+00 
-6.950596E-07 
 1.800000E+00 
 1.800000E+00 
 1.800000E+00 
 1.800000E+00 
 1.800000E+00 
 1.800000E+00 
-2.798096E-07 
 1.800000E+00 
 1.800000E+00 
 1.800000E+00 
 1.800000E+00 
 1.800000E+00 
 1.800000E+00 
 1.800000E+00 
-2.242053E-05 
 1.800000E+00 
 1.800000E+00 
 1.800000E+00 
 1.800000E+00 
 1.799999E+00 
 1.800000E+00 
 1.538116E-08 
 1.800000E+00 
 1.800000E+00 
 1.800000E+00 
 1.800000E+00 
 1.800000E+00 
-8.572220E-09 
 1.800000E+00 
 1.800000E+00 
 1.800000E+00 
 1.800000E+00 
 1.800000E+00 
 1.800000E+00 
 1.800000E+00 
 7.110648E-08 
 1.800000E+00 
 1.800000E+00 
 1.800000E+00 
 1.800000E+00 
 1.800000E+00 
 7.778493E-09 
 1.800002E+00 
 1.800003E+00 
 1.800003E+00 
 1.800003E+00 
 1.800003E+00 
 1.800000E+00 
-1.936695E-05 
 1.800000E+00 
 1.800000E+00 
 1.800000E+00 
 1.800000E+00 
 1.800000E+00 
 1.800000E+00 
 1.272429E-07 
 1.800000E+00 
 1.800000E+00 
 1.800000E+00 
 1.800000E+00 
 8.196694E-09 
 1.800000E+00 
 1.800000E+00 
 1.800000E+00 
 1.800000E+00 
 1.800000E+00 
 1.800000E+00 
 1.800000E+00 
-1.552772E-08 
 1.800000E+00 
 1.800000E+00 
 1.800000E+00 
 1.800000E+00 
-4.805316E-07 
 1.800000E+00 
 1.800000E+00 
 1.800000E+00 
 1.800000E+00 
 1.800000E+00 
 4.490338E-08 
 1.800000E+00 
 1.800000E+00 
 1.800000E+00 
 1.800000E+00 
 1.800000E+00 
 1.800000E+00 
-8.644388E-08 
 1.800000E+00 
 1.800000E+00 
 1.800000E+00 
 1.800000E+00 
 3.331668E-08 
 1.800000E+00 
 1.800000E+00 
 1.800000E+00 
 1.800000E+00 
 1.800000E+00 
 1.800000E+00 
-1.688022E-05 
 1.800000E+00 
 1.800000E+00 
 1.800003E+00 
 1.800000E+00 
-2.216195E-07 
 1.799998E+00 
 1.799998E+00 
 1.800000E+00 
 1.800000E+00 
-1.495319E-05 
 1.800000E+00 
 1.800000E+00 
 1.800000E+00 
 1.800000E+00 
 1.800000E+00 
 1.800000E+00 
 6.604575E-06 
 1.800000E+00 
 1.800000E+00 
 1.800000E+00 
 1.800000E+00 
 4.175151E-06 
 1.800000E+00 
 1.800000E+00 
 1.800007E+00 
 1.800000E+00 
 2.080634E-07 
 1.800000E+00 
 1.800000E+00 
 1.800000E+00 
 1.800000E+00 
 1.800000E+00 
-6.136301E-07 
 1.800000E+00 
 1.800000E+00 
 1.800000E+00 
 1.304188E-08 
 1.800000E+00 
 1.800000E+00 
 1.800000E+00 
 1.800000E+00 
 1.800000E+00 
 1.800001E+00 
 1.092520E-06 
 1.800000E+00 
 1.800001E+00 
 2.852600E-09 
 1.800000E+00 
 1.800000E+00 
 1.800000E+00 
 1.800000E+00 
 1.800000E+00 
 1.800000E+00 
-7.117505E-06 
 1.800000E+00 
 1.800000E+00 
 1.800000E+00 
 1.800000E+00 
 1.715086E-06 
 1.800000E+00 
 1.800000E+00 
 8.268586E-09 
 1.800002E+00 
 1.800002E+00 
 1.800002E+00 
 1.800002E+00 
 1.800002E+00 
 1.800004E+00 
 3.750879E-07 
 1.800002E+00 
 1.800001E+00 
 1.800000E+00 
 6.831605E-09 
 1.800000E+00 
 1.800000E+00 
 1.800000E+00 
-2.405030E-10 
 1.800000E+00 
 1.800000E+00 
 1.800000E+00 
 1.800000E+00 
 1.800000E+00 
 4.130058E-07 
 1.800000E+00 
 1.800000E+00 
 1.800000E+00 
 1.680549E-06 
 1.800000E+00 
 1.800000E+00 
 1.800000E+00 
 1.800000E+00 
 4.978623E-09 
 1.800000E+00 
 1.800000E+00 
 1.800000E+00 
 4.534320E-06 
 1.800000E+00 
 1.800000E+00 
 1.800000E+00 
 1.800000E+00 
 5.805312E-09 
 1.800000E+00 
 1.800000E+00 
 1.800000E+00 
-1.470385E-05 
 1.800000E+00 
 1.800000E+00 
 1.800000E+00 
 1.800000E+00 
 4.666702E-06 
 1.800000E+00 
 1.800000E+00 
 1.800000E+00 
 7.145741E-06 
 1.800000E+00 
 1.800000E+00 
 1.800000E+00 
-2.088513E-07 
 1.800000E+00 
 1.800000E+00 
 1.800000E+00 
 1.800000E+00 
-9.032261E-07 
 1.800002E+00 
 1.800000E+00 
 1.800000E+00 
-1.172255E-08 
 1.800000E+00 
 1.800000E+00 
 9.217360E-09 
 1.800000E+00 
 1.800000E+00 
 1.800000E+00 
 1.800000E+00 
 1.800000E+00 
 9.795406E-06 
 1.800000E+00 
 1.799998E+00 
 1.127923E-05 
 1.800000E+00 
 1.800000E+00 
 1.800000E+00 
 7.571877E-08 
 1.800000E+00 
 1.800000E+00 
 1.800000E+00 
 1.800000E+00 
 2.022127E-05 
 1.800004E+00 
 1.800000E+00 
 4.398368E-08 
 1.800000E+00 
 1.800000E+00 
 1.800000E+00 
 1.937746E-07 
 1.800000E+00 
 1.800000E+00 
 1.800000E+00 
-1.145921E-05 
 1.800000E+00 
 1.800000E+00 
 1.800000E+00 
 3.927040E-09 
 1.800000E+00 
 1.800000E+00 
 1.800000E+00 
-2.911084E-05 
 1.800000E+00 
 1.800000E+00 
 1.800000E+00 
 7.365584E-06 
 1.800000E+00 
 1.800000E+00 
-2.020832E-06 
 1.800000E+00 
 1.800000E+00 
 1.800000E+00 
 1.800000E+00 
 8.805419E-09 
 1.800000E+00 
 1.398490E-07 
 1.800000E+00 
 1.800000E+00 
 1.800000E+00 
 1.800000E+00 
-1.226437E-08 
 1.800000E+00 
 1.800006E+00 
-4.482704E-07 
 1.800000E+00 
 1.800000E+00 
 1.800007E+00 
 8.161913E-07 
 1.799999E+00 
 1.800000E+00 
-6.355030E-07 
 1.799999E+00 
 1.800000E+00 
 1.800007E+00 
-7.189530E-07 
 1.800000E+00 
 1.800000E+00 
-2.256165E-08 
 1.800000E+00 
 1.800000E+00 
 1.800000E+00 
 4.361028E-09 
 1.800000E+00 
 1.800000E+00 
 3.721220E-08 
 1.800000E+00 
 1.800000E+00 
 1.800000E+00 
-9.026422E-07 
 1.800000E+00 
 1.800000E+00 
 3.760292E-09 
 1.800000E+00 
 1.800000E+00 
 1.800000E+00 
 9.561874E-09 
 1.800000E+00 
 1.800000E+00 
 7.415563E-06 
 1.800000E+00 
 1.800000E+00 
-1.507504E-07 
 1.800000E+00 
 1.800000E+00 
 1.800000E+00 
 4.633583E-08 
 1.800003E+00 
 1.866675E-05 
 1.799999E+00 
 1.799999E+00 
 1.799999E+00 
 1.800001E+00 
-1.707767E-07 
 1.800000E+00 
 8.588615E-07 
 1.800000E+00 
 1.799999E+00 
 1.800000E+00 
 4.576253E-08 
 1.800000E+00 
 2.258237E-07 
 1.800000E+00 
 1.800000E+00 
 1.800000E+00 
 1.253829E-08 
 1.800001E+00 
 1.800000E+00 
 1.800006E+00 
 1.846930E-06 
 1.616226E-06 
 1.800000E+00 
 1.800000E+00 
 1.800000E+00 
 1.800000E+00 
 4.169010E-07 
 1.799998E+00 
 6.022515E-08 
 1.799999E+00 
 1.799999E+00 
 1.800000E+00 
 2.013957E-08 
 1.800002E+00 
 2.488161E-07 
 1.799999E+00 
 1.800000E+00 
 1.800004E+00 
 1.284647E-05 
 1.800000E+00 
 2.926629E-06 
 1.800000E+00 
 1.800000E+00 
 1.800000E+00 
 9.106127E-08 
 1.800000E+00 
 4.770954E-07 
 1.799999E+00 
 1.799999E+00 
 1.800000E+00 
 1.328891E-09 
 1.800000E+00 
-9.035990E-09 
 1.800000E+00 
 1.800007E+00 
-8.030350E-06 
 1.800000E+00 
 1.800000E+00 
 1.800000E+00 
 3.197878E-08 
-3.879869E-07 
 1.800000E+00 
 1.800000E+00 
 1.800000E+00 
 1.800003E+00 
 7.379715E-07 
 1.136601E-06 
 1.800000E+00 
 1.800000E+00 
 1.800006E+00 
-6.189378E-08 
 1.800000E+00 
-9.094577E-07 
 1.799999E+00 
 1.800000E+00 
 1.800000E+00 
 3.911779E-08 
 3.898818E-08 
 1.800000E+00 
 1.800000E+00 
 1.800000E+00 
 9.924770E-09 
 1.800000E+00 
 1.800000E+00 
-2.128939E-05 
 1.800000E+00 
-2.130693E-09 
 1.800000E+00 
 1.800010E+00 
 8.563726E-09 
 1.800000E+00 
 1.800000E+00 
 1.893294E-07 
 1.800000E+00 
-7.095801E-08 
 1.800000E+00 
 1.800000E+00 
 4.198617E-07 
 1.800000E+00 
 1.800000E+00 
 4.562825E-06 
 1.800000E+00 
 3.824020E-07 
 1.799999E+00 
 1.800000E+00 
 5.425509E-08 
 1.799999E+00 
 1.800000E+00 
 4.219218E-08 
 1.800000E+00 
 1.357898E-07 
 1.800000E+00 
 1.800000E+00 
-1.141245E-07 
 1.800000E+00 
 2.459146E-06 
 1.800002E+00 
 1.800000E+00 
 8.193438E-09 
 1.800000E+00 
 1.800000E+00 
-2.424762E-07 
 1.800000E+00 
 3.244060E-08 
 1.800000E+00 
 1.800000E+00 
 1.079522E-05 
-3.901657E-08 
 1.800000E+00 
 1.800000E+00 
 1.800000E+00 
 1.800000E+00 
 1.217234E-06 
 7.340646E-07 
 1.800000E+00 
 2.468150E-07 
 1.800007E+00 
 1.800007E+00 
 1.800000E+00 
 3.864425E-08 
 3.865746E-08 
 1.800000E+00 
 1.800002E+00 
-2.890723E-09 
 1.800000E+00 
 1.800000E+00 
 1.375785E-08 
 1.800000E+00 
 1.106105E-08 
 1.800000E+00 
 3.059847E-08 
 1.800000E+00 
 1.800000E+00 
 1.135272E-08 
 1.800000E+00 
 1.751379E-08 
 1.800000E+00 
 1.800007E+00 
 2.718273E-07 
 1.800000E+00 
 7.393917E-07 
 1.800000E+00 
 9.526037E-08 
 1.800000E+00 
 1.800000E+00 
 1.981184E-06 
 1.800000E+00 
 8.340998E-08 
 1.800000E+00 
 1.800000E+00 
-1.308808E-07 
-2.511716E-08 
 1.800000E+00 
 1.800000E+00 
 1.800000E+00 
 1.535759E-08 
 5.730756E-09 
 1.800000E+00 
 8.917421E-07 
 1.800000E+00 
 1.800000E+00 
 1.800000E+00 
-2.437457E-07 
-3.388497E-07 
 1.800000E+00 
 9.852256E-09 
 1.800000E+00 
 1.800000E+00 
 1.161923E-08 
 1.799999E+00 
 1.800000E+00 
 1.728561E-09 
 1.003174E-09 
 1.800000E+00 
 6.288426E-09 
 1.800007E+00 
 1.800000E+00 
-4.612512E-08 
 1.800000E+00 
 1.409403E-08 
 1.800000E+00 
 1.800006E+00 
 1.433657E-06 
 6.946954E-07 
 1.800000E+00 
 1.800000E+00 
-4.324789E-07 
-4.948783E-08 
 1.800000E+00 
 1.800000E+00 
 1.800000E+00 
 1.252262E-05 
 1.254294E-05 
 1.800000E+00 
-4.417844E-07 
 1.800000E+00 
 1.800003E+00 
-9.498116E-07 
-1.431777E-06 
 1.800000E+00 
 1.800000E+00 
-2.181732E-08 
 1.800000E+00 
-2.624163E-07 
 1.800007E+00 
 1.800000E+00 
-8.887933E-07 
-8.872489E-07 
 1.800000E+00 
 1.836548E-07 
 1.800006E+00 
 1.800000E+00 
-5.610079E-09 
 5.053749E-09 
 1.800000E+00 
 1.800000E+00 
-4.907911E-09 
 7.108002E-09 
 1.799999E+00 
 1.799999E+00 
-4.871837E-08 
 1.799999E+00 
 4.926187E-07 
 1.800000E+00 
 1.259567E-08 
 1.800000E+00 
-2.357478E-07 
 1.800000E+00 
 8.531993E-07 
 1.800006E+00 
 9.050910E-09 
 1.800000E+00 
 1.800000E+00 
 4.805462E-08 
 5.371413E-08 
 1.800000E+00 
 5.811227E-09 
 1.800000E+00 
-6.963743E-08 
 1.800000E+00 
 1.800000E+00 
-9.953320E-07 
-1.004220E-06 
 1.800000E+00 
-2.732912E-06 
 1.800000E+00 
-4.162962E-08 
 1.800000E+00 
 1.800000E+00 
-2.538805E-09 
 5.290365E-09 
 1.800000E+00 
 1.034352E-07 
 1.800000E+00 
 8.199673E-08 
 1.800001E+00 
-1.004484E-08 
 1.800003E+00 
-1.458992E-06 
 1.800000E+00 
 1.800003E+00 
 1.460999E-06 
 6.636086E-09 
 6.635442E-09 
 1.799999E+00 
 1.799999E+00 
 2.527091E-08 
 1.800007E+00 
-1.314647E-08 
 1.800000E+00 
-7.643249E-08 
 1.800000E+00 
-4.479805E-05 
-1.713629E-06 
 1.800000E+00 
 1.800006E+00 
 4.973417E-07 
-6.344259E-08 
 1.800000E+00 
 2.255538E-08 
 1.800000E+00 
 1.800000E+00 
 3.674293E-08 
 1.503520E-07 
 1.503523E-07 
 1.800000E+00 
 1.800000E+00 
-3.984239E-06 
 1.800000E+00 
 8.900828E-10 
 1.800000E+00 
 7.362180E-08 
 6.947431E-08 
 1.800000E+00 
 1.800000E+00 
 1.052132E-06 
 7.436425E-09 
 1.800000E+00 
 5.783104E-09 
 1.800000E+00 
 1.303715E-07 
 1.289975E-07 
 1.800000E+00 
 1.800000E+00 
 1.447962E-07 
 4.847464E-09 
 1.800000E+00 
 2.581724E-08 
 1.800000E+00 
-2.348352E-06 
 1.800000E+00 
-7.175442E-07 
 1.800000E+00 
-6.603219E-07 
-6.880085E-07 
 1.800000E+00 
 1.800003E+00 
 4.081521E-05 
-4.759464E-06 
-4.759465E-06 
 1.799996E+00 
 1.800000E+00 
 4.941248E-06 
-2.911479E-07 
 1.799999E+00 
 1.800006E+00 
 1.174982E-07 
 8.817573E-08 
 8.817340E-08 
 1.800000E+00 
 1.800000E+00 
 6.890440E-09 
 1.001878E-08 
 1.800000E+00 
 1.218293E-08 
 1.800000E+00 
 1.364305E-09 
 1.010115E-08 
 1.800000E+00 
 1.800000E+00 
 1.396171E-07 
 1.211155E-07 
 1.800000E+00 
 9.871714E-09 
 5.839418E-09 
 1.800000E+00 
 7.382923E-09 
 1.800007E+00 
-2.480861E-07 
 1.799999E+00 
-1.760466E-05 
-1.760349E-05 
 1.800007E+00 
 1.800000E+00 
 1.280948E-07 
 3.973608E-08 
 3.973604E-08 
 1.800000E+00 
 4.224771E-09 
 1.800000E+00 
 3.608152E-08 
 1.799998E+00 
 2.023973E-06 
 1.855212E-06 
 1.800000E+00 
 5.040353E-07 
 1.800000E+00 
 1.259876E-07 
 6.419134E-08 
 1.800000E+00 
 8.826391E-09 
 1.800000E+00 
-9.854843E-08 
 1.800000E+00 
-1.055553E-05 
-1.058108E-05 
-1.058108E-05 
 1.800000E+00 
 1.800000E+00 
-5.444463E-09 
-1.066485E-08 
 1.800000E+00 
-3.346442E-07 
-2.510960E-08 
 1.800000E+00 
-1.369990E-05 
 1.800000E+00 
 3.272993E-08 
 8.836334E-09 
 1.800000E+00 
 3.724631E-06 
 1.800000E+00 
-1.033743E-06 
-6.347454E-08 
 1.800000E+00 
 3.541901E-08 
 3.734442E-08 
 1.800000E+00 
 1.799999E+00 
 3.954918E-08 
 6.057969E-09 
 6.057871E-09 
 1.800000E+00 
 1.527195E-06 
 1.546677E-06 
 1.800000E+00 
 1.800000E+00 
-4.706634E-07 
 5.437156E-09 
 5.436491E-09 
 1.800000E+00 
 3.734435E-07 
 3.943864E-07 
 1.800000E+00 
 1.800001E+00 
 1.782367E-08 
 2.744633E-09 
 2.739997E-09 
 1.800000E+00 
-1.719812E-05 
 1.798597E-05 
 1.800000E+00 
-1.583768E-07 
 1.800000E+00 
-1.505354E-08 
 1.093191E-08 
 1.799998E+00 
-7.298527E-08 
 1.800000E+00 
 5.911983E-08 
 9.000192E-08 
 9.000157E-08 
 1.800000E+00 
-1.117841E-05 
 1.800000E+00 
 2.207715E-06 
 2.315727E-06 
 1.800000E+00 
-3.550254E-06 
-3.029479E-06 
 1.800000E+00 
 2.644958E-06 
 2.121689E-06 
 1.800000E+00 
 1.218383E-09 
 1.800000E+00 
 1.708219E-08 
 1.371725E-08 
 1.371725E-08 
 1.800000E+00 
-5.539109E-08 
 1.800000E+00 
-9.870245E-07 
 6.655984E-09 
 1.800000E+00 
-1.125378E-07 
 3.863556E-08 
 1.800000E+00 
 4.007061E-05 
 1.247771E-05 
 1.247771E-05 
 1.800000E+00 
 1.800000E+00 
-9.437175E-09 
 7.392810E-09 
 7.391378E-09 
 7.391363E-09 
 1.800000E+00 
 1.800000E+00 
-6.753990E-07 
 8.635971E-09 
 8.635980E-09 
 8.635968E-09 
 1.800000E+00 
 7.344562E-06 
 1.800000E+00 
-1.949090E-09 
 1.820546E-08 
 1.799998E+00 
 5.805676E-06 
 5.757628E-06 
 1.800000E+00 
 6.330415E-08 
 6.306569E-08 
 6.306570E-08 
 1.800000E+00 
 1.800000E+00 
 4.209972E-07 
 4.234859E-07 
 4.234869E-07 
 4.234859E-07 
 4.234858E-07 
 1.800000E+00 
 1.800003E+00 
 5.597915E-06 
-9.468347E-08 
-9.468342E-08 
 1.800000E+00 
 3.247261E-06 
 3.308812E-06 
 1.800000E+00 
 1.319041E-07 
 5.647759E-09 
 5.648624E-09 
 1.800000E+00 
 9.821413E-10 
 1.800000E+00 
-4.863531E-07 
-2.282468E-08 
-2.282463E-08 
 1.800000E+00 
 3.219990E-08 
 3.254339E-08 
 1.800000E+00 
-2.389152E-06 
 1.407101E-07 
 1.407044E-07 
 1.800000E+00 
 3.589235E-07 
 3.986347E-07 
 1.800000E+00 
-2.778741E-08 
-1.210318E-08 
 1.800000E+00 
-1.600842E-07 
-1.600831E-07 
 1.800001E+00 
 9.218353E-06 
 5.694330E-06 
 5.694334E-06 
 5.694334E-06 
 1.800000E+00 
-4.211052E-07 
 1.800000E+00 
 2.381399E-07 
-6.409335E-11 
-6.424432E-11 
 1.800000E+00 
 4.120364E-07 
 4.074960E-07 
 4.074960E-07 
 1.800000E+00 
 6.443484E-08 
 1.800000E+00 
 2.564895E-07 
-2.038172E-08 
-2.038176E-08 
-2.038564E-08 
 1.800000E+00 
-2.721266E-07 
-3.822789E-07 
 1.800000E+00 
-6.042686E-06 
-5.973283E-06 
-5.973281E-06 
 1.799996E+00 
-1.340756E-08 
 1.495723E-08 
 1.495997E-08 
 1.800000E+00 
 6.060297E-08 
 1.800000E+00 
-1.870756E-05 
-1.878613E-05 
-1.878613E-05 
-1.878613E-05 
-1.878613E-05 
 1.800000E+00 
 1.800000E+00 
-6.852251E-06 
 1.368943E-05 
 1.368943E-05 
 1.368943E-05 
 1.368943E-05 
 1.368943E-05 
 1.800000E+00 
 1.800000E+00 
 3.357162E-06 
-2.859904E-08 
-2.859884E-08 
-2.859887E-08 
-2.859890E-08 
 1.800000E+00 
-1.373076E-05 
 1.800000E+00 
 2.279730E-09 
 2.665882E-09 
 2.665514E-09 
 2.665525E-09 
 1.800000E+00 
 4.738643E-07 
 4.429603E-07 
 4.429608E-07 
 1.799998E+00 
 9.177713E-08 
 8.499435E-08 
 1.800007E+00 
 1.822996E-07 
 3.343798E-08 
 3.343752E-08 
 3.343688E-08 
 3.343750E-08 
 1.800000E+00 
 1.800000E+00 
 1.234239E-09 
 1.369237E-09 
 1.369246E-09 
 1.369245E-09 
 1.369240E-09 
 1.369249E-09 
 1.799999E+00 
 1.166479E-07 
 6.721379E-09 
 1.800000E+00 
-3.556258E-08 
-7.233598E-08 
-7.233618E-08 
-7.233628E-08 
 1.800000E+00 
 1.722673E-06 
 9.072243E-09 
 1.800000E+00 
 1.703422E-09 
 5.820601E-09 
 5.821343E-09 
 5.821350E-09 
 1.800000E+00 
 8.810925E-06 
 8.834149E-06 
 8.834149E-06 
 1.800000E+00 
 1.446663E-06 
 4.514953E-09 
 4.514939E-09 
 4.514950E-09 
 1.800000E+00 
 5.886889E-08 
 5.903762E-08 
 1.800000E+00 
 1.235958E-08 
 1.262823E-08 
 1.261454E-08 
 1.261453E-08 
 1.261450E-08 
 1.800000E+00 
 4.849697E-06 
-1.327967E-07 
-1.327965E-07 
 1.800000E+00 
 9.492827E-08 
-1.865762E-08 
-1.865744E-08 
-1.865743E-08 
 1.800000E+00 
 1.385155E-06 
 1.360107E-06 
 1.800001E+00 
 7.115463E-06 
 7.104516E-06 
 7.104514E-06 
 7.104514E-06 
 7.104525E-06 
 7.104493E-06 
 1.800000E+00 
-5.499521E-09 
-4.239789E-09 
 1.800000E+00 
 1.937013E-08 
 1.983412E-08 
 1.983405E-08 
 1.983384E-08 
 1.983526E-08 
 1.800008E+00 
 2.582314E-07 
 3.610590E-07 
 1.800000E+00 
-1.073646E-05 
-1.074550E-05 
-1.074550E-05 
-1.074550E-05 
-1.074550E-05 
-1.074550E-05 
 1.800000E+00 
-2.738324E-05 
-2.744584E-05 
-2.744584E-05 
 1.800000E+00 
 9.870306E-08 
 2.485666E-07 
 2.485666E-07 
 2.485666E-07 
 2.485682E-07 
 1.800000E+00 
 3.664265E-08 
 1.905694E-08 
 1.800000E+00 
-4.938816E-07 
 9.959095E-09 
 9.959969E-09 
 9.959957E-09 
 9.958681E-09 
 9.959962E-09 
 9.959966E-09 
 1.800000E+00 
-7.181800E-07 
 1.800000E+00 
 2.472881E-09 
 5.512945E-09 
 5.515863E-09 
 5.515903E-09 
 5.499729E-09 
 5.515029E-09 
 5.515912E-09 
 5.515870E-09 
 1.800000E+00 
-2.722912E-08 
 1.800000E+00 
-3.852578E-06 
 7.904658E-06 
 7.904659E-06 
 7.904659E-06 
 7.904659E-06 
 7.904659E-06 
 7.904658E-06 
 1.800000E+00 
 1.595447E-06 
 1.359982E-06 
 1.359982E-06 
 1.799999E+00 
-2.629406E-08 
-2.561427E-08 
-2.561436E-08 
-2.561426E-08 
-2.561427E-08 
 1.800000E+00 
 1.322813E-07 
 6.985086E-08 
 6.985092E-08 
 6.985094E-08 
 6.985082E-08 
 1.800000E+00 
-4.356305E-08 
-4.360022E-08 
-4.360027E-08 
-4.360186E-08 
-4.360027E-08 
 1.800000E+00 
-1.480179E-05 
 8.673011E-06 
 8.673010E-06 
 8.673010E-06 
 1.800000E+00 
 1.149687E-08 
 1.158618E-08 
 1.158590E-08 
 1.158620E-08 
 1.158618E-08 
 1.158805E-08 
 1.800000E+00 
 5.408587E-07 
 9.401042E-07 
 9.401044E-07 
 9.401042E-07 
 9.401033E-07 
 1.800000E+00 
-2.590534E-07 
-2.330349E-09 
-2.342354E-09 
-2.342290E-09 
 1.800000E+00 
-1.648051E-08 
-1.160509E-08 
-1.160712E-08 
-1.160497E-08 
-1.160589E-08 
-1.160431E-08 
-1.160495E-08 
 1.800000E+00 
 2.779032E-08 
 2.789576E-08 
 2.789572E-08 
 1.800000E+00 
-3.807406E-08 
-1.504474E-08 
-1.504461E-08 
-1.504470E-08 
-1.504470E-08 
-1.504486E-08 
-1.504885E-08 
-1.504394E-08 
 1.800000E+00 
 1.308692E-06 
 6.639092E-09 
 6.638922E-09 
 6.639085E-09 
 1.799997E+00 
-1.701232E-06 
 2.186956E-07 
 2.186959E-07 
 2.186956E-07 
 2.186955E-07 
 2.186968E-07 
 2.187089E-07 
 1.800000E+00 
 2.018899E-07 
 1.690074E-07 
 1.690067E-07 
 1.690080E-07 
 1.800007E+00 
 1.058155E-05 
 1.053248E-05 
 1.053248E-05 
 1.053248E-05 
 1.053248E-05 
 1.053248E-05 
 1.053248E-05 
 1.053248E-05 
 1.800000E+00 
 1.705920E-08 
 1.709504E-08 
 1.709513E-08 
 1.709415E-08 
 1.800000E+00 
 1.362392E-06 
-2.923557E-08 
-2.923504E-08 
-2.923562E-08 
-2.923556E-08 
-2.923553E-08 
-2.923480E-08 
-2.923581E-08 
 1.800000E+00 
 5.725983E-09 
 3.540842E-09 
 3.540833E-09 
 3.540843E-09 
 1.800002E+00 
 1.201796E-06 
 1.285469E-06 
 1.285469E-06 
 1.285469E-06 
 1.285469E-06 
 1.285469E-06 
 1.285469E-06 
 1.285469E-06 
 1.285468E-06 
 1.800007E+00 
 8.720994E-06 
-1.524017E-05 
-1.524018E-05 
-1.524018E-05 
-1.524018E-05 
 1.800000E+00 
 2.752765E-08 
 1.888155E-08 
 1.888071E-08 
 1.888125E-08 
 1.888075E-08 
 1.888112E-08 
 1.887496E-08 
 1.800000E+00 
-6.269018E-09 
-2.609395E-08 
-2.609434E-08 
-2.609455E-08 
-2.609399E-08 
-2.609434E-08 
-2.609450E-08 
 1.799998E+00 
 5.561833E-07 
 5.547841E-07 
 5.547840E-07 
 5.547729E-07 
 5.547834E-07 
 5.547854E-07 
 5.547841E-07 
 1.800000E+00 
-4.541729E-07 
 5.868468E-09 
 5.868464E-09 
 5.868436E-09 
 5.868586E-09 
 5.868453E-09 
 1.800000E+00 
 1.584926E-06 
 6.295122E-09 
 6.294146E-09 
 6.294715E-09 
 6.295179E-09 
 6.295253E-09 
 6.295169E-09 
 6.295265E-09 
 6.295169E-09 
 1.800000E+00 
 1.352615E-07 
 1.840815E-08 
 1.840817E-08 
 1.840814E-08 
 1.840815E-08 
 1.840867E-08 
 1.800000E+00 
 1.946933E-06 
 1.473572E-06 
 1.473572E-06 
 1.473572E-06 
 1.473574E-06 
 1.473573E-06 
 1.473572E-06 
 1.473573E-06 
 1.799999E+00 
 4.155116E-06 
-1.204993E-05 
-1.204993E-05 
-1.204993E-05 
-1.204993E-05 
-1.204993E-05 
-1.204993E-05 
 1.800000E+00 
 8.507916E-09 
 8.482663E-09 
 8.483352E-09 
 8.476278E-09 
 8.482592E-09 
 8.487426E-09 
 8.482512E-09 
 8.482657E-09 
 8.482656E-09 
 1.800000E+00 
-1.509467E-06 
 1.461525E-08 
 1.461333E-08 
 1.461524E-08 
 1.461306E-08 
 1.461595E-08 
 1.461526E-08 
 1.800000E+00 
-3.899225E-07 
-9.548701E-08 
-9.548721E-08 
-9.548695E-08 
-9.548675E-08 
-9.548675E-08 
-9.548655E-08 
-9.548756E-08 
 1.800000E+00 
-8.197686E-07 
-1.315575E-06 
-1.315575E-06 
-1.315575E-06 
-1.315575E-06 
-1.315575E-06 
-1.315575E-06 
-1.315568E-06 
-1.315575E-06 
 1.800000E+00 
-6.418828E-05 
-1.092946E-05 
-1.092946E-05 
-1.092946E-05 
-1.092946E-05 
-1.092946E-05 
-1.092946E-05 
 1.800000E+00 
-4.429749E-08 
-2.605792E-08 
-2.605796E-08 
-2.605763E-08 
-2.605796E-08 
-2.605796E-08 
-2.605795E-08 
-2.605798E-08 
-2.605798E-08 
-2.605832E-08 
 1.800000E+00 
-3.311910E-07 
 1.090480E-08 
 1.090449E-08 
 1.090526E-08 
 1.090527E-08 
 1.090526E-08 
 1.090524E-08 
 1.090518E-08 
 1.799999E+00 
 5.500150E-09 
 6.096479E-09 
 6.096888E-09 
 6.096765E-09 
 6.096903E-09 
 6.096900E-09 
 6.131011E-09 
 6.096898E-09 
 1.800000E+00 
 7.022818E-08 
 9.081422E-08 
 9.081413E-08 
 9.081440E-08 
 9.081437E-08 
 9.081313E-08 
 9.081359E-08 
 9.081776E-08 
 9.081418E-08 
 9.079432E-08 
 1.800000E+00 
 2.096086E-06 
-1.859627E-08 
-1.859740E-08 
-1.859633E-08 
-1.859610E-08 
-1.859609E-08 
-1.859615E-08 
-1.859610E-08 
 1.800000E+00 
-2.290938E-07 
-5.749991E-10 
-5.742720E-10 
-5.742835E-10 
-5.742861E-10 
-5.743010E-10 
-5.742613E-10 
-5.742711E-10 
-5.783051E-10 
-5.749559E-10 
 1.800001E+00 
-2.599612E-06 
-2.599335E-06 
-2.599334E-06 
-2.599336E-06 
-2.599335E-06 
-2.599335E-06 
-2.599335E-06 
 1.800000E+00 
 1.989603E-07 
 7.436427E-09 
 7.436468E-09 
 7.437291E-09 
 7.436474E-09 
 7.437159E-09 
 7.414749E-09 
 7.445188E-09 
 7.436902E-09 
 7.436470E-09 
 7.427837E-09 
 1.800004E+00 
 2.972045E-07 
-1.204341E-08 
-1.204274E-08 
-1.204403E-08 
-1.204348E-08 
-1.204345E-08 
-1.204342E-08 
-1.204351E-08 
 1.800000E+00 
 4.285681E-05 
-2.354690E-07 
-2.354692E-07 
-2.354692E-07 
-2.354690E-07 
-2.354696E-07 
-2.354690E-07 
-2.354591E-07 
-2.354689E-07 
-2.354691E-07 
 1.800000E+00 
 2.633446E-09 
 5.726956E-09 
 5.726807E-09 
 5.726954E-09 
 5.726921E-09 
 5.727666E-09 
 5.726821E-09 
 5.727042E-09 
 1.799999E+00 
-2.485740E-08 
-2.157773E-08 
-2.157788E-08 
-2.157791E-08 
-2.157786E-08 
-2.157790E-08 
-2.157792E-08 
-2.157791E-08 
-2.157789E-08 
-2.157787E-08 
 1.800000E+00 
 1.215916E-08 
 8.909980E-09 
 8.909409E-09 
 8.909358E-09 
 8.909450E-09 
 8.899125E-09 
 8.909024E-09 
 8.909210E-09 
 1.800000E+00 
 1.241969E-05 
 1.224008E-05 
 1.224008E-05 
 1.224007E-05 
 1.224007E-05 
 1.224007E-05 
 1.224008E-05 
 1.224007E-05 
 1.224008E-05 
 1.224008E-05 
 1.224008E-05 
 1.800000E+00 
-2.689595E-06 
 1.184809E-05 
 1.184809E-05 
 1.184809E-05 
 1.184809E-05 
 1.184809E-05 
 1.800000E+00 
-2.259279E-07 
-2.240587E-07 
-2.240583E-07 
-2.240586E-07 
-2.240586E-07 
-2.240586E-07 
-2.240598E-07 
-2.240577E-07 
-2.240586E-07 
-2.240562E-07 
-2.240586E-07 
-2.240586E-07 
 1.800000E+00 
 2.330308E-07 
 2.017966E-07 
 2.017965E-07 
 2.017958E-07 
 2.017962E-07 
 1.800000E+00 
-4.918393E-07 
-4.119479E-07 
-4.119483E-07 
-4.119479E-07 
-4.119477E-07 
-4.119470E-07 
-4.119479E-07 
-4.119478E-07 
-4.119786E-07 
-4.119478E-07 
-4.119479E-07 
-4.119480E-07 
-4.119146E-07 
 1.800007E+00 
-1.087302E-07 
-2.102692E-09 
-2.102690E-09 
-2.102665E-09 
 1.800000E+00 
 1.847097E-06 
 5.473491E-09 
 5.473693E-09 
 5.471051E-09 
 5.472522E-09 
 5.471170E-09 
 5.473745E-09 
 5.473764E-09 
 5.473569E-09 
 5.473351E-09 
 5.473726E-09 
 5.472692E-09 
 5.473736E-09 
 1.800000E+00 
-7.677768E-07 
-3.254363E-07 
-3.254368E-07 
-3.254362E-07 
 1.800000E+00 
 3.543028E-08 
 1.406612E-09 
 1.407558E-09 
 1.407407E-09 
 1.459875E-09 
 1.407604E-09 
 1.407526E-09 
 1.407489E-09 
 1.407542E-09 
 1.407549E-09 
 1.407565E-09 
 1.407461E-09 
 1.800000E+00 
-1.985023E-06 
-1.986010E-06 
-1.986009E-06 
-1.986009E-06 
-1.986009E-06 
-1.986009E-06 
 1.800005E+00 
-2.261625E-07 
-3.751785E-07 
-3.751785E-07 
-3.751785E-07 
-3.751780E-07 
-3.751785E-07 
-3.751785E-07 
-3.751775E-07 
 1.800000E+00 
 5.711631E-06 
-9.272725E-08 
-9.272466E-08 
-9.272693E-08 
-9.271915E-08 
-9.272395E-08 
-9.272690E-08 
-9.272693E-08 
-9.272704E-08 
 1.800000E+00 
 1.372898E-08 
 1.371934E-08 
 1.371931E-08 
 1.371935E-08 
 1.371806E-08 
 1.371934E-08 
 1.800000E+00 
 8.854608E-05 
 7.723197E-07 
 7.723189E-07 
 7.723190E-07 
 7.723195E-07 
 7.723203E-07 
 7.723168E-07 
 7.723221E-07 
 7.723210E-07 
 7.723280E-07 
 1.800000E+00 
 3.298900E-08 
 5.115554E-09 
 5.115203E-09 
 5.114965E-09 
 1.800000E+00 
-6.764801E-05 
 2.317050E-08 
 2.317263E-08 
 2.317170E-08 
 2.317262E-08 
 2.317129E-08 
 2.317187E-08 
 2.317313E-08 
 2.317136E-08 
 2.317264E-08 
 2.317239E-08 
 1.800000E+00 
-1.550470E-07 
 1.516256E-07 
 1.516255E-07 
 1.516256E-07 
 1.800002E+00 
 2.223396E-07 
-8.681752E-08 
-8.681759E-08 
-8.681757E-08 
-8.681760E-08 
-8.681764E-08 
-8.681801E-08 
-8.681766E-08 
-8.681703E-08 
-8.681760E-08 
 1.800001E+00 
 2.954596E-08 
 2.913887E-08 
 2.913856E-08 
 1.800001E+00 
-3.830528E-08 
 2.303022E-08 
 2.302366E-08 
 2.302368E-08 
 2.302383E-08 
 2.302368E-08 
 2.302523E-08 
 2.302371E-08 
 2.302367E-08 
 2.302378E-08 
 2.302405E-08 
 1.800000E+00 
 8.650752E-07 
 8.684669E-07 
 8.684647E-07 
 1.800000E+00 
 3.271929E-09 
-9.348277E-09 
-9.348298E-09 
-9.348386E-09 
-9.348406E-09 
-9.351603E-09 
-9.348370E-09 
-9.346009E-09 
-9.350000E-09 
 1.800000E+00 
-4.832729E-07 
-5.859151E-07 
-5.859151E-07 
-5.859151E-07 
-5.859154E-07 
 1.800000E+00 
 9.298352E-08 
 6.637056E-09 
 6.636610E-09 
 6.649433E-09 
 6.636606E-09 
 6.636084E-09 
 6.636612E-09 
 1.800000E+00 
 3.302350E-07 
 3.029056E-07 
 3.029055E-07 
 3.029056E-07 
 3.029056E-07 
 1.799999E+00 
-5.146882E-07 
 6.286216E-08 
 6.286240E-08 
 6.286307E-08 
 6.286241E-08 
 6.286241E-08 
 6.286248E-08 
 1.800000E+00 
-1.865982E-05 
-2.810587E-08 
-2.810184E-08 
-2.809353E-08 
-2.810176E-08 
-2.810174E-08 
 1.800000E+00 
-1.043474E-07 
-1.795033E-07 
-1.795033E-07 
-1.795037E-07 
 1.800000E+00 
 7.052455E-06 
 6.845667E-06 
 6.845667E-06 
 6.845668E-06 
 6.845667E-06 
 6.845667E-06 
 6.845667E-06 
 6.845667E-06 
 1.800000E+00 
-7.429903E-07 
 1.508291E-08 
 1.507985E-08 
 1.800000E+00 
-9.712579E-08 
 2.575822E-10 
 2.576041E-10 
 2.576073E-10 
 2.575892E-10 
 2.570938E-10 
 2.576110E-10 
 2.576119E-10 
 1.800000E+00 
-2.366866E-09 
 6.661422E-09 
 6.661359E-09 
 1.800000E+00 
 3.087941E-07 
 5.365986E-09 
 5.365954E-09 
 5.365953E-09 
 5.365351E-09 
 5.365971E-09 
 5.365928E-09 
 1.800000E+00 
-7.912945E-08 
-7.923716E-08 
-7.923683E-08 
-7.923669E-08 
 1.800000E+00 
 4.428906E-06 
 4.215929E-06 
 4.215947E-06 
 4.215929E-06 
 4.215904E-06 
 4.215929E-06 
 1.800000E+00 
 8.156773E-07 
 7.859790E-07 
 7.859788E-07 
 7.859789E-07 
 1.799998E+00 
 4.275728E-07 
 4.272146E-07 
 4.272155E-07 
 4.272148E-07 
 4.272149E-07 
 1.800000E+00 
 2.337393E-06 
 1.743732E-06 
 1.743730E-06 
 1.743732E-06 
 1.743732E-06 
 1.800000E+00 
 6.645491E-08 
 1.134612E-08 
 1.134612E-08 
 1.134613E-08 
 1.134615E-08 
 1.800000E+00 
 4.497076E-07 
 4.457333E-07 
 4.457319E-07 
 1.800000E+00 
 2.373961E-06 
 4.890554E-09 
 4.890938E-09 
 4.890552E-09 
 4.890478E-09 
 4.890351E-09 
 4.885116E-09 
 1.800000E+00 
 1.728951E-07 
 2.114216E-07 
 1.800000E+00 
-3.667918E-08 
-4.098831E-08 
-4.098831E-08 
-4.098830E-08 
-4.098815E-08 
-4.098804E-08 
 1.800000E+00 
-1.859789E-07 
-1.484961E-07 
-1.484961E-07 
-1.484957E-07 
 1.800000E+00 
 4.905789E-07 
 4.444047E-07 
 4.444047E-07 
 1.800000E+00 
 6.273514E-07 
-1.484354E-10 
-1.484649E-10 
-1.487448E-10 
-1.484118E-10 
-1.484281E-10 
 1.799998E+00 
-4.964764E-07 
-4.966386E-07 
-4.966403E-07 
 1.800007E+00 
-2.380196E-07 
-3.260858E-07 
-3.260844E-07 
-3.260857E-07 
 1.800000E+00 
 3.438975E-07 
 1.595463E-07 
 1.595461E-07 
 1.595464E-07 
 1.800000E+00 
 6.529065E-05 
 6.591532E-09 
 6.591486E-09 
 6.589699E-09 
 1.800000E+00 
-1.764939E-06 
-1.770413E-06 
-1.770414E-06 
-1.770414E-06 
 1.800000E+00 
-7.996271E-08 
-7.150151E-08 
-7.150261E-08 
 1.800001E+00 
-1.957020E-08 
-1.826790E-08 
-1.826783E-08 
-1.826780E-08 
-1.826778E-08 
 1.800000E+00 
-3.605098E-06 
 2.538142E-08 
 2.538201E-08 
 1.800000E+00 
-1.525626E-06 
-1.506975E-06 
-1.506975E-06 
 1.800007E+00 
-1.113659E-06 
 2.574852E-08 
 2.574458E-08 
 2.574846E-08 
 2.574786E-08 
 1.800000E+00 
 6.366045E-08 
 1.800000E+00 
 3.447378E-06 
-4.187475E-09 
-4.186897E-09 
-4.187462E-09 
-4.187480E-09 
-4.187918E-09 
 1.800007E+00 
-1.831966E-06 
-1.760965E-06 
-1.760963E-06 
 1.800000E+00 
-5.743906E-06 
-5.726579E-06 
 1.800000E+00 
 6.541103E-08 
 6.057973E-09 
 6.057957E-09 
 6.058021E-09 
 6.058478E-09 
 1.800000E+00 
 1.237267E-08 
 1.799999E+00 
-6.939990E-07 
-6.931806E-07 
-6.931855E-07 
-6.931855E-07 
-6.931856E-07 
-6.931855E-07 
 1.800000E+00 
 1.800000E+00 
 6.148860E-06 
 6.044840E-06 
 6.044821E-06 
 6.044822E-06 
 6.044826E-06 
 6.044822E-06 
 1.800000E+00 
-2.726107E-07 
 8.537998E-09 
 1.800000E+00 
 1.632025E-08 
 1.815778E-08 
 1.815892E-08 
 1.800002E+00 
-8.406585E-08 
 7.446931E-09 
 7.447006E-09 
 1.800000E+00 
-1.570174E-05 
 2.254672E-05 
 2.254672E-05 
 1.800000E+00 
 1.148183E-08 
 1.047136E-08 
 1.047088E-08 
 1.799998E+00 
 1.426022E-05 
 1.416502E-05 
 1.800000E+00 
-7.956109E-08 
-5.055466E-08 
-5.055463E-08 
-5.055449E-08 
 1.799999E+00 
 1.248225E-09 
 5.202710E-09 
 5.201686E-09 
 1.800000E+00 
 1.341153E-08 
 1.367483E-08 
 1.800000E+00 
-6.383817E-07 
-1.081709E-06 
-1.081711E-06 
 1.800001E+00 
-2.927526E-07 
 1.062922E-08 
 1.062839E-08 
 1.800000E+00 
 3.712414E-06 
 3.711386E-06 
 1.800000E+00 
 9.468272E-08 
 9.534753E-08 
 9.534765E-08 
 1.800000E+00 
 2.583736E-07 
-3.187549E-08 
-3.188036E-08 
 1.800000E+00 
 1.271592E-08 
 1.267851E-08 
 1.800000E+00 
 5.865232E-07 
 5.410227E-08 
 5.410201E-08 
 1.800000E+00 
-2.876804E-07 
 1.872978E-07 
 1.872977E-07 
 1.800000E+00 
-4.152994E-09 
 1.800000E+00 
 4.208921E-06 
 1.535226E-08 
 1.535782E-08 
 1.535304E-08 
 1.800000E+00 
-4.188975E-07 
 1.044905E-08 
 1.800002E+00 
-1.726128E-05 
-1.723122E-05 
 1.800000E+00 
 1.172378E-07 
 8.129285E-08 
 8.129293E-08 
 1.800000E+00 
-1.718378E-07 
 1.063915E-08 
 1.800000E+00 
-7.079172E-08 
-7.148199E-08 
-7.147766E-08 
 1.800000E+00 
-1.040457E-06 
 1.800000E+00 
 8.279493E-09 
 9.327027E-09 
 9.326499E-09 
 9.327617E-09 
 1.800000E+00 
 1.800000E+00 
-9.441454E-07 
 9.081447E-09 
 9.080471E-09 
 9.084307E-09 
 9.081204E-09 
 1.800007E+00 
 1.799999E+00 
 1.265515E-05 
 1.281146E-05 
 1.281146E-05 
 1.281146E-05 
 1.800000E+00 
 1.800000E+00 
 8.601434E-08 
 5.272582E-08 
 5.272455E-08 
 5.272602E-08 
 5.272601E-08 
 1.800000E+00 
 1.800000E+00 
-2.111600E-06 
-2.296073E-06 
-2.296073E-06 
 1.800000E+00 
 5.328137E-09 
 1.800000E+00 
 1.354756E-06 
 6.507936E-09 
 6.504903E-09 
 6.505031E-09 
 1.800000E+00 
 1.800006E+00 
-2.488113E-07 
 1.293345E-08 
 1.293339E-08 
 1.293351E-08 
 1.800006E+00 
 1.800000E+00 
 7.487606E-07 
 6.680861E-09 
 6.680704E-09 
 6.681537E-09 
 1.800000E+00 
 1.087701E-06 
 1.800000E+00 
 2.986650E-08 
-2.670544E-08 
 1.800000E+00 
 5.025430E-07 
 5.025520E-07 
 1.800000E+00 
-2.024102E-05 
-2.016822E-05 
 1.800002E+00 
-5.860875E-07 
-5.614224E-07 
 1.800000E+00 
 3.301599E-09 
 1.800003E+00 
 1.135594E-06 
 5.469403E-09 
 5.470567E-09 
 1.800007E+00 
 3.075767E-06 
-9.386720E-07 
 1.800006E+00 
 1.800001E+00 
 2.519981E-07 
 1.869826E-07 
 1.869829E-07 
 1.869832E-07 
 1.799999E+00 
-2.755843E-07 
 1.800000E+00 
 1.467475E-08 
 1.577597E-08 
 1.800000E+00 
-2.458853E-08 
 1.800007E+00 
-8.515883E-08 
 1.991932E-08 
 1.991932E-08 
 1.800000E+00 
-1.800741E-07 
 1.800000E+00 
 1.193691E-05 
 1.800000E+00 
-6.100218E-06 
 1.162678E-06 
 1.162679E-06 
 1.800000E+00 
 5.036199E-07 
 1.800000E+00 
 1.880042E-07 
-9.719154E-09 
 1.800000E+00 
-1.138050E-05 
-1.134793E-05 
 1.800000E+00 
 1.777780E-08 
 1.800000E+00 
 3.579450E-09 
 1.263624E-08 
 1.800000E+00 
 6.612372E-09 
 6.192920E-09 
 1.800001E+00 
-4.267136E-07 
 1.800000E+00 
-4.373548E-07 
 6.439270E-09 
 1.800000E+00 
 4.732836E-08 
 1.800000E+00 
 1.468073E-05 
 1.472696E-05 
 1.472696E-05 
 1.800007E+00 
 1.800000E+00 
-1.116911E-06 
-1.766827E-06 
 1.800006E+00 
 1.783100E-07 
 1.777332E-07 
 1.800000E+00 
 1.764062E-05 
 1.800000E+00 
-1.493075E-05 
 2.953698E-06 
 1.800000E+00 
 1.459662E-08 
 1.800000E+00 
-1.062302E-08 
 4.480451E-10 
 1.800005E+00 
 2.565151E-08 
 1.800000E+00 
-1.842805E-06 
 2.825180E-08 
 1.800000E+00 
-8.825582E-06 
 1.800000E+00 
 3.756783E-07 
 1.419634E-07 
 1.800000E+00 
 7.445166E-09 
 1.800000E+00 
 5.366725E-08 
 1.800000E+00 
-9.079179E-07 
 1.013085E-09 
 1.799998E+00 
-4.943065E-07 
-2.193868E-07 
 1.800000E+00 
 1.800000E+00 
-1.073351E-07 
 1.071201E-08 
 1.071135E-08 
 1.800000E+00 
 1.800000E+00 
 2.382525E-06 
 2.756604E-09 
 1.800000E+00 
 3.533640E-07 
 1.800000E+00 
-1.395445E-06 
-1.394151E-06 
 1.800000E+00 
-2.966626E-08 
 1.800007E+00 
 6.091393E-08 
 1.800000E+00 
 3.215717E-06 
 3.216409E-06 
 1.800000E+00 
 3.909703E-09 
 1.800000E+00 
-7.491738E-08 
 1.799999E+00 
-1.356149E-06 
 1.800000E+00 
 3.713999E-08 
 1.261278E-08 
 1.800000E+00 
 2.099363E-07 
 1.800000E+00 
 1.659881E-08 
 1.366080E-08 
 1.800000E+00 
 1.800000E+00 
 1.096538E-06 
-8.167219E-07 
 1.800000E+00 
 1.049536E-06 
 1.800000E+00 
 1.349883E-06 
 4.220983E-08 
 1.800000E+00 
 1.800000E+00 
-6.354352E-08 
 3.722927E-09 
 1.800000E+00 
-3.279651E-08 
 1.800000E+00 
-4.807007E-08 
 1.800000E+00 
-2.074050E-06 
-2.140454E-06 
 1.800000E+00 
 1.800000E+00 
-1.185847E-06 
-2.116143E-06 
 1.800000E+00 
 1.044136E-06 
 1.800000E+00 
 8.261671E-08 
 1.800000E+00 
-1.655594E-07 
 1.800000E+00 
-8.628473E-07 
 6.369443E-08 
 1.800000E+00 
 1.800000E+00 
 2.782872E-08 
 3.033615E-08 
 1.800000E+00 
 1.800000E+00 
-4.873151E-08 
 6.737910E-09 
 1.800000E+00 
 9.516021E-07 
 1.800000E+00 
-1.524803E-06 
 1.800000E+00 
 5.533035E-06 
 5.283292E-06 
 1.800000E+00 
 1.800000E+00 
 5.790502E-09 
 1.800000E+00 
-4.838145E-08 
-1.415752E-07 
 1.800003E+00 
 1.800000E+00 
-7.512580E-07 
-7.375156E-07 
 1.800000E+00 
 1.800000E+00 
-5.682383E-07 
-5.682862E-07 
 1.800000E+00 
 2.606435E-09 
 1.800000E+00 
 1.800000E+00 
-1.030330E-06 
-2.048322E-07 
 1.800000E+00 
 1.257065E-07 
 1.800000E+00 
 7.756444E-09 
 1.800000E+00 
 1.800000E+00 
 1.394904E-07 
 1.390530E-07 
 1.800000E+00 
-4.270458E-06 
 1.800000E+00 
 3.565101E-07 
 1.800000E+00 
 1.800000E+00 
 1.235093E-05 
-9.509669E-07 
 1.800000E+00 
 8.579489E-09 
 1.799998E+00 
 6.114383E-09 
 1.800000E+00 
 1.800000E+00 
 9.064230E-07 
 9.903452E-07 
 1.800000E+00 
 1.800000E+00 
-2.307642E-07 
-1.002321E-08 
 1.800000E+00 
 1.800000E+00 
 1.179910E-05 
 1.209321E-05 
 1.800000E+00 
 1.800000E+00 
 9.726265E-07 
 1.800000E+00 
-6.553982E-08 
 1.800008E+00 
-2.491732E-08 
 1.800000E+00 
 2.467884E-08 
 1.800000E+00 
 1.063385E-08 
 1.800000E+00 
-6.732977E-06 
 1.800000E+00 
 1.800000E+00 
 5.474603E-07 
 5.712980E-07 
 1.800000E+00 
 1.800000E+00 
 4.138675E-07 
 1.800003E+00 
 5.947194E-07 
 1.800000E+00 
 1.875389E-08 
 1.800000E+00 
 1.598856E-08 
 1.800000E+00 
-1.038076E-06 
 1.799999E+00 
 1.800003E+00 
-1.060747E-06 
-1.156930E-06 
 1.800000E+00 
 1.800000E+00 
 2.923890E-07 
 1.800007E+00 
 5.580650E-08 
 1.800000E+00 
 1.800007E+00 
 5.315054E-06 
-3.638749E-07 
 1.800000E+00 
 1.800000E+00 
-1.739714E-06 
-1.721705E-08 
 1.800000E+00 
 1.800000E+00 
 1.800000E+00 
-2.753020E-08 
 1.295047E-08 
 1.800002E+00 
 1.800000E+00 
-1.819733E-08 
 1.800000E+00 
 1.753503E-07 
 1.800000E+00 
-4.700014E-08 
 1.800000E+00 
 1.800000E+00 
 8.980292E-07 
 1.800000E+00 
 1.425058E-06 
 1.800000E+00 
 9.741018E-09 
 1.800007E+00 
-6.666355E-08 
 1.800003E+00 
 1.800000E+00 
-1.110708E-08 
 1.800000E+00 
 1.800000E+00 
 4.328231E-09 
 3.228967E-09 
 1.800000E+00 
 1.800000E+00 
 3.472450E-08 
 1.800000E+00 
 2.288955E-07 
 1.800000E+00 
 1.799999E+00 
-3.983734E-07 
-3.745184E-07 
 1.800000E+00 
 1.800000E+00 
 1.800001E+00 
 6.626686E-06 
 1.800000E+00 
 7.705468E-08 
 1.800000E+00 
 1.071152E-07 
 1.800000E+00 
 1.799998E+00 
-6.270719E-07 
-8.102574E-08 
 1.800000E+00 
 1.800000E+00 
 1.800000E+00 
 5.070807E-08 
 1.800000E+00 
 7.083386E-09 
 1.800000E+00 
-3.112099E-09 
 1.800000E+00 
 1.800000E+00 
 1.092739E-08 
 1.800000E+00 
 1.800000E+00 
 4.568545E-06 
 4.568438E-06 
 1.800000E+00 
 1.800000E+00 
 1.800002E+00 
 1.183068E-07 
 1.800002E+00 
 4.832314E-08 
 1.800000E+00 
 5.541556E-09 
 1.800000E+00 
 1.800000E+00 
 3.222078E-09 
 1.800000E+00 
 1.800006E+00 
 6.748511E-07 
 1.800001E+00 
 1.115379E-08 
 1.800000E+00 
 1.800000E+00 
-1.331766E-08 
 1.800000E+00 
-1.523622E-09 
 1.800000E+00 
 1.800004E+00 
 7.387967E-09 
 1.800000E+00 
 1.799999E+00 
-9.052737E-08 
 1.800000E+00 
-3.833315E-11 
 1.800000E+00 
 1.800000E+00 
-2.680543E-07 
 1.800000E+00 
 8.451799E-08 
 1.800007E+00 
 1.800007E+00 
 1.800006E+00 
 1.913924E-07 
-2.067185E-07 
 1.800004E+00 
 1.800004E+00 
 1.800004E+00 
-8.546761E-06 
 1.800000E+00 
 1.800000E+00 
-3.032715E-07 
 1.800000E+00 
 6.003525E-09 
 1.800000E+00 
 1.800000E+00 
-3.413973E-06 
 1.800000E+00 
 7.633018E-09 
 1.799999E+00 
 1.800000E+00 
 1.800000E+00 
-1.006830E-07 
 1.800005E+00 
 3.568242E-06 
 1.800000E+00 
 1.800000E+00 
 9.616420E-09 
 1.800000E+00 
 1.800000E+00 
 6.267102E-06 
 1.800000E+00 
 7.272369E-09 
 1.800000E+00 
 1.800000E+00 
 1.800000E+00 
 2.075740E-06 
 1.800003E+00 
 1.800000E+00 
 7.402698E-06 
 1.800000E+00 
 1.000430E-06 
 1.800000E+00 
 1.800000E+00 
 3.888653E-08 
 1.800001E+00 
 1.800001E+00 
 1.800000E+00 
 3.740621E-06 
 3.737441E-06 
 1.800000E+00 
 1.800000E+00 
 1.800000E+00 
 1.800007E+00 
-7.021944E-07 
 1.800000E+00 
 1.490269E-07 
 1.800000E+00 
 1.800000E+00 
 1.820748E-07 
 1.800002E+00 
 1.800001E+00 
 1.578386E-06 
 1.800000E+00 
 1.800000E+00 
 1.800000E+00 
 2.733012E-07 
 9.465951E-08 
 1.800000E+00 
 1.800000E+00 
 1.800000E+00 
 1.800000E+00 
 3.386245E-06 
 1.800000E+00 
 1.799999E+00 
 7.975740E-07 
 1.800001E+00 
 1.167297E-07 
 1.800003E+00 
 1.800003E+00 
 1.800000E+00 
-2.728944E-11 
 1.800005E+00 
 1.800000E+00 
 1.307557E-07 
 1.800000E+00 
 1.800000E+00 
-9.456182E-06 
 1.799999E+00 
 1.800000E+00 
 1.800000E+00 
 6.551525E-08 
 1.800000E+00 
-1.021460E-07 
 1.800000E+00 
 1.800000E+00 
 1.800000E+00 
-1.313829E-06 
 1.800000E+00 
 1.800000E+00 
 3.153565E-08 
 1.800000E+00 
 1.800000E+00 
 1.800000E+00 
 2.643991E-07 
 1.800000E+00 
-3.862825E-06 
 1.800000E+00 
 1.800000E+00 
 1.800000E+00 
 1.800000E+00 
-7.587804E-07 
 1.800000E+00 
 7.214885E-09 
 1.800000E+00 
 1.800000E+00 
 1.800000E+00 
 5.940666E-09 
 1.800000E+00 
 1.800000E+00 
 1.800000E+00 
 3.017752E-08 
 1.800000E+00 
 3.474946E-08 
 1.800000E+00 
 1.800000E+00 
 1.800000E+00 
 1.800000E+00 
 6.151387E-06 
 1.800000E+00 
 6.359561E-06 
 1.800000E+00 
 1.800000E+00 
 1.800000E+00 
 1.800000E+00 
 7.438963E-09 
 1.800000E+00 
 1.800000E+00 
 7.231644E-09 
 1.800000E+00 
 1.800000E+00 
-8.581819E-09 
 1.800000E+00 
 1.800000E+00 
 1.800000E+00 
 1.800000E+00 
-8.978406E-06 
 1.800000E+00 
 2.020049E-06 
 1.800000E+00 
 1.800000E+00 
 1.800000E+00 
 1.800000E+00 
 1.136867E-07 
 1.800007E+00 
 1.800000E+00 
 8.124584E-08 
 1.800000E+00 
 1.800000E+00 
 1.800006E+00 
 1.361455E-08 
 1.800000E+00 
 1.800000E+00 
 1.800000E+00 
 9.032415E-09 
 1.800003E+00 
 1.800000E+00 
 1.800001E+00 
 3.074281E-06 
 1.800000E+00 
 1.800000E+00 
 6.304110E-09 
 1.800000E+00 
 1.800000E+00 
 1.800000E+00 
 1.800000E+00 
 2.001704E-07 
 1.800000E+00 
 1.800000E+00 
 8.485496E-06 
 1.800000E+00 
 1.800000E+00 
 1.800000E+00 
 7.285003E-09 
 1.800001E+00 
 1.800001E+00 
 1.800001E+00 
 1.800000E+00 
 8.604618E-09 
 1.800001E+00 
 1.799999E+00 
 6.028230E-08 
 1.800004E+00 
 1.800004E+00 
 1.800000E+00 
 1.800000E+00 
 3.550289E-08 
 1.800000E+00 
 1.800000E+00 
 7.683688E-09 
 1.800000E+00 
 1.800000E+00 
 1.800000E+00 
 1.800000E+00 
 9.273217E-06 
 1.800000E+00 
 1.800000E+00 
 1.800002E+00 
 7.188499E-09 
 1.800000E+00 
 1.800000E+00 
 1.800000E+00 
 1.800000E+00 
 8.303127E-09 
 1.800000E+00 
 1.800000E+00 
-1.525785E-08 
 1.800000E+00 
 1.800000E+00 
 1.800000E+00 
 1.800000E+00 
 1.558329E-08 
 1.800000E+00 
 1.800000E+00 
 1.800000E+00 
 1.800006E+00 
 5.289987E-09 
 1.800000E+00 
 1.800000E+00 
-1.220605E-05 
 1.800000E+00 
 1.800000E+00 
 1.800000E+00 
 1.800000E+00 
 1.800000E+00 
 1.041989E-08 
 1.800000E+00 
 1.800000E+00 
 1.800000E+00 
 1.088574E-07 
 1.800000E+00 
 1.800000E+00 
 1.800001E+00 
 1.800000E+00 
-1.081881E-06 
 1.799999E+00 
 1.800000E+00 
 2.922230E-06 
 1.800000E+00 
 1.800000E+00 
 1.800000E+00 
 1.800000E+00 
 1.800000E+00 
 1.799999E+00 
-5.081041E-07 
 1.800000E+00 
 1.800000E+00 
 2.894643E-08 
 1.800000E+00 
 1.800000E+00 
 1.800000E+00 
 1.800000E+00 
 1.800002E+00 
 1.710668E-08 
 1.800000E+00 
 1.800000E+00 
 1.800000E+00 
 4.864741E-09 
 1.800007E+00 
 1.800007E+00 
 1.800007E+00 
 1.800007E+00 
 1.800000E+00 
 4.493816E-09 
 1.800000E+00 
 1.800000E+00 
 1.800000E+00 
-4.013774E-09 
 1.800000E+00 
 1.800000E+00 
 1.800000E+00 
 1.800000E+00 
 1.799999E+00 
 2.447246E-07 
 1.800000E+00 
 1.800000E+00 
 1.800000E+00 
 8.501668E-09 
 1.800000E+00 
 1.800000E+00 
 1.800000E+00 
 1.800000E+00 
 1.800000E+00 
 2.521362E-08 
 1.800000E+00 
 1.800000E+00 
 1.800000E+00 
 1.800000E+00 
-1.663031E-05 
 1.800000E+00 
 1.800000E+00 
 1.800000E+00 
 1.800000E+00 
 1.799999E+00 
-1.500144E-07 
 1.800000E+00 
 1.800000E+00 
 1.800000E+00 
 1.800000E+00 
 7.306878E-08 
 1.800000E+00 
 1.800000E+00 
 1.800000E+00 
 1.800006E+00 
 3.031815E-08 
 1.799999E+00 
 1.799999E+00 
 1.799999E+00 
 1.799999E+00 
 1.800000E+00 
-1.219018E-08 
 1.800000E+00 
 1.800000E+00 
 1.800000E+00 
 1.800000E+00 
 1.800000E+00 
 6.959974E-09 
 1.800000E+00 
 1.800000E+00 
 1.800000E+00 
 1.800000E+00 
 6.323040E-06 
 1.800000E+00 
 1.800000E+00 
 1.800000E+00 
 1.800000E+00 
 1.800000E+00 
 1.800000E+00 
-2.600441E-08 
 1.800000E+00 
 1.800000E+00 
 1.800000E+00 
 1.800000E+00 
-2.320903E-08 
 1.800002E+00 
 1.800002E+00 
 1.800002E+00 
 1.800002E+00 
 1.800000E+00 
 2.695302E-06 
 1.800000E+00 
 1.800000E+00 
 1.800000E+00 
 1.800000E+00 
 1.800000E+00 
 1.800000E+00 
 2.741045E-08 
 1.800000E+00 
 1.800000E+00 
 1.800000E+00 
 1.800000E+00 
 8.683638E-07 
 1.799999E+00 
 1.800000E+00 
 1.800000E+00 
 1.800000E+00 
 1.800000E+00 
 1.800000E+00 
 3.131612E-06 
 1.799999E+00 
 1.800000E+00 
 1.800000E+00 
 1.800000E+00 
 1.800000E+00 
-7.544496E-08 
 1.800000E+00 
 1.800000E+00 
 1.800000E+00 
 1.800000E+00 
 1.800000E+00 
 1.800000E+00 
 1.588663E-07 
 1.799999E+00 
 1.799999E+00 
 1.799999E+00 
 1.799999E+00 
 1.800000E+00 
-6.410867E-09 
 1.800000E+00 
 1.800000E+00 
 1.800000E+00 
 1.800000E+00 
 1.800000E+00 
 1.800000E+00 
 1.800000E+00 
 9.393298E-09 
 1.800000E+00 
 1.800000E+00 
 1.800000E+00 
 1.800007E+00 
 1.800000E+00 
-5.999615E-09 
 1.800000E+00 
 1.800000E+00 
 1.800000E+00 
 1.800000E+00 
 1.800000E+00 
 1.800000E+00 
 6.235729E-07 
 1.800000E+00 
 1.800000E+00 
 1.800000E+00 
 1.800000E+00 
 1.800000E+00 
 1.800000E+00 
 8.390198E-10 
 1.800000E+00 
 1.800000E+00 
 1.800000E+00 
 1.800000E+00 
 1.800000E+00 
 1.800000E+00 
 1.800000E+00 
 3.280994E-08 
 1.800000E+00 
 1.800000E+00 
 1.799999E+00 
 1.800000E+00 
 1.800000E+00 
-5.321549E-07 
 1.800000E+00 
 1.800000E+00 
 1.800000E+00 
 1.800000E+00 
 1.800000E+00 
 1.800000E+00 
 1.800000E+00 
 1.800000E+00 
 6.384735E-08 
 1.800000E+00 
 1.800000E+00 
 1.800000E+00 
 1.800000E+00 
 1.800000E+00 
 5.187565E-07 
 1.800000E+00 
 1.800000E+00 
 1.800000E+00 
 1.800000E+00 
 1.800000E+00 
 1.800000E+00 
 1.800000E+00 
 1.800000E+00 
 4.712655E-08 
 1.800000E+00 
 1.800000E+00 
 1.800000E+00 
 1.800000E+00 
 1.800000E+00 
 1.800000E+00 
-6.363436E-07 
 1.800000E+00 
 1.800000E+00 
 1.800000E+00 
 1.800000E+00 
 1.800000E+00 
 1.800000E+00 
 1.800000E+00 
 1.800000E+00 
 1.293672E-06 
 1.800000E+00 
 1.800000E+00 
 1.800000E+00 
 1.800000E+00 
 1.800000E+00 
 1.800000E+00 
 1.799999E+00 
-6.519381E-07 
 1.800000E+00 
 1.800000E+00 
 1.800000E+00 
 1.800000E+00 
 1.800000E+00 
 1.800007E+00 
 2.052244E-08 
 1.800000E+00 
 1.800000E+00 
 1.800000E+00 
 1.800000E+00 
 1.800000E+00 
 1.800000E+00 
 1.800000E+00 
 1.800000E+00 
 1.800000E+00 
 6.460962E-09 
 1.800000E+00 
 1.800000E+00 
 1.800000E+00 
 1.800000E+00 
 1.800000E+00 
 1.800000E+00 
 1.800000E+00 
-3.659628E-07 
 1.800000E+00 
 1.800000E+00 
 1.800000E+00 
 1.800000E+00 
 1.800000E+00 
 1.800000E+00 
 1.800000E+00 
-5.816937E-08 
 1.799998E+00 
 1.799998E+00 
 1.799998E+00 
 1.799998E+00 
 1.799998E+00 
 1.799998E+00 
 1.799998E+00 
 1.800000E+00 
 1.800000E+00 
-1.025893E-05 
 1.799999E+00 
 1.800000E+00 
 1.800000E+00 
 1.800000E+00 
 1.800000E+00 
 1.800000E+00 
 1.800000E+00 
-1.120297E-07 
 1.800000E+00 
 1.800000E+00 
 1.800000E+00 
 1.800000E+00 
 1.800000E+00 
 1.800000E+00 
 1.800000E+00 
 1.800000E+00 
 1.800000E+00 
-1.143656E-05 
 1.799998E+00 
 1.799998E+00 
 1.799998E+00 
 1.799998E+00 
 1.799998E+00 
 1.799998E+00 
 1.800000E+00 
 2.839297E-07 
 1.800000E+00 
 1.800000E+00 
 1.800000E+00 
 1.800000E+00 
 1.800000E+00 
 1.800000E+00 
 1.800000E+00 
 1.800000E+00 
 1.800000E+00 
 1.800000E+00 
 8.964084E-09 
 1.800000E+00 
 1.800000E+00 
 1.800000E+00 
 1.800000E+00 
 1.800000E+00 
 1.800000E+00 
 1.800000E+00 
 1.800000E+00 
 3.974944E-06 
 1.800000E+00 
 1.800000E+00 
 1.800000E+00 
 1.800000E+00 
 1.800000E+00 
 1.800000E+00 
 1.800000E+00 
 1.800007E+00 
 3.401171E-07 
 1.800000E+00 
 1.800000E+00 
 1.800000E+00 
 1.800000E+00 
 1.800000E+00 
 1.800000E+00 
 1.800000E+00 
 1.800000E+00 
 1.800000E+00 
 2.015149E-07 
 1.800000E+00 
 1.800000E+00 
 1.800000E+00 
 1.800000E+00 
 1.800000E+00 
 1.800000E+00 
 1.800000E+00 
 1.800000E+00 
 1.800000E+00 
 2.196932E-08 
 1.800000E+00 
 1.800000E+00 
 1.800000E+00 
 1.800000E+00 
 1.800000E+00 
 1.800000E+00 
 1.800000E+00 
 1.800000E+00 
 1.800000E+00 
 1.259863E-06 
 1.800000E+00 
 1.800000E+00 
 1.800000E+00 
 1.800000E+00 
 1.800000E+00 
 1.800000E+00 
 1.800000E+00 
 1.800000E+00 
 1.800000E+00 
 2.141957E-05 
 1.800007E+00 
 1.800007E+00 
 1.800007E+00 
 1.800007E+00 
 1.800007E+00 
 1.800007E+00 
 1.800007E+00 
 1.800000E+00 
 2.826501E-08 
 1.800000E+00 
 1.800000E+00 
 1.800000E+00 
 1.800000E+00 
 1.800000E+00 
 1.800000E+00 
 1.800000E+00 
 1.800000E+00 
 1.800000E+00 
 1.800000E+00 
 1.800007E+00 
 1.061272E-07 
 1.800000E+00 
 1.800000E+00 
 1.800000E+00 
 1.800000E+00 
 1.800000E+00 
 1.800000E+00 
 1.800000E+00 
 3.916180E-09 
 1.800000E+00 
 1.800000E+00 
 1.800000E+00 
 1.800000E+00 
 1.800000E+00 
 1.800000E+00 
 1.800000E+00 
 1.800000E+00 
 1.800000E+00 
 1.800000E+00 
 1.800000E+00 
 1.315791E-08 
 1.800001E+00 
 1.800001E+00 
 1.800001E+00 
 1.800001E+00 
 1.800001E+00 
 1.800001E+00 
 1.800006E+00 
-3.070411E-09 
 1.800000E+00 
 1.800000E+00 
 1.800000E+00 
 1.800000E+00 
 1.800000E+00 
 1.800000E+00 
 1.800000E+00 
 1.800000E+00 
 1.800000E+00 
 1.800000E+00 
 1.800000E+00 
 1.800000E+00 
 1.861226E-07 
 1.800004E+00 
 1.800000E+00 
 1.800000E+00 
 1.800003E+00 
 1.800000E+00 
 4.813194E-08 
 1.800000E+00 
 1.800000E+00 
 1.800000E+00 
 1.800000E+00 
 1.800000E+00 
 1.800000E+00 
 1.800000E+00 
 1.800000E+00 
 1.800000E+00 
 1.800000E+00 
 1.800000E+00 
 1.800000E+00 
 1.800000E+00 
 2.633426E-08 
 1.800000E+00 
 1.800000E+00 
 1.800000E+00 
 1.800000E+00 
 1.800000E+00 
 1.800000E+00 
 1.438331E-07 
 1.800000E+00 
 1.800000E+00 
 1.800000E+00 
 1.800000E+00 
 1.800000E+00 
 1.800000E+00 
 1.800000E+00 
 1.800000E+00 
 1.800000E+00 
 1.800000E+00 
 1.800000E+00 
 2.305872E-06 
 1.800001E+00 
 1.800001E+00 
 1.800001E+00 
 1.800001E+00 
 1.800000E+00 
 1.800000E+00 
-5.129608E-07 
 1.800006E+00 
 1.800006E+00 
 1.800006E+00 
 1.800006E+00 
 1.800006E+00 
 1.800006E+00 
 1.800006E+00 
 1.800006E+00 
 1.800006E+00 
 1.800006E+00 
 1.800006E+00 
 1.800000E+00 
-8.581490E-07 
 1.800000E+00 
 1.800000E+00 
 1.800000E+00 
 1.800000E+00 
 1.800000E+00 
 3.294054E-07 
 1.800000E+00 
 1.800000E+00 
 1.800000E+00 
 1.800000E+00 
 1.800000E+00 
 1.800000E+00 
 1.800000E+00 
 1.800000E+00 
 1.800000E+00 
 1.800000E+00 
 1.800000E+00 
 1.800000E+00 
 7.797212E-07 
 1.800000E+00 
 1.800000E+00 
 1.800000E+00 
 1.800000E+00 
 1.800000E+00 
 1.680185E-08 
 1.800000E+00 
 1.800000E+00 
 1.800000E+00 
 1.800000E+00 
 1.800000E+00 
 1.800000E+00 
 1.800000E+00 
 1.800000E+00 
 1.800000E+00 
 1.800000E+00 
 1.800000E+00 
-2.939037E-08 
 1.800000E+00 
 1.800000E+00 
 1.800000E+00 
 1.800000E+00 
 1.800000E+00 
 1.800000E+00 
 1.800006E+00 
 4.713488E-06 
 1.800000E+00 
 1.800000E+00 
 1.800000E+00 
 1.800000E+00 
 1.800000E+00 
 1.800000E+00 
 1.800001E+00 
 1.009862E-06 
 1.800000E+00 
 1.800000E+00 
 1.800000E+00 
 1.800000E+00 
 1.800000E+00 
 1.800000E+00 
 1.800000E+00 
 1.800000E+00 
 1.800000E+00 
 7.394414E-09 
 1.800000E+00 
 1.800000E+00 
 1.800000E+00 
 1.800000E+00 
 1.800000E+00 
 1.800000E+00 
 1.800000E+00 
 2.376968E-07 
 1.800000E+00 
 1.800000E+00 
 1.800000E+00 
 1.800000E+00 
 1.800000E+00 
 1.800000E+00 
 1.800000E+00 
 1.800000E+00 
 1.228392E-07 
 1.800000E+00 
 1.800000E+00 
 1.800000E+00 
 1.800000E+00 
 1.800000E+00 
 1.800000E+00 
 1.800000E+00 
 1.108295E-08 
 1.800000E+00 
 1.800000E+00 
 1.800000E+00 
 1.800000E+00 
 1.800000E+00 
 1.800000E+00 
 1.800000E+00 
-7.384569E-08 
 1.800000E+00 
 1.800000E+00 
 1.800000E+00 
 1.800000E+00 
 1.800000E+00 
 1.800000E+00 
 1.800000E+00 
 1.800000E+00 
 3.503514E-06 
 1.800000E+00 
 1.800000E+00 
 1.800000E+00 
 1.800000E+00 
 1.800000E+00 
-1.916395E-09 
 1.800000E+00 
 1.800000E+00 
 1.800000E+00 
 1.800000E+00 
 1.800000E+00 
 1.800000E+00 
 1.800000E+00 
 1.800000E+00 
 1.800000E+00 
 1.122383E-09 
 1.800000E+00 
 1.800000E+00 
 1.800000E+00 
 1.800000E+00 
 1.800000E+00 
 2.301700E-07 
 1.800000E+00 
 1.800000E+00 
 1.800000E+00 
 1.800000E+00 
 1.800000E+00 
 1.800000E+00 
 1.800000E+00 
 1.164546E-06 
 1.800001E+00 
 1.800001E+00 
 1.800001E+00 
 1.800001E+00 
 1.800001E+00 
 1.800000E+00 
 1.800000E+00 
 1.650145E-08 
 1.800000E+00 
 1.800000E+00 
 1.800000E+00 
 1.800000E+00 
 1.799998E+00 
 1.132778E-07 
 1.800000E+00 
 1.800000E+00 
 1.800000E+00 
 1.800000E+00 
 1.800000E+00 
 1.800000E+00 
 1.800000E+00 
-1.800784E-08 
 1.800003E+00 
 1.800003E+00 
 1.800003E+00 
 1.800003E+00 
 1.800003E+00 
 1.799999E+00 
 1.011429E-08 
 1.800000E+00 
 1.800000E+00 
 1.800000E+00 
 1.800000E+00 
 1.800002E+00 
 1.800000E+00 
 1.658820E-05 
 1.800000E+00 
 1.800000E+00 
 1.800000E+00 
 1.800000E+00 
 1.800000E+00 
 2.201368E-08 
 1.800000E+00 
 1.800000E+00 
 1.800000E+00 
 1.800000E+00 
 1.800000E+00 
 1.800000E+00 
 1.800000E+00 
 2.753526E-08 
 1.800007E+00 
 1.800000E+00 
 1.800007E+00 
-1.030335E-06 
 1.800000E+00 
 1.800000E+00 
 1.800000E+00 
 1.800000E+00 
 1.800000E+00 
 1.800000E+00 
 1.800000E+00 
 1.800000E+00 
 1.800000E+00 
-6.181370E-08 
 1.800002E+00 
 1.800004E+00 
 8.459508E-07 
 1.800000E+00 
 1.800000E+00 
 1.800000E+00 
 1.800000E+00 
 1.800000E+00 
 1.800000E+00 
 1.800000E+00 
 1.800000E+00 
-1.526311E-06 
 1.800000E+00 
 1.800000E+00 
 1.800000E+00 
-5.570532E-08 
 1.800000E+00 
 1.800000E+00 
 1.800000E+00 
 1.800000E+00 
 1.800000E+00 
 1.800000E+00 
 1.800000E+00 
-3.517251E-05 
 1.800000E+00 
 1.800000E+00 
 1.800000E+00 
-6.054399E-06 
 1.800000E+00 
 1.800000E+00 
 1.800000E+00 
 1.800000E+00 
 1.800000E+00 
 1.800000E+00 
 1.800000E+00 
-2.725962E-06 
 1.800000E+00 
 1.800002E+00 
 2.192825E-06 
 1.800000E+00 
 1.800000E+00 
 1.800000E+00 
 1.800000E+00 
 1.800000E+00 
 1.800000E+00 
 1.800000E+00 
 1.800000E+00 
-5.362839E-06 
 1.800000E+00 
 6.664305E-09 
 1.800000E+00 
 1.800000E+00 
 1.800000E+00 
 1.800000E+00 
 1.800000E+00 
 1.800000E+00 
 1.800000E+00 
 1.799999E+00 
 7.369777E-09 
 1.800000E+00 
 1.800000E+00 
 1.959713E-07 
 1.800001E+00 
 1.800001E+00 
 1.800001E+00 
 1.800001E+00 
 1.800001E+00 
 1.800000E+00 
 2.810607E-07 
 1.800006E+00 
 1.800007E+00 
 1.800000E+00 
 1.253312E-08 
 1.800000E+00 
 1.800000E+00 
 1.800000E+00 
 1.800000E+00 
 1.800000E+00 
 1.800001E+00 
-3.977759E-07 
 1.800000E+00 
 1.800000E+00 
 9.140824E-09 
 1.800003E+00 
 1.800003E+00 
 1.800003E+00 
 1.800003E+00 
 1.800003E+00 
 1.800000E+00 
-4.703890E-07 
 1.800001E+00 
 1.800000E+00 
 5.020220E-07 
 1.800006E+00 
 1.800006E+00 
 1.800006E+00 
 1.800006E+00 
 1.800006E+00 
 1.800000E+00 
 6.466754E-09 
 1.800000E+00 
 1.800000E+00 
 1.800000E+00 
-1.385214E-09 
 1.800000E+00 
 1.800000E+00 
 1.800000E+00 
 1.800001E+00 
-4.293266E-09 
 1.800000E+00 
 1.800000E+00 
 1.800000E+00 
 1.800007E+00 
-2.107751E-07 
 1.800000E+00 
 1.799999E+00 
 1.800006E+00 
-1.648328E-07 
 1.800000E+00 
 1.800000E+00 
 1.800000E+00 
 1.800000E+00 
-2.117251E-06 
 1.800000E+00 
 1.800000E+00 
 1.800000E+00 
 1.800000E+00 
 4.767710E-09 
 1.800000E+00 
 1.800000E+00 
 1.800000E+00 
 1.701387E-08 
 1.800000E+00 
 1.800000E+00 
 1.800000E+00 
 1.800000E+00 
 3.245803E-08 
 1.800000E+00 
 1.800000E+00 
 1.800000E+00 
 1.800000E+00 
 3.443048E-07 
 1.800001E+00 
 1.800007E+00 
 1.778299E-08 
 1.800000E+00 
 1.800000E+00 
 1.800000E+00 
 1.800000E+00 
 1.800000E+00 
-1.346371E-07 
 1.800000E+00 
 1.800000E+00 
 8.323378E-09 
 1.800000E+00 
 1.800000E+00 
 1.800000E+00 
 1.800000E+00 
-1.294234E-09 
 1.800000E+00 
 1.800000E+00 
 1.800000E+00 
 7.418832E-09 
 1.800000E+00 
 1.800000E+00 
 1.800000E+00 
-1.569557E-05 
 1.800000E+00 
 1.800000E+00 
 1.800000E+00 
 2.354773E-07 
 1.800000E+00 
 1.800000E+00 
 1.800000E+00 
 1.800000E+00 
 5.239384E-07 
 1.800000E+00 
 1.800000E+00 
 1.714489E-05 
 1.800000E+00 
 1.800000E+00 
 1.800000E+00 
 1.800000E+00 
 7.448164E-09 
 1.800001E+00 
 1.800000E+00 
-1.217737E-06 
 1.800000E+00 
 1.800000E+00 
 1.800000E+00 
 1.800000E+00 
-3.861576E-08 
 1.800000E+00 
 1.799999E+00 
 2.644120E-07 
 1.800000E+00 
 1.800000E+00 
 1.800000E+00 
 1.800000E+00 
-2.659661E-06 
 1.800000E+00 
 4.409449E-07 
 1.799999E+00 
 1.799999E+00 
 1.799999E+00 
 1.799999E+00 
 1.800000E+00 
-1.740396E-06 
 1.800000E+00 
-2.071942E-05 
 1.800000E+00 
 1.800000E+00 
 1.800000E+00 
 1.800000E+00 
 2.013633E-08 
 1.799999E+00 
 1.800000E+00 
 5.675622E-08 
 1.800000E+00 
 1.800000E+00 
 1.800000E+00 
-1.684542E-07 
 1.800000E+00 
 1.800005E+00 
-1.922763E-07 
 1.800000E+00 
 1.800000E+00 
 1.800000E+00 
 1.800000E+00 
-3.194640E-06 
 1.800007E+00 
 2.133012E-08 
 1.800000E+00 
 1.800000E+00 
 1.800000E+00 
 1.800000E+00 
-8.418721E-08 
 1.800000E+00 
 9.025622E-06 
 1.800000E+00 
 1.800000E+00 
 1.800000E+00 
 1.800000E+00 
 1.059427E-06 
 1.800000E+00 
-4.838926E-08 
 1.800006E+00 
 1.800006E+00 
 1.800000E+00 
 1.800007E+00 
-2.859262E-07 
 1.800000E+00 
 1.044705E-06 
 1.800000E+00 
 1.800000E+00 
 1.800000E+00 
 1.441749E-08 
 1.800000E+00 
 1.800000E+00 
 1.800000E+00 
 2.180657E-08 
 1.800000E+00 
-2.130794E-07 
 1.800000E+00 
 1.800000E+00 
 1.800000E+00 
 1.800000E+00 
 3.601849E-08 
 6.343212E-09 
 1.800000E+00 
 1.800000E+00 
 1.800000E+00 
 1.800000E+00 
 1.800000E+00 
-1.398825E-06 
 1.396007E-08 
 1.800000E+00 
 1.800000E+00 
 1.800000E+00 
-7.800544E-06 
 1.800000E+00 
 1.800000E+00 
 1.800000E+00 
-3.830756E-06 
 1.800000E+00 
-3.018613E-07 
 1.800000E+00 
 1.800000E+00 
 1.800000E+00 
 3.291594E-06 
 1.800000E+00 
-4.823903E-07 
 1.800000E+00 
 1.800000E+00 
 1.800000E+00 
 9.535553E-09 
 1.800000E+00 
 1.800006E+00 
-4.990916E-08 
 1.800000E+00 
 1.800000E+00 
-1.392658E-08 
 1.800000E+00 
 1.800006E+00 
 3.416175E-08 
 1.800000E+00 
 1.800000E+00 
 9.961760E-07 
 1.800000E+00 
 1.800000E+00 
 1.615556E-08 
 1.800006E+00 
 1.800000E+00 
 3.372253E-06 
 1.800000E+00 
 1.800000E+00 
 1.800000E+00 
 8.927046E-07 
 1.075555E-06 
 1.800007E+00 
 1.800007E+00 
 1.800007E+00 
 1.800000E+00 
-2.558678E-06 
 1.113724E-08 
 1.800000E+00 
 1.800000E+00 
 1.800000E+00 
-9.228753E-07 
 1.800000E+00 
 1.800000E+00 
 1.302293E-05 
 1.800000E+00 
-1.753119E-07 
 1.799999E+00 
 1.799999E+00 
 1.800000E+00 
-8.437234E-07 
 1.800001E+00 
 3.439373E-09 
 1.800000E+00 
 1.800000E+00 
 1.484325E-09 
 1.800000E+00 
 1.800000E+00 
 5.836535E-08 
 1.800000E+00 
 1.800000E+00 
 2.295200E-06 
 1.800000E+00 
 2.294221E-09 
 1.800000E+00 
 1.799999E+00 
 7.595585E-08 
 1.800000E+00 
 1.800000E+00 
 4.389750E-06 
 1.799999E+00 
 1.800000E+00 
-1.871651E-07 
 1.800000E+00 
 7.382467E-07 
 1.800000E+00 
 1.800000E+00 
 1.800000E+00 
 2.669032E-08 
-1.215049E-07 
 1.800000E+00 
 1.800000E+00 
 1.800000E+00 
 5.684575E-08 
 1.800000E+00 
-2.311943E-07 
 1.800000E+00 
 1.800000E+00 
-8.411059E-07 
 1.800000E+00 
 4.027191E-08 
 1.800000E+00 
 1.800000E+00 
 7.476013E-09 
 1.800000E+00 
 1.800000E+00 
 1.078331E-07 
 1.800000E+00 
 1.674329E-08 
 1.800000E+00 
 1.800000E+00 
 4.977929E-08 
 1.800000E+00 
 1.338121E-06 
 1.800000E+00 
 1.800000E+00 
 1.689118E-07 
 1.800000E+00 
 1.800007E+00 
 4.275829E-07 
 4.342405E-07 
 1.800000E+00 
 1.800000E+00 
 1.800000E+00 
 3.321896E-08 
 1.800000E+00 
 2.456991E-08 
 1.800000E+00 
 1.800000E+00 
-1.469105E-08 
-1.318179E-07 
 1.800000E+00 
 1.800000E+00 
 1.800000E+00 
-1.256494E-05 
 1.800003E+00 
 1.872178E-07 
 1.800000E+00 
-1.021819E-07 
 1.800000E+00 
 1.800000E+00 
 6.187855E-07 
 1.800001E+00 
 4.815238E-09 
 1.800000E+00 
 1.800000E+00 
 1.378298E-06 
 1.800000E+00 
 6.800978E-08 
 1.800000E+00 
 1.800000E+00 
 3.964056E-07 
 3.904034E-07 
 1.800000E+00 
 1.800000E+00 
 1.800000E+00 
-2.924692E-08 
-1.961090E-08 
 1.800000E+00 
 1.800000E+00 
 6.393493E-09 
 1.800000E+00 
 7.772007E-09 
 1.799999E+00 
 1.799999E+00 
 1.409239E-08 
 1.800000E+00 
-7.757843E-08 
 1.800000E+00 
-1.501427E-08 
 1.800000E+00 
 1.800000E+00 
 9.322962E-07 
 1.800000E+00 
 1.153780E-05 
 1.800000E+00 
 8.314457E-06 
 1.800007E+00 
 4.042262E-08 
 1.800000E+00 
 1.800000E+00 
-3.723562E-08 
 1.800000E+00 
-6.451494E-09 
 1.800004E+00 
 1.198609E-06 
 1.800000E+00 
 1.800000E+00 
 2.761430E-05 
 9.604143E-09 
 1.800000E+00 
 1.800000E+00 
-4.796191E-07 
 1.800000E+00 
 1.800001E+00 
 4.254519E-06 
-1.786127E-08 
 1.800000E+00 
 1.840223E-07 
 1.800000E+00 
 1.800000E+00 
 1.992717E-07 
 1.800000E+00 
-4.236614E-08 
 1.800000E+00 
 1.469035E-08 
 1.800000E+00 
 1.768844E-08 
 1.800000E+00 
 1.800000E+00 
-6.983286E-08 
-1.039466E-09 
 1.800000E+00 
 1.800000E+00 
-1.508165E-06 
 1.800000E+00 
 7.089554E-10 
 1.800000E+00 
 1.948445E-07 
 1.800000E+00 
 1.083561E-07 
 1.800000E+00 
 1.799999E+00 
-1.713410E-07 
 1.847365E-07 
 1.800000E+00 
-5.517435E-09 
 1.800000E+00 
 1.800000E+00 
-2.021619E-07 
-9.008612E-08 
 1.800006E+00 
 1.800006E+00 
 8.193768E-09 
 1.800003E+00 
-1.947413E-08 
 1.800000E+00 
-1.820674E-07 
 1.800000E+00 
 1.100314E-07 
 1.800000E+00 
 9.441679E-08 
 1.800000E+00 
-1.299296E-08 
 1.800000E+00 
-2.996196E-06 
 1.800000E+00 
 1.597768E-08 
 1.800000E+00 
 1.800001E+00 
 1.533007E-06 
 6.591069E-09 
 1.799999E+00 
 3.559035E-06 
 1.800000E+00 
 1.376433E-06 
 1.799999E+00 
 1.023404E-08 
 1.800000E+00 
 1.800000E+00 
 2.187969E-09 
 5.843237E-09 
 1.800000E+00 
-1.590104E-07 
 1.800000E+00 
 1.371255E-09 
 1.800000E+00 
 1.866107E-08 
 1.800000E+00 
 7.834155E-07 
 1.800000E+00 
 1.800000E+00 
 1.245488E-06 
 1.114393E-06 
 1.114394E-06 
 1.800000E+00 
 1.800000E+00 
-1.471264E-08 
 1.800000E+00 
 3.014035E-09 
 1.800000E+00 
 9.869245E-08 
 1.800000E+00 
 6.545402E-07 
 5.532202E-07 
 1.800006E+00 
 1.800000E+00 
 2.782754E-07 
 2.842876E-07 
 1.800000E+00 
 1.800000E+00 
-7.400921E-07 
-1.452973E-08 
 1.800000E+00 
-1.022143E-07 
 1.800000E+00 
-4.689116E-10 
 1.799998E+00 
 6.926234E-08 
 1.800000E+00 
 3.082661E-10 
 1.800000E+00 
 1.511279E-05 
 1.511965E-05 
 1.800000E+00 
 1.800000E+00 
 1.308909E-05 
 1.334976E-05 
 1.800000E+00 
-3.403436E-09 
 1.800000E+00 
 7.960048E-08 
 1.800001E+00 
 3.287651E-08 
 1.800000E+00 
 6.932204E-07 
 7.811119E-07 
 1.800000E+00 
 1.800000E+00 
 1.969795E-06 
 1.918073E-06 
 1.800000E+00 
 1.333592E-06 
 1.800000E+00 
 3.404961E-06 
-4.762470E-09 
 1.800000E+00 
 1.800000E+00 
-2.474753E-08 
 3.598854E-09 
 1.800000E+00 
-4.108897E-06 
 1.800000E+00 
 1.450072E-08 
 6.134837E-09 
 1.800000E+00 
 1.800000E+00 
 3.094164E-06 
 3.501774E-06 
 1.800000E+00 
 4.724898E-06 
 1.800000E+00 
 5.474500E-09 
 3.841811E-09 
 1.800007E+00 
 6.326967E-06 
 1.800004E+00 
-2.357397E-07 
 1.800000E+00 
 4.276476E-06 
 1.800000E+00 
-3.969363E-08 
-3.980111E-08 
 1.800000E+00 
-1.372113E-07 
 1.800000E+00 
 2.361659E-07 
 2.355377E-07 
 1.800000E+00 
 1.800000E+00 
-3.753032E-06 
-3.768002E-06 
-3.768002E-06 
 1.800000E+00 
 1.800000E+00 
 7.651341E-07 
 6.306563E-09 
 1.800000E+00 
-4.595927E-10 
 1.999234E-09 
 1.800006E+00 
 1.800000E+00 
-9.704787E-06 
-9.736054E-06 
-9.736054E-06 
 1.800000E+00 
 1.800000E+00 
 7.541598E-06 
 7.502786E-06 
 7.502786E-06 
 1.800000E+00 
 1.800000E+00 
 2.317416E-08 
 3.319127E-09 
 1.800001E+00 
 3.465653E-08 
 8.489571E-09 
 1.800002E+00 
-6.713879E-07 
 1.800000E+00 
 1.505843E-08 
 4.764192E-08 
 1.800005E+00 
 1.800007E+00 
 1.856557E-05 
 1.854620E-05 
 1.854620E-05 
 1.800002E+00 
 3.117824E-10 
 1.800000E+00 
-1.135622E-07 
 3.823963E-08 
 1.800000E+00 
 3.203805E-08 
 1.800000E+00 
-9.049920E-06 
-9.149144E-06 
 1.800000E+00 
 1.613387E-07 
 1.135363E-08 
 1.800000E+00 
 1.800000E+00 
 5.182501E-07 
 7.882885E-08 
 7.882843E-08 
 1.800000E+00 
 6.729510E-05 
 1.343613E-05 
 1.800000E+00 
 1.800000E+00 
-6.943245E-08 
-6.780030E-08 
-6.779242E-08 
 1.800000E+00 
 2.274537E-08 
 2.286957E-08 
 1.800000E+00 
 1.800000E+00 
 8.713517E-06 
 8.626458E-06 
 8.626458E-06 
 1.800000E+00 
 4.830697E-06 
 1.800000E+00 
 5.989159E-09 
 6.501471E-09 
 6.501327E-09 
 1.800000E+00 
 1.800000E+00 
 6.841452E-06 
 6.766011E-06 
 6.766011E-06 
 1.800000E+00 
-1.373374E-07 
 1.800000E+00 
 8.760196E-06 
 8.727713E-06 
 8.727708E-06 
 1.800000E+00 
 1.800000E+00 
 6.998455E-07 
 6.930138E-07 
 6.930133E-07 
 1.800000E+00 
-2.058539E-10 
-1.824926E-08 
 1.800000E+00 
 9.694752E-07 
 1.800000E+00 
-7.056029E-07 
-6.491495E-07 
-6.491508E-07 
 1.800000E+00 
-1.624710E-07 
 1.800001E+00 
-7.684380E-07 
-7.690185E-07 
 1.800000E+00 
-2.423667E-08 
-2.379682E-08 
 1.800000E+00 
-1.271537E-06 
-1.208953E-06 
 1.800000E+00 
 3.799709E-06 
 3.048181E-06 
 1.800000E+00 
 3.389210E-08 
 3.492330E-08 
 1.800000E+00 
-6.152563E-08 
-6.183427E-08 
 1.800000E+00 
 4.074621E-08 
 1.800002E+00 
 1.927758E-06 
 4.115233E-09 
 4.112491E-09 
 4.112454E-09 
 1.800000E+00 
 1.800000E+00 
 7.488315E-06 
 7.559502E-06 
 7.559499E-06 
 7.559502E-06 
 1.800000E+00 
-2.434618E-05 
 1.800002E+00 
 7.456700E-07 
 4.104430E-07 
 1.800000E+00 
 6.323699E-06 
-1.333487E-05 
-1.333487E-05 
 1.800000E+00 
 1.890879E-07 
 1.800000E+00 
 6.464899E-07 
 1.653613E-09 
 1.653592E-09 
 1.800000E+00 
-9.529314E-07 
-3.774762E-07 
 1.800000E+00 
 1.477997E-06 
 1.885877E-09 
 1.800000E+00 
-2.950871E-08 
 4.457901E-08 
 4.456399E-08 
 1.800000E+00 
 7.435462E-09 
 1.800008E+00 
 4.367885E-07 
 2.051167E-07 
 2.051201E-07 
 2.051190E-07 
 1.800000E+00 
 1.800000E+00 
-2.317838E-07 
-1.758022E-07 
-1.758022E-07 
-1.758017E-07 
-1.758017E-07 
 1.800000E+00 
 1.800000E+00 
 5.624030E-06 
 5.605468E-06 
 5.605468E-06 
 5.605468E-06 
 1.800000E+00 
 1.617862E-06 
 1.610497E-06 
 1.800000E+00 
-1.932353E-07 
 3.641594E-09 
 1.800000E+00 
 6.504506E-06 
-1.321883E-05 
-1.321883E-05 
 1.800000E+00 
 1.905675E-06 
 2.003643E-06 
 1.800000E+00 
 1.604553E-05 
 1.074142E-08 
 1.074141E-08 
 1.800000E+00 
-2.428612E-05 
-9.986777E-08 
 1.800000E+00 
-3.134268E-07 
-1.815569E-09 
-1.818383E-09 
 1.800000E+00 
 6.119436E-08 
 6.777935E-08 
 1.800000E+00 
-2.213575E-05 
 6.284194E-09 
 6.283172E-09 
 6.284103E-09 
 1.800000E+00 
 1.708469E-07 
 1.800000E+00 
-5.795620E-06 
-5.795671E-06 
-5.795586E-06 
-5.795588E-06 
 1.799998E+00 
-1.993816E-07 
 4.056623E-09 
 1.800000E+00 
 1.208179E-06 
 1.157398E-06 
 1.157397E-06 
 1.800000E+00 
-3.724141E-07 
 5.044350E-09 
 5.043985E-09 
 1.800000E+00 
-1.277780E-06 
-1.294610E-06 
-1.294610E-06 
 1.800000E+00 
 1.326385E-06 
 1.569535E-06 
 1.800000E+00 
 1.756433E-07 
 7.401716E-09 
 7.405276E-09 
 7.405019E-09 
 1.800000E+00 
 2.057311E-06 
 2.052944E-06 
 1.800001E+00 
 1.003712E-07 
 1.005698E-07 
 1.005701E-07 
 1.005708E-07 
 1.800000E+00 
-1.792438E-07 
-1.785261E-07 
 1.800001E+00 
 2.214543E-06 
-1.811806E-07 
-1.811806E-07 
-1.811813E-07 
 1.800000E+00 
-1.591420E-06 
-7.896547E-07 
 1.800000E+00 
 1.158148E-07 
 8.664926E-08 
 8.664259E-08 
 8.664292E-08 
 1.800000E+00 
 5.740640E-08 
 5.927483E-08 
 5.927478E-08 
 1.800000E+00 
 2.080252E-08 
 1.402180E-08 
 1.402090E-08 
 1.800002E+00 
-7.740160E-07 
-2.629243E-05 
-2.629243E-05 
-2.629243E-05 
 1.800000E+00 
 4.901291E-06 
 4.898918E-06 
 1.800000E+00 
 8.323643E-07 
 8.445237E-07 
 8.445234E-07 
 8.445237E-07 
 1.800000E+00 
-1.248003E-06 
 2.469550E-08 
 2.469575E-08 
 2.469554E-08 
 1.800000E+00 
 7.583774E-06 
 7.673906E-06 
 1.800000E+00 
 5.194591E-08 
 4.549200E-08 
 4.550085E-08 
 4.549911E-08 
 4.549904E-08 
 1.800000E+00 
-1.855077E-05 
-1.862428E-05 
-1.862428E-05 
 1.800000E+00 
-5.379478E-08 
-5.380912E-08 
-5.380767E-08 
-5.380801E-08 
 1.800000E+00 
-2.073902E-06 
 9.963178E-09 
 9.963177E-09 
 1.800000E+00 
 7.621993E-07 
 4.060558E-07 
 4.060581E-07 
 4.060565E-07 
 1.800001E+00 
 8.302143E-09 
 9.002461E-09 
 9.002180E-09 
 9.000427E-09 
 1.800000E+00 
-1.920075E-06 
-1.909683E-06 
-1.909683E-06 
-1.909683E-06 
 1.800002E+00 
 3.941768E-06 
-9.655759E-09 
-9.655006E-09 
 1.800000E+00 
-1.222205E-06 
 8.541293E-09 
 8.541289E-09 
 8.541277E-09 
 8.541269E-09 
 1.800000E+00 
-5.134364E-07 
 7.407218E-09 
 7.397635E-09 
 1.800004E+00 
 1.764385E-06 
 2.014426E-08 
 2.014391E-08 
 2.014414E-08 
 2.014353E-08 
 1.800000E+00 
 6.251015E-08 
-1.950893E-09 
-1.950943E-09 
-1.950917E-09 
 1.800000E+00 
 1.459063E-07 
 3.505219E-07 
 3.505224E-07 
 3.505224E-07 
 1.800000E+00 
 7.099455E-07 
 4.575397E-09 
 4.574839E-09 
 4.574764E-09 
 1.800000E+00 
-3.149028E-07 
-3.860618E-07 
-3.860612E-07 
-3.860612E-07 
-3.860613E-07 
 1.800000E+00 
 4.444837E-08 
 5.043999E-08 
 5.043990E-08 
 5.044047E-08 
 1.800000E+00 
-4.369229E-07 
-4.628309E-07 
-4.628265E-07 
-4.628267E-07 
-4.628265E-07 
 1.799999E+00 
-7.632747E-09 
-6.988915E-09 
-6.988417E-09 
-6.988313E-09 
 1.800007E+00 
 6.811262E-06 
 6.811409E-06 
 6.811411E-06 
 6.811411E-06 
 6.811411E-06 
 6.811411E-06 
 1.800000E+00 
-4.846862E-07 
-4.934537E-07 
 1.800004E+00 
 6.099398E-07 
 6.105022E-07 
 6.105005E-07 
 6.105004E-07 
 6.104992E-07 
 6.105004E-07 
 6.105012E-07 
 6.105004E-07 
 1.800000E+00 
-7.292873E-07 
-7.290103E-07 
-7.290110E-07 
 1.800000E+00 
-1.176422E-05 
 1.949713E-06 
 1.949713E-06 
 1.949712E-06 
 1.949711E-06 
 1.949713E-06 
 1.800004E+00 
 1.611624E-05 
 1.620864E-05 
 1.620864E-05 
 1.620864E-05 
 1.620864E-05 
 1.800000E+00 
-4.931591E-06 
 2.176752E-07 
 2.176751E-07 
 2.176750E-07 
 2.176750E-07 
 1.800000E+00 
 4.938460E-08 
-1.062032E-08 
-1.062008E-08 
-1.062032E-08 
-1.062134E-08 
-1.062060E-08 
 1.800000E+00 
 2.235489E-06 
 2.234182E-06 
 2.234182E-06 
 2.234182E-06 
 1.800000E+00 
-2.731229E-06 
-1.874021E-06 
-1.874020E-06 
-1.874021E-06 
-1.874021E-06 
-1.874021E-06 
-1.874021E-06 
 1.800000E+00 
 4.824867E-08 
 5.500839E-09 
 5.501417E-09 
 5.501511E-09 
 5.501519E-09 
 1.800000E+00 
 6.130341E-07 
 4.570651E-09 
 4.570676E-09 
 4.570683E-09 
 4.570684E-09 
 4.570676E-09 
 1.800000E+00 
 4.175486E-07 
 4.190002E-07 
 4.190002E-07 
 4.190018E-07 
 4.190002E-07 
 1.800008E+00 
-3.261232E-06 
-3.070076E-06 
-3.070081E-06 
-3.070076E-06 
-3.070076E-06 
-3.070078E-06 
-3.070076E-06 
-3.070072E-06 
 1.800000E+00 
-4.660893E-07 
 1.193340E-08 
 1.193344E-08 
 1.800000E+00 
 5.969328E-07 
 1.673670E-08 
 1.673497E-08 
 1.673506E-08 
 1.673500E-08 
 1.673489E-08 
 1.673573E-08 
 1.673488E-08 
 1.673479E-08 
 1.673489E-08 
 1.800000E+00 
 2.177763E-08 
 2.145336E-08 
 2.138456E-08 
 1.800000E+00 
-1.140704E-07 
-1.104142E-07 
-1.104150E-07 
-1.104150E-07 
-1.104150E-07 
-1.104150E-07 
-1.104150E-07 
-1.104150E-07 
-1.104136E-07 
 1.800007E+00 
-6.359206E-07 
 1.201958E-08 
 1.201718E-08 
 1.201986E-08 
 1.202001E-08 
 1.201969E-08 
 1.800000E+00 
 7.231629E-08 
 2.874994E-09 
 2.878028E-09 
 2.878605E-09 
 2.878316E-09 
 2.878347E-09 
 1.800000E+00 
-2.938930E-06 
-2.435098E-06 
-2.435097E-06 
-2.435087E-06 
-2.435097E-06 
-2.435098E-06 
-2.435098E-06 
 1.799999E+00 
-2.790179E-06 
-2.790173E-06 
-2.790173E-06 
-2.790176E-06 
-2.790179E-06 
-2.790174E-06 
-2.790173E-06 
-2.790173E-06 
 1.800000E+00 
-2.053539E-07 
-2.090351E-07 
-2.090373E-07 
-2.090351E-07 
-2.090355E-07 
-2.090351E-07 
 1.799997E+00 
 1.466284E-07 
-5.975405E-09 
-5.975420E-09 
-5.975904E-09 
-5.975437E-09 
-5.975384E-09 
-5.977096E-09 
-5.975429E-09 
 1.800004E+00 
-3.864438E-07 
-9.167593E-07 
-9.167591E-07 
-9.167592E-07 
-9.167592E-07 
-9.167593E-07 
-9.167593E-07 
 1.800000E+00 
 1.800969E-05 
 1.797199E-05 
 1.797199E-05 
 1.797199E-05 
 1.797199E-05 
 1.797199E-05 
 1.797199E-05 
 1.797199E-05 
 1.797199E-05 
 1.800000E+00 
-6.485182E-08 
 1.690850E-08 
 1.690833E-08 
 1.690835E-08 
 1.690835E-08 
 1.800000E+00 
-2.504471E-06 
 6.898575E-08 
 6.898561E-08 
 6.898561E-08 
 6.898602E-08 
 6.898725E-08 
 6.898546E-08 
 6.898576E-08 
 6.898575E-08 
 6.898570E-08 
 6.898576E-08 
 1.800000E+00 
 2.749020E-06 
-6.938671E-09 
-6.938694E-09 
-6.941617E-09 
-6.938726E-09 
-6.938674E-09 
 1.800000E+00 
-4.704885E-06 
 5.390689E-08 
 5.390662E-08 
 5.390705E-08 
 5.390704E-08 
 5.390690E-08 
 5.390610E-08 
 5.390531E-08 
 5.390705E-08 
 1.800000E+00 
 9.265725E-06 
-4.976123E-07 
-4.976124E-07 
-4.976123E-07 
-4.976125E-07 
-4.976124E-07 
-4.976123E-07 
-4.976124E-07 
 1.800000E+00 
 1.535782E-06 
 1.527796E-06 
 1.527797E-06 
 1.527796E-06 
 1.527849E-06 
 1.527797E-06 
 1.527796E-06 
 1.527796E-06 
 1.527796E-06 
 1.800000E+00 
 1.040893E-06 
 3.314510E-09 
 3.314700E-09 
 3.314715E-09 
 3.314718E-09 
 3.314734E-09 
 3.314586E-09 
 1.800000E+00 
-1.257194E-08 
-1.519568E-09 
-1.519606E-09 
-1.519565E-09 
-1.519559E-09 
-1.519611E-09 
-1.519562E-09 
-1.519595E-09 
-1.520616E-09 
-1.519886E-09 
 1.800000E+00 
-1.849515E-09 
 1.244901E-08 
 1.244910E-08 
 1.244811E-08 
 1.244916E-08 
 1.244913E-08 
 1.244946E-08 
 1.244998E-08 
 1.800000E+00 
-6.613179E-06 
 3.735266E-06 
 3.735266E-06 
 3.735266E-06 
 3.735266E-06 
 3.735266E-06 
 3.735266E-06 
 3.735266E-06 
 3.735266E-06 
 1.800000E+00 
 1.453312E-06 
 5.999542E-09 
 5.999919E-09 
 5.999788E-09 
 5.999897E-09 
 5.999919E-09 
 5.998752E-09 
 5.999915E-09 
 5.999914E-09 
 1.800000E+00 
 2.244178E-08 
 5.547815E-09 
 5.546347E-09 
 5.547823E-09 
 5.547788E-09 
 5.547819E-09 
 5.547698E-09 
 5.547811E-09 
 5.547771E-09 
 1.800000E+00 
 9.279425E-06 
 9.169677E-06 
 9.169677E-06 
 9.169677E-06 
 9.169677E-06 
 9.169678E-06 
 9.169677E-06 
 9.169678E-06 
 9.169677E-06 
 1.800000E+00 
-2.052736E-08 
-2.226014E-08 
-2.225915E-08 
-2.226033E-08 
-2.225848E-08 
-2.225975E-08 
-2.225977E-08 
-2.225975E-08 
 1.800000E+00 
 2.933299E-05 
-2.521998E-07 
-2.522004E-07 
-2.522001E-07 
-2.522001E-07 
-2.522000E-07 
-2.522000E-07 
-2.522000E-07 
-2.522002E-07 
-2.522000E-07 
-2.522000E-07 
 1.800006E+00 
 4.298082E-08 
 1.306816E-08 
 1.306822E-08 
 1.306822E-08 
 1.307076E-08 
 1.306838E-08 
 1.306578E-08 
 1.800000E+00 
 2.992030E-06 
-5.581082E-07 
-5.581087E-07 
-5.581085E-07 
-5.581079E-07 
-5.581084E-07 
-5.581084E-07 
-5.581092E-07 
-5.581037E-07 
-5.581079E-07 
-5.581085E-07 
 1.800000E+00 
 7.556439E-09 
 1.457227E-08 
 1.457222E-08 
 1.457248E-08 
 1.457219E-08 
 1.457206E-08 
 1.457222E-08 
 1.457223E-08 
 1.800000E+00 
-3.434697E-07 
-5.182056E-08 
-5.182048E-08 
-5.182052E-08 
-5.181741E-08 
-5.182051E-08 
-5.182058E-08 
-5.179928E-08 
-5.182163E-08 
-5.181771E-08 
 1.800000E+00 
 1.248242E-06 
 5.372251E-09 
 5.372124E-09 
 5.372183E-09 
 5.372110E-09 
 5.371761E-09 
 5.372566E-09 
 1.800000E+00 
-5.365033E-08 
 2.569886E-09 
 2.600633E-09 
 2.601003E-09 
 2.601564E-09 
 2.598536E-09 
 2.600957E-09 
 2.601040E-09 
 2.600979E-09 
 2.600125E-09 
 2.603065E-09 
 1.800000E+00 
 1.919051E-08 
 1.856731E-08 
 1.856727E-08 
 1.856725E-08 
 1.856697E-08 
 1.856736E-08 
 1.856387E-08 
 1.800000E+00 
 4.142748E-07 
 2.707309E-07 
 2.707310E-07 
 2.707309E-07 
 2.707277E-07 
 2.707337E-07 
 2.707307E-07 
 2.707309E-07 
 2.707310E-07 
 2.707309E-07 
 2.707329E-07 
 1.799999E+00 
 6.815853E-09 
 6.304619E-09 
 6.305361E-09 
 6.305377E-09 
 6.305218E-09 
 1.800000E+00 
 5.756845E-07 
 1.552087E-07 
 1.551985E-07 
 1.552087E-07 
 1.552127E-07 
 1.552086E-07 
 1.552091E-07 
 1.552091E-07 
 1.552101E-07 
 1.552092E-07 
 1.552087E-07 
 1.552087E-07 
 1.552091E-07 
 1.800000E+00 
 1.641117E-07 
 4.303006E-08 
 4.302639E-08 
 4.303003E-08 
 1.800001E+00 
-5.803309E-08 
 8.949497E-09 
 8.949681E-09 
 8.950211E-09 
 8.949736E-09 
 8.949720E-09 
 8.949718E-09 
 8.949326E-09 
 8.949724E-09 
 8.948433E-09 
 8.952468E-09 
 8.949814E-09 
 1.800000E+00 
 7.962874E-07 
 1.104231E-06 
 1.104232E-06 
 1.104232E-06 
 1.104232E-06 
 1.800000E+00 
-6.471209E-08 
-6.975962E-08 
-6.975981E-08 
-6.975957E-08 
-6.975954E-08 
-6.975958E-08 
-6.975957E-08 
-6.975958E-08 
-6.975957E-08 
-6.975955E-08 
-6.975951E-08 
 1.800000E+00 
 9.520037E-09 
 9.794403E-09 
 9.800000E-09 
 9.799329E-09 
 9.798420E-09 
 1.800000E+00 
 2.692194E-07 
 2.968859E-08 
 2.968740E-08 
 2.968854E-08 
 2.968820E-08 
 2.968854E-08 
 2.968855E-08 
 2.968853E-08 
 2.968854E-08 
 2.968853E-08 
 1.800000E+00 
 1.857881E-07 
-3.221437E-08 
-3.221437E-08 
-3.221442E-08 
-3.221446E-08 
-3.221426E-08 
 1.800000E+00 
 9.234102E-08 
 5.879324E-09 
 5.879459E-09 
 5.879468E-09 
 5.879471E-09 
 5.880691E-09 
 5.879451E-09 
 5.880687E-09 
 5.879500E-09 
 1.800000E+00 
 1.260279E-06 
 6.052956E-09 
 6.091384E-09 
 6.053296E-09 
 6.054244E-09 
 6.056084E-09 
 1.800003E+00 
 1.442990E-07 
 2.078109E-08 
 2.078110E-08 
 2.078102E-08 
 2.078095E-08 
 2.078124E-08 
 2.078121E-08 
 2.078107E-08 
 2.078223E-08 
 1.800003E+00 
-5.739634E-09 
-6.685182E-09 
-6.685222E-09 
-6.685280E-09 
 1.800000E+00 
-8.521094E-07 
-8.521280E-07 
-8.521280E-07 
-8.521264E-07 
-8.521279E-07 
-8.521280E-07 
-8.521280E-07 
-8.521285E-07 
-8.521283E-07 
-8.521280E-07 
 1.800000E+00 
 3.395626E-07 
 3.395604E-07 
 3.395601E-07 
 3.395603E-07 
 3.395645E-07 
 1.800000E+00 
 1.141485E-07 
-2.113319E-07 
-2.113321E-07 
-2.113309E-07 
-2.113319E-07 
-2.113319E-07 
-2.113318E-07 
 1.800000E+00 
 4.620902E-06 
 4.621199E-06 
 4.621199E-06 
 4.621199E-06 
 4.621199E-06 
 4.621199E-06 
 4.621199E-06 
 1.800007E+00 
-1.273408E-06 
 6.367582E-09 
 6.367868E-09 
 6.359463E-09 
 6.367787E-09 
 6.367588E-09 
 1.800000E+00 
 4.461390E-09 
 5.491058E-09 
 5.490741E-09 
 5.491725E-09 
 5.491186E-09 
 5.491109E-09 
 1.800000E+00 
 4.896578E-09 
-1.955243E-09 
-1.944930E-09 
-1.955096E-09 
-1.959030E-09 
-1.955247E-09 
 1.800000E+00 
 2.263403E-09 
 5.090293E-09 
 5.089754E-09 
 5.089807E-09 
 5.088087E-09 
 5.106882E-09 
 5.085659E-09 
 1.800000E+00 
 1.769357E-07 
 7.910207E-08 
 7.910211E-08 
 7.910209E-08 
 1.800000E+00 
-7.317980E-09 
 8.304743E-09 
 8.304620E-09 
 8.304621E-09 
 8.304619E-09 
 8.309422E-09 
 8.304532E-09 
 8.305426E-09 
 1.800001E+00 
-1.700248E-06 
 8.796045E-09 
 8.798644E-09 
 8.796063E-09 
 1.800000E+00 
 6.774269E-08 
-4.645996E-08 
-4.645949E-08 
-4.645945E-08 
-4.645970E-08 
-4.645969E-08 
 1.800000E+00 
 1.272823E-07 
 6.365369E-09 
 6.365334E-09 
 6.365356E-09 
 6.365374E-09 
 6.364009E-09 
 1.800000E+00 
-1.043958E-08 
 5.264155E-09 
 5.264046E-09 
 5.264312E-09 
 5.264122E-09 
 1.800000E+00 
-5.708668E-08 
 2.014013E-08 
 2.014018E-08 
 2.013910E-08 
 1.800000E+00 
 2.097451E-07 
 2.097270E-07 
 2.097366E-07 
 2.097371E-07 
 2.097366E-07 
 2.097366E-07 
 2.097368E-07 
 1.800000E+00 
-2.143340E-06 
 1.784800E-08 
 1.784860E-08 
 1.784792E-08 
 1.800000E+00 
 6.547600E-07 
-3.174082E-08 
-3.173953E-08 
-3.173963E-08 
-3.173956E-08 
-3.174006E-08 
 1.800000E+00 
-1.349178E-07 
-9.907131E-10 
-9.897309E-10 
 1.800000E+00 
-2.936409E-06 
-3.016175E-06 
-3.016175E-06 
-3.016174E-06 
-3.016174E-06 
-3.016174E-06 
-3.016172E-06 
 1.800000E+00 
 1.867603E-08 
 1.099412E-08 
 1.800000E+00 
-2.042611E-07 
-1.881941E-07 
-1.881927E-07 
-1.881919E-07 
-1.881923E-07 
-1.881942E-07 
-1.882080E-07 
 1.800000E+00 
-4.895496E-07 
-2.217067E-05 
-2.217067E-05 
-2.217067E-05 
 1.800000E+00 
 2.363608E-07 
 8.664318E-09 
 8.664323E-09 
 8.664303E-09 
 1.800000E+00 
 5.192086E-07 
 3.854942E-07 
 3.854956E-07 
 3.854950E-07 
 1.800000E+00 
 1.211525E-06 
 1.211590E-06 
 1.211591E-06 
 1.211584E-06 
 1.211591E-06 
 1.211587E-06 
 1.800000E+00 
-3.517379E-07 
-3.516139E-07 
 1.800000E+00 
-2.192272E-05 
 8.113951E-06 
 8.113948E-06 
 8.113950E-06 
 8.113950E-06 
 8.113952E-06 
 1.800000E+00 
 1.318231E-06 
 1.343192E-06 
 1.343193E-06 
 1.800007E+00 
-2.597699E-06 
 1.224589E-08 
 1.224552E-08 
 1.224589E-08 
 1.800000E+00 
-7.287222E-06 
-7.321585E-06 
-7.321584E-06 
-7.321585E-06 
-7.321585E-06 
 1.800000E+00 
 4.016942E-08 
 6.398421E-09 
 1.799999E+00 
-1.185535E-05 
 1.439458E-05 
 1.439458E-05 
 1.439458E-05 
 1.439458E-05 
 1.439458E-05 
 1.800007E+00 
-2.451416E-07 
-2.196668E-07 
 1.800000E+00 
-3.012460E-06 
-3.246157E-06 
-3.246157E-06 
-3.246157E-06 
-3.246168E-06 
 1.800002E+00 
 8.195581E-06 
 8.191543E-06 
 8.191545E-06 
 1.800000E+00 
 1.166957E-07 
 6.390267E-09 
 6.392325E-09 
 6.388988E-09 
 1.800000E+00 
 1.759516E-05 
-3.100105E-05 
-3.100105E-05 
 1.799997E+00 
-3.722597E-05 
-9.472285E-06 
-9.472285E-06 
-9.472285E-06 
 1.800000E+00 
 1.191695E-06 
 6.568678E-09 
 6.566289E-09 
 6.569271E-09 
 1.800000E+00 
 4.500697E-09 
 4.114751E-09 
 1.800000E+00 
 6.982190E-07 
 2.693392E-08 
 2.691294E-08 
 2.693392E-08 
 2.693379E-08 
 1.800000E+00 
-2.019484E-05 
 1.800000E+00 
 7.304931E-09 
 7.322504E-09 
 7.326829E-09 
 7.322499E-09 
 7.324150E-09 
 7.322629E-09 
 1.800005E+00 
-8.868698E-09 
 1.800000E+00 
 1.472416E-06 
 6.655138E-09 
 6.655426E-09 
 6.655325E-09 
 6.655173E-09 
 1.800002E+00 
 8.922084E-09 
 8.863759E-09 
 1.800000E+00 
 6.101538E-08 
 1.578846E-07 
 1.578835E-07 
 1.800005E+00 
-4.114781E-07 
 1.256953E-07 
 1.256952E-07 
 1.256961E-07 
 1.800000E+00 
-3.641842E-09 
-4.138518E-09 
 1.800000E+00 
 1.408540E-07 
 1.183578E-10 
 1.184367E-10 
 1.800000E+00 
 2.964109E-07 
 2.975629E-07 
 2.975632E-07 
 2.975632E-07 
 1.800007E+00 
 3.329901E-06 
-1.301083E-08 
 1.800003E+00 
-4.244072E-08 
-8.682609E-09 
-8.682615E-09 
 1.800000E+00 
 1.204900E-07 
-1.420968E-07 
-1.420949E-07 
 1.800000E+00 
 7.297360E-09 
 7.159985E-09 
 7.118009E-09 
 1.800000E+00 
 3.058045E-06 
-2.914328E-08 
 1.800000E+00 
 1.951593E-06 
 3.225618E-09 
 3.225633E-09 
 3.225607E-09 
 1.800000E+00 
 3.636251E-06 
 3.902147E-06 
 1.800000E+00 
 5.875677E-08 
 5.836223E-08 
 1.800000E+00 
 1.128624E-07 
 1.101200E-07 
 1.101200E-07 
 1.101153E-07 
 1.800001E+00 
-1.678412E-07 
 1.800000E+00 
 4.879227E-06 
-1.345550E-05 
-1.345550E-05 
-1.345549E-05 
 1.800000E+00 
 9.470997E-07 
 9.379405E-07 
 1.800000E+00 
 4.906601E-06 
-1.493458E-05 
-1.493458E-05 
 1.800000E+00 
-2.318478E-06 
-2.426878E-06 
 1.800000E+00 
 6.170340E-06 
 6.122390E-06 
 1.800000E+00 
 3.265790E-06 
 3.218127E-06 
 3.218127E-06 
 3.218128E-06 
 1.800000E+00 
 1.800000E+00 
 3.741077E-07 
 3.727806E-07 
 3.727814E-07 
 3.727805E-07 
 3.727806E-07 
 1.800000E+00 
-2.628556E-05 
 1.800000E+00 
-5.042249E-06 
 2.135051E-06 
 1.800000E+00 
-1.915375E-06 
-2.195677E-06 
-2.195677E-06 
-2.195677E-06 
 1.800000E+00 
 1.800000E+00 
-5.197287E-07 
 5.275344E-09 
 5.275259E-09 
 5.344138E-09 
 1.800000E+00 
-6.326099E-08 
-4.126288E-09 
 1.800000E+00 
 5.252597E-09 
 1.800000E+00 
 1.958232E-08 
 1.798105E-08 
 1.798082E-08 
 1.798065E-08 
 1.800000E+00 
 1.800000E+00 
 1.730959E-07 
 6.496375E-09 
 6.496780E-09 
 6.496677E-09 
 1.800000E+00 
-4.505270E-09 
 5.914229E-09 
 1.800000E+00 
 5.307680E-09 
 1.800000E+00 
 5.504609E-09 
 5.838930E-09 
 5.838857E-09 
 1.800000E+00 
 3.164959E-07 
 3.140871E-07 
 1.800001E+00 
 1.637373E-05 
 1.800005E+00 
-1.267465E-06 
 5.259501E-08 
 5.259514E-08 
 5.259515E-08 
 1.800000E+00 
 1.800000E+00 
-1.941709E-07 
 1.733441E-08 
 1.733515E-08 
 1.800001E+00 
 9.296005E-07 
-6.451293E-08 
 1.800004E+00 
-9.063932E-06 
 1.180389E-05 
 1.799998E+00 
 4.105815E-07 
 3.647020E-07 
 1.800000E+00 
 6.925094E-06 
 1.800007E+00 
-1.045744E-06 
-7.711425E-07 
-7.711440E-07 
 1.800000E+00 
 3.314152E-08 
 3.276630E-08 
 1.800000E+00 
 2.093619E-06 
 1.800000E+00 
 4.823823E-09 
 1.472117E-08 
 1.800000E+00 
-1.012760E-05 
-1.013434E-05 
 1.800000E+00 
-1.798337E-07 
 1.126795E-08 
 1.800000E+00 
 4.394875E-08 
 4.322042E-08 
 1.800000E+00 
 1.011665E-08 
 1.800000E+00 
 1.710518E-06 
 1.690060E-06 
 1.690060E-06 
 1.800000E+00 
 1.800000E+00 
-1.227573E-06 
-6.475512E-07 
-6.475511E-07 
 1.799996E+00 
-1.774639E-06 
 1.816411E-08 
 1.800005E+00 
-3.682853E-07 
 1.800000E+00 
-3.746754E-08 
-5.032762E-08 
 1.800000E+00 
-2.307245E-06 
 1.800000E+00 
 2.273090E-06 
 2.202321E-06 
 1.800000E+00 
 1.775735E-08 
 6.332839E-09 
 1.800000E+00 
 3.093472E-07 
 3.017683E-07 
 1.800000E+00 
-2.152385E-08 
 1.800007E+00 
 3.745317E-09 
 4.776382E-09 
 1.800000E+00 
-1.263145E-09 
 1.800000E+00 
-4.489659E-08 
-2.066824E-08 
 1.800000E+00 
 7.913665E-07 
 1.800000E+00 
-7.801374E-06 
 1.441367E-08 
 1.441270E-08 
 1.800000E+00 
 1.800000E+00 
-1.437987E-08 
 2.185060E-09 
 2.185582E-09 
 1.800000E+00 
 1.800000E+00 
 1.247124E-05 
 1.248706E-05 
 1.800006E+00 
 5.376758E-07 
-1.839757E-07 
 1.800000E+00 
 1.412929E-07 
 1.402998E-07 
 1.799999E+00 
 1.800000E+00 
-3.434772E-06 
-3.141781E-06 
 1.800000E+00 
 1.462758E-08 
 1.602094E-08 
 1.800000E+00 
 7.512173E-09 
 1.800000E+00 
-4.237018E-08 
-2.576613E-08 
 1.800000E+00 
 7.282993E-09 
 1.800000E+00 
 4.451656E-08 
 1.800000E+00 
-2.467319E-07 
-8.915014E-08 
 1.800000E+00 
 3.457513E-07 
 1.800000E+00 
-1.895761E-05 
-1.890266E-05 
 1.800000E+00 
 1.800000E+00 
-6.389099E-07 
 1.277203E-08 
 1.279013E-08 
 1.800000E+00 
 7.581571E-07 
 1.800000E+00 
 1.800000E+00 
-9.162680E-06 
-1.186950E-06 
-1.186950E-06 
 1.799998E+00 
 7.657808E-09 
 1.800000E+00 
 1.800000E+00 
 1.285882E-07 
 5.434864E-09 
 5.438496E-09 
 1.800000E+00 
 1.800000E+00 
-4.244608E-07 
 3.531077E-08 
 1.800000E+00 
 6.124966E-09 
 5.618337E-09 
 1.800000E+00 
 1.800000E+00 
 6.196105E-08 
 8.939208E-09 
 1.800000E+00 
 1.800000E+00 
 1.784122E-06 
 2.112052E-06 
 2.112052E-06 
 1.800000E+00 
 1.800000E+00 
 2.294509E-08 
 1.217697E-08 
 1.800000E+00 
-1.726052E-07 
 1.800000E+00 
 1.800000E+00 
 5.650810E-05 
 2.548301E-09 
 2.548372E-09 
 1.800000E+00 
 1.800000E+00 
 2.711742E-07 
 7.788405E-08 
 1.800000E+00 
 7.364028E-08 
 1.800000E+00 
 7.164551E-09 
 1.800000E+00 
-2.736313E-07 
 1.800000E+00 
 3.831192E-08 
 1.800000E+00 
 4.012925E-07 
 3.636528E-07 
 1.800000E+00 
 6.099331E-09 
 1.800000E+00 
 1.800000E+00 
-1.271700E-07 
-2.859630E-08 
 1.799997E+00 
 1.365332E-08 
 1.800000E+00 
 1.101534E-07 
 1.800000E+00 
-9.461423E-09 
 1.066269E-08 
 1.800000E+00 
 1.800000E+00 
 1.040864E-07 
 1.799998E+00 
-5.895587E-06 
-6.031459E-06 
 1.800000E+00 
 1.800000E+00 
-1.256089E-06 
 2.209671E-08 
 1.800000E+00 
 1.800001E+00 
-2.166891E-07 
-2.661641E-08 
 1.800000E+00 
-1.624487E-06 
 1.800000E+00 
-6.657840E-06 
 1.800000E+00 
-7.625083E-07 
 1.800000E+00 
 1.800000E+00 
-2.969047E-07 
 8.647303E-09 
 8.647229E-09 
 1.800000E+00 
 1.800000E+00 
 1.800000E+00 
-1.057160E-06 
 6.004367E-09 
 1.799999E+00 
-5.105464E-09 
 1.800000E+00 
-1.526939E-07 
 1.800004E+00 
 5.480976E-08 
 1.800000E+00 
 1.004378E-06 
 1.800000E+00 
-5.945799E-10 
 1.800000E+00 
 1.800000E+00 
-1.734941E-07 
-2.755839E-07 
 1.800000E+00 
-1.499217E-07 
 1.799999E+00 
-1.297411E-05 
 1.800000E+00 
 1.800000E+00 
 2.341294E-06 
 3.215529E-08 
 1.800000E+00 
 1.800000E+00 
-1.380902E-06 
 8.398520E-09 
 1.800000E+00 
 1.800000E+00 
 2.968686E-07 
 1.800000E+00 
 3.860952E-08 
 3.861340E-08 
 1.800000E+00 
 1.800000E+00 
-1.828143E-06 
 1.800000E+00 
 6.898398E-08 
 1.800000E+00 
 1.800000E+00 
 5.078840E-07 
 2.161845E-07 
 1.800000E+00 
 1.211037E-06 
 1.799998E+00 
 1.800000E+00 
-1.242355E-05 
 1.799999E+00 
-4.055828E-09 
-3.946799E-09 
 1.800000E+00 
 1.800000E+00 
 1.800000E+00 
-4.214193E-07 
 8.676722E-09 
 1.800000E+00 
 7.047552E-07 
 1.800000E+00 
 1.800000E+00 
-9.300148E-07 
 1.800000E+00 
 7.038995E-08 
 1.800000E+00 
 3.697741E-08 
 1.800000E+00 
 4.272267E-06 
 1.800000E+00 
-1.997448E-08 
 1.800000E+00 
 1.800000E+00 
 1.277683E-08 
 1.800000E+00 
 9.933107E-07 
 1.800000E+00 
-6.875269E-07 
 1.800000E+00 
 1.800000E+00 
-2.864572E-08 
-3.355945E-09 
 1.800000E+00 
 1.800000E+00 
-1.111091E-05 
 1.800000E+00 
 1.800007E+00 
-4.420747E-06 
 9.930724E-08 
 1.800000E+00 
 1.800000E+00 
-1.037159E-05 
 1.800000E+00 
-7.481124E-08 
 1.800000E+00 
 1.800000E+00 
-8.817941E-08 
 1.977765E-08 
 1.800000E+00 
 1.800000E+00 
 1.800000E+00 
 1.387783E-05 
 1.382052E-05 
 1.800000E+00 
 1.800000E+00 
-8.955391E-07 
 1.800000E+00 
 2.011999E-09 
 1.800000E+00 
 1.800000E+00 
-1.339979E-05 
 1.800000E+00 
 9.072734E-09 
 1.800000E+00 
 1.627220E-07 
 1.800000E+00 
 1.800000E+00 
-5.940096E-07 
 1.800000E+00 
 1.046181E-08 
 1.800000E+00 
 1.800000E+00 
 7.070401E-07 
 1.800000E+00 
 7.101786E-07 
 1.800000E+00 
 1.800000E+00 
-9.135425E-09 
-1.950334E-08 
 1.800000E+00 
 1.800000E+00 
 1.800000E+00 
 6.371634E-07 
 1.800000E+00 
 7.011768E-06 
 1.800000E+00 
 1.800000E+00 
-3.012150E-07 
 6.666643E-09 
 1.800000E+00 
 1.800000E+00 
 1.800000E+00 
 1.022762E-05 
 1.800000E+00 
 1.005938E-09 
 1.800000E+00 
 1.800001E+00 
 5.158778E-06 
 1.800000E+00 
 1.119641E-05 
 1.800000E+00 
 1.800000E+00 
 2.307088E-07 
 1.800000E+00 
 1.614573E-08 
 1.800000E+00 
 1.800006E+00 
 3.744755E-06 
 1.800000E+00 
 1.800000E+00 
 1.885347E-08 
 8.906383E-09 
 1.800000E+00 
 1.800000E+00 
 1.800000E+00 
 1.800000E+00 
 2.690249E-07 
 5.490910E-08 
 1.800000E+00 
 1.799999E+00 
 2.500057E-08 
 1.800000E+00 
 1.800000E+00 
 6.300401E-07 
 1.799999E+00 
 1.238322E-08 
 1.800000E+00 
 1.800000E+00 
 1.800000E+00 
-5.929981E-07 
-1.220914E-08 
 1.800000E+00 
 1.800000E+00 
 1.799998E+00 
-3.392797E-09 
 1.800000E+00 
 1.800000E+00 
-6.924721E-06 
-6.911224E-06 
 1.800000E+00 
 1.800000E+00 
 1.800000E+00 
 1.800000E+00 
-1.958839E-08 
-1.449830E-08 
 1.800000E+00 
 1.800000E+00 
 1.800000E+00 
 1.680520E-06 
 1.800000E+00 
 1.652919E-08 
 1.800000E+00 
 1.800000E+00 
 1.800000E+00 
-7.346153E-07 
 7.038150E-08 
 1.800000E+00 
 1.800000E+00 
 1.800000E+00 
 1.799998E+00 
-3.521378E-07 
-5.792193E-07 
 1.800001E+00 
 1.800000E+00 
 1.800000E+00 
 2.409692E-06 
 1.800000E+00 
 1.800000E+00 
-1.462064E-06 
 1.800002E+00 
 5.104876E-08 
 1.800000E+00 
 1.800000E+00 
 1.800007E+00 
 1.671807E-07 
 1.799998E+00 
 6.751781E-09 
 1.800000E+00 
 1.800000E+00 
 1.800003E+00 
 6.363023E-09 
 1.800000E+00 
 1.800000E+00 
 1.786521E-08 
 1.800000E+00 
 2.953223E-07 
 1.800000E+00 
 1.800000E+00 
 1.800000E+00 
-9.176336E-08 
 1.800000E+00 
 1.800001E+00 
 9.765324E-07 
 1.800000E+00 
 3.009018E-08 
 1.800000E+00 
 1.800000E+00 
 1.800000E+00 
 1.799999E+00 
-1.472476E-06 
 8.528753E-09 
 1.800004E+00 
 1.800004E+00 
 1.800004E+00 
 1.800000E+00 
-3.789454E-09 
 1.799997E+00 
 2.750348E-08 
 1.800000E+00 
 1.800000E+00 
 1.800001E+00 
-2.763468E-06 
 1.800000E+00 
 1.800000E+00 
 5.727226E-09 
 1.800000E+00 
 1.800000E+00 
-1.351191E-06 
 1.800000E+00 
 1.800001E+00 
 3.985502E-08 
 1.800000E+00 
 1.800000E+00 
 1.800000E+00 
 5.801505E-09 
 1.800000E+00 
 1.800000E+00 
 2.029123E-06 
 1.800000E+00 
 1.800000E+00 
 1.800000E+00 
 2.050451E-07 
 1.800000E+00 
 1.979076E-06 
 1.800000E+00 
 1.800000E+00 
 1.800000E+00 
 1.800006E+00 
-3.746898E-06 
-3.305166E-08 
 1.800000E+00 
 1.800000E+00 
 1.800000E+00 
 1.800000E+00 
 1.800000E+00 
-2.432231E-05 
 1.800000E+00 
 1.800000E+00 
 7.821020E-07 
 1.800000E+00 
 1.872309E-06 
 1.800000E+00 
 1.800000E+00 
 1.800000E+00 
 1.800001E+00 
 1.427908E-08 
 1.800000E+00 
 1.800000E+00 
 5.029636E-09 
 1.800000E+00 
 1.800000E+00 
 1.800000E+00 
 3.319321E-06 
 1.800000E+00 
 1.800000E+00 
 1.257487E-07 
 1.800000E+00 
 1.800000E+00 
 1.800000E+00 
 1.800000E+00 
-7.114288E-08 
-8.912149E-08 
 1.800000E+00 
 1.800000E+00 
 1.800000E+00 
 1.800000E+00 
 1.800000E+00 
 1.800004E+00 
 2.938528E-06 
 2.934677E-06 
 1.800000E+00 
 1.800000E+00 
 1.800000E+00 
 1.800000E+00 
 1.800000E+00 
-5.583366E-07 
 1.800000E+00 
-2.609474E-08 
 1.800001E+00 
 1.800001E+00 
 1.800001E+00 
 1.800000E+00 
 4.528999E-07 
 1.800000E+00 
 1.800000E+00 
 3.544128E-08 
 1.800000E+00 
 1.800000E+00 
 1.800000E+00 
 1.800000E+00 
-6.489680E-07 
 1.800000E+00 
 1.800000E+00 
 2.105375E-07 
 1.800001E+00 
 1.800001E+00 
 1.800000E+00 
 1.800000E+00 
-2.473127E-06 
 1.799999E+00 
 1.800000E+00 
-1.968171E-08 
 1.800000E+00 
 1.800000E+00 
 1.799998E+00 
 1.800000E+00 
 1.276509E-06 
 1.800000E+00 
 1.800007E+00 
-2.232526E-06 
 1.800000E+00 
 1.800000E+00 
 1.800000E+00 
 1.800000E+00 
-2.095942E-08 
 1.800000E+00 
 1.800000E+00 
 1.800000E+00 
-3.836947E-07 
 1.800000E+00 
 1.800000E+00 
 1.799999E+00 
 1.674176E-08 
 1.800000E+00 
 1.800000E+00 
 1.800000E+00 
 1.800000E+00 
 3.694940E-09 
 1.800000E+00 
 1.800000E+00 
 1.800000E+00 
 7.244467E-09 
 1.800000E+00 
 1.800000E+00 
 1.800000E+00 
-1.530298E-06 
 1.800000E+00 
 1.800000E+00 
 1.800000E+00 
 1.800004E+00 
-8.317331E-07 
 1.800000E+00 
 1.800000E+00 
 1.800000E+00 
-4.107639E-09 
 1.800000E+00 
 1.800000E+00 
 1.800000E+00 
 7.400954E-09 
 1.800000E+00 
 1.800000E+00 
 1.800000E+00 
 1.800000E+00 
 1.800000E+00 
 4.482854E-08 
 1.800000E+00 
 1.800000E+00 
 1.800000E+00 
 8.745280E-08 
 1.800000E+00 
 1.800000E+00 
 1.800000E+00 
-2.884003E-07 
 1.800000E+00 
 1.800000E+00 
 1.800000E+00 
 1.800000E+00 
 1.800000E+00 
 8.213202E-09 
 1.800000E+00 
 1.800000E+00 
 1.800000E+00 
-1.033175E-07 
 1.800003E+00 
 1.800003E+00 
 1.800003E+00 
 1.800000E+00 
 5.963944E-07 
 1.800000E+00 
 1.800000E+00 
 1.800000E+00 
 1.800000E+00 
 5.480249E-07 
 1.800000E+00 
 1.800000E+00 
 1.800000E+00 
 1.800000E+00 
 2.544025E-09 
 1.800006E+00 
 1.800006E+00 
 1.800006E+00 
 1.800000E+00 
-3.402280E-06 
 1.800000E+00 
 1.800000E+00 
 1.800000E+00 
 1.800000E+00 
 4.262156E-09 
 1.800000E+00 
 1.800000E+00 
 1.800000E+00 
 1.800000E+00 
 1.800000E+00 
-4.207322E-07 
 1.800000E+00 
 1.800000E+00 
 1.800000E+00 
 2.556960E-07 
 1.800000E+00 
 1.800000E+00 
 1.800000E+00 
 1.800000E+00 
 1.800000E+00 
-5.447114E-09 
 1.800000E+00 
 1.800000E+00 
 1.800000E+00 
 1.800000E+00 
 1.800001E+00 
 7.848841E-10 
 1.800000E+00 
 1.800000E+00 
 1.799998E+00 
 1.620926E-08 
 1.800000E+00 
 1.800000E+00 
 1.800000E+00 
 1.800000E+00 
 1.800000E+00 
 1.800006E+00 
 1.036412E-08 
 1.799999E+00 
 1.799999E+00 
 1.800000E+00 
 1.800000E+00 
-2.768400E-06 
 1.800000E+00 
 1.800000E+00 
 1.800000E+00 
 1.800000E+00 
-7.858809E-08 
 1.800000E+00 
 1.800000E+00 
 1.800000E+00 
 1.800000E+00 
 1.800000E+00 
 1.800000E+00 
-1.435412E-05 
 1.800000E+00 
 1.800000E+00 
 1.800000E+00 
 1.800000E+00 
 1.800000E+00 
 1.537074E-06 
 1.800000E+00 
 1.800000E+00 
 1.800000E+00 
 1.800001E+00 
 3.569823E-08 
 1.800000E+00 
 1.800000E+00 
 1.800000E+00 
 1.800000E+00 
 1.800000E+00 
 2.428727E-07 
 1.800000E+00 
 1.800000E+00 
 1.800000E+00 
 1.800000E+00 
 1.800000E+00 
 1.800000E+00 
-3.693657E-09 
 1.800000E+00 
 1.800000E+00 
 1.800000E+00 
 1.800000E+00 
 1.800000E+00 
 4.483148E-09 
 1.800000E+00 
 1.800000E+00 
 1.800000E+00 
 1.800000E+00 
 1.800000E+00 
 6.469471E-09 
 1.800000E+00 
 1.800000E+00 
 1.800000E+00 
 1.800000E+00 
 1.800000E+00 
 1.800000E+00 
 1.585625E-06 
 1.799999E+00 
 1.800000E+00 
 1.800000E+00 
 1.800000E+00 
 1.800000E+00 
 1.800000E+00 
-1.728905E-05 
 1.799998E+00 
 1.800000E+00 
 1.800000E+00 
 1.800004E+00 
 1.110438E-06 
 1.800000E+00 
 1.800000E+00 
 1.800000E+00 
 1.800000E+00 
 1.800000E+00 
 1.800000E+00 
 1.800000E+00 
 1.800000E+00 
-4.985580E-07 
 1.799999E+00 
 1.800000E+00 
 1.800000E+00 
 1.800000E+00 
 2.970042E-08 
 1.799999E+00 
 1.799999E+00 
 1.799999E+00 
 1.799999E+00 
 1.799999E+00 
 1.799999E+00 
 1.800001E+00 
-7.512471E-07 
 1.800004E+00 
 1.800004E+00 
 1.800004E+00 
 1.800004E+00 
 1.800004E+00 
 1.800000E+00 
-5.417766E-10 
 1.800009E+00 
 1.800009E+00 
 1.800009E+00 
 1.800009E+00 
 1.800000E+00 
 1.800000E+00 
 1.800006E+00 
 1.720680E-10 
 1.800000E+00 
 1.800000E+00 
 1.800000E+00 
 1.800001E+00 
 1.799999E+00 
 2.002870E-06 
 1.800000E+00 
 1.800000E+00 
 1.800000E+00 
 1.800000E+00 
 1.800000E+00 
 1.800000E+00 
 1.800000E+00 
 1.800002E+00 
 4.909300E-07 
 1.800000E+00 
 1.800000E+00 
 1.800000E+00 
 1.800000E+00 
 1.800000E+00 
-4.830699E-09 
 1.800000E+00 
 1.800000E+00 
 1.800000E+00 
 1.800000E+00 
 1.800000E+00 
 1.800000E+00 
 1.800000E+00 
 1.800000E+00 
-1.135042E-07 
 1.800002E+00 
 1.800000E+00 
 1.800000E+00 
 1.800000E+00 
 1.800000E+00 
 1.800000E+00 
 1.800000E+00 
-7.975332E-09 
 1.800000E+00 
 1.800000E+00 
 1.800000E+00 
 1.800000E+00 
 1.800000E+00 
 1.800004E+00 
 1.800007E+00 
 4.410060E-08 
 1.800000E+00 
 1.800000E+00 
 1.800000E+00 
 1.800000E+00 
 1.800000E+00 
 1.800000E+00 
 8.707901E-09 
 1.800000E+00 
 1.800000E+00 
 1.800000E+00 
 1.800000E+00 
 1.800000E+00 
 1.800000E+00 
 1.800000E+00 
 1.800000E+00 
 1.800000E+00 
 1.800000E+00 
-1.203623E-06 
 1.799998E+00 
 1.800000E+00 
 1.800002E+00 
 1.800000E+00 
-1.255607E-08 
 1.800000E+00 
 1.800000E+00 
 1.800000E+00 
 1.800000E+00 
 1.800000E+00 
 1.800000E+00 
 1.800000E+00 
 1.800000E+00 
 1.800000E+00 
 1.800000E+00 
 1.800000E+00 
 1.205040E-06 
 1.800000E+00 
 1.800000E+00 
 1.800000E+00 
 1.800000E+00 
 1.799999E+00 
 1.800005E+00 
 1.405185E-08 
 1.800000E+00 
 1.800000E+00 
 1.800000E+00 
 1.800000E+00 
 1.800000E+00 
 1.800000E+00 
 1.800000E+00 
 1.800000E+00 
 1.800003E+00 
 6.210901E-07 
 1.800000E+00 
 1.800000E+00 
 1.800000E+00 
 1.800000E+00 
 1.800000E+00 
 1.800000E+00 
 1.800007E+00 
 7.510545E-09 
 1.800000E+00 
 1.800000E+00 
 1.800000E+00 
 1.800000E+00 
 1.800000E+00 
 1.800000E+00 
 1.800000E+00 
 1.800000E+00 
 1.800000E+00 
 1.097351E-07 
 1.800000E+00 
 1.800000E+00 
 1.800000E+00 
 1.800000E+00 
 1.800000E+00 
 1.800000E+00 
 1.800000E+00 
 1.800000E+00 
-3.037390E-07 
 1.800000E+00 
 1.800000E+00 
 1.800000E+00 
 1.800000E+00 
 1.800000E+00 
 1.800000E+00 
 1.800000E+00 
 1.800000E+00 
 1.800000E+00 
-3.373801E-08 
 1.800000E+00 
 1.800000E+00 
 1.800000E+00 
 1.800000E+00 
 1.800000E+00 
 1.800000E+00 
 1.800000E+00 
 1.800000E+00 
-2.929313E-07 
 1.800000E+00 
 1.800000E+00 
 1.800000E+00 
 1.800000E+00 
 1.800000E+00 
 1.800000E+00 
 1.800000E+00 
 1.800000E+00 
 1.800000E+00 
-3.406440E-08 
 1.800000E+00 
 1.800000E+00 
 1.800000E+00 
 1.800000E+00 
 1.800000E+00 
 1.800000E+00 
 1.799999E+00 
 1.800000E+00 
 8.546464E-09 
 1.800000E+00 
 1.800000E+00 
 1.800000E+00 
 1.800000E+00 
 1.800000E+00 
 1.800000E+00 
 1.800000E+00 
 1.800000E+00 
 1.800000E+00 
 1.800001E+00 
 1.116720E-05 
 1.800000E+00 
 1.800000E+00 
 1.800000E+00 
 1.800000E+00 
 1.800000E+00 
 1.800000E+00 
 1.800000E+00 
 1.800000E+00 
-2.245428E-07 
 1.800007E+00 
 1.800007E+00 
 1.800007E+00 
 1.800007E+00 
 1.800007E+00 
 1.800007E+00 
 1.800007E+00 
 1.800007E+00 
 1.800000E+00 
 1.441587E-06 
 1.800006E+00 
 1.800006E+00 
 1.800006E+00 
 1.800006E+00 
 1.800006E+00 
 1.800006E+00 
 1.800006E+00 
 1.800006E+00 
 1.800006E+00 
 1.800000E+00 
 3.281119E-06 
 1.800000E+00 
 1.800000E+00 
 1.800000E+00 
 1.800000E+00 
 1.800000E+00 
 1.800000E+00 
 1.800000E+00 
 1.799998E+00 
 2.806014E-06 
 1.800000E+00 
 1.800000E+00 
 1.800000E+00 
 1.800000E+00 
 1.800000E+00 
 1.800000E+00 
 1.800000E+00 
 1.800000E+00 
 1.800000E+00 
 1.644315E-06 
 1.800000E+00 
 1.800000E+00 
 1.800000E+00 
 1.800000E+00 
 1.800000E+00 
 1.800000E+00 
 1.800000E+00 
 1.800000E+00 
 1.800000E+00 
 1.800000E+00 
-1.947699E-08 
 1.800000E+00 
 1.800000E+00 
 1.800000E+00 
 1.800000E+00 
 1.800000E+00 
 1.800000E+00 
 1.800000E+00 
 1.800000E+00 
 1.800000E+00 
-2.777483E-07 
 1.800000E+00 
 1.800000E+00 
 1.800000E+00 
 1.800000E+00 
 1.800000E+00 
 1.800000E+00 
 1.800000E+00 
 1.800000E+00 
 4.966690E-08 
 1.800000E+00 
 1.800000E+00 
 1.800000E+00 
 1.800000E+00 
 1.800000E+00 
 1.800000E+00 
 1.800000E+00 
 1.800000E+00 
 1.800000E+00 
 1.800000E+00 
 8.560499E-09 
 1.800000E+00 
 1.800000E+00 
 1.800000E+00 
 1.800000E+00 
 1.800000E+00 
 1.800000E+00 
 1.800000E+00 
 1.800000E+00 
 3.030803E-08 
 1.800000E+00 
 1.800000E+00 
 1.800000E+00 
 1.800000E+00 
 1.800000E+00 
 1.800000E+00 
 1.800000E+00 
 1.800000E+00 
 1.800000E+00 
 1.800000E+00 
-2.879830E-07 
 1.800000E+00 
 1.800000E+00 
 1.800000E+00 
 1.800000E+00 
 1.800000E+00 
 1.800000E+00 
 1.799999E+00 
-1.065405E-06 
 1.800000E+00 
 1.800000E+00 
 1.800000E+00 
 1.800000E+00 
 1.800000E+00 
 1.800000E+00 
 1.800000E+00 
 1.800000E+00 
 1.800000E+00 
 1.800000E+00 
 1.800001E+00 
 4.726134E-08 
 1.800000E+00 
 1.800000E+00 
 1.800000E+00 
 1.800000E+00 
 1.800000E+00 
 1.800001E+00 
 1.297583E-08 
 1.800000E+00 
 1.800000E+00 
 1.800000E+00 
 1.800000E+00 
 1.800000E+00 
 1.800000E+00 
 1.800000E+00 
 1.800000E+00 
 1.800000E+00 
 1.800000E+00 
 1.800001E+00 
 1.406967E-08 
 1.799999E+00 
 1.799999E+00 
 1.799999E+00 
 1.799999E+00 
 1.799999E+00 
 1.800000E+00 
 1.800000E+00 
 3.300113E-08 
 1.800002E+00 
 1.800000E+00 
 1.800000E+00 
 1.800000E+00 
 1.800000E+00 
 1.800000E+00 
 1.800000E+00 
 1.800000E+00 
 1.800000E+00 
 8.136252E-09 
 1.800008E+00 
 1.800008E+00 
 1.800008E+00 
 1.800008E+00 
 1.800008E+00 
 1.800000E+00 
 1.800007E+00 
 5.113389E-08 
 1.800000E+00 
 1.800000E+00 
 1.800000E+00 
 1.800000E+00 
 1.800000E+00 
 1.800000E+00 
 1.800000E+00 
 1.800000E+00 
 1.800000E+00 
-2.492365E-09 
 1.800000E+00 
 1.800000E+00 
 1.800000E+00 
 1.800000E+00 
 1.800000E+00 
 1.800000E+00 
 1.800000E+00 
 3.742749E-08 
 1.800000E+00 
 1.800000E+00 
 1.800000E+00 
 1.800000E+00 
 1.800000E+00 
 1.800000E+00 
 1.800000E+00 
 1.800000E+00 
 3.608543E-09 
 1.800002E+00 
 1.800002E+00 
 1.800002E+00 
 1.800002E+00 
 1.800002E+00 
 1.800002E+00 
 1.799998E+00 
 8.046074E-08 
 1.800004E+00 
 1.800004E+00 
 1.800004E+00 
 1.800004E+00 
 1.800004E+00 
 1.800004E+00 
 1.800004E+00 
 1.800000E+00 
 4.345760E-07 
 1.800000E+00 
 1.800000E+00 
 1.800000E+00 
 1.800000E+00 
 1.800000E+00 
 1.800000E+00 
 1.800000E+00 
 1.800007E+00 
 1.243493E-08 
 1.800000E+00 
 1.800000E+00 
 1.800000E+00 
 1.800000E+00 
 1.800000E+00 
-9.434079E-08 
 1.800000E+00 
 1.800000E+00 
 1.800000E+00 
 1.800000E+00 
 1.800000E+00 
 1.800000E+00 
 1.800000E+00 
 1.800000E+00 
 1.800000E+00 
-9.015172E-08 
 1.800000E+00 
 1.800000E+00 
 1.800000E+00 
 1.800000E+00 
 1.800000E+00 
 1.800005E+00 
 2.711257E-07 
 1.800000E+00 
 1.800000E+00 
 1.800000E+00 
 1.800000E+00 
 1.800000E+00 
 1.800005E+00 
-6.477223E-07 
 1.800000E+00 
 1.800000E+00 
 1.800000E+00 
 1.800000E+00 
 1.800000E+00 
 1.800000E+00 
 1.800000E+00 
 1.800000E+00 
 2.669351E-06 
 1.800000E+00 
 1.800000E+00 
 1.800000E+00 
 1.800000E+00 
 1.800000E+00 
 1.800000E+00 
 1.207565E-08 
 1.800001E+00 
 1.800001E+00 
 1.800001E+00 
 1.800001E+00 
 1.800000E+00 
 1.800000E+00 
 1.129493E-07 
 1.800000E+00 
 1.800000E+00 
 1.800000E+00 
 1.800000E+00 
 1.800000E+00 
 1.800000E+00 
 2.820752E-09 
 1.800000E+00 
 1.800000E+00 
 1.800000E+00 
 1.800000E+00 
 1.800000E+00 
 1.800000E+00 
 1.800000E+00 
 7.096391E-06 
 1.800000E+00 
 1.800000E+00 
 1.800000E+00 
 1.800000E+00 
-2.811211E-07 
 1.800000E+00 
 1.800000E+00 
 1.800000E+00 
 1.800000E+00 
 1.800000E+00 
 1.800000E+00 
 1.800000E+00 
 1.800000E+00 
 8.142239E-09 
 1.800000E+00 
 1.800000E+00 
 1.800000E+00 
 1.800000E+00 
 1.800000E+00 
 8.057443E-09 
 1.800000E+00 
 1.800000E+00 
 1.800000E+00 
 1.800000E+00 
 1.800006E+00 
-3.254045E-08 
 1.800000E+00 
 1.800000E+00 
 1.800000E+00 
 1.800000E+00 
 1.800000E+00 
 1.799999E+00 
 4.400630E-07 
 1.800000E+00 
 1.800000E+00 
 1.800000E+00 
 1.800000E+00 
 1.800000E+00 
 1.800000E+00 
-8.599272E-08 
 1.799997E+00 
 1.800000E+00 
 1.800000E+00 
 1.800000E+00 
-1.149694E-09 
 1.800000E+00 
 1.800000E+00 
 1.800000E+00 
 1.800000E+00 
 1.800000E+00 
 1.799999E+00 
-2.608754E-06 
 1.799999E+00 
 1.799999E+00 
 1.799999E+00 
 1.799999E+00 
 1.800000E+00 
 2.145870E-08 
 1.800000E+00 
 1.800000E+00 
 1.800000E+00 
 1.800000E+00 
 1.800000E+00 
-6.877429E-09 
 1.800006E+00 
 1.800006E+00 
 1.800006E+00 
 1.800000E+00 
 1.800001E+00 
-1.228873E-08 
 1.800000E+00 
 1.800000E+00 
 1.800000E+00 
 1.800000E+00 
-5.607910E-07 
 1.799998E+00 
 1.799998E+00 
 1.799998E+00 
 1.799998E+00 
 1.799998E+00 
 1.800000E+00 
 4.962858E-06 
 1.800000E+00 
 1.800000E+00 
 1.800000E+00 
 6.790877E-06 
 1.800000E+00 
 1.800000E+00 
 1.800000E+00 
 1.800000E+00 
 1.800000E+00 
 1.800000E+00 
 1.800000E+00 
-3.572351E-08 
 1.800000E+00 
 1.800000E+00 
 1.994318E-08 
 1.800000E+00 
 1.800000E+00 
 1.800000E+00 
 1.800000E+00 
 1.799999E+00 
 1.800000E+00 
-2.636686E-07 
 1.800000E+00 
 1.800000E+00 
 1.800000E+00 
 1.800000E+00 
-2.425304E-06 
 1.800000E+00 
 1.800000E+00 
 1.800000E+00 
 1.800000E+00 
-5.456034E-07 
 1.800000E+00 
 1.800000E+00 
 1.800000E+00 
 1.800001E+00 
 1.795834E-07 
 1.799997E+00 
 1.800000E+00 
 1.800000E+00 
 1.800000E+00 
 1.800000E+00 
-1.456872E-07 
 1.800000E+00 
 1.800005E+00 
 1.800000E+00 
-5.475797E-06 
 1.800000E+00 
 1.800000E+00 
 1.800000E+00 
 1.800000E+00 
 1.800000E+00 
 2.458774E-07 
 1.800000E+00 
 1.800000E+00 
 1.800000E+00 
-1.023079E-06 
 1.800007E+00 
 1.800007E+00 
 1.800007E+00 
 1.800000E+00 
 1.800000E+00 
-6.353370E-08 
 1.800000E+00 
 1.800001E+00 
 2.148065E-09 
 1.800000E+00 
 1.800000E+00 
 1.800000E+00 
 1.800000E+00 
 1.800000E+00 
 1.800001E+00 
-9.968557E-06 
 1.800000E+00 
 1.800000E+00 
-2.344226E-05 
 1.800000E+00 
 1.800000E+00 
 1.800000E+00 
 1.800000E+00 
 9.332813E-09 
 1.800000E+00 
 1.800000E+00 
 1.800000E+00 
 1.800003E+00 
-6.984506E-06 
 1.800000E+00 
 1.800000E+00 
 1.800000E+00 
 1.800000E+00 
 3.390611E-06 
 1.800000E+00 
 1.800000E+00 
 1.024847E-05 
 1.799999E+00 
 1.799999E+00 
 1.799999E+00 
 1.799999E+00 
 1.800002E+00 
-6.142682E-08 
 1.799999E+00 
 1.800000E+00 
 8.579233E-09 
 1.800001E+00 
 1.800001E+00 
 1.800001E+00 
 1.800000E+00 
 1.800000E+00 
-1.945935E-08 
 1.800000E+00 
 4.571125E-08 
 1.800002E+00 
 1.800002E+00 
 1.800002E+00 
 1.800002E+00 
 1.800002E+00 
 1.800000E+00 
 5.954115E-06 
 1.943668E-06 
 1.800000E+00 
 1.800000E+00 
 1.800000E+00 
 1.800000E+00 
 1.800000E+00 
 1.800000E+00 
 7.783733E-07 
 1.800000E+00 
 1.800000E+00 
 1.689931E-08 
 1.800000E+00 
 1.800000E+00 
 1.800000E+00 
-1.873008E-07 
 1.800000E+00 
 1.800000E+00 
 1.800000E+00 
 1.800000E+00 
-4.372780E-07 
 1.800006E+00 
 5.441780E-06 
 1.800000E+00 
 1.800000E+00 
 1.800000E+00 
 1.800000E+00 
 1.800000E+00 
-1.605797E-07 
 1.800000E+00 
 1.800000E+00 
 4.776715E-06 
 1.800007E+00 
 1.800007E+00 
 1.800000E+00 
 4.803461E-06 
 1.800000E+00 
 1.800000E+00 
 1.800000E+00 
 2.677299E-08 
 1.800000E+00 
 1.800000E+00 
 1.799996E+00 
 6.956965E-09 
 1.800000E+00 
 1.800000E+00 
 1.799998E+00 
 3.887798E-09 
 1.800000E+00 
 1.800007E+00 
 7.521309E-07 
 1.800000E+00 
 1.800000E+00 
 1.799999E+00 
-4.409309E-07 
 1.800000E+00 
 1.800000E+00 
 1.800000E+00 
 2.212083E-06 
 1.800000E+00 
 1.800001E+00 
-3.677092E-07 
 1.800001E+00 
 1.800001E+00 
 1.800006E+00 
 2.500911E-06 
 1.800000E+00 
 1.800000E+00 
 1.800000E+00 
 2.553620E-06 
 1.800000E+00 
 1.800000E+00 
-1.019962E-07 
 1.800000E+00 
 1.800000E+00 
 1.800000E+00 
-3.624012E-07 
 1.800000E+00 
 1.800000E+00 
 1.632992E-08 
 1.800000E+00 
 1.800000E+00 
 1.800006E+00 
-7.165064E-06 
 1.800000E+00 
 1.800000E+00 
 6.737463E-06 
 1.800000E+00 
 1.800000E+00 
 1.800000E+00 
-8.241099E-06 
 1.800000E+00 
 1.800004E+00 
 1.317634E-05 
 1.800000E+00 
 1.799999E+00 
-1.185180E-08 
 1.800000E+00 
 1.800000E+00 
 1.800000E+00 
-7.132797E-09 
 1.800000E+00 
 1.799998E+00 
-1.143180E-06 
 1.800000E+00 
 1.800000E+00 
 1.800000E+00 
-3.103792E-07 
 1.800000E+00 
 9.338736E-09 
 1.800002E+00 
 1.800002E+00 
 1.800000E+00 
 1.870468E-08 
 1.800000E+00 
 1.800000E+00 
 1.800000E+00 
 4.736146E-06 
 4.743665E-06 
 1.800000E+00 
 1.800000E+00 
 1.800000E+00 
 1.800000E+00 
 1.800000E+00 
 6.771515E-06 
 6.638557E-06 
 1.800000E+00 
 1.800000E+00 
 1.800000E+00 
 4.567363E-07 
 1.800000E+00 
 1.800007E+00 
-1.146242E-06 
 1.800000E+00 
 1.800000E+00 
 6.542371E-07 
 1.800000E+00 
 1.800000E+00 
 1.800000E+00 
-3.597542E-07 
 1.800007E+00 
 8.017385E-08 
 1.800000E+00 
 1.800000E+00 
 2.639056E-08 
 1.800000E+00 
 1.800000E+00 
 1.800000E+00 
 2.230089E-08 
 1.800000E+00 
 1.802637E-08 
 1.800000E+00 
 1.800000E+00 
-1.523909E-07 
 1.800000E+00 
 1.800000E+00 
 1.800001E+00 
 9.936154E-09 
 1.800007E+00 
-2.467678E-07 
 1.800000E+00 
 1.800000E+00 
-2.968293E-07 
 1.800000E+00 
 1.800000E+00 
 3.620924E-07 
 1.800000E+00 
 1.799999E+00 
 3.355402E-06 
 1.800000E+00 
 1.800000E+00 
 6.978280E-09 
 1.800000E+00 
 1.800007E+00 
 1.692193E-07 
 1.800000E+00 
 1.800006E+00 
 1.824720E-06 
 1.800000E+00 
-1.770511E-05 
 1.800000E+00 
 1.800000E+00 
-4.663278E-07 
 1.800000E+00 
 1.800000E+00 
 4.717711E-09 
 1.800000E+00 
 1.800000E+00 
 1.360930E-07 
 1.800000E+00 
 1.800000E+00 
 9.172136E-07 
 1.800000E+00 
-6.001760E-08 
 1.800000E+00 
 1.800000E+00 
 1.975454E-07 
 1.800000E+00 
 1.800000E+00 
 1.457050E-08 
 1.800000E+00 
-2.845802E-07 
 1.800000E+00 
 1.800000E+00 
 1.800000E+00 
-1.980067E-07 
 3.877948E-08 
 1.800001E+00 
 1.800001E+00 
 1.800000E+00 
-8.261438E-10 
 1.800000E+00 
 1.033400E-06 
 1.800000E+00 
 1.800000E+00 
 6.187632E-09 
 1.800000E+00 
 1.800000E+00 
 1.042732E-08 
 8.750468E-09 
 1.800000E+00 
 1.800000E+00 
 1.800000E+00 
 8.091167E-09 
 1.800000E+00 
 1.800007E+00 
 2.295926E-07 
 2.650591E-07 
 1.800000E+00 
 1.800000E+00 
 1.800000E+00 
 5.323269E-10 
-2.005397E-09 
 1.800000E+00 
 1.800000E+00 
 1.800000E+00 
-4.405832E-08 
 1.799999E+00 
-4.593842E-09 
 1.800000E+00 
 1.800000E+00 
-3.717668E-06 
-3.730448E-06 
 1.800000E+00 
 1.800000E+00 
 1.800000E+00 
-1.144341E-08 
 1.800000E+00 
 1.536035E-07 
 1.800000E+00 
 1.800000E+00 
 8.418923E-05 
 5.441050E-09 
 1.800000E+00 
 1.800000E+00 
 1.800000E+00 
 7.069309E-07 
 1.800000E+00 
-3.860867E-07 
 1.800000E+00 
 4.064113E-06 
 1.799999E+00 
 1.800000E+00 
 1.179443E-05 
 1.179832E-05 
 1.800000E+00 
 1.800000E+00 
 1.800000E+00 
-2.411022E-08 
 1.799999E+00 
-1.236488E-08 
 1.800000E+00 
-7.977512E-08 
 1.800000E+00 
 1.800002E+00 
-1.691804E-06 
 4.408870E-09 
 1.800000E+00 
 1.800000E+00 
 1.800000E+00 
 6.726961E-08 
 6.577714E-09 
 1.800000E+00 
 1.800000E+00 
 1.115258E-06 
 1.800000E+00 
 4.933546E-09 
 1.800000E+00 
 1.800000E+00 
 7.920117E-08 
 1.800000E+00 
 1.243250E-05 
-5.253381E-06 
 1.800000E+00 
 1.800000E+00 
 1.800000E+00 
-9.057881E-10 
 1.800000E+00 
 7.513174E-06 
 3.758842E-06 
 1.800000E+00 
 1.800000E+00 
 1.800000E+00 
 1.157431E-06 
 5.163339E-09 
 1.799999E+00 
 1.800000E+00 
 8.869682E-09 
 8.915087E-09 
 1.800000E+00 
 1.800000E+00 
 1.800000E+00 
-5.213020E-07 
 1.399029E-08 
 1.800000E+00 
 1.922256E-08 
 1.800000E+00 
 1.800000E+00 
 5.151308E-09 
 1.800000E+00 
 3.230026E-08 
 1.800000E+00 
-1.724163E-09 
 1.799998E+00 
 3.511013E-09 
 1.800000E+00 
 1.800000E+00 
 2.187937E-06 
 5.264781E-09 
 1.800000E+00 
 1.800000E+00 
-1.052279E-07 
-1.067426E-07 
 1.800000E+00 
 1.800000E+00 
-1.829707E-09 
 1.800000E+00 
 1.800000E+00 
 1.914634E-07 
-7.574443E-10 
 1.800000E+00 
-2.806967E-10 
 1.800000E+00 
-5.591277E-06 
 1.800000E+00 
 1.800000E+00 
 6.603991E-09 
 6.758527E-09 
 1.800000E+00 
 1.800000E+00 
 6.427721E-08 
 1.800000E+00 
-1.389002E-06 
 8.530168E-09 
 1.800001E+00 
 1.800000E+00 
 7.932871E-07 
 1.800000E+00 
-1.843803E-08 
 1.800000E+00 
 2.359941E-08 
 1.800000E+00 
 1.619301E-07 
 1.800000E+00 
 6.280655E-06 
 1.800000E+00 
 8.124189E-07 
 1.800000E+00 
 6.474583E-09 
 1.800000E+00 
 1.281545E-08 
 1.800000E+00 
 1.103360E-07 
 1.800000E+00 
 1.800000E+00 
 8.251625E-07 
-6.697649E-07 
-6.697650E-07 
 1.800000E+00 
 1.800000E+00 
 1.800002E+00 
-9.152822E-07 
 9.783267E-09 
 9.775889E-09 
 1.800000E+00 
 1.800000E+00 
 1.800000E+00 
 1.451566E-08 
 5.211283E-07 
 5.211278E-07 
 1.800000E+00 
 1.800000E+00 
-2.078365E-06 
 1.800000E+00 
-4.098930E-07 
 1.800000E+00 
 1.446420E-07 
 1.526950E-07 
 1.800000E+00 
 1.800000E+00 
-5.619675E-07 
-5.616518E-07 
 1.800000E+00 
 1.800000E+00 
 3.021922E-06 
 3.013715E-06 
 1.799999E+00 
-1.462390E-05 
 1.800000E+00 
 6.932353E-09 
 1.800000E+00 
 1.800000E+00 
 3.394421E-09 
 5.980948E-09 
 5.989027E-09 
 1.800000E+00 
 1.800000E+00 
 1.916456E-08 
 2.064629E-08 
 1.799999E+00 
 1.800000E+00 
 3.627179E-08 
 2.954777E-08 
 1.800000E+00 
 8.122758E-08 
 1.800000E+00 
-8.218681E-08 
 1.800000E+00 
 4.435924E-08 
 1.800000E+00 
 4.113363E-08 
 6.538000E-09 
 1.800000E+00 
 1.800000E+00 
 1.048221E-07 
-1.419826E-07 
 1.800001E+00 
-2.453977E-06 
-2.244041E-06 
 1.800000E+00 
 1.800000E+00 
-9.060979E-07 
 1.800001E+00 
 3.349231E-08 
 2.346048E-08 
 1.800000E+00 
 2.282464E-05 
 1.800000E+00 
 1.908229E-06 
 1.554411E-06 
 1.800000E+00 
 1.800000E+00 
 2.895916E-06 
 2.972854E-06 
 1.800000E+00 
-2.202492E-08 
 1.800007E+00 
 1.618644E-08 
 8.742167E-09 
 1.800000E+00 
 1.800000E+00 
 1.159175E-05 
 1.159178E-05 
 1.800000E+00 
 1.902386E-06 
 1.344905E-08 
 1.800000E+00 
 1.800003E+00 
 6.529900E-07 
 5.925445E-07 
 5.925449E-07 
 1.800006E+00 
 1.800000E+00 
 5.577448E-08 
 5.575527E-08 
 1.800000E+00 
 1.800000E+00 
 1.260103E-08 
 1.240819E-08 
 1.240831E-08 
 1.800000E+00 
-1.110181E-07 
 1.800000E+00 
 1.124267E-06 
 1.571381E-06 
 1.800000E+00 
 1.800003E+00 
 1.247547E-07 
-7.276733E-07 
 1.800000E+00 
 4.705969E-08 
 5.529564E-08 
 1.800000E+00 
 7.440056E-09 
 1.800000E+00 
 3.444045E-07 
 1.800000E+00 
-3.114148E-08 
 4.177429E-09 
 1.800000E+00 
 1.275868E-08 
 9.074368E-09 
 1.800004E+00 
 1.800000E+00 
 1.845347E-06 
 1.840995E-06 
 1.840994E-06 
 1.800000E+00 
 1.073488E-07 
 1.800000E+00 
-1.077883E-07 
 1.800000E+00 
 6.917881E-07 
 6.148745E-09 
 6.148751E-09 
 1.800000E+00 
 1.800000E+00 
-1.570292E-06 
-2.411064E-06 
 1.799998E+00 
 8.291995E-08 
 7.198096E-08 
 1.800000E+00 
-7.163965E-07 
 1.800002E+00 
 8.453644E-09 
 7.445042E-09 
 1.800000E+00 
 9.329642E-08 
 1.800000E+00 
 6.162828E-06 
-1.211323E-07 
-1.211379E-07 
 1.800000E+00 
 1.800000E+00 
-9.151021E-07 
-1.099804E-06 
-1.099804E-06 
 1.800000E+00 
 1.800000E+00 
 1.034884E-09 
 5.256213E-09 
 5.259407E-09 
 5.255650E-09 
 1.800000E+00 
 1.800000E+00 
 9.274653E-08 
 4.272762E-08 
 1.800000E+00 
-3.590911E-07 
 9.861587E-08 
 1.800000E+00 
 5.499786E-09 
 1.800000E+00 
 2.904660E-08 
 2.823391E-08 
 2.823392E-08 
 1.800000E+00 
-4.213780E-06 
 1.800000E+00 
-2.241933E-07 
 1.507354E-07 
 1.800000E+00 
 6.172751E-09 
 1.800000E+00 
 4.903963E-08 
 1.005978E-08 
 1.005957E-08 
 1.800000E+00 
 1.734760E-05 
 1.800000E+00 
 1.771000E-06 
 6.511781E-09 
 6.511979E-09 
 1.800000E+00 
 1.800000E+00 
 3.086924E-06 
-1.651149E-05 
-1.651149E-05 
-1.651149E-05 
 1.800000E+00 
 1.800000E+00 
 3.224146E-07 
 3.023861E-07 
 3.023856E-07 
 1.800000E+00 
 2.257200E-06 
 1.256328E-05 
 1.800000E+00 
-7.627203E-08 
 1.800000E+00 
 1.677251E-06 
 4.702753E-09 
 4.702944E-09 
 1.800000E+00 
-8.118682E-07 
 9.648376E-09 
 1.800008E+00 
-1.749646E-06 
 1.800000E+00 
 9.801470E-06 
-8.844014E-07 
-8.844014E-07 
 1.800000E+00 
 4.173343E-07 
 5.139524E-07 
 1.800000E+00 
 1.753926E-08 
 1.800008E+00 
 9.243235E-07 
 2.520273E-07 
 2.520272E-07 
 1.800000E+00 
-9.662928E-08 
-9.764096E-08 
 1.800000E+00 
-2.466397E-07 
-2.596411E-07 
 1.800000E+00 
-1.615986E-07 
 1.223504E-08 
 1.800000E+00 
-8.762992E-06 
-8.761780E-06 
-8.761780E-06 
 1.800000E+00 
 1.432506E-08 
 1.800000E+00 
-6.146448E-07 
-8.552860E-08 
-8.552601E-08 
 1.800000E+00 
-6.647744E-06 
 1.326853E-06 
 1.800000E+00 
 8.278825E-07 
-2.336481E-05 
 1.800000E+00 
 6.556037E-08 
 1.065274E-08 
 1.065281E-08 
 1.800000E+00 
 8.666746E-08 
 9.728393E-08 
 1.800000E+00 
-3.217841E-08 
 7.393722E-09 
 1.800000E+00 
 2.333501E-07 
 1.146066E-07 
 1.800000E+00 
-4.278761E-06 
-1.382094E-06 
-1.382122E-06 
 1.800000E+00 
-1.057685E-06 
-1.080977E-06 
-1.080977E-06 
 1.799998E+00 
 1.085128E-08 
 1.800000E+00 
 8.363016E-08 
 2.370182E-08 
 2.370197E-08 
 2.370196E-08 
 1.800000E+00 
-5.168236E-07 
 1.800000E+00 
 2.734055E-08 
 1.628879E-08 
 1.633091E-08 
 1.800000E+00 
-1.689723E-06 
-1.688950E-06 
-1.688950E-06 
 1.800000E+00 
 1.180247E-07 
 1.588292E-08 
 1.588289E-08 
 1.800000E+00 
 6.651587E-06 
 1.800000E+00 
-4.458250E-05 
-9.381002E-06 
-9.381013E-06 
-9.381002E-06 
 1.800000E+00 
-4.170600E-07 
 9.692622E-09 
 1.800006E+00 
-9.372371E-06 
 2.404170E-06 
 2.404149E-06 
 1.800000E+00 
 1.586331E-04 
-3.919944E-06 
-3.919944E-06 
 1.800000E+00 
 5.489727E-07 
 1.162381E-06 
 1.800000E+00 
-2.052515E-05 
-2.052593E-05 
-2.052593E-05 
-2.052593E-05 
 1.800000E+00 
 1.064410E-08 
 1.800000E+00 
-1.962493E-06 
 1.386826E-08 
 1.386844E-08 
 1.386847E-08 
 1.386838E-08 
 1.800000E+00 
 1.800004E+00 
 1.715725E-07 
 1.490263E-08 
 1.490619E-08 
 1.490262E-08 
 1.490265E-08 
 1.490552E-08 
 1.800000E+00 
-7.672837E-08 
 1.800000E+00 
-2.469809E-05 
-2.550949E-08 
-2.550959E-08 
-2.550949E-08 
 1.799999E+00 
-2.960417E-09 
-6.702391E-09 
-6.702340E-09 
 1.800000E+00 
 2.787519E-07 
 2.062112E-07 
 2.062110E-07 
 1.800000E+00 
 8.197600E-09 
 8.204939E-09 
 1.800000E+00 
-2.766843E-05 
-2.760592E-05 
-2.760592E-05 
-2.760592E-05 
-2.760592E-05 
 1.800000E+00 
 8.470960E-09 
 1.112444E-08 
 1.800000E+00 
 1.068264E-05 
-2.434139E-05 
-2.434139E-05 
 1.800000E+00 
 2.583419E-08 
 2.189340E-08 
 2.189346E-08 
 2.189325E-08 
 2.189372E-08 
 1.800000E+00 
 1.557275E-07 
 1.800000E+00 
-3.151894E-05 
 6.372301E-09 
 6.374042E-09 
 6.371738E-09 
 6.371732E-09 
 1.800000E+00 
-2.569829E-08 
-2.558890E-08 
-2.558213E-08 
 1.800000E+00 
-1.050187E-06 
-1.047464E-06 
-1.047464E-06 
-1.047462E-06 
 1.800002E+00 
-1.002452E-08 
-1.021809E-08 
 1.800000E+00 
 1.141802E-05 
 1.172967E-05 
 1.172967E-05 
 1.172967E-05 
 1.172967E-05 
 1.800000E+00 
-2.246956E-07 
-2.357763E-07 
-2.357767E-07 
 1.800000E+00 
 9.657465E-07 
 9.830374E-07 
 9.830379E-07 
 9.830383E-07 
 9.830381E-07 
 1.800000E+00 
-9.379963E-06 
 1.800000E+00 
 1.163791E-08 
 1.018793E-08 
 1.018739E-08 
 1.018749E-08 
 1.018705E-08 
 1.018745E-08 
 1.018740E-08 
 1.800000E+00 
-9.532240E-07 
-9.596315E-07 
 1.800000E+00 
 6.894042E-09 
 5.122152E-09 
 5.121850E-09 
 5.121897E-09 
 5.121855E-09 
 1.800000E+00 
 1.406831E-08 
 1.081623E-08 
 1.800007E+00 
 4.314074E-06 
-5.490352E-08 
-5.490391E-08 
-5.490388E-08 
-5.490072E-08 
-5.490369E-08 
-5.490391E-08 
 1.800000E+00 
-1.301972E-07 
 1.800000E+00 
 1.721076E-07 
 3.250231E-08 
 3.252163E-08 
 3.252056E-08 
 3.252195E-08 
 3.252048E-08 
 3.256359E-08 
 1.800000E+00 
-1.350693E-07 
-6.848303E-08 
 1.800000E+00 
 1.070381E-08 
 1.081182E-08 
 1.081236E-08 
 1.081181E-08 
 1.080297E-08 
 1.081128E-08 
 1.800000E+00 
 1.602253E-06 
 5.899038E-09 
 5.899026E-09 
 5.899003E-09 
 1.800000E+00 
-2.978744E-08 
-1.879114E-07 
-1.879106E-07 
-1.879118E-07 
 1.800000E+00 
 2.876220E-09 
 6.262048E-09 
 6.263324E-09 
 6.278390E-09 
 6.262215E-09 
 1.800000E+00 
-2.141568E-07 
 2.109077E-08 
 2.109069E-08 
 2.109138E-08 
 2.109055E-08 
 1.800000E+00 
-4.308339E-07 
-4.326318E-07 
-4.326317E-07 
-4.326305E-07 
 1.800000E+00 
 5.859213E-08 
 3.542708E-08 
 3.542713E-08 
 3.542699E-08 
 3.543149E-08 
 1.800000E+00 
-7.494507E-06 
-8.088702E-06 
-8.088702E-06 
-8.088702E-06 
-8.088702E-06 
 1.800000E+00 
-6.959281E-08 
-6.134715E-08 
-6.134734E-08 
-6.134715E-08 
-6.134716E-08 
-6.134713E-08 
 1.800000E+00 
 9.410316E-08 
-1.847192E-08 
-1.847040E-08 
 1.800000E+00 
-1.974150E-06 
 1.890933E-08 
 1.891029E-08 
 1.891463E-08 
 1.891026E-08 
 1.890737E-08 
 1.891100E-08 
 1.800000E+00 
 1.060171E-05 
 1.060194E-05 
 1.060194E-05 
 1.060193E-05 
 1.060193E-05 
 1.800000E+00 
-3.676121E-07 
-4.251168E-07 
-4.251158E-07 
-4.251159E-07 
-4.251124E-07 
 1.800000E+00 
 6.299425E-09 
 9.101672E-09 
 9.101368E-09 
 9.101702E-09 
 9.101713E-09 
 1.800000E+00 
 1.242700E-06 
-6.074822E-08 
-6.075006E-08 
-6.074967E-08 
-6.074934E-08 
-6.074926E-08 
-6.074399E-08 
 1.800000E+00 
 2.164085E-05 
-5.827620E-06 
-5.827620E-06 
-5.827620E-06 
-5.827619E-06 
 1.800000E+00 
 7.739203E-06 
-5.878529E-07 
-5.878528E-07 
-5.878528E-07 
-5.878535E-07 
-5.878528E-07 
 1.800000E+00 
-7.187889E-08 
 1.014643E-08 
 1.014648E-08 
 1.014645E-08 
 1.014739E-08 
 1.799997E+00 
-6.108195E-08 
-6.317396E-08 
-6.317365E-08 
-6.317393E-08 
-6.317393E-08 
-6.317328E-08 
-6.317387E-08 
-6.317396E-08 
 1.800000E+00 
-1.106398E-06 
-1.094559E-06 
-1.094559E-06 
-1.094559E-06 
 1.800000E+00 
 6.451316E-09 
 8.920635E-09 
 8.913303E-09 
 8.920794E-09 
 8.920594E-09 
 8.920522E-09 
 8.920591E-09 
 8.920548E-09 
 1.799999E+00 
 5.730977E-07 
-1.380617E-05 
-1.380617E-05 
-1.380618E-05 
-1.380617E-05 
 1.800000E+00 
 3.146810E-07 
 9.844854E-08 
 9.844853E-08 
 9.844804E-08 
 9.844854E-08 
 9.844853E-08 
 9.844854E-08 
 9.844854E-08 
 1.800000E+00 
-3.831276E-06 
-3.831102E-06 
-3.831098E-06 
-3.831094E-06 
-3.831095E-06 
-3.831094E-06 
 1.800000E+00 
 3.454118E-07 
 6.516179E-09 
 6.515839E-09 
 6.514606E-09 
 6.515860E-09 
 6.515810E-09 
 6.515903E-09 
 1.799999E+00 
 1.114351E-06 
 1.114039E-06 
 1.114039E-06 
 1.114039E-06 
 1.114039E-06 
 1.114044E-06 
 1.114040E-06 
 1.800000E+00 
 1.876150E-07 
 1.874822E-07 
 1.874822E-07 
 1.874834E-07 
 1.874822E-07 
 1.874822E-07 
 1.874822E-07 
 1.874823E-07 
 1.800000E+00 
 1.482504E-07 
-2.072236E-08 
-2.072238E-08 
-2.072385E-08 
-2.072232E-08 
 1.800000E+00 
-1.931932E-06 
-1.910582E-06 
-1.910582E-06 
-1.910582E-06 
-1.910582E-06 
-1.910582E-06 
-1.910582E-06 
-1.910582E-06 
-1.910582E-06 
-1.910582E-06 
 1.800000E+00 
-8.278646E-09 
 8.593965E-09 
 8.596414E-09 
 8.596372E-09 
 8.596085E-09 
 8.596414E-09 
 1.800000E+00 
-6.888651E-07 
-1.126625E-08 
-1.126975E-08 
-1.126623E-08 
-1.126625E-08 
-1.126624E-08 
-1.126625E-08 
-1.126589E-08 
 1.800000E+00 
 8.514742E-08 
 3.958225E-10 
 3.950152E-10 
 3.950246E-10 
 3.950252E-10 
 3.950221E-10 
 3.950309E-10 
 3.950189E-10 
 1.800000E+00 
-1.364812E-06 
 1.774381E-08 
 1.774356E-08 
 1.774284E-08 
 1.774375E-08 
 1.774381E-08 
 1.774386E-08 
 1.774380E-08 
 1.800000E+00 
 1.413599E-08 
-2.363635E-07 
-2.363635E-07 
-2.363637E-07 
-2.363636E-07 
-2.363635E-07 
-2.363634E-07 
-2.363633E-07 
 1.800000E+00 
-1.089289E-06 
-1.037813E-06 
-1.037813E-06 
-1.037813E-06 
-1.037815E-06 
-1.037812E-06 
-1.037813E-06 
-1.037813E-06 
 1.800000E+00 
-2.838412E-05 
-7.219932E-07 
-7.219988E-07 
-7.219982E-07 
-7.219983E-07 
-7.219987E-07 
-7.219984E-07 
-7.219979E-07 
-7.219973E-07 
 1.800000E+00 
 9.044389E-06 
-1.265419E-06 
-1.265419E-06 
-1.265419E-06 
-1.265419E-06 
-1.265419E-06 
-1.265419E-06 
 1.800003E+00 
-3.256727E-08 
 9.401913E-09 
 9.400736E-09 
 9.402372E-09 
 9.402155E-09 
 9.391750E-09 
 9.402348E-09 
 9.402345E-09 
 9.402043E-09 
 9.404998E-09 
 9.402373E-09 
 1.800000E+00 
-3.278870E-08 
-3.198811E-08 
-3.198764E-08 
-3.200141E-08 
-3.198763E-08 
-3.198757E-08 
 1.800002E+00 
 6.242378E-09 
 1.030509E-08 
 1.030705E-08 
 1.030480E-08 
 1.030527E-08 
 1.030981E-08 
 1.030685E-08 
 1.030484E-08 
 1.030521E-08 
 1.030461E-08 
 1.030641E-08 
 1.800000E+00 
 3.703386E-06 
-1.802141E-05 
-1.802140E-05 
-1.802141E-05 
-1.802141E-05 
-1.802141E-05 
-1.802141E-05 
 1.800000E+00 
-1.361593E-05 
-1.354340E-05 
-1.354340E-05 
-1.354340E-05 
-1.354340E-05 
-1.354340E-05 
-1.354340E-05 
-1.354340E-05 
-1.354340E-05 
-1.354340E-05 
-1.354340E-05 
 1.800000E+00 
 5.405827E-07 
 5.449317E-07 
 5.449317E-07 
 5.449317E-07 
 5.449317E-07 
 5.449316E-07 
 5.449317E-07 
 1.800000E+00 
 1.863539E-06 
 1.775009E-06 
 1.775009E-06 
 1.775007E-06 
 1.775009E-06 
 1.775009E-06 
 1.775009E-06 
 1.775009E-06 
 1.775023E-06 
 1.775009E-06 
 1.775009E-06 
 1.800007E+00 
 7.221805E-07 
 8.517083E-07 
 8.517089E-07 
 8.517082E-07 
 8.517047E-07 
 8.517082E-07 
 8.517084E-07 
 1.800000E+00 
-1.843797E-07 
-1.844015E-07 
-1.844011E-07 
-1.844016E-07 
-1.844015E-07 
-1.844015E-07 
-1.844043E-07 
-1.844019E-07 
-1.844015E-07 
-1.844015E-07 
-1.844023E-07 
 1.800000E+00 
-2.644896E-07 
-2.921444E-07 
-2.921443E-07 
-2.921444E-07 
-2.921445E-07 
-2.921446E-07 
-2.921444E-07 
 1.800000E+00 
 5.360906E-08 
 5.002658E-08 
 5.002719E-08 
 5.004181E-08 
 5.002655E-08 
 5.002658E-08 
 5.002656E-08 
 5.002656E-08 
 5.002655E-08 
 5.002815E-08 
 5.002559E-08 
 5.002655E-08 
 1.800000E+00 
-4.993921E-08 
-5.143227E-08 
-5.143221E-08 
-5.143222E-08 
-5.143220E-08 
 1.800000E+00 
-3.164058E-07 
 1.463971E-08 
 1.463973E-08 
 1.463342E-08 
 1.464132E-08 
 1.463971E-08 
 1.463987E-08 
 1.463979E-08 
 1.463969E-08 
 1.463971E-08 
 1.463948E-08 
 1.463756E-08 
 1.464180E-08 
 1.463971E-08 
 1.800000E+00 
 3.704232E-07 
 3.684238E-07 
 3.684242E-07 
 3.684239E-07 
 1.800000E+00 
 7.299484E-08 
-2.062097E-09 
-2.062097E-09 
-2.055460E-09 
-2.062111E-09 
-2.062136E-09 
-2.062111E-09 
-2.062101E-09 
-2.062104E-09 
-2.060392E-09 
-2.062098E-09 
-2.062034E-09 
-2.062081E-09 
 1.800000E+00 
 4.627298E-07 
 4.117523E-07 
 4.117523E-07 
 4.117523E-07 
 4.117523E-07 
 4.117527E-07 
 1.800000E+00 
 8.100954E-06 
 8.119923E-06 
 8.119923E-06 
 8.119929E-06 
 8.119923E-06 
 8.119924E-06 
 8.119923E-06 
 8.119924E-06 
 8.119923E-06 
 8.119944E-06 
 1.800000E+00 
 1.075703E-07 
 3.243788E-08 
 3.243786E-08 
 3.243778E-08 
 3.243789E-08 
 3.243764E-08 
 3.243772E-08 
 3.243795E-08 
 1.800002E+00 
 2.218047E-06 
 2.041916E-06 
 2.041925E-06 
 2.041917E-06 
 2.041916E-06 
 2.041916E-06 
 2.041917E-06 
 2.041916E-06 
 2.041917E-06 
 1.800000E+00 
 1.628210E-07 
 2.784477E-09 
 2.784549E-09 
 2.784434E-09 
 2.784231E-09 
 2.784467E-09 
 2.784783E-09 
 2.784459E-09 
 1.800000E+00 
 5.856985E-09 
 5.114989E-10 
 5.115182E-10 
 5.118512E-10 
 5.110519E-10 
 5.115633E-10 
 5.115554E-10 
 1.800000E+00 
-2.941033E-07 
 8.908526E-09 
 8.908511E-09 
 8.908516E-09 
 8.908511E-09 
 8.903789E-09 
 8.909056E-09 
 8.908496E-09 
 8.908428E-09 
 8.908412E-09 
 1.800000E+00 
-4.264352E-07 
-4.287701E-07 
-4.287698E-07 
-4.287693E-07 
-4.287694E-07 
-4.287641E-07 
-4.287698E-07 
 1.800000E+00 
 1.550000E-05 
-3.148793E-06 
-3.148793E-06 
-3.148793E-06 
-3.148795E-06 
-3.148793E-06 
-3.148793E-06 
-3.148793E-06 
 1.800000E+00 
 6.365503E-07 
 2.355444E-08 
 2.355439E-08 
 2.355375E-08 
 2.355424E-08 
 2.355377E-08 
 2.358239E-08 
 1.800002E+00 
 7.968646E-06 
 8.060996E-06 
 8.060995E-06 
 8.060995E-06 
 8.060995E-06 
 8.060995E-06 
 8.060995E-06 
 8.060996E-06 
 8.060996E-06 
 1.800000E+00 
 2.172223E-06 
 2.775384E-06 
 2.775384E-06 
 2.775381E-06 
 2.775384E-06 
 1.800000E+00 
-6.725327E-09 
-1.610647E-08 
-1.610664E-08 
-1.609720E-08 
-1.610662E-08 
-1.610663E-08 
-1.610664E-08 
-1.610516E-08 
-1.610666E-08 
-1.611930E-08 
 1.800000E+00 
 3.181249E-06 
 3.163665E-06 
 3.163665E-06 
 3.163666E-06 
 3.163665E-06 
 1.800000E+00 
 2.049147E-07 
 6.238202E-08 
 6.238086E-08 
 6.238252E-08 
 6.238202E-08 
 6.238190E-08 
 6.238202E-08 
 6.239948E-08 
 1.800000E+00 
 1.649416E-06 
 5.797545E-09 
 5.796841E-09 
 5.797538E-09 
 5.797545E-09 
 5.797548E-09 
 5.797570E-09 
 1.800000E+00 
 1.863941E-07 
-5.610099E-08 
-5.610021E-08 
-5.610185E-08 
-5.610099E-08 
 1.800000E+00 
 2.539062E-08 
 2.533257E-08 
 2.532744E-08 
 2.533757E-08 
 2.534574E-08 
 2.533247E-08 
 2.533263E-08 
 2.533261E-08 
 2.533157E-08 
 1.800000E+00 
-1.312770E-06 
-7.152547E-07 
-7.152548E-07 
-7.152547E-07 
 1.800000E+00 
 3.041213E-06 
 3.271907E-06 
 3.271907E-06 
 3.271906E-06 
 3.271906E-06 
 3.271907E-06 
 3.271907E-06 
 3.271907E-06 
 1.800002E+00 
 1.039313E-06 
 1.039327E-06 
 1.039328E-06 
 1.039328E-06 
 1.039328E-06 
 1.039328E-06 
 1.800000E+00 
 1.814783E-07 
 1.026400E-07 
 1.026405E-07 
 1.026400E-07 
 1.026400E-07 
 1.799998E+00 
 1.587564E-07 
 1.729068E-07 
 1.729067E-07 
 1.729069E-07 
 1.729069E-07 
 1.729067E-07 
 1.729066E-07 
 1.800000E+00 
 1.985885E-06 
 6.339553E-09 
 6.339601E-09 
 6.339577E-09 
 6.339996E-09 
 1.800000E+00 
 1.847518E-06 
 5.813716E-09 
 5.813717E-09 
 5.813618E-09 
 5.813716E-09 
 5.817612E-09 
 5.813717E-09 
 1.800000E+00 
 3.137510E-06 
 3.201473E-06 
 3.201473E-06 
 3.201473E-06 
 1.800000E+00 
-2.595381E-06 
-2.845819E-06 
-2.845823E-06 
-2.845818E-06 
-2.845819E-06 
-2.845818E-06 
-2.845811E-06 
 1.800000E+00 
 2.562153E-06 
 2.562212E-06 
 2.562212E-06 
 1.800000E+00 
 1.511603E-06 
 6.344016E-09 
 6.344361E-09 
 6.339571E-09 
 6.337683E-09 
 6.343763E-09 
 6.344184E-09 
 6.344139E-09 
 1.800000E+00 
 5.718085E-06 
-2.914819E-07 
-2.914816E-07 
-2.914819E-07 
 1.800000E+00 
 1.178230E-07 
 1.195970E-07 
 1.195923E-07 
 1.195922E-07 
 1.195922E-07 
 1.800000E+00 
 3.576433E-09 
 3.791638E-09 
 3.791639E-09 
 3.791559E-09 
 3.792070E-09 
 1.800000E+00 
 1.206192E-06 
-3.597386E-09 
-3.596798E-09 
-3.596505E-09 
-3.596709E-09 
 1.800000E+00 
 6.689538E-09 
 6.024562E-09 
 6.024290E-09 
 6.024278E-09 
 1.800000E+00 
 2.831537E-09 
 2.824427E-09 
 2.824189E-09 
 2.824374E-09 
 2.824482E-09 
 2.825485E-09 
 1.800000E+00 
 7.536820E-09 
 7.538148E-09 
 7.539135E-09 
 7.539093E-09 
 1.800000E+00 
 3.721536E-09 
 3.966308E-09 
 3.966911E-09 
 3.966369E-09 
 3.966155E-09 
 1.800000E+00 
-5.760022E-06 
-6.065016E-06 
-6.065018E-06 
 1.800000E+00 
-8.538134E-08 
-5.886988E-08 
-5.886986E-08 
-5.887051E-08 
-5.886987E-08 
-5.886981E-08 
-5.886986E-08 
 1.800001E+00 
 2.371282E-07 
 1.800000E+00 
-2.879624E-06 
-2.889064E-06 
-2.889064E-06 
-2.889061E-06 
-2.889064E-06 
-2.889064E-06 
-2.889064E-06 
-2.889066E-06 
 1.800000E+00 
 4.912581E-06 
 1.800000E+00 
 1.594307E-05 
 1.593559E-05 
 1.593559E-05 
 1.593559E-05 
 1.593559E-05 
 1.593559E-05 
 1.593559E-05 
 1.800000E+00 
-3.278247E-06 
 1.800000E+00 
 3.218276E-08 
 3.243871E-08 
 3.244024E-08 
 3.243880E-08 
 3.243881E-08 
 3.243882E-08 
 3.243881E-08 
 1.800006E+00 
 8.882208E-06 
 8.813823E-06 
 1.800000E+00 
 2.057159E-06 
 2.023364E-06 
 2.023375E-06 
 2.023374E-06 
 1.800000E+00 
 3.993694E-06 
-6.246801E-08 
-6.246800E-08 
-6.246800E-08 
-6.246830E-08 
 1.800000E+00 
-1.631333E-09 
-1.713029E-09 
 1.800000E+00 
-9.767538E-06 
-9.887811E-06 
-9.887812E-06 
-9.887812E-06 
-9.887811E-06 
 1.800000E+00 
 1.086286E-08 
 1.042214E-08 
 1.042168E-08 
 1.800000E+00 
-1.306806E-07 
-2.162296E-08 
-2.162298E-08 
-2.162391E-08 
 1.800000E+00 
 6.588529E-07 
 6.306801E-07 
 6.306787E-07 
 1.800000E+00 
 1.789623E-06 
 1.707627E-06 
 1.707628E-06 
 1.707627E-06 
 1.799998E+00 
 5.665401E-09 
 5.544927E-09 
 5.544904E-09 
 1.800000E+00 
 2.202509E-08 
 6.568066E-09 
 6.567961E-09 
 6.571557E-09 
 1.800007E+00 
 5.420396E-09 
 5.331121E-09 
 5.331116E-09 
 1.800000E+00 
 3.109188E-08 
-3.214095E-11 
-3.237188E-11 
 1.800000E+00 
 1.290180E-07 
 7.651629E-08 
 7.651622E-08 
 7.651624E-08 
 1.800000E+00 
 9.798959E-09 
 3.460467E-09 
 1.800000E+00 
-5.155275E-07 
-5.229501E-07 
-5.229501E-07 
-5.229496E-07 
 1.800001E+00 
-1.053568E-06 
 8.834459E-09 
 8.834676E-09 
 1.800000E+00 
-1.282224E-08 
 5.559862E-08 
 5.559857E-08 
 1.800000E+00 
-3.254908E-06 
-2.100602E-06 
-2.100603E-06 
 1.800000E+00 
 8.477965E-08 
 1.167303E-08 
 1.158812E-08 
 1.800000E+00 
 1.870827E-06 
 1.870662E-06 
 1.870662E-06 
 1.870666E-06 
 1.800000E+00 
-2.381747E-07 
 1.800000E+00 
-5.310866E-06 
 5.960068E-07 
 5.960066E-07 
 5.960071E-07 
 1.800000E+00 
 5.428935E-09 
 4.332570E-09 
 4.332592E-09 
 1.799998E+00 
-1.769612E-07 
 4.358909E-08 
 4.358911E-08 
 1.800000E+00 
 8.934946E-08 
 1.800000E+00 
 6.209824E-07 
 1.647506E-08 
 1.647413E-08 
 1.647405E-08 
 1.647411E-08 
 1.800000E+00 
 2.219109E-06 
 1.232096E-06 
 1.800001E+00 
 2.064475E-07 
 1.833071E-07 
 1.800000E+00 
 1.728513E-06 
 2.764567E-09 
 2.792166E-09 
 1.800000E+00 
-1.101930E-05 
-1.147932E-05 
-1.147931E-05 
 1.800000E+00 
 1.626658E-07 
 1.558581E-08 
 1.558621E-08 
 1.800000E+00 
 9.370317E-09 
 1.800000E+00 
 9.280092E-06 
 9.178580E-06 
 9.178580E-06 
 9.178580E-06 
 1.800000E+00 
-4.089108E-06 
-4.126516E-06 
 1.800000E+00 
 6.782817E-08 
 6.944182E-09 
 1.800000E+00 
 4.444823E-06 
-1.896854E-08 
-1.897097E-08 
 1.800000E+00 
-1.764682E-06 
-1.515812E-06 
 1.800000E+00 
-1.338046E-07 
 1.336711E-08 
 1.336718E-08 
 1.800000E+00 
-6.258366E-07 
-4.058877E-07 
 1.800000E+00 
 2.709684E-06 
-7.082785E-07 
 1.800000E+00 
 2.648999E-05 
 2.102134E-08 
 2.102222E-08 
 1.800000E+00 
 3.999403E-06 
 3.999503E-06 
 1.800006E+00 
-1.316663E-06 
-1.329855E-06 
-1.329854E-06 
 1.800000E+00 
 1.800009E+00 
-7.208163E-07 
 1.070719E-08 
 1.070642E-08 
 1.070617E-08 
 1.070473E-08 
 1.800000E+00 
-3.668991E-08 
 1.800000E+00 
 4.040558E-06 
 2.649198E-06 
 1.800000E+00 
 5.839092E-08 
 8.513252E-10 
 1.800000E+00 
 3.726401E-07 
 4.473621E-09 
 4.473631E-09 
 1.800000E+00 
 2.678160E-06 
 1.800000E+00 
-1.251546E-06 
-8.476908E-07 
-8.476910E-07 
 1.800000E+00 
-5.562651E-07 
-1.726429E-08 
 1.800000E+00 
 2.343972E-08 
 1.800000E+00 
 3.471835E-06 
-1.831753E-08 
-1.831670E-08 
-1.831722E-08 
 1.800000E+00 
 1.800000E+00 
 1.509401E-08 
 6.291511E-09 
 6.290316E-09 
 1.800000E+00 
 1.519131E-07 
 1.297402E-07 
 1.800000E+00 
 4.861045E-07 
-1.097053E-08 
 1.799999E+00 
-1.521270E-07 
 9.707553E-09 
 1.800000E+00 
 7.666197E-08 
 1.800000E+00 
-2.987225E-06 
 2.276444E-08 
 2.276457E-08 
 1.800000E+00 
 1.008810E-07 
 1.077130E-07 
 1.800000E+00 
 1.618366E-06 
 1.800000E+00 
 6.513489E-06 
 6.003918E-06 
 1.800000E+00 
 2.142643E-06 
 1.778424E-06 
 1.800000E+00 
-3.170951E-06 
-3.202623E-06 
 1.800000E+00 
-5.638916E-08 
 2.906594E-08 
 1.800000E+00 
 2.081766E-07 
 1.625993E-07 
 1.800000E+00 
 2.225012E-08 
 1.800002E+00 
 2.476279E-06 
 1.579761E-06 
 1.800000E+00 
-1.230692E-08 
-6.138064E-09 
 1.800000E+00 
 3.236261E-08 
 1.800003E+00 
-8.714339E-05 
 4.185486E-06 
 4.185487E-06 
 1.800000E+00 
 1.800000E+00 
 2.140382E-08 
 1.679084E-08 
 1.678770E-08 
 1.800000E+00 
-1.671743E-06 
-1.484599E-06 
 1.799999E+00 
 1.800000E+00 
-1.316063E-06 
 8.653838E-09 
 8.653489E-09 
 1.799998E+00 
-6.035224E-09 
 6.384955E-09 
 1.800000E+00 
 1.800000E+00 
 1.733616E-08 
 1.370277E-08 
 1.370303E-08 
 1.800001E+00 
-3.536478E-09 
 1.800000E+00 
 2.420640E-07 
 2.587738E-07 
 1.800000E+00 
-2.164501E-08 
 1.800001E+00 
-7.491523E-06 
 1.214280E-05 
 1.800000E+00 
-3.792981E-08 
 1.800000E+00 
 1.373266E-06 
 6.476537E-09 
 1.800000E+00 
 1.438683E-05 
 1.426691E-05 
 1.800000E+00 
 1.800000E+00 
 5.075894E-09 
 7.479204E-09 
 7.474093E-09 
 1.800001E+00 
 1.269890E-07 
 1.800000E+00 
 4.116560E-06 
 1.800001E+00 
 1.311797E-05 
 1.360956E-05 
 1.800000E+00 
 1.957886E-05 
 1.800000E+00 
 1.716817E-07 
 1.500226E-08 
 1.800000E+00 
-2.211358E-05 
 1.800000E+00 
 3.785528E-06 
-9.905802E-07 
 1.800000E+00 
 1.388707E-08 
 1.800000E+00 
 7.681508E-08 
 1.800000E+00 
 4.971693E-06 
-5.426586E-08 
 1.799997E+00 
 5.479207E-06 
 1.800000E+00 
-1.041948E-07 
 1.453034E-08 
 1.800000E+00 
 1.800000E+00 
 2.071325E-09 
 5.707705E-09 
 5.707703E-09 
 1.800004E+00 
 1.800000E+00 
-1.756860E-06 
 9.300900E-09 
 1.800000E+00 
 1.047075E-07 
 1.040101E-07 
 1.800000E+00 
 1.800000E+00 
 5.701127E-07 
 7.209418E-07 
 1.800000E+00 
 3.327022E-07 
 1.800000E+00 
 3.826855E-06 
 1.799999E+00 
-3.565249E-05 
 8.719145E-08 
 1.800000E+00 
 2.009519E-08 
 1.800000E+00 
 9.500418E-09 
 1.800000E+00 
 7.262437E-06 
 3.950517E-07 
 1.800000E+00 
 1.800000E+00 
 1.005990E-08 
 8.611414E-09 
 1.800000E+00 
-1.174532E-07 
 1.800000E+00 
-4.505140E-07 
 6.386970E-09 
 1.800000E+00 
 1.800006E+00 
 2.102636E-07 
 2.085696E-07 
 1.800000E+00 
 3.739050E-08 
 1.800000E+00 
-6.068801E-07 
 1.800000E+00 
 1.941387E-08 
 1.800000E+00 
-5.900243E-09 
 6.582198E-09 
 1.800000E+00 
 1.800000E+00 
-1.113310E-08 
-1.080020E-08 
 1.800000E+00 
 2.108608E-08 
 1.800000E+00 
 5.799914E-08 
 1.800000E+00 
 5.554206E-09 
 1.800000E+00 
 2.550499E-07 
 1.800000E+00 
 1.321781E-07 
 1.353779E-07 
 1.800000E+00 
 1.800000E+00 
 4.427909E-06 
-3.004983E-07 
 1.800000E+00 
 1.800000E+00 
 9.760798E-06 
-8.462394E-07 
 1.800000E+00 
-1.174599E-05 
 1.800000E+00 
 7.465633E-09 
 1.800000E+00 
-1.050392E-07 
 1.800000E+00 
 3.016484E-08 
 1.800000E+00 
-4.764020E-08 
 1.800007E+00 
 6.905148E-06 
 1.800000E+00 
 1.893029E-07 
 1.800000E+00 
-5.491449E-07 
 1.800000E+00 
 4.076839E-07 
-1.264144E-07 
 1.800000E+00 
 1.799999E+00 
-9.407192E-08 
 1.800007E+00 
 7.628773E-09 
 1.800000E+00 
-1.630437E-08 
-2.185314E-08 
 1.800000E+00 
 1.800000E+00 
 5.243277E-09 
 1.800000E+00 
 7.704782E-09 
 1.800000E+00 
-3.648591E-07 
-2.504718E-08 
 1.800000E+00 
 1.800000E+00 
 2.294589E-08 
 1.800000E+00 
 3.303771E-07 
 1.800000E+00 
 1.424621E-05 
 1.800000E+00 
 1.206950E-07 
 1.800000E+00 
 8.757198E-07 
 1.800000E+00 
-3.823308E-08 
 1.800000E+00 
 1.800006E+00 
 6.301804E-06 
-1.954056E-05 
 1.800005E+00 
-9.522229E-06 
 1.800000E+00 
 1.800000E+00 
-6.888495E-06 
-6.888491E-06 
 1.800000E+00 
 1.800000E+00 
-3.870410E-09 
 1.800000E+00 
 7.533679E-07 
 1.800000E+00 
 4.210139E-08 
 1.800000E+00 
 9.545931E-08 
 1.800000E+00 
 7.867761E-09 
 1.800000E+00 
-1.119718E-09 
 1.800000E+00 
 1.800000E+00 
-2.485303E-07 
-2.842708E-07 
 1.800000E+00 
 1.800000E+00 
 5.304133E-08 
 1.800000E+00 
-3.731817E-10 
 1.800000E+00 
 1.800000E+00 
-3.332175E-06 
-3.267191E-06 
 1.800000E+00 
 1.305143E-08 
 1.800000E+00 
 1.800000E+00 
-2.303185E-09 
 1.800000E+00 
-9.589233E-07 
 1.800000E+00 
 1.800000E+00 
 6.450580E-07 
 6.661208E-07 
 1.800000E+00 
 1.800000E+00 
-3.080686E-05 
-3.082253E-05 
 1.800006E+00 
 1.800006E+00 
 1.800000E+00 
-1.451271E-06 
-2.716718E-09 
 1.800000E+00 
 1.800000E+00 
 1.111506E-06 
 1.800000E+00 
 1.400300E-08 
 1.800000E+00 
 1.800000E+00 
-1.299028E-07 
-1.017064E-07 
 1.800000E+00 
 1.800000E+00 
 1.074000E-07 
 1.800000E+00 
 1.800000E+00 
-8.484227E-07 
 1.110758E-08 
 1.800000E+00 
 1.800011E+00 
 1.082895E-06 
 1.800000E+00 
 1.800000E+00 
 4.208706E-07 
 6.076787E-09 
 1.800000E+00 
 1.800000E+00 
 2.570526E-06 
 1.800000E+00 
 1.800000E+00 
 1.593425E-08 
 6.082314E-09 
 1.800000E+00 
 1.800000E+00 
 1.800000E+00 
-3.332987E-06 
-3.890826E-06 
 1.800000E+00 
 1.800000E+00 
 1.800000E+00 
 1.629923E-07 
 1.842274E-07 
 1.800000E+00 
 1.800001E+00 
 1.852847E-07 
 1.800000E+00 
 1.799999E+00 
-7.920401E-07 
-4.050351E-07 
 1.800000E+00 
 1.800000E+00 
 1.800000E+00 
 1.152380E-06 
 1.800000E+00 
-1.301856E-07 
 1.800000E+00 
 2.802519E-08 
 1.800000E+00 
 1.800000E+00 
-1.980951E-07 
 1.800007E+00 
 1.800000E+00 
 1.236102E-07 
 2.196472E-07 
 1.800000E+00 
 1.800000E+00 
 1.800000E+00 
 7.992588E-07 
 1.800000E+00 
 1.404909E-08 
 1.800000E+00 
 1.800000E+00 
 4.373985E-07 
 1.800003E+00 
-3.830957E-07 
 1.800000E+00 
 1.800000E+00 
-1.230002E-06 
 1.800000E+00 
 6.801412E-08 
 1.800000E+00 
 1.800000E+00 
 1.800000E+00 
-3.671584E-06 
-3.638584E-06 
 1.800000E+00 
 1.800000E+00 
 1.800000E+00 
-1.195176E-07 
-1.314978E-07 
 1.800000E+00 
 1.800000E+00 
 1.800000E+00 
 5.981556E-10 
 1.800000E+00 
 1.800000E+00 
-2.509899E-08 
 1.800000E+00 
-4.059039E-08 
 1.800005E+00 
 1.800001E+00 
-1.015712E-08 
 1.800000E+00 
-1.102667E-08 
 1.800001E+00 
 1.800001E+00 
 1.800000E+00 
 7.131082E-07 
 1.800000E+00 
-6.147697E-08 
 1.800000E+00 
 1.800000E+00 
 4.884925E-09 
 1.800000E+00 
 1.800000E+00 
-4.124119E-07 
 1.800000E+00 
 6.285818E-09 
 1.800000E+00 
 1.800000E+00 
 1.800000E+00 
 1.892193E-07 
-3.157387E-10 
 1.800000E+00 
 1.800000E+00 
 1.800000E+00 
 1.800000E+00 
-1.845410E-05 
 1.800000E+00 
 2.713173E-08 
 1.800000E+00 
 1.800000E+00 
-4.922839E-06 
 1.800000E+00 
 1.799999E+00 
-3.715805E-06 
 1.799999E+00 
 2.123910E-07 
 1.800000E+00 
 1.800000E+00 
 1.800000E+00 
-2.258168E-05 
 1.800000E+00 
 1.800000E+00 
 2.506716E-08 
 1.800000E+00 
 3.059068E-06 
 1.800000E+00 
 1.800000E+00 
 1.800000E+00 
 1.070849E-08 
 1.799999E+00 
 1.800000E+00 
 1.941326E-06 
 1.800000E+00 
 1.800000E+00 
 1.073617E-06 
 1.800000E+00 
 3.169254E-06 
 1.800000E+00 
 1.800000E+00 
 1.800000E+00 
 1.800000E+00 
-4.333878E-08 
-4.463236E-08 
 1.800000E+00 
 1.800000E+00 
 1.800000E+00 
 1.800000E+00 
-3.774498E-07 
 1.800006E+00 
 1.449770E-10 
 1.800000E+00 
 1.800000E+00 
 5.344936E-08 
 1.800000E+00 
 1.800000E+00 
 1.800000E+00 
-3.889421E-06 
 1.800000E+00 
 1.800000E+00 
-3.334157E-08 
 1.800000E+00 
 1.800000E+00 
-1.822946E-05 
 1.799997E+00 
 1.800000E+00 
 1.800007E+00 
-4.065981E-07 
 1.800000E+00 
-2.269641E-08 
 1.800000E+00 
 1.800000E+00 
 1.800000E+00 
-1.078369E-06 
 1.800000E+00 
 1.800000E+00 
 1.800000E+00 
-3.293405E-06 
 1.800000E+00 
-3.720408E-06 
 1.800000E+00 
 1.800000E+00 
 1.800000E+00 
 1.800000E+00 
-8.207392E-07 
-1.822314E-07 
 1.800000E+00 
 1.800000E+00 
 1.800000E+00 
 1.800000E+00 
 1.800000E+00 
-9.405095E-08 
 1.800000E+00 
-2.883130E-08 
 1.800000E+00 
 1.800000E+00 
 1.800000E+00 
 3.004121E-08 
 1.800000E+00 
 1.800000E+00 
-1.040451E-06 
 1.800007E+00 
 1.800007E+00 
 1.800000E+00 
 9.495806E-10 
 1.800006E+00 
 1.800006E+00 
 1.800000E+00 
-9.948776E-08 
 1.800000E+00 
 1.800005E+00 
 1.409551E-08 
 1.800004E+00 
 1.800000E+00 
 1.800000E+00 
 1.672040E-08 
 1.800000E+00 
 1.799997E+00 
 5.313759E-06 
 1.800000E+00 
 1.800000E+00 
 1.800000E+00 
 2.374053E-09 
 1.800008E+00 
 1.800008E+00 
 1.800000E+00 
 6.133618E-06 
 1.800000E+00 
 1.800000E+00 
 1.800000E+00 
 8.557553E-09 
 1.800000E+00 
 1.800000E+00 
 1.110017E-06 
 1.800000E+00 
 1.800000E+00 
 1.800000E+00 
 1.800000E+00 
-2.780362E-07 
 1.800000E+00 
 2.155367E-06 
 1.800000E+00 
 1.800000E+00 
 1.800000E+00 
 1.800000E+00 
 1.800000E+00 
 7.818543E-08 
 1.800000E+00 
 1.800000E+00 
-4.289831E-06 
 1.800000E+00 
 1.800000E+00 
 1.800000E+00 
 3.317248E-07 
 1.800000E+00 
 1.800000E+00 
 1.800000E+00 
-1.428246E-07 
 1.800000E+00 
 1.799999E+00 
 1.800000E+00 
 1.059229E-06 
 1.800000E+00 
 1.800000E+00 
 1.800000E+00 
-7.541477E-09 
 1.800000E+00 
 1.799999E+00 
 1.800000E+00 
 3.302887E-08 
 1.800000E+00 
 1.800000E+00 
 1.800000E+00 
 1.800000E+00 
 2.764274E-06 
 1.800000E+00 
 1.800000E+00 
 1.102896E-07 
 1.800000E+00 
 1.800000E+00 
 1.800000E+00 
 1.800000E+00 
 1.800000E+00 
 8.694064E-06 
 1.800000E+00 
-4.980323E-06 
 1.800000E+00 
 1.800000E+00 
 1.800000E+00 
 1.800000E+00 
 1.800000E+00 
 1.800000E+00 
-1.063911E-07 
 1.800000E+00 
 1.336497E-05 
 1.800000E+00 
 1.800000E+00 
 1.800000E+00 
 1.800000E+00 
 1.800000E+00 
-2.482833E-07 
 1.800000E+00 
 1.800000E+00 
 1.800000E+00 
 1.500965E-06 
 1.800000E+00 
 1.800000E+00 
 1.800000E+00 
 1.800001E+00 
 1.197421E-05 
 1.800000E+00 
 1.800000E+00 
 1.800000E+00 
-4.251343E-07 
 1.800000E+00 
 1.800000E+00 
 1.800000E+00 
 1.800000E+00 
 1.222624E-07 
 1.799998E+00 
 1.799998E+00 
 1.800000E+00 
-2.129445E-09 
 1.799999E+00 
 1.799999E+00 
 1.799999E+00 
 1.799999E+00 
 1.800000E+00 
 2.748948E-06 
 1.800000E+00 
 1.800000E+00 
 1.800000E+00 
 3.227737E-06 
 1.800000E+00 
 1.800000E+00 
 1.800000E+00 
 1.800000E+00 
 5.873502E-07 
 1.800000E+00 
 1.800000E+00 
 1.800000E+00 
 1.800000E+00 
 2.005040E-07 
 1.799999E+00 
 1.799999E+00 
 1.799999E+00 
 1.800000E+00 
-2.063453E-08 
 1.800000E+00 
 1.800000E+00 
 1.800000E+00 
 1.800000E+00 
-4.294445E-07 
 1.800000E+00 
 1.800000E+00 
 1.800000E+00 
 1.800000E+00 
 1.800000E+00 
-4.433057E-08 
 1.800000E+00 
 1.800000E+00 
 1.800000E+00 
 6.864365E-08 
 1.800000E+00 
 1.800000E+00 
 1.800000E+00 
 1.800000E+00 
 1.800000E+00 
 6.334538E-08 
 1.800000E+00 
 1.800000E+00 
 1.800000E+00 
 1.800000E+00 
 1.800000E+00 
 3.876108E-06 
 1.800000E+00 
 1.800004E+00 
 1.800000E+00 
-2.442770E-07 
 1.800000E+00 
 1.800000E+00 
 1.800000E+00 
 1.800000E+00 
 1.800000E+00 
 7.760286E-09 
 1.800000E+00 
 1.800000E+00 
 1.800000E+00 
 1.800000E+00 
 1.800000E+00 
 3.829237E-08 
 1.800000E+00 
 1.800000E+00 
 1.800000E+00 
 1.800000E+00 
 1.800000E+00 
 2.986288E-06 
 1.800000E+00 
 1.800000E+00 
 1.800000E+00 
 1.800003E+00 
-1.336592E-07 
 1.800007E+00 
 1.800007E+00 
 1.800007E+00 
 1.800007E+00 
 1.800000E+00 
-3.894497E-07 
 1.800000E+00 
 1.800000E+00 
 1.800000E+00 
 1.800000E+00 
 1.800000E+00 
-1.279505E-08 
 1.800000E+00 
 1.800000E+00 
 1.800000E+00 
 1.800000E+00 
 1.800001E+00 
-3.053017E-06 
 1.800000E+00 
 1.800000E+00 
 1.800000E+00 
 1.800000E+00 
 1.800000E+00 
 1.800000E+00 
 1.868412E-08 
 1.800000E+00 
 1.800002E+00 
 1.800000E+00 
 5.957473E-09 
 1.800000E+00 
 1.800000E+00 
 1.800000E+00 
 1.800000E+00 
 1.800000E+00 
 1.800000E+00 
 1.800000E+00 
 1.800000E+00 
-4.048624E-08 
 1.800000E+00 
 1.800000E+00 
 1.800000E+00 
 1.800000E+00 
 2.268807E-06 
 1.799999E+00 
 1.799999E+00 
 1.799999E+00 
 1.799999E+00 
 1.800000E+00 
 7.196277E-09 
 1.800000E+00 
 1.800000E+00 
 1.800000E+00 
 1.800000E+00 
 1.800000E+00 
 1.800000E+00 
 1.800000E+00 
-1.175383E-08 
 1.799999E+00 
 1.799999E+00 
 1.799999E+00 
 1.800000E+00 
 1.800000E+00 
 4.166227E-07 
 1.800000E+00 
 1.800000E+00 
 1.800000E+00 
 1.800000E+00 
 1.800000E+00 
 1.800000E+00 
-5.379297E-08 
 1.800001E+00 
 1.800001E+00 
 1.800001E+00 
 1.800001E+00 
 1.799998E+00 
 1.800000E+00 
-1.213380E-06 
 1.800000E+00 
 1.800000E+00 
 1.800000E+00 
 1.800000E+00 
 1.800007E+00 
 1.800000E+00 
-8.156217E-09 
 1.799999E+00 
 1.800000E+00 
 1.800000E+00 
 1.800000E+00 
 1.800000E+00 
 1.800000E+00 
 1.169572E-06 
 1.800000E+00 
 1.800000E+00 
 1.800000E+00 
 1.800000E+00 
 1.800000E+00 
 1.800000E+00 
 1.800001E+00 
-5.327309E-07 
 1.800000E+00 
 1.800000E+00 
 1.800000E+00 
 1.800000E+00 
 1.800000E+00 
 2.891493E-07 
 1.800001E+00 
 1.800001E+00 
 1.800001E+00 
 1.800001E+00 
 1.800001E+00 
 1.800001E+00 
 1.800001E+00 
 1.800000E+00 
 1.800000E+00 
 2.259734E-06 
 1.800005E+00 
 1.800000E+00 
 1.800000E+00 
 1.800000E+00 
 9.937429E-09 
 1.800000E+00 
 1.800000E+00 
 1.800000E+00 
 1.800000E+00 
 1.800000E+00 
 1.800000E+00 
 1.800000E+00 
 1.800000E+00 
 1.800000E+00 
 7.267644E-07 
 1.800000E+00 
 1.800000E+00 
 1.800000E+00 
 1.800000E+00 
 1.800000E+00 
 1.800000E+00 
-3.084595E-07 
 1.800000E+00 
 1.800000E+00 
 1.800000E+00 
 1.800000E+00 
 1.800000E+00 
 1.800000E+00 
 1.800000E+00 
 1.800000E+00 
-3.032833E-05 
 1.800002E+00 
 1.800002E+00 
 1.800002E+00 
 1.800000E+00 
 1.800000E+00 
 1.800000E+00 
 8.593983E-08 
 1.800000E+00 
 1.800000E+00 
 1.800000E+00 
 1.800000E+00 
 1.800000E+00 
 1.800000E+00 
 1.800000E+00 
 1.800001E+00 
 3.075312E-08 
 1.800000E+00 
 1.800000E+00 
 1.800000E+00 
 1.800000E+00 
 1.800000E+00 
 1.800000E+00 
 1.800000E+00 
 1.800000E+00 
 3.391048E-08 
 1.800000E+00 
 1.800000E+00 
 1.800000E+00 
 1.800000E+00 
 1.800000E+00 
 1.800000E+00 
 1.800001E+00 
 1.589033E-08 
 1.800004E+00 
 1.800004E+00 
 1.800004E+00 
 1.800004E+00 
 1.800004E+00 
 1.800004E+00 
 1.800004E+00 
 1.800000E+00 
 1.800000E+00 
 2.841669E-09 
 1.800000E+00 
 1.800000E+00 
 1.800000E+00 
 1.800000E+00 
 1.800000E+00 
 1.800000E+00 
 1.616086E-07 
 1.799999E+00 
 1.800000E+00 
 1.800000E+00 
 1.800000E+00 
 1.800000E+00 
 1.800000E+00 
 1.800000E+00 
 1.800000E+00 
 1.800000E+00 
 1.800000E+00 
 1.800000E+00 
 2.248463E-07 
 1.800000E+00 
 1.800000E+00 
 1.800000E+00 
 1.800000E+00 
 1.800004E+00 
-6.882333E-08 
 1.800000E+00 
 1.800000E+00 
 1.800000E+00 
 1.800000E+00 
 1.800000E+00 
 1.800000E+00 
 1.800000E+00 
 1.800000E+00 
 1.800000E+00 
 1.800000E+00 
 1.800000E+00 
 2.315337E-07 
 1.800000E+00 
 1.800000E+00 
 1.800000E+00 
 1.800000E+00 
 1.800000E+00 
 1.800000E+00 
 1.800000E+00 
 1.800000E+00 
-4.317859E-06 
 1.800000E+00 
 1.800000E+00 
 1.800000E+00 
 1.800000E+00 
 1.800000E+00 
 1.800000E+00 
 1.800000E+00 
 1.203685E-05 
 1.800007E+00 
 1.800007E+00 
 1.800007E+00 
 1.800007E+00 
 1.800007E+00 
 1.800007E+00 
 1.800007E+00 
 1.800007E+00 
 1.800007E+00 
 1.800007E+00 
 1.800000E+00 
 4.403584E-06 
 1.800000E+00 
 1.800000E+00 
 1.800000E+00 
 1.800000E+00 
 1.800000E+00 
 1.800000E+00 
 1.800000E+00 
 8.205399E-07 
 1.800000E+00 
 1.800000E+00 
 1.800000E+00 
 1.800000E+00 
 1.800000E+00 
 1.800000E+00 
 1.800000E+00 
 1.800000E+00 
 1.800000E+00 
 1.800000E+00 
 1.799999E+00 
 1.366142E-06 
 1.800000E+00 
 1.800000E+00 
 1.800000E+00 
 1.800000E+00 
 1.800000E+00 
 1.800000E+00 
-1.337138E-07 
 1.800000E+00 
 1.800000E+00 
 1.800000E+00 
 1.800000E+00 
 1.800000E+00 
 1.800000E+00 
 1.800000E+00 
 1.800000E+00 
 1.800000E+00 
 1.800000E+00 
 1.800000E+00 
 1.799999E+00 
 9.615172E-09 
 1.800000E+00 
 1.800000E+00 
 1.800000E+00 
 1.800000E+00 
 1.800000E+00 
 1.800000E+00 
 1.800000E+00 
 2.718615E-08 
 1.800001E+00 
 1.800001E+00 
 1.800001E+00 
 1.800001E+00 
 1.800001E+00 
 1.800001E+00 
 1.800001E+00 
 1.800001E+00 
 1.800001E+00 
 1.800000E+00 
-3.406666E-07 
 1.800000E+00 
 1.800000E+00 
 1.800000E+00 
 1.800000E+00 
 1.800000E+00 
 1.800000E+00 
 1.800000E+00 
 1.800000E+00 
 1.800000E+00 
-1.631585E-07 
 1.800000E+00 
 1.800000E+00 
 1.800000E+00 
 1.800000E+00 
 1.800000E+00 
 1.800000E+00 
 1.800000E+00 
 1.800000E+00 
 8.462974E-08 
 1.800004E+00 
 1.800004E+00 
 1.800004E+00 
 1.800004E+00 
 1.800004E+00 
 1.800004E+00 
 1.800004E+00 
 1.800004E+00 
 1.800004E+00 
 1.800000E+00 
-2.832006E-08 
 1.800000E+00 
 1.800000E+00 
 1.800000E+00 
 1.800000E+00 
 1.800000E+00 
 1.800000E+00 
 1.800000E+00 
 1.800000E+00 
 1.800007E+00 
-1.477696E-06 
 1.800000E+00 
 1.800000E+00 
 1.800000E+00 
 1.800000E+00 
 1.800000E+00 
 1.800000E+00 
 1.800000E+00 
 1.800000E+00 
 1.800000E+00 
-3.006032E-07 
 1.800000E+00 
 1.800000E+00 
 1.800000E+00 
 1.800000E+00 
 1.800000E+00 
 1.800000E+00 
 1.800000E+00 
 1.800000E+00 
 6.039954E-10 
 1.800000E+00 
 1.800000E+00 
 1.800000E+00 
 1.800000E+00 
 1.800000E+00 
 1.800000E+00 
 1.800000E+00 
 1.800000E+00 
 1.800000E+00 
 1.800001E+00 
-2.642897E-07 
 1.800000E+00 
 1.800000E+00 
 1.800000E+00 
 1.800000E+00 
 1.800000E+00 
 1.800000E+00 
 1.800000E+00 
-7.173977E-09 
 1.800003E+00 
 1.800003E+00 
 1.800003E+00 
 1.800003E+00 
 1.800003E+00 
 1.800003E+00 
 1.800003E+00 
 1.800003E+00 
 1.800003E+00 
 1.800003E+00 
 1.800001E+00 
-5.314754E-07 
 1.800000E+00 
 1.800000E+00 
 1.800000E+00 
 1.800000E+00 
 1.800000E+00 
 1.800000E+00 
 1.800000E+00 
-7.510205E-08 
 1.800000E+00 
 1.800000E+00 
 1.800000E+00 
 1.800000E+00 
 1.800000E+00 
 1.800000E+00 
 1.800000E+00 
 1.800000E+00 
 1.800000E+00 
 6.262171E-10 
 1.799999E+00 
 1.800000E+00 
 1.800000E+00 
 1.800000E+00 
 1.800000E+00 
 1.800000E+00 
 1.800000E+00 
 1.800000E+00 
-2.040080E-07 
 1.800000E+00 
 1.800000E+00 
 1.800000E+00 
 1.800000E+00 
 1.800000E+00 
 1.800000E+00 
 1.800000E+00 
 1.800000E+00 
-2.137651E-06 
 1.800000E+00 
 1.800000E+00 
 1.800000E+00 
 1.800000E+00 
 1.800000E+00 
 1.800000E+00 
 1.800000E+00 
 1.799999E+00 
 1.800002E+00 
 1.532444E-08 
 1.800000E+00 
 1.800000E+00 
 1.800000E+00 
 1.800000E+00 
 1.800000E+00 
 1.800000E+00 
-7.690898E-09 
 1.800000E+00 
 1.800000E+00 
 1.800000E+00 
 1.800000E+00 
 1.800000E+00 
 1.800000E+00 
 1.800000E+00 
 1.800000E+00 
 1.800000E+00 
 1.800000E+00 
-1.178982E-05 
 1.800000E+00 
 1.800000E+00 
 1.800000E+00 
 1.800000E+00 
 1.800000E+00 
 1.800001E+00 
 2.011375E-07 
 1.800000E+00 
 1.800000E+00 
 1.800000E+00 
 1.800000E+00 
 1.800000E+00 
 1.800000E+00 
 1.800000E+00 
 1.800004E+00 
 5.924400E-08 
 1.800000E+00 
 1.800000E+00 
 1.800000E+00 
 1.800000E+00 
 1.800000E+00 
 1.800000E+00 
 1.800000E+00 
 1.800000E+00 
 1.490796E-08 
 1.800000E+00 
 1.800000E+00 
 1.800000E+00 
 1.800000E+00 
 1.800000E+00 
 1.800000E+00 
-2.148364E-07 
 1.800000E+00 
 1.800000E+00 
 1.800000E+00 
 1.800000E+00 
 1.800000E+00 
 1.800000E+00 
 1.800000E+00 
 1.800000E+00 
 7.593427E-07 
 1.800000E+00 
 1.800000E+00 
 1.800000E+00 
 1.800000E+00 
 1.800000E+00 
 1.800001E+00 
 1.669859E-09 
 1.800000E+00 
 1.800000E+00 
 1.800000E+00 
 1.800000E+00 
 1.800000E+00 
 1.800000E+00 
 1.800000E+00 
 1.800006E+00 
 1.623966E-06 
 1.800000E+00 
 1.800000E+00 
 1.800000E+00 
 1.800000E+00 
 1.800000E+00 
 1.391442E-07 
 1.799998E+00 
 1.799998E+00 
 1.799998E+00 
 1.799998E+00 
 1.799998E+00 
 1.799998E+00 
 1.799998E+00 
 1.799999E+00 
-1.230163E-05 
 1.800000E+00 
 1.800000E+00 
 1.800000E+00 
 1.800000E+00 
 1.800000E+00 
 1.800000E+00 
 7.408190E-09 
 1.800000E+00 
 1.800000E+00 
 1.800000E+00 
 1.800000E+00 
 1.800000E+00 
 1.799999E+00 
 9.608373E-09 
 1.800000E+00 
 1.800000E+00 
 1.800000E+00 
 1.800000E+00 
 1.800000E+00 
 1.800000E+00 
-2.662582E-08 
 1.800000E+00 
 1.800000E+00 
 1.800000E+00 
 1.800000E+00 
 1.800000E+00 
 1.800000E+00 
 1.800000E+00 
-9.655834E-08 
 1.800000E+00 
 1.800000E+00 
 1.800000E+00 
 1.800000E+00 
 1.800000E+00 
-1.728935E-06 
 1.800000E+00 
 1.800000E+00 
 1.800000E+00 
 1.800000E+00 
 1.800000E+00 
 1.800000E+00 
 7.327325E-09 
 1.800000E+00 
 1.800000E+00 
 1.800000E+00 
 1.800000E+00 
 1.800000E+00 
-7.602445E-08 
 1.800000E+00 
 1.800000E+00 
 1.800000E+00 
 1.800000E+00 
 1.800000E+00 
 1.800000E+00 
 1.800000E+00 
 7.671266E-09 
 1.800000E+00 
 1.800000E+00 
 1.800000E+00 
 1.800000E+00 
 1.262314E-08 
 1.800000E+00 
 1.800000E+00 
 1.800000E+00 
 1.800000E+00 
 1.800000E+00 
 1.800000E+00 
 1.800000E+00 
-8.743872E-07 
 1.800000E+00 
 1.799999E+00 
 1.800008E+00 
 1.071310E-06 
 1.799998E+00 
 1.799998E+00 
 1.799998E+00 
 1.799998E+00 
 1.799998E+00 
 1.799998E+00 
 1.800000E+00 
 3.439724E-08 
 1.800000E+00 
 1.800000E+00 
 1.800000E+00 
 1.800000E+00 
 1.799999E+00 
-1.791629E-06 
 1.800000E+00 
 1.800000E+00 
 1.800000E+00 
 9.262365E-09 
 1.800000E+00 
 1.800000E+00 
 1.800000E+00 
 1.800000E+00 
 1.800000E+00 
 1.800000E+00 
 1.800000E+00 
 1.800000E+00 
-4.313992E-06 
 1.800000E+00 
 2.521466E-08 
 1.800000E+00 
 1.800000E+00 
 1.800000E+00 
 1.800000E+00 
 1.800000E+00 
 1.800000E+00 
 1.800000E+00 
 1.800000E+00 
 1.800000E+00 
-1.543430E-07 
-1.824700E-07 
 1.800000E+00 
 1.800000E+00 
 1.800000E+00 
 1.800000E+00 
 1.800000E+00 
 1.800000E+00 
 1.800000E+00 
 1.800000E+00 
 1.800000E+00 
-9.919586E-07 
 1.800000E+00 
 1.692836E-07 
 1.800000E+00 
 1.800000E+00 
 1.800000E+00 
 1.800000E+00 
 1.800000E+00 
 1.800000E+00 
 1.800000E+00 
-1.382384E-06 
 1.800000E+00 
 1.800000E+00 
-2.284889E-07 
 1.800000E+00 
 1.800000E+00 
 1.800000E+00 
 1.800000E+00 
 1.800000E+00 
 1.800000E+00 
-1.724929E-08 
 1.800000E+00 
 1.800000E+00 
 1.800000E+00 
 1.800000E+00 
 5.940794E-09 
 1.800000E+00 
 1.800000E+00 
 1.800000E+00 
 1.253200E-06 
 1.800000E+00 
 1.800000E+00 
 1.800000E+00 
 1.800000E+00 
 1.800000E+00 
-2.498140E-07 
 1.800000E+00 
 1.800000E+00 
 1.800000E+00 
 1.800000E+00 
 8.771359E-07 
 1.800000E+00 
 1.799998E+00 
 1.800000E+00 
 2.078637E-07 
 1.800000E+00 
 1.800000E+00 
 1.800000E+00 
 1.800000E+00 
 1.800000E+00 
 7.850914E-08 
 1.800000E+00 
 1.800000E+00 
 3.730956E-09 
 1.800000E+00 
 1.800000E+00 
 1.800000E+00 
 1.800000E+00 
 1.800000E+00 
 1.800000E+00 
-3.393502E-08 
 1.800000E+00 
 1.800000E+00 
 1.836733E-08 
 1.800001E+00 
 1.800001E+00 
 1.800001E+00 
 1.800000E+00 
 2.202897E-08 
 1.800008E+00 
 1.800008E+00 
 1.800008E+00 
 1.800000E+00 
 8.032206E-09 
 1.800000E+00 
 1.800000E+00 
 1.800000E+00 
 1.800000E+00 
-1.535730E-07 
 1.800000E+00 
 1.800000E+00 
 1.610924E-08 
 1.800000E+00 
 1.800000E+00 
 1.800000E+00 
 1.800000E+00 
 1.800000E+00 
 5.012071E-06 
 1.800000E+00 
-2.441145E-08 
 1.800000E+00 
 1.800000E+00 
 1.800000E+00 
 1.800000E+00 
 1.800000E+00 
 1.800000E+00 
-1.163790E-08 
 1.800000E+00 
 1.800000E+00 
-6.912659E-08 
 1.800000E+00 
 1.800000E+00 
 1.800000E+00 
 1.800002E+00 
 7.646565E-07 
 1.800000E+00 
 1.799998E+00 
 8.018402E-09 
 1.800000E+00 
 1.800000E+00 
 1.800000E+00 
 1.800000E+00 
 4.397861E-06 
 1.800000E+00 
 1.800000E+00 
 1.800000E+00 
 9.824878E-09 
 1.800000E+00 
 1.800000E+00 
 1.800000E+00 
-4.918343E-09 
 1.800000E+00 
 1.800000E+00 
 1.800000E+00 
 1.555711E-06 
 1.800000E+00 
 1.800000E+00 
 1.800000E+00 
-2.997102E-07 
 1.800000E+00 
 1.800001E+00 
-1.351689E-05 
 1.800000E+00 
 1.800000E+00 
 1.800000E+00 
 1.800000E+00 
 1.799999E+00 
 1.521362E-05 
 1.800000E+00 
 5.150262E-07 
 1.800000E+00 
 1.800000E+00 
 1.800000E+00 
 1.800000E+00 
 8.861358E-09 
 1.800000E+00 
 1.799999E+00 
 1.724596E-08 
 1.800001E+00 
 1.800001E+00 
 1.800000E+00 
-5.999254E-07 
 1.800000E+00 
 1.800000E+00 
 1.800000E+00 
 2.218245E-08 
 1.800000E+00 
 1.800000E+00 
 1.800000E+00 
 3.877254E-09 
 1.800000E+00 
 1.800000E+00 
 1.611831E-07 
 1.800000E+00 
 1.800000E+00 
 1.800000E+00 
 3.599092E-06 
 1.800008E+00 
 1.800000E+00 
-1.265776E-06 
 1.800000E+00 
 1.800000E+00 
 1.800000E+00 
 1.800000E+00 
-2.371784E-06 
 1.800000E+00 
 2.811285E-07 
 1.800000E+00 
 1.800000E+00 
 1.800000E+00 
-3.292032E-08 
 1.800000E+00 
 1.800000E+00 
 1.800000E+00 
 1.702457E-06 
 1.800000E+00 
 1.800000E+00 
 4.082209E-06 
 1.800000E+00 
 1.800000E+00 
 1.800000E+00 
 8.507249E-07 
 1.800000E+00 
 1.800000E+00 
 1.005420E-05 
 1.800000E+00 
 1.800006E+00 
 1.125571E-08 
 1.800000E+00 
 1.800000E+00 
 1.800000E+00 
 2.479182E-07 
 1.800000E+00 
 1.800000E+00 
 1.085520E-07 
 1.800000E+00 
 1.800000E+00 
 1.800000E+00 
 1.306291E-07 
 1.800000E+00 
 8.362971E-09 
 1.800000E+00 
 1.800000E+00 
 1.800000E+00 
 1.800000E+00 
-2.482056E-07 
-2.482544E-07 
 1.800000E+00 
 1.800000E+00 
 1.800000E+00 
 1.800000E+00 
 4.468224E-08 
 1.800000E+00 
 1.800000E+00 
 5.821446E-09 
 1.800000E+00 
 1.800000E+00 
 2.954506E-08 
 1.800000E+00 
 1.800000E+00 
 1.407849E-06 
 1.799999E+00 
 1.800000E+00 
-2.084635E-08 
 1.800000E+00 
 1.800000E+00 
 1.800000E+00 
-4.218958E-07 
 1.800000E+00 
 1.600385E-05 
 1.800000E+00 
 1.800000E+00 
 4.227398E-08 
 1.800000E+00 
 1.800000E+00 
 1.800000E+00 
 4.631300E-08 
 1.800002E+00 
 1.800000E+00 
 1.354832E-06 
 1.800000E+00 
-2.145160E-06 
 1.800001E+00 
 1.800001E+00 
 1.800000E+00 
 1.204550E-05 
 1.800000E+00 
 9.522289E-09 
 1.799999E+00 
 1.799999E+00 
 1.800003E+00 
 8.564721E-08 
 1.800000E+00 
-2.120505E-09 
 1.799999E+00 
 1.799999E+00 
 1.800000E+00 
-3.428026E-09 
 1.800005E+00 
-1.185995E-08 
 1.800000E+00 
 1.800000E+00 
 3.995801E-08 
 1.799999E+00 
 1.800000E+00 
 1.800000E+00 
 1.149327E-06 
 1.120935E-08 
 1.800000E+00 
 1.800000E+00 
 1.800000E+00 
 6.065543E-09 
 1.800002E+00 
 1.800000E+00 
-1.073875E-05 
 1.800000E+00 
 6.670653E-09 
 1.800000E+00 
 1.800000E+00 
 1.800000E+00 
-8.590583E-08 
-8.389648E-08 
 1.800000E+00 
 1.800000E+00 
 1.799999E+00 
 4.540653E-07 
 1.800001E+00 
 1.800000E+00 
-3.895332E-07 
 1.800000E+00 
-1.526813E-07 
 1.800000E+00 
 1.800000E+00 
 8.286313E-09 
 1.800000E+00 
 7.700821E-09 
 1.800000E+00 
 1.800000E+00 
 1.800000E+00 
-1.900837E-06 
 1.800000E+00 
-1.387559E-07 
 1.800000E+00 
-2.000286E-08 
 1.800000E+00 
 1.800000E+00 
 1.799997E+00 
-2.187648E-07 
 1.800009E+00 
 1.065582E-07 
 1.800000E+00 
 4.109892E-09 
 1.800000E+00 
 1.800000E+00 
 1.800000E+00 
-6.005622E-08 
 1.487070E-08 
 1.800002E+00 
 1.800002E+00 
 1.800000E+00 
 4.853044E-05 
 2.225714E-08 
 1.800000E+00 
 1.800000E+00 
 1.800000E+00 
 7.672447E-09 
 1.800000E+00 
-6.173859E-08 
 1.800000E+00 
 1.800000E+00 
-5.373230E-06 
-5.438995E-06 
 1.800000E+00 
 1.800000E+00 
 1.800000E+00 
-4.328593E-06 
 1.799999E+00 
-8.295987E-08 
 1.800000E+00 
 1.800000E+00 
 1.792639E-05 
 1.800000E+00 
-1.562351E-07 
 1.800007E+00 
 1.661969E-07 
 1.800000E+00 
 1.800000E+00 
 1.043186E-08 
 1.800000E+00 
 1.800000E+00 
-1.410413E-06 
-9.183087E-07 
 1.800000E+00 
 1.800000E+00 
 1.800000E+00 
-1.458914E-08 
-9.932494E-08 
 1.800001E+00 
 1.800000E+00 
-1.888835E-07 
 1.800000E+00 
 1.800000E+00 
-1.999758E-06 
-2.085019E-06 
 1.800000E+00 
 1.800000E+00 
 4.888942E-09 
 1.800006E+00 
 1.800000E+00 
 4.558769E-07 
 1.800000E+00 
 3.367609E-10 
 1.800000E+00 
-3.657677E-08 
 1.800000E+00 
 3.326945E-06 
 1.800000E+00 
 1.800000E+00 
 1.357596E-07 
 1.800000E+00 
-1.149331E-08 
 1.799999E+00 
 1.800000E+00 
-1.525545E-07 
-1.183147E-07 
 1.800000E+00 
 1.800000E+00 
 2.171889E-06 
 1.800000E+00 
 1.800000E+00 
-7.538038E-07 
-3.604748E-08 
 1.800000E+00 
 1.800000E+00 
-1.836424E-07 
 1.800000E+00 
-8.741553E-07 
 1.800000E+00 
 6.996202E-09 
 1.800000E+00 
 1.800000E+00 
-2.002213E-08 
-1.169667E-08 
 1.800000E+00 
 1.800000E+00 
 6.169457E-06 
 1.800000E+00 
 1.015871E-06 
 1.800000E+00 
 1.800000E+00 
 3.093177E-05 
 2.131417E-08 
 1.800000E+00 
 1.800000E+00 
-6.845767E-08 
 1.800000E+00 
 1.243029E-05 
 1.800000E+00 
-1.872833E-06 
 1.800000E+00 
-1.602531E-06 
 1.800000E+00 
 1.247077E-08 
 1.800000E+00 
 1.800000E+00 
-1.240552E-07 
-8.817369E-08 
 1.800000E+00 
 1.800001E+00 
-4.627530E-08 
 1.799999E+00 
 1.905640E-07 
 1.800000E+00 
 3.297154E-09 
 1.800000E+00 
-4.209308E-06 
 1.800000E+00 
 3.571083E-09 
 1.800000E+00 
 1.241697E-08 
 1.800000E+00 
 1.800007E+00 
-1.045696E-07 
-1.052427E-07 
 1.800000E+00 
 1.800000E+00 
-3.411054E-07 
 9.059582E-09 
 1.800000E+00 
 1.800000E+00 
 3.923634E-08 
 1.800000E+00 
 8.143781E-08 
 2.299701E-08 
 1.800000E+00 
 1.800000E+00 
-8.562908E-06 
 1.800000E+00 
-3.435421E-06 
-3.439900E-06 
 1.800003E+00 
 1.800003E+00 
-7.048068E-08 
 1.800000E+00 
 1.122168E-07 
 1.800000E+00 
-3.671667E-07 
 1.800007E+00 
 1.591307E-06 
 1.800000E+00 
 4.078333E-07 
 1.158666E-07 
 1.800000E+00 
 1.800000E+00 
 8.658055E-07 
 1.800008E+00 
 1.185622E-08 
 1.800000E+00 
 8.095664E-06 
 2.452600E-06 
 1.800000E+00 
 1.800000E+00 
 1.244467E-05 
 1.800000E+00 
-1.942731E-06 
 2.536368E-08 
 1.800000E+00 
 1.800000E+00 
 1.025061E-06 
 9.421170E-09 
 1.800000E+00 
 3.128211E-07 
 1.800000E+00 
 1.799998E+00 
 4.151799E-08 
 8.413828E-09 
 1.800001E+00 
 2.374525E-06 
 1.800000E+00 
-1.807005E-08 
 1.800000E+00 
-9.295069E-07 
 3.300672E-09 
 1.800000E+00 
 1.800000E+00 
-1.296227E-06 
 1.800000E+00 
-1.225163E-07 
-9.031178E-08 
 1.800000E+00 
 1.800000E+00 
-7.671339E-07 
-7.649114E-07 
 1.800000E+00 
 2.374632E-09 
 1.799998E+00 
 2.348647E-09 
 2.441667E-09 
 1.800000E+00 
 1.800000E+00 
 2.614700E-07 
 1.800007E+00 
 6.838458E-05 
 5.449548E-09 
 1.800006E+00 
 1.137459E-08 
 1.800000E+00 
 4.485478E-06 
 1.800000E+00 
-3.797026E-07 
-3.805957E-07 
 1.800000E+00 
 1.800000E+00 
-1.177730E-05 
-1.956858E-05 
 1.800000E+00 
-5.910891E-09 
 1.800000E+00 
 6.453603E-09 
 1.800000E+00 
 8.684274E-08 
 8.644234E-08 
 1.800000E+00 
 1.800000E+00 
-3.794231E-06 
 1.587050E-07 
 1.800000E+00 
-1.453868E-06 
 8.558746E-09 
 1.800000E+00 
 1.800000E+00 
-1.254880E-06 
-1.269068E-06 
 1.800000E+00 
 1.070982E-07 
-5.136996E-09 
 1.800002E+00 
 1.800000E+00 
-3.130976E-07 
 5.711878E-09 
 1.800000E+00 
 7.932287E-09 
 1.800000E+00 
 3.226408E-06 
 1.255948E-05 
 1.800000E+00 
-1.181755E-08 
 1.800001E+00 
 7.167537E-09 
 1.800000E+00 
-8.185187E-08 
-7.522987E-08 
 1.800000E+00 
 8.229119E-09 
 1.800000E+00 
 1.815588E-08 
 1.800000E+00 
-3.373561E-05 
-3.161833E-05 
 1.800000E+00 
-1.964377E-05 
-1.947902E-05 
 1.800000E+00 
 1.800005E+00 
-1.181893E-06 
-1.182478E-06 
 1.800000E+00 
-2.046813E-07 
-1.597318E-07 
 1.800000E+00 
 1.180074E-08 
 1.800000E+00 
-3.208634E-08 
-4.295568E-08 
 1.800000E+00 
-1.302931E-08 
 1.800001E+00 
 1.009556E-08 
 1.799999E+00 
 2.522112E-06 
 4.631265E-09 
 1.800000E+00 
 1.963987E-06 
 2.126927E-06 
 1.800000E+00 
 8.368920E-09 
 1.800000E+00 
 2.223693E-07 
 1.808991E-07 
 1.800007E+00 
 2.792313E-08 
 1.800002E+00 
 1.815942E-06 
 2.273668E-06 
 1.800000E+00 
-4.276268E-08 
 1.800000E+00 
 2.011017E-08 
 1.512880E-08 
 1.799999E+00 
 4.046145E-08 
 1.953793E-08 
 1.800000E+00 
-7.620857E-08 
 1.800000E+00 
-1.207263E-06 
 1.975128E-08 
 1.800000E+00 
 8.732398E-08 
 1.800000E+00 
 8.101446E-07 
 5.701311E-09 
 5.703724E-09 
 1.800000E+00 
 1.800000E+00 
 4.048512E-08 
 4.115197E-09 
 4.116843E-09 
 1.800000E+00 
-1.856781E-05 
 1.800000E+00 
 3.035139E-08 
 3.178685E-08 
 1.800000E+00 
-7.910187E-06 
 1.896509E-05 
 1.800007E+00 
-1.003294E-07 
 1.800000E+00 
-2.907578E-05 
-2.914226E-05 
-2.914226E-05 
 1.800000E+00 
 1.799999E+00 
 9.315598E-06 
 9.228820E-06 
 9.228820E-06 
 1.800000E+00 
 1.274169E-06 
 1.823785E-06 
 1.800000E+00 
-1.331926E-05 
 1.800000E+00 
 2.809840E-08 
 2.684445E-08 
 2.684431E-08 
 1.800000E+00 
 1.800000E+00 
 1.637488E-06 
 1.492284E-06 
 1.492284E-06 
 1.492284E-06 
 1.800000E+00 
 1.800006E+00 
-2.253265E-08 
 2.126408E-07 
 2.126399E-07 
 2.126399E-07 
 1.799999E+00 
 1.800007E+00 
 5.020534E-07 
 5.029081E-07 
 5.029077E-07 
 1.800000E+00 
-1.072705E-06 
 1.800000E+00 
-2.061679E-07 
 8.740677E-08 
 8.740726E-08 
 1.800000E+00 
 3.128345E-06 
 2.119406E-06 
 1.800006E+00 
 1.565040E-07 
 1.800000E+00 
 5.881454E-07 
 5.941720E-07 
 5.941726E-07 
 1.800000E+00 
-6.852957E-07 
 8.412026E-09 
 1.800000E+00 
 4.100969E-08 
 1.800001E+00 
 5.750659E-07 
 5.974752E-07 
 5.974745E-07 
 5.974750E-07 
 1.800000E+00 
 1.800000E+00 
 1.583473E-05 
 1.570246E-05 
 1.570246E-05 
 1.570246E-05 
 1.800000E+00 
-2.391430E-05 
 1.800000E+00 
-1.809314E-08 
-6.252621E-08 
 1.800000E+00 
-2.255971E-06 
-1.978420E-06 
-1.978419E-06 
 1.799998E+00 
-3.046316E-06 
-3.047579E-06 
 1.800000E+00 
-8.032767E-08 
 3.290181E-09 
 1.800007E+00 
-5.763814E-06 
-1.685756E-05 
-1.685756E-05 
 1.800000E+00 
 1.911442E-06 
 6.358258E-09 
 1.800000E+00 
 5.523539E-07 
 1.800006E+00 
 3.805792E-06 
 3.773127E-06 
 3.773140E-06 
 3.773129E-06 
 1.800000E+00 
 2.512528E-06 
 2.273348E-09 
 1.800000E+00 
-4.683911E-07 
 5.803125E-09 
 1.800000E+00 
-4.656887E-06 
 7.073798E-08 
 7.073769E-08 
 1.800000E+00 
 4.915351E-07 
 4.764965E-07 
 1.800000E+00 
-2.056838E-05 
-2.045166E-05 
-2.045166E-05 
 1.800000E+00 
 1.470257E-08 
 1.800000E+00 
-1.647738E-06 
-1.585914E-06 
-1.585904E-06 
-1.585904E-06 
-1.585904E-06 
 1.800000E+00 
 1.800000E+00 
 4.694418E-09 
 4.019254E-09 
 4.019286E-09 
 4.005057E-09 
 4.019262E-09 
 1.800000E+00 
 1.800000E+00 
 3.728873E-06 
 3.317509E-06 
 3.317509E-06 
 3.317509E-06 
 3.317509E-06 
 1.800000E+00 
 1.215320E-07 
 1.800000E+00 
-3.981780E-06 
 9.607510E-06 
 9.607511E-06 
 9.607510E-06 
 1.800007E+00 
-4.780969E-08 
 1.087176E-08 
 1.800000E+00 
 1.806751E-06 
 4.851339E-09 
 4.851690E-09 
 1.800000E+00 
-2.426884E-07 
-2.427711E-07 
-2.427684E-07 
 1.800000E+00 
 4.972058E-09 
-1.530281E-07 
-1.530281E-07 
 1.800000E+00 
 5.579987E-07 
 1.199762E-07 
 1.800000E+00 
-1.272422E-06 
 1.498160E-08 
 1.498166E-08 
 1.498180E-08 
 1.800000E+00 
-2.681786E-06 
 1.492936E-08 
 1.800000E+00 
 2.670906E-07 
 2.083855E-08 
 2.088108E-08 
 2.083863E-08 
 1.800000E+00 
 4.268745E-07 
 5.978557E-07 
 1.800000E+00 
 1.677718E-06 
 1.548962E-06 
 1.548962E-06 
 1.548962E-06 
 1.800000E+00 
-1.440807E-06 
 9.962588E-09 
 1.800001E+00 
 2.277168E-07 
 5.868888E-08 
 5.868889E-08 
 5.868876E-08 
 5.868931E-08 
 1.800000E+00 
-2.551147E-05 
 1.800003E+00 
 1.369159E-06 
 6.672360E-09 
 6.669689E-09 
 6.669684E-09 
 6.668186E-09 
 1.800003E+00 
-2.433202E-06 
 2.922241E-08 
 1.800000E+00 
-4.857722E-08 
-4.272824E-08 
-4.272658E-08 
-4.272656E-08 
 1.800000E+00 
-4.083083E-08 
 1.813660E-08 
 1.813579E-08 
 1.813638E-08 
 1.800000E+00 
 5.675921E-08 
 3.671084E-08 
 1.800000E+00 
-1.800935E-05 
-1.798641E-05 
-1.798641E-05 
-1.798641E-05 
-1.798641E-05 
 1.800000E+00 
-2.343235E-08 
-6.040225E-09 
 1.800000E+00 
 2.231979E-07 
 6.397088E-08 
 6.396920E-08 
 6.397066E-08 
 6.397097E-08 
 1.800000E+00 
 1.063304E-07 
 7.139942E-08 
 1.800000E+00 
-9.450699E-07 
 8.502478E-09 
 8.502476E-09 
 8.502353E-09 
 8.502486E-09 
 1.799999E+00 
 2.282802E-08 
 1.811678E-08 
 1.810916E-08 
 1.810911E-08 
 1.800000E+00 
 3.306668E-06 
 2.752873E-06 
 2.752873E-06 
 1.800000E+00 
-8.603872E-08 
 2.135425E-07 
 2.135425E-07 
 2.135421E-07 
 1.800000E+00 
 1.941283E-09 
-4.448296E-10 
-4.434046E-10 
-4.448243E-10 
 1.800000E+00 
-3.541518E-07 
 5.990464E-08 
 5.990464E-08 
 5.990770E-08 
 1.800000E+00 
 1.982170E-08 
 3.673906E-08 
 3.669363E-08 
 3.669587E-08 
 1.800005E+00 
 3.262877E-06 
 3.287532E-06 
 3.287531E-06 
 3.287532E-06 
 1.800000E+00 
 1.456478E-06 
 4.893522E-09 
 4.893227E-09 
 4.893243E-09 
 4.893298E-09 
 1.800000E+00 
 3.288975E-08 
 3.338247E-08 
 3.338776E-08 
 1.800000E+00 
 7.705560E-06 
 7.679029E-06 
 7.679045E-06 
 7.679029E-06 
 7.679030E-06 
 1.800000E+00 
 3.934854E-07 
-5.828214E-08 
-5.828231E-08 
-5.828218E-08 
-5.828222E-08 
 1.800008E+00 
 1.270172E-08 
 7.324021E-09 
 7.325008E-09 
 1.800000E+00 
-1.235178E-08 
 2.997349E-09 
 3.002788E-09 
 3.002910E-09 
 2.999425E-09 
 3.002227E-09 
 1.800000E+00 
 1.429490E-07 
 1.429276E-07 
 1.429271E-07 
 1.800000E+00 
-2.911842E-07 
-3.904660E-07 
-3.904653E-07 
-3.904657E-07 
-3.904667E-07 
-3.904653E-07 
-3.904660E-07 
 1.800000E+00 
 7.906624E-09 
 7.904960E-09 
 1.800001E+00 
 1.695469E-07 
 1.755269E-07 
 1.755250E-07 
 1.755253E-07 
 1.755250E-07 
 1.755242E-07 
 1.755258E-07 
 1.755250E-07 
 1.800000E+00 
-4.996739E-07 
 6.010681E-09 
 1.800000E+00 
 1.544841E-07 
-5.686598E-08 
-5.686535E-08 
-5.686509E-08 
-5.686608E-08 
-5.686741E-08 
-5.686598E-08 
-5.687016E-08 
 1.800000E+00 
-9.176900E-09 
 4.669665E-09 
 1.800000E+00 
-7.923641E-07 
-7.613228E-07 
-7.613213E-07 
-7.613228E-07 
-7.613228E-07 
-7.613227E-07 
-7.613228E-07 
-7.613220E-07 
 1.800000E+00 
-1.447833E-08 
-1.358194E-08 
-1.358170E-08 
-1.358171E-08 
 1.800000E+00 
-1.476131E-07 
 6.215350E-09 
 6.206166E-09 
 6.215387E-09 
 6.215341E-09 
 6.215433E-09 
 1.800000E+00 
 2.078845E-08 
 2.078120E-08 
 2.078124E-08 
 2.078122E-08 
 2.078125E-08 
 1.800000E+00 
 1.470872E-07 
 1.533197E-07 
 1.533201E-07 
 1.533200E-07 
 1.533200E-07 
 1.533208E-07 
 1.533198E-07 
 1.800000E+00 
-2.023454E-06 
-1.854987E-06 
-1.854988E-06 
-1.854987E-06 
 1.800007E+00 
 6.485436E-08 
 4.601009E-08 
 4.601009E-08 
 4.601008E-08 
 4.601040E-08 
 4.601002E-08 
 4.600958E-08 
 4.600799E-08 
 1.800000E+00 
-2.293892E-07 
 3.694013E-09 
 3.694008E-09 
 1.800000E+00 
 6.058836E-10 
 2.408568E-09 
 2.405489E-09 
 2.406072E-09 
 2.406039E-09 
 2.404925E-09 
 2.406063E-09 
 2.406071E-09 
 2.406084E-09 
 2.406082E-09 
 1.799998E+00 
-3.817291E-06 
-3.773281E-06 
-3.773281E-06 
 1.800000E+00 
-3.301277E-07 
 1.462705E-08 
 1.462584E-08 
 1.460155E-08 
 1.462584E-08 
 1.462957E-08 
 1.462588E-08 
 1.462581E-08 
 1.462583E-08 
 1.799998E+00 
 2.821058E-07 
 2.823173E-07 
 2.823173E-07 
 2.823174E-07 
 1.800000E+00 
-1.372188E-06 
-9.286182E-07 
-9.286189E-07 
-9.286200E-07 
-9.286193E-07 
-9.286197E-07 
-9.286198E-07 
-9.286191E-07 
-9.286198E-07 
 1.799999E+00 
-3.158068E-07 
-5.434063E-07 
-5.434063E-07 
-5.434063E-07 
-5.434066E-07 
 1.800000E+00 
 2.412824E-04 
 5.998057E-08 
 5.997506E-08 
 5.998060E-08 
 5.998059E-08 
 5.998073E-08 
 5.998067E-08 
 5.998067E-08 
 1.800000E+00 
 6.154798E-07 
 1.016711E-08 
 1.016724E-08 
 1.016705E-08 
 1.016711E-08 
 1.016711E-08 
 1.016768E-08 
 1.800000E+00 
-1.936173E-05 
 1.842123E-05 
 1.842122E-05 
 1.842123E-05 
 1.842123E-05 
 1.842123E-05 
 1.842123E-05 
 1.800000E+00 
-4.026942E-07 
-3.409852E-08 
-3.409854E-08 
-3.409769E-08 
-3.409847E-08 
-3.409863E-08 
-3.409854E-08 
-3.409857E-08 
 1.800000E+00 
-1.538244E-07 
 1.806414E-08 
 1.806948E-08 
 1.806947E-08 
 1.806947E-08 
 1.806824E-08 
 1.800000E+00 
 1.070280E-08 
 1.038906E-08 
 1.038654E-08 
 1.038881E-08 
 1.038882E-08 
 1.038872E-08 
 1.038869E-08 
 1.038879E-08 
 1.038882E-08 
 1.038878E-08 
 1.800000E+00 
 2.434615E-08 
 1.770458E-08 
 1.771358E-08 
 1.770461E-08 
 1.770575E-08 
 1.800007E+00 
 2.092085E-07 
 2.182992E-09 
 2.183364E-09 
 2.191278E-09 
 2.183470E-09 
 2.183380E-09 
 2.184098E-09 
 2.183147E-09 
 2.183371E-09 
 2.182427E-09 
 2.185080E-09 
 1.800000E+00 
-1.913919E-07 
-3.239245E-10 
-3.239576E-10 
-3.241513E-10 
-3.239223E-10 
 1.800000E+00 
-2.276817E-07 
 3.233938E-08 
 3.233781E-08 
 3.233764E-08 
 3.234077E-08 
 3.233861E-08 
 3.233778E-08 
 3.233776E-08 
 3.233809E-08 
 3.233779E-08 
 3.233798E-08 
 1.800000E+00 
-1.683353E-06 
-7.660490E-07 
-7.660490E-07 
-7.660464E-07 
-7.660490E-07 
-7.660492E-07 
 1.799999E+00 
-3.082914E-07 
 9.304041E-09 
 9.310610E-09 
 9.312473E-09 
 9.310686E-09 
 9.310769E-09 
 9.310692E-09 
 9.315951E-09 
 9.310821E-09 
 9.310677E-09 
 1.799999E+00 
 1.177402E-09 
 4.311349E-09 
 4.311323E-09 
 4.311770E-09 
 4.311314E-09 
 4.311376E-09 
 4.310958E-09 
 1.800000E+00 
 6.107855E-06 
-1.582070E-07 
-1.582069E-07 
-1.582068E-07 
-1.582069E-07 
-1.582069E-07 
-1.582069E-07 
-1.582069E-07 
-1.582069E-07 
-1.582069E-07 
-1.582070E-07 
 1.800000E+00 
 2.287438E-08 
 3.555968E-09 
 3.555039E-09 
 3.555989E-09 
 3.556039E-09 
 3.556013E-09 
 1.800000E+00 
 7.589237E-07 
 2.093403E-07 
 2.093416E-07 
 2.093413E-07 
 2.093406E-07 
 2.093418E-07 
 2.093403E-07 
 2.093412E-07 
 2.093411E-07 
 2.093414E-07 
 2.093412E-07 
 1.800001E+00 
 6.351265E-09 
 8.888231E-09 
 8.887960E-09 
 8.886093E-09 
 8.887880E-09 
 8.887941E-09 
 8.887162E-09 
 8.887850E-09 
 1.800001E+00 
 4.544149E-06 
 4.599241E-06 
 4.599241E-06 
 4.599241E-06 
 4.599241E-06 
 4.599241E-06 
 4.599241E-06 
 4.599241E-06 
 4.599241E-06 
 1.800000E+00 
 2.418764E-07 
 6.358240E-08 
 6.358240E-08 
 6.358241E-08 
 6.358380E-08 
 6.359590E-08 
 6.358241E-08 
 6.358435E-08 
 6.358220E-08 
 1.800000E+00 
-2.703980E-06 
 4.648673E-08 
 4.647532E-08 
 4.648725E-08 
 4.648780E-08 
 4.648791E-08 
 4.648727E-08 
 4.648916E-08 
 4.648860E-08 
 4.648740E-08 
 1.800000E+00 
 5.806550E-06 
 5.803072E-06 
 5.803074E-06 
 5.803074E-06 
 5.803099E-06 
 5.803074E-06 
 5.803074E-06 
 1.800000E+00 
 1.971858E-08 
 8.898813E-09 
 8.898957E-09 
 8.898889E-09 
 8.898992E-09 
 8.900649E-09 
 8.898888E-09 
 8.898930E-09 
 8.898811E-09 
 8.899242E-09 
 8.898861E-09 
 1.800000E+00 
-1.918598E-08 
-5.987047E-10 
-5.990039E-10 
-5.991956E-10 
-5.992411E-10 
-5.989928E-10 
-6.007053E-10 
-5.989861E-10 
 1.800000E+00 
 1.793078E-07 
 1.729890E-08 
 1.729928E-08 
 1.729913E-08 
 1.729933E-08 
 1.729932E-08 
 1.729933E-08 
 1.729945E-08 
 1.729930E-08 
 1.729935E-08 
 1.800000E+00 
 2.732414E-07 
 1.697505E-07 
 1.697503E-07 
 1.697504E-07 
 1.697504E-07 
 1.697504E-07 
 1.697504E-07 
 1.697471E-07 
 1.800000E+00 
-1.158692E-07 
 9.441531E-09 
 9.441518E-09 
 9.441486E-09 
 9.441393E-09 
 9.441537E-09 
 9.441531E-09 
 9.441532E-09 
 9.441532E-09 
 9.441251E-09 
 1.800000E+00 
 9.506609E-07 
 2.042503E-08 
 2.042527E-08 
 2.042495E-08 
 2.042405E-08 
 2.042710E-08 
 2.042505E-08 
 2.042506E-08 
 1.800000E+00 
-3.098159E-07 
-2.706219E-07 
-2.706219E-07 
-2.706220E-07 
-2.706258E-07 
-2.706219E-07 
-2.706170E-07 
-2.706219E-07 
-2.706296E-07 
-2.706219E-07 
 1.800000E+00 
-2.037814E-07 
-1.908726E-07 
-1.908724E-07 
-1.908727E-07 
-1.908727E-07 
-1.908736E-07 
 1.800000E+00 
-7.040295E-06 
 1.973675E-06 
 1.973675E-06 
 1.973675E-06 
 1.973675E-06 
 1.973675E-06 
 1.973681E-06 
 1.973675E-06 
 1.973681E-06 
 1.973675E-06 
 1.973675E-06 
 1.973675E-06 
 1.800000E+00 
-1.568196E-06 
-1.589253E-06 
-1.589253E-06 
-1.589253E-06 
-1.589253E-06 
 1.799999E+00 
 7.956286E-08 
 7.410800E-08 
 7.410778E-08 
 7.410797E-08 
 7.410787E-08 
 7.410813E-08 
 7.410802E-08 
 7.410804E-08 
 7.410796E-08 
 7.410799E-08 
 7.410539E-08 
 7.410803E-08 
 1.800000E+00 
 1.249154E-07 
 2.350032E-08 
 2.350044E-08 
 2.350042E-08 
 1.800000E+00 
 5.163974E-08 
 3.181214E-08 
 3.181261E-08 
 3.181222E-08 
 3.181073E-08 
 3.181264E-08 
 3.181214E-08 
 3.181215E-08 
 3.181504E-08 
 3.181220E-08 
 3.181367E-08 
 3.181323E-08 
 1.800003E+00 
-2.290747E-07 
 7.434515E-09 
 7.435850E-09 
 7.435830E-09 
 7.436045E-09 
 7.435582E-09 
 1.800000E+00 
-8.830874E-07 
-8.920246E-07 
-8.920269E-07 
-8.920269E-07 
-8.920269E-07 
-8.920125E-07 
-8.920260E-07 
-8.920258E-07 
 1.799999E+00 
 9.301765E-08 
-9.454988E-08 
-9.454976E-08 
-9.455170E-08 
-9.454999E-08 
-9.455006E-08 
-9.454985E-08 
-9.456057E-08 
 1.800000E+00 
 4.358462E-09 
 4.602047E-09 
 4.602159E-09 
 4.602151E-09 
 4.602086E-09 
 4.602285E-09 
 4.602186E-09 
 1.800001E+00 
 1.819388E-07 
-2.670668E-08 
-2.670669E-08 
-2.670370E-08 
-2.670673E-08 
-2.670668E-08 
-2.670668E-08 
-2.670881E-08 
 1.800000E+00 
-4.117172E-07 
-1.726257E-08 
-1.726078E-08 
-1.725838E-08 
-1.726013E-08 
-1.726613E-08 
 1.800000E+00 
 5.764876E-08 
 3.802803E-08 
 3.802835E-08 
 3.802794E-08 
 3.802789E-08 
 3.802792E-08 
 3.802739E-08 
 3.802796E-08 
 3.802798E-08 
 1.800000E+00 
 4.812623E-06 
-1.948011E-05 
-1.948010E-05 
-1.948010E-05 
-1.948010E-05 
 1.800000E+00 
-1.032821E-06 
 7.416784E-09 
 7.418180E-09 
 7.416866E-09 
 7.419584E-09 
 7.416849E-09 
 7.416814E-09 
 7.416849E-09 
 7.416850E-09 
 1.800000E+00 
-7.717328E-09 
-1.268767E-08 
-1.268754E-08 
-1.268767E-08 
-1.268755E-08 
 1.800000E+00 
-2.634770E-06 
 1.513825E-07 
 1.513827E-07 
 1.513839E-07 
 1.513825E-07 
 1.513825E-07 
 1.513826E-07 
 1.513827E-07 
 1.800000E+00 
 1.860350E-07 
 5.894128E-09 
 5.893912E-09 
 5.894141E-09 
 1.800000E+00 
-1.395000E-06 
 9.311351E-09 
 9.311811E-09 
 9.311438E-09 
 9.311394E-09 
 9.311104E-09 
 9.311435E-09 
 9.311443E-09 
 9.311336E-09 
 1.800000E+00 
 4.213336E-09 
 6.287025E-09 
 6.287031E-09 
 6.286818E-09 
 6.283067E-09 
 1.800000E+00 
 1.677150E-06 
 1.676527E-06 
 1.676527E-06 
 1.676527E-06 
 1.676527E-06 
 1.676527E-06 
 1.800000E+00 
 7.837622E-09 
 6.545274E-09 
 6.545143E-09 
 6.545492E-09 
 6.544970E-09 
 6.545295E-09 
 1.800000E+00 
-9.432305E-08 
-5.427753E-07 
-5.427696E-07 
-5.427752E-07 
-5.427720E-07 
-5.427752E-07 
-5.427755E-07 
 1.800000E+00 
-8.774336E-08 
-8.704917E-08 
-8.704877E-08 
 1.800000E+00 
-9.357149E-06 
 2.778047E-06 
 2.778047E-06 
 2.778047E-06 
 2.778047E-06 
 2.778047E-06 
 2.778047E-06 
 2.778047E-06 
 2.778047E-06 
 1.800000E+00 
 7.346106E-07 
 7.440302E-09 
 7.439858E-09 
 1.800000E+00 
-9.605103E-07 
-5.607877E-07 
-5.607877E-07 
-5.607876E-07 
-5.607877E-07 
-5.607877E-07 
-5.607877E-07 
 1.800000E+00 
 9.985884E-07 
 6.099994E-09 
 6.099953E-09 
 6.100025E-09 
 1.800000E+00 
-6.339418E-07 
-2.269828E-07 
-2.269830E-07 
-2.269828E-07 
-2.269827E-07 
-2.269832E-07 
 1.800000E+00 
-2.198570E-05 
-1.661130E-06 
-1.661130E-06 
-1.661130E-06 
-1.661130E-06 
 1.800000E+00 
 1.461434E-08 
 1.092763E-08 
 1.092703E-08 
 1.092810E-08 
 1.799997E+00 
 1.912119E-07 
-8.415313E-09 
-8.415414E-09 
-8.415328E-09 
-8.415526E-09 
-8.415538E-09 
-8.414513E-09 
 1.800000E+00 
-2.360805E-09 
-2.799925E-09 
 1.800008E+00 
-6.106577E-06 
-5.647839E-06 
-5.647839E-06 
-5.647839E-06 
-5.647842E-06 
-5.647841E-06 
-5.647839E-06 
-5.647840E-06 
 1.800000E+00 
 7.600343E-09 
 7.636474E-09 
 1.799999E+00 
-2.481789E-05 
 2.216026E-05 
 2.216026E-05 
 2.216027E-05 
 2.216026E-05 
 2.216027E-05 
 1.800000E+00 
 1.127352E-06 
 1.125637E-06 
 1.125637E-06 
 1.125636E-06 
 1.800000E+00 
-1.704754E-06 
-2.257217E-06 
-2.257217E-06 
-2.257217E-06 
-2.257217E-06 
 1.800000E+00 
 1.197705E-08 
 1.202147E-08 
 1.202239E-08 
 1.201952E-08 
 1.800000E+00 
 5.617217E-06 
 7.212779E-06 
 7.212779E-06 
 7.212779E-06 
 1.800000E+00 
-1.013755E-07 
-1.638031E-07 
-1.638019E-07 
-1.638020E-07 
-1.638030E-07 
 1.800000E+00 
-9.969550E-08 
 2.039045E-08 
 2.039038E-08 
 1.800000E+00 
-2.214024E-05 
-2.210237E-05 
-2.210237E-05 
-2.210237E-05 
-2.210237E-05 
 1.800000E+00 
 1.127645E-07 
 1.128745E-07 
 1.128746E-07 
 1.800007E+00 
 9.104579E-08 
 2.104027E-07 
 2.104010E-07 
 2.104027E-07 
 2.104026E-07 
 1.799999E+00 
 6.564766E-08 
 6.022391E-08 
 6.022469E-08 
 6.022408E-08 
 1.800000E+00 
-5.831002E-06 
-5.784646E-06 
 1.800000E+00 
-1.185038E-08 
-5.447743E-09 
-5.444846E-09 
-5.444967E-09 
-5.446598E-09 
-5.444798E-09 
 1.800000E+00 
 5.455327E-08 
 1.727340E-08 
 1.800000E+00 
-1.043210E-07 
-1.043550E-07 
-1.043545E-07 
-1.043550E-07 
-1.043550E-07 
 1.799998E+00 
-1.425041E-09 
 5.625995E-09 
 5.625402E-09 
 1.800000E+00 
-8.953162E-06 
-9.031628E-06 
-9.031627E-06 
 1.800000E+00 
 1.158082E-04 
-1.518418E-05 
-1.518418E-05 
-1.518418E-05 
-1.518418E-05 
 1.800000E+00 
 7.977241E-09 
 1.800000E+00 
 1.143532E-06 
 1.063798E-06 
 1.063795E-06 
 1.063795E-06 
 1.063795E-06 
 1.063796E-06 
 1.800000E+00 
 3.461279E-08 
-2.076082E-08 
 1.800000E+00 
 2.308109E-09 
 5.130993E-09 
 5.130729E-09 
 1.799999E+00 
-2.065066E-05 
 2.069803E-05 
 2.069803E-05 
 2.069803E-05 
 1.800000E+00 
-1.879828E-08 
-1.052694E-08 
-1.052317E-08 
 1.800000E+00 
 2.262688E-08 
 2.769360E-08 
 2.769368E-08 
 1.800000E+00 
 5.694816E-07 
 1.473019E-08 
 1.473005E-08 
 1.473020E-08 
 1.800000E+00 
-3.042631E-06 
-3.043358E-06 
 1.800000E+00 
 3.123314E-08 
-4.176224E-08 
-4.176217E-08 
 1.800000E+00 
 1.100839E-06 
 1.150869E-06 
 1.150871E-06 
 1.150871E-06 
 1.800000E+00 
-4.031936E-08 
-3.729993E-08 
 1.800000E+00 
 1.996503E-07 
 4.070507E-08 
 4.070572E-08 
 4.070915E-08 
 1.800000E+00 
 5.981803E-09 
 1.800000E+00 
-2.775863E-08 
-4.090051E-08 
-4.090084E-08 
-4.090139E-08 
-4.090132E-08 
 1.800000E+00 
 3.062198E-05 
-8.917407E-06 
 1.800000E+00 
 6.371612E-07 
 6.411539E-07 
 1.800000E+00 
 1.415635E-06 
 5.925853E-09 
 5.925728E-09 
 5.930702E-09 
 1.800000E+00 
-4.655061E-07 
-4.782674E-07 
 1.800000E+00 
-1.500511E-08 
-1.453349E-08 
-1.453325E-08 
 1.800000E+00 
 4.503518E-05 
 2.844819E-07 
 2.844819E-07 
 1.800000E+00 
 3.629091E-07 
 1.800001E+00 
 2.101747E-06 
 2.444868E-06 
 2.444865E-06 
 2.444867E-06 
 2.444866E-06 
 1.800000E+00 
 1.800000E+00 
 1.238068E-08 
 1.254357E-08 
 1.254357E-08 
 1.254306E-08 
 1.254357E-08 
 1.800000E+00 
 7.019479E-08 
 1.800000E+00 
-1.804583E-07 
-1.779613E-07 
-1.779617E-07 
 1.800000E+00 
 9.428711E-08 
 8.273773E-08 
 1.800000E+00 
-1.914329E-06 
 1.406906E-08 
 1.406790E-08 
 1.800000E+00 
-1.262225E-06 
-4.364501E-07 
 1.800000E+00 
 2.267230E-05 
-6.497689E-06 
-6.497689E-06 
 1.800006E+00 
 2.463068E-09 
 4.706485E-09 
 1.800000E+00 
 2.595315E-09 
 2.371271E-09 
 1.800006E+00 
 5.539371E-08 
 6.479528E-08 
 6.479505E-08 
 1.799998E+00 
-1.516104E-08 
 1.800000E+00 
-1.208456E-05 
-1.205990E-05 
-1.205990E-05 
-1.205990E-05 
 1.800000E+00 
 4.995779E-06 
 1.800000E+00 
 9.864197E-06 
 9.657075E-06 
 9.657076E-06 
 1.800000E+00 
 3.257590E-07 
 1.800000E+00 
-2.823922E-07 
 6.387219E-09 
 6.387196E-09 
 6.387210E-09 
 1.800000E+00 
 1.800000E+00 
-2.359231E-06 
-2.160434E-06 
-2.160434E-06 
-2.160434E-06 
 1.800000E+00 
 7.455542E-09 
 1.800000E+00 
-9.069406E-07 
-9.281678E-07 
 1.800000E+00 
 8.563682E-07 
 2.629313E-07 
 2.629313E-07 
 1.800000E+00 
-1.370720E-06 
 1.800000E+00 
-8.291911E-07 
 1.161833E-08 
 1.161822E-08 
 1.800000E+00 
-9.118672E-07 
-7.204735E-07 
 1.800000E+00 
-5.001047E-06 
 1.800000E+00 
-2.463346E-07 
 5.715680E-09 
 5.716467E-09 
 1.800000E+00 
 4.511973E-07 
 1.800000E+00 
 1.432401E-07 
 2.569444E-08 
 2.569352E-08 
 1.800000E+00 
 1.428527E-08 
 1.800000E+00 
-1.657928E-07 
-1.303645E-07 
 1.800000E+00 
 2.206364E-07 
 2.210841E-07 
 1.800000E+00 
 5.168067E-06 
 3.911815E-08 
 1.800000E+00 
-2.340011E-08 
 1.425832E-08 
 1.800000E+00 
 6.614596E-08 
 1.633871E-08 
 1.800000E+00 
 2.240816E-08 
 1.800000E+00 
 1.365183E-07 
 1.364999E-07 
 1.364983E-07 
 1.799998E+00 
 1.800000E+00 
 1.550983E-07 
-4.122001E-07 
-4.122001E-07 
 1.800000E+00 
 5.388317E-07 
 8.534306E-09 
 1.800000E+00 
-1.698885E-08 
 1.800000E+00 
-1.699539E-07 
 3.871305E-08 
 1.800001E+00 
 1.774162E-06 
 1.718468E-06 
 1.800000E+00 
 2.401260E-08 
 1.800000E+00 
-2.054017E-06 
-2.348068E-06 
 1.800000E+00 
-2.011313E-06 
 1.746462E-08 
 1.800000E+00 
 7.706417E-07 
 7.702958E-07 
 1.799999E+00 
 1.800000E+00 
 1.902641E-07 
 1.899347E-07 
 1.899347E-07 
 1.899347E-07 
 1.799999E+00 
 1.800000E+00 
 4.965774E-09 
 5.397438E-09 
 1.800000E+00 
-3.479314E-07 
 1.800000E+00 
 2.898600E-08 
 7.472754E-09 
 1.799999E+00 
 1.389683E-07 
 1.114495E-07 
 1.800000E+00 
-1.976640E-07 
 1.800000E+00 
-4.276362E-06 
-4.205643E-06 
 1.800000E+00 
 2.607378E-08 
 1.800000E+00 
 2.457731E-09 
 2.739357E-09 
 1.800000E+00 
-1.077818E-08 
 1.800000E+00 
 8.396061E-09 
 6.799380E-09 
 1.800001E+00 
-1.031412E-06 
 1.800000E+00 
 1.303670E-08 
 1.981543E-08 
 1.800007E+00 
 1.003708E-06 
 1.800000E+00 
 2.166361E-07 
 1.800000E+00 
 3.009002E-06 
-1.281349E-07 
-1.281338E-07 
 1.800000E+00 
 1.800000E+00 
 8.191403E-08 
 8.219712E-08 
 1.800000E+00 
 4.939984E-06 
 1.800000E+00 
 8.727466E-09 
 1.106472E-08 
 1.800000E+00 
 1.800000E+00 
 1.453614E-04 
 2.060076E-07 
 2.059931E-07 
 1.800000E+00 
-3.103398E-07 
 1.800000E+00 
 4.475423E-06 
 1.800000E+00 
 8.489873E-09 
 1.800000E+00 
 2.827441E-06 
 7.141183E-10 
 1.800000E+00 
-1.553496E-08 
 1.800000E+00 
 3.858946E-09 
 4.681212E-07 
 1.800000E+00 
 1.800000E+00 
-1.024286E-07 
-5.748322E-08 
 1.800002E+00 
 2.114498E-07 
 2.317537E-07 
 1.800000E+00 
 1.800007E+00 
-4.810587E-09 
-4.769847E-09 
 1.800000E+00 
 6.406008E-08 
 1.800002E+00 
-4.468164E-07 
-1.169316E-07 
 1.800004E+00 
 1.800000E+00 
 3.878411E-07 
 3.476240E-07 
 1.800000E+00 
 6.439389E-08 
 1.800000E+00 
 6.057989E-08 
 1.467608E-08 
 1.799999E+00 
 1.800000E+00 
-1.779774E-06 
-1.780810E-06 
 1.800000E+00 
 1.800000E+00 
-2.518706E-08 
 4.089022E-09 
 4.089106E-09 
 1.800008E+00 
 1.800000E+00 
 2.145832E-07 
 1.800000E+00 
-7.264979E-07 
-1.714688E-08 
 1.800000E+00 
-1.373527E-08 
 1.800000E+00 
 1.800000E+00 
 1.227890E-08 
 1.308910E-08 
 1.308936E-08 
 1.800000E+00 
 1.800000E+00 
 2.340665E-06 
 1.799999E+00 
 3.850579E-07 
 1.800000E+00 
-1.624734E-07 
 5.820020E-09 
 1.800000E+00 
 1.800000E+00 
 2.466767E-07 
-1.862905E-08 
 1.800000E+00 
 1.886811E-07 
 1.800000E+00 
-1.897554E-06 
 1.800007E+00 
 1.800000E+00 
 8.649847E-09 
 1.147576E-08 
 1.147597E-08 
 1.800000E+00 
 1.800000E+00 
 1.079702E-08 
 1.800006E+00 
-1.205032E-07 
 1.800000E+00 
 2.298642E-08 
 1.800000E+00 
-7.258985E-09 
 1.800000E+00 
-4.643291E-09 
 2.105657E-08 
 1.800000E+00 
 1.800000E+00 
 5.583507E-09 
 1.800000E+00 
 3.825786E-07 
 1.800000E+00 
 7.278058E-06 
 7.278072E-06 
 1.800000E+00 
 1.800000E+00 
 6.513939E-06 
 1.800000E+00 
 6.300984E-07 
 6.862985E-07 
 1.800000E+00 
 1.800000E+00 
-3.714481E-06 
 1.799999E+00 
 2.695878E-08 
 1.800000E+00 
-4.025096E-06 
 1.800000E+00 
-1.325963E-07 
 1.800000E+00 
-3.641598E-06 
 1.799999E+00 
-3.913375E-06 
 1.800000E+00 
 7.825443E-09 
 1.800000E+00 
 1.389400E-08 
 1.800000E+00 
 5.918712E-08 
 1.800000E+00 
 1.800000E+00 
-1.849281E-07 
 3.248728E-09 
 1.800000E+00 
 1.800004E+00 
 2.444707E-07 
-6.948841E-09 
 1.800000E+00 
 1.800007E+00 
 5.706159E-08 
 1.799997E+00 
-6.231067E-07 
 1.799997E+00 
-1.939230E-07 
 1.800000E+00 
 2.106623E-07 
 1.800001E+00 
-1.466825E-06 
 1.800000E+00 
 8.447575E-07 
 1.799999E+00 
 1.800000E+00 
-7.752224E-07 
 1.800000E+00 
 1.769305E-08 
 1.800000E+00 
 8.183583E-09 
 1.800000E+00 
-1.277701E-07 
 1.800000E+00 
-4.524600E-08 
 1.800000E+00 
-3.662822E-07 
 1.800000E+00 
 1.800000E+00 
 1.434516E-06 
 1.800006E+00 
-1.089810E-05 
 1.800000E+00 
-2.302508E-07 
 1.800000E+00 
 3.752520E-08 
 1.800000E+00 
 1.800009E+00 
 8.319910E-07 
 1.800000E+00 
 2.353422E-06 
 1.800000E+00 
 1.743486E-06 
 1.800003E+00 
-1.634666E-06 
 1.800000E+00 
 1.800000E+00 
 1.220817E-06 
 1.800000E+00 
-3.203677E-06 
 1.800000E+00 
 1.414279E-08 
 1.800000E+00 
 1.550252E-09 
 1.800000E+00 
 1.800000E+00 
-1.908709E-08 
 1.800000E+00 
-8.158910E-07 
 1.800000E+00 
 1.799998E+00 
 2.727221E-07 
 1.521613E-05 
 1.800000E+00 
 1.800000E+00 
 1.800000E+00 
 1.617833E-06 
 6.477315E-07 
 1.800000E+00 
 1.800000E+00 
 8.673421E-06 
 1.800000E+00 
 2.208544E-09 
 1.800000E+00 
 1.800000E+00 
 1.078915E-08 
 9.841086E-09 
 1.800000E+00 
 1.800000E+00 
 1.800000E+00 
-2.196984E-06 
 1.800000E+00 
-1.354266E-06 
 1.800001E+00 
-2.622423E-08 
 1.800000E+00 
 1.800000E+00 
 8.896258E-08 
 1.800000E+00 
-3.690313E-07 
 1.800000E+00 
 1.800000E+00 
-4.520285E-07 
 6.017663E-09 
 1.800007E+00 
 1.800007E+00 
 1.800007E+00 
 3.098033E-08 
 1.800000E+00 
 1.800000E+00 
-8.831825E-08 
-1.051647E-08 
 1.800000E+00 
 1.800000E+00 
 1.187766E-08 
 1.800000E+00 
 1.800000E+00 
-3.734971E-07 
 1.800000E+00 
 1.188384E-07 
 1.799999E+00 
 1.800000E+00 
-9.085507E-07 
 1.800000E+00 
 1.533022E-08 
 1.800000E+00 
 1.800000E+00 
 8.647549E-08 
 1.800000E+00 
 1.800000E+00 
-5.919858E-07 
-4.188221E-07 
 1.800000E+00 
 1.800000E+00 
 1.800000E+00 
 1.800000E+00 
-2.016615E-06 
 2.335363E-08 
 1.800000E+00 
 1.800000E+00 
 7.195034E-07 
 1.800000E+00 
-1.195468E-06 
 1.800000E+00 
 1.800000E+00 
 1.800000E+00 
 4.472643E-06 
 1.800000E+00 
 2.362906E-07 
 1.800000E+00 
 1.800000E+00 
 8.444261E-06 
 1.800000E+00 
 2.093812E-05 
 1.800000E+00 
 1.800000E+00 
 1.800000E+00 
-2.168245E-06 
 2.499288E-08 
 1.800000E+00 
 1.800000E+00 
 1.800000E+00 
 5.323449E-08 
 1.800000E+00 
 1.800000E+00 
 5.898916E-06 
 1.800000E+00 
-1.981083E-08 
 1.800000E+00 
 1.800000E+00 
-4.401637E-08 
 1.800000E+00 
 1.800000E+00 
 2.113481E-08 
 1.800000E+00 
 1.800002E+00 
 1.515822E-07 
 1.800000E+00 
 2.893477E-07 
 1.800000E+00 
 1.800000E+00 
 1.800000E+00 
-4.150766E-06 
 1.800007E+00 
 1.876964E-07 
 1.800000E+00 
 1.800000E+00 
 1.800000E+00 
 3.079568E-06 
 3.754205E-06 
 1.800000E+00 
 1.800000E+00 
 1.800000E+00 
 1.800000E+00 
-1.401999E-05 
 1.800006E+00 
-7.896797E-07 
 1.800000E+00 
 1.800007E+00 
 3.796397E-07 
 1.800000E+00 
 1.800000E+00 
-8.780238E-08 
 1.800000E+00 
 1.800000E+00 
-6.074212E-08 
 1.800000E+00 
 1.800000E+00 
 1.800000E+00 
-1.741274E-07 
-1.720909E-07 
 1.800000E+00 
 1.800000E+00 
 1.800000E+00 
 1.800001E+00 
 1.222691E-08 
 1.800000E+00 
 1.087266E-08 
 1.800000E+00 
 1.800000E+00 
 1.799999E+00 
 2.008862E-05 
 1.800000E+00 
 7.892217E-07 
 1.799998E+00 
 1.799998E+00 
 1.800000E+00 
 1.987673E-08 
 1.800000E+00 
 1.800000E+00 
 2.171094E-06 
 1.800001E+00 
 1.800000E+00 
 1.800000E+00 
-9.180336E-09 
 1.800000E+00 
 1.272971E-06 
 1.800000E+00 
 1.800000E+00 
 1.800000E+00 
 1.101287E-07 
 1.800000E+00 
 1.800000E+00 
-5.896744E-09 
 1.800000E+00 
 1.800000E+00 
 2.142247E-06 
 1.800000E+00 
 1.800000E+00 
 1.800000E+00 
 6.200077E-08 
 1.800002E+00 
-1.223726E-05 
 1.800000E+00 
 1.800000E+00 
 1.800000E+00 
 1.800000E+00 
-3.294445E-07 
 1.800000E+00 
 1.800000E+00 
 1.533615E-06 
 1.800000E+00 
 1.800007E+00 
 4.384635E-05 
 1.800000E+00 
 1.800000E+00 
 2.447927E-08 
 1.800000E+00 
 1.800000E+00 
 1.800000E+00 
 1.800000E+00 
-1.101235E-06 
 1.800000E+00 
-1.882648E-08 
 1.800000E+00 
 1.800000E+00 
 1.800000E+00 
 3.301141E-08 
 1.800000E+00 
 1.800000E+00 
 1.800000E+00 
 1.543971E-08 
 1.800000E+00 
 1.800000E+00 
 3.998793E-08 
 1.800000E+00 
 1.800000E+00 
 1.799999E+00 
 1.800000E+00 
 1.357577E-06 
 1.093781E-08 
 1.800000E+00 
 1.800000E+00 
 1.800000E+00 
 1.800000E+00 
 1.800000E+00 
 1.800000E+00 
-7.724071E-07 
-4.015347E-08 
 1.800000E+00 
 1.800000E+00 
 1.800000E+00 
 1.800000E+00 
 1.033089E-06 
 1.800000E+00 
 1.800000E+00 
 1.800000E+00 
-2.446149E-06 
 1.800002E+00 
 1.800000E+00 
 4.855211E-08 
 1.800000E+00 
 1.800000E+00 
 1.800000E+00 
 6.341732E-07 
 1.800000E+00 
 1.800000E+00 
 1.800000E+00 
-9.618235E-08 
 1.800000E+00 
 1.800000E+00 
 1.800000E+00 
 1.217506E-06 
 1.800003E+00 
 1.800003E+00 
 1.800000E+00 
 4.146519E-08 
 1.800003E+00 
 1.800000E+00 
 1.800000E+00 
 2.889059E-06 
 1.800000E+00 
 1.800000E+00 
 1.800004E+00 
 4.450466E-07 
 1.800000E+00 
 1.800000E+00 
 1.800000E+00 
-2.889483E-05 
 1.800000E+00 
 1.800000E+00 
 1.800000E+00 
 1.800000E+00 
 3.609576E-07 
 1.800000E+00 
 2.920572E-08 
 1.800000E+00 
 1.800000E+00 
 1.800000E+00 
 1.800000E+00 
 1.800000E+00 
 1.800005E+00 
 7.689373E-09 
 1.800000E+00 
 2.334590E-06 
 1.800000E+00 
 1.800000E+00 
 1.800000E+00 
 1.800000E+00 
 1.800000E+00 
-6.533936E-08 
 1.800004E+00 
 1.203248E-07 
 1.800000E+00 
 1.800000E+00 
 1.800000E+00 
 1.800000E+00 
 1.800000E+00 
 1.800000E+00 
-4.491141E-09 
 1.800000E+00 
 1.800001E+00 
 2.370154E-07 
 1.799999E+00 
 1.799999E+00 
 1.800000E+00 
 1.800000E+00 
 1.002792E-06 
 1.800000E+00 
 1.800000E+00 
 1.800000E+00 
 5.634315E-06 
 1.800000E+00 
 1.800000E+00 
 1.800000E+00 
 1.800000E+00 
-3.204669E-07 
 1.800000E+00 
 1.800000E+00 
 1.800000E+00 
 4.368600E-08 
 1.800000E+00 
 1.800000E+00 
 1.800000E+00 
 1.800000E+00 
 1.800000E+00 
 1.853309E-07 
 1.800000E+00 
 1.800000E+00 
 4.956549E-06 
 1.800000E+00 
 1.800000E+00 
 1.800000E+00 
 1.800000E+00 
 1.800000E+00 
 1.800000E+00 
-7.415443E-07 
 1.800000E+00 
 2.693132E-08 
 1.800000E+00 
 1.800000E+00 
 1.800000E+00 
 1.800000E+00 
 1.800000E+00 
 1.800000E+00 
 1.800000E+00 
-2.263064E-05 
 1.800000E+00 
 1.800000E+00 
 1.474330E-06 
 1.800000E+00 
 1.800000E+00 
 1.800000E+00 
 1.800000E+00 
 1.800000E+00 
 8.004493E-07 
 1.800000E+00 
 1.800000E+00 
 1.800000E+00 
 2.306237E-08 
 1.800007E+00 
 1.800007E+00 
 1.800007E+00 
 1.800007E+00 
 1.800000E+00 
 1.800000E+00 
-1.206531E-06 
 1.800000E+00 
 1.800000E+00 
 2.470015E-08 
 1.800000E+00 
 1.800000E+00 
 1.800000E+00 
 1.800000E+00 
 1.800000E+00 
 1.800007E+00 
 7.644544E-08 
 1.799999E+00 
 1.800000E+00 
 1.799999E+00 
 1.800000E+00 
 2.787785E-08 
 1.800000E+00 
 1.800000E+00 
 1.800000E+00 
 1.800000E+00 
 1.846066E-07 
 1.800000E+00 
 1.800000E+00 
 1.800000E+00 
 1.800000E+00 
 1.800000E+00 
 8.622261E-09 
 1.800000E+00 
 1.800000E+00 
 1.800000E+00 
 1.800000E+00 
 1.800000E+00 
 5.564161E-08 
 1.800000E+00 
 1.800000E+00 
 1.800000E+00 
 1.800000E+00 
-3.762711E-09 
 1.800000E+00 
 1.800000E+00 
 1.800000E+00 
 1.800000E+00 
 1.800000E+00 
 2.416767E-08 
 1.800000E+00 
 1.800000E+00 
 1.800000E+00 
 1.800000E+00 
 1.799999E+00 
 1.800000E+00 
-2.625499E-08 
 1.800000E+00 
 1.800000E+00 
 1.800000E+00 
 3.428613E-07 
 1.799998E+00 
 1.799998E+00 
 1.799998E+00 
 1.799998E+00 
 1.799998E+00 
 1.799998E+00 
 1.800000E+00 
 1.457354E-06 
 1.800000E+00 
 1.800000E+00 
 1.800001E+00 
 1.800000E+00 
 4.790868E-08 
 1.799997E+00 
 1.799997E+00 
 1.799997E+00 
 1.799997E+00 
 1.800001E+00 
 1.180467E-08 
 1.800000E+00 
 1.800000E+00 
 1.800000E+00 
 1.800000E+00 
 1.800000E+00 
 1.800000E+00 
 1.800000E+00 
-6.831345E-06 
 1.799998E+00 
 1.800000E+00 
 1.800000E+00 
 9.882253E-06 
 1.800000E+00 
 1.800000E+00 
 1.800000E+00 
 1.800000E+00 
 1.800000E+00 
 1.800000E+00 
 1.800000E+00 
 1.799998E+00 
 1.605837E-05 
 1.800000E+00 
 1.800000E+00 
 1.800000E+00 
 1.800000E+00 
-4.861105E-07 
 1.799999E+00 
 1.799999E+00 
 1.799999E+00 
 1.799999E+00 
 1.799999E+00 
 1.799999E+00 
 1.800000E+00 
-1.214692E-07 
 1.800000E+00 
 1.800000E+00 
 1.800000E+00 
 1.800000E+00 
 1.800000E+00 
-2.674578E-07 
 1.800000E+00 
 1.800000E+00 
 1.800000E+00 
 1.800000E+00 
 1.800000E+00 
 1.800000E+00 
 1.800000E+00 
 9.085976E-09 
 1.800000E+00 
 1.800000E+00 
 1.800000E+00 
 1.800000E+00 
 1.800000E+00 
-2.423820E-06 
 1.799998E+00 
 1.799998E+00 
 1.799998E+00 
 1.799998E+00 
 1.799998E+00 
 1.799998E+00 
 1.800001E+00 
 1.412073E-08 
 1.800000E+00 
 1.800000E+00 
 1.800000E+00 
 1.800000E+00 
 1.800000E+00 
 1.800001E+00 
 1.800000E+00 
 2.773133E-07 
 1.800004E+00 
 1.800004E+00 
 1.800000E+00 
 1.800001E+00 
 1.799999E+00 
 2.227621E-07 
 1.800000E+00 
 1.800000E+00 
 1.800000E+00 
 1.800000E+00 
 1.800000E+00 
 1.800000E+00 
 1.800000E+00 
 1.800000E+00 
-5.502089E-08 
 1.800000E+00 
 1.800000E+00 
 1.800000E+00 
 1.800000E+00 
 1.800000E+00 
 1.800002E+00 
-5.679339E-07 
 1.800006E+00 
 1.800006E+00 
 1.800006E+00 
 1.800006E+00 
 1.800006E+00 
 1.800006E+00 
 1.800006E+00 
 1.800000E+00 
 4.746964E-06 
 1.800002E+00 
 1.800002E+00 
 1.800002E+00 
 1.800002E+00 
 1.800007E+00 
 1.800000E+00 
-1.606416E-07 
 1.799999E+00 
 1.799999E+00 
 1.799999E+00 
 1.799999E+00 
 1.799999E+00 
 1.799999E+00 
 1.800000E+00 
 1.800007E+00 
-1.655972E-05 
 1.800000E+00 
 1.800000E+00 
 1.800000E+00 
 1.800000E+00 
 1.800000E+00 
 1.800000E+00 
 7.933234E-07 
 1.800000E+00 
 1.800000E+00 
 1.800000E+00 
 1.800000E+00 
 1.800000E+00 
 1.800000E+00 
 1.800000E+00 
 1.800000E+00 
 1.800000E+00 
 1.637876E-08 
 1.799998E+00 
 1.799998E+00 
 1.799998E+00 
 1.799998E+00 
 1.799998E+00 
 1.799998E+00 
 1.800000E+00 
 8.443489E-09 
 1.800000E+00 
 1.800000E+00 
 1.800000E+00 
 1.800000E+00 
 1.800000E+00 
 1.800000E+00 
 1.800000E+00 
 1.800000E+00 
 2.330552E-08 
 1.799999E+00 
 1.800000E+00 
 1.800000E+00 
 1.800000E+00 
 1.800000E+00 
 1.800000E+00 
 1.800000E+00 
 1.800016E+00 
 2.284135E-07 
 1.800000E+00 
 1.800000E+00 
 1.800000E+00 
 1.800000E+00 
 1.800000E+00 
 1.800000E+00 
 1.800000E+00 
-1.297785E-05 
 1.800000E+00 
 1.800000E+00 
 1.800000E+00 
 1.800000E+00 
 1.800000E+00 
 1.800000E+00 
 1.800000E+00 
 1.800000E+00 
 1.800000E+00 
 1.800000E+00 
-3.969909E-07 
 1.800000E+00 
 1.800000E+00 
 1.800000E+00 
 1.800000E+00 
 1.800000E+00 
 1.800000E+00 
 1.800002E+00 
-2.025910E-08 
 1.800000E+00 
 1.800000E+00 
 1.800000E+00 
 1.800000E+00 
 1.800000E+00 
 1.800000E+00 
 1.800000E+00 
 1.800002E+00 
 1.800000E+00 
-1.725929E-08 
 1.800000E+00 
 1.800000E+00 
 1.800000E+00 
 1.800000E+00 
 1.800000E+00 
 1.800000E+00 
 1.800000E+00 
 1.800000E+00 
 1.885683E-07 
 1.800000E+00 
 1.800000E+00 
 1.800000E+00 
 1.800000E+00 
 1.800000E+00 
 1.800000E+00 
 1.800000E+00 
 1.800000E+00 
 1.800007E+00 
 5.070408E-08 
 1.800000E+00 
 1.800000E+00 
 1.800000E+00 
 1.800000E+00 
 1.800000E+00 
 1.800000E+00 
 1.800000E+00 
 1.800000E+00 
 1.800000E+00 
 1.042460E-06 
 1.800000E+00 
 1.800000E+00 
 1.800000E+00 
 1.800000E+00 
 1.800000E+00 
 1.800000E+00 
 1.800000E+00 
 1.800000E+00 
 2.602956E-09 
 1.800000E+00 
 1.800000E+00 
 1.800000E+00 
 1.800000E+00 
 1.800000E+00 
 1.800000E+00 
 1.800000E+00 
 1.800000E+00 
 1.800000E+00 
 1.800000E+00 
 1.131879E-07 
 1.800000E+00 
 1.800000E+00 
 1.800000E+00 
 1.800000E+00 
 1.800000E+00 
 1.800000E+00 
 1.800000E+00 
 1.800000E+00 
-5.302557E-06 
 1.800000E+00 
 1.800000E+00 
 1.800000E+00 
 1.800000E+00 
 1.800000E+00 
 1.800000E+00 
 1.800000E+00 
 1.800000E+00 
 1.800000E+00 
 1.800000E+00 
-3.344163E-09 
 1.800000E+00 
 1.800000E+00 
 1.800000E+00 
 1.800000E+00 
 1.800000E+00 
 1.800000E+00 
 1.800003E+00 
 1.800000E+00 
 1.806746E-06 
 1.800000E+00 
 1.800000E+00 
 1.800000E+00 
 1.800000E+00 
 1.800000E+00 
 1.800000E+00 
 1.800000E+00 
 1.800000E+00 
 1.800000E+00 
 8.973277E-09 
 1.800000E+00 
 1.800000E+00 
 1.800000E+00 
 1.800000E+00 
 1.800000E+00 
 1.800000E+00 
 1.800000E+00 
 1.800000E+00 
 1.800000E+00 
 1.800001E+00 
 2.785701E-08 
 1.800000E+00 
 1.800000E+00 
 1.800000E+00 
 1.800000E+00 
 1.800000E+00 
 1.800000E+00 
 1.800000E+00 
 1.800001E+00 
 4.428023E-08 
 1.799999E+00 
 1.799999E+00 
 1.799999E+00 
 1.799999E+00 
 1.799999E+00 
 1.799999E+00 
 1.799999E+00 
 1.799999E+00 
 1.799999E+00 
 1.800000E+00 
 8.573553E-09 
 1.800000E+00 
 1.800000E+00 
 1.800000E+00 
 1.800000E+00 
 1.800000E+00 
 1.800000E+00 
 1.800000E+00 
 1.800000E+00 
 1.800000E+00 
 1.257807E-06 
 1.800000E+00 
 1.800000E+00 
 1.800000E+00 
 1.800000E+00 
 1.800000E+00 
 1.800000E+00 
 1.800000E+00 
 1.800000E+00 
 6.581972E-07 
 1.800000E+00 
 1.800000E+00 
 1.800000E+00 
 1.800000E+00 
 1.800000E+00 
 1.800000E+00 
 1.800000E+00 
 1.800000E+00 
 1.800000E+00 
 1.800000E+00 
-3.924236E-06 
 1.800000E+00 
 1.800000E+00 
 1.800000E+00 
 1.800000E+00 
 1.800000E+00 
 1.800000E+00 
 1.800000E+00 
 1.800000E+00 
-2.523733E-06 
 1.800000E+00 
 1.800000E+00 
 1.800000E+00 
 1.800000E+00 
 1.800000E+00 
 1.800000E+00 
 1.800000E+00 
 1.800000E+00 
 1.800000E+00 
-1.699529E-09 
 1.800000E+00 
 1.800000E+00 
 1.800000E+00 
 1.800000E+00 
 1.800000E+00 
 1.800000E+00 
 1.800000E+00 
 1.800000E+00 
 1.800000E+00 
 5.450170E-07 
 1.800000E+00 
 1.800000E+00 
 1.800000E+00 
 1.800000E+00 
 1.800000E+00 
 1.800000E+00 
 1.800000E+00 
 1.800000E+00 
 1.836931E-06 
 1.800000E+00 
 1.800000E+00 
 1.800000E+00 
 1.800000E+00 
 1.800000E+00 
 1.800000E+00 
 1.800000E+00 
 1.800000E+00 
 1.799999E+00 
-4.093825E-08 
 1.800000E+00 
 1.800000E+00 
 1.800000E+00 
 1.800000E+00 
 1.800000E+00 
 1.800000E+00 
 1.800000E+00 
 9.182138E-08 
 1.800000E+00 
 1.800000E+00 
 1.800000E+00 
 1.800000E+00 
 1.800000E+00 
 1.800000E+00 
 1.800000E+00 
 1.800000E+00 
 1.800000E+00 
-2.510895E-08 
 1.800000E+00 
 1.800000E+00 
 1.800000E+00 
 1.800000E+00 
 1.800000E+00 
 1.800000E+00 
 1.800000E+00 
 1.800000E+00 
-7.135630E-10 
 1.800000E+00 
 1.800000E+00 
 1.800000E+00 
 1.800000E+00 
 1.800000E+00 
 1.800000E+00 
 1.800000E+00 
-2.265902E-08 
 1.800000E+00 
 1.800000E+00 
 1.800000E+00 
 1.800000E+00 
 1.800000E+00 
 1.800000E+00 
 1.800000E+00 
 1.800000E+00 
 1.800002E+00 
-1.780864E-08 
 1.800000E+00 
 1.800000E+00 
 1.800000E+00 
 1.800000E+00 
 1.800000E+00 
 1.800004E+00 
-2.085396E-07 
 1.800000E+00 
 1.800000E+00 
 1.800000E+00 
 1.800000E+00 
 1.800000E+00 
 1.800000E+00 
 1.800000E+00 
 1.800000E+00 
 1.800000E+00 
-9.773285E-07 
 1.800000E+00 
 1.800000E+00 
 1.800000E+00 
 1.800000E+00 
 1.800000E+00 
 1.800000E+00 
 7.890218E-09 
 1.800000E+00 
 1.800000E+00 
 1.800000E+00 
 1.800000E+00 
 1.800000E+00 
 1.800000E+00 
 1.800000E+00 
 1.800000E+00 
 2.894326E-09 
 1.800007E+00 
 1.800007E+00 
 1.800007E+00 
 1.800007E+00 
 1.799999E+00 
 1.800000E+00 
 2.777222E-08 
 1.800000E+00 
 1.800000E+00 
 1.800000E+00 
 1.800000E+00 
 1.800000E+00 
 1.800000E+00 
 1.800000E+00 
 1.800000E+00 
-6.730445E-07 
 1.800000E+00 
 1.800000E+00 
 1.800000E+00 
 1.800000E+00 
 1.800000E+00 
 1.799999E+00 
-1.650649E-05 
 1.800000E+00 
 1.800000E+00 
 1.800000E+00 
 1.800000E+00 
 1.800000E+00 
 1.800002E+00 
 1.800000E+00 
 1.451554E-06 
 1.800000E+00 
 1.800000E+00 
 1.800000E+00 
 1.800000E+00 
 1.800000E+00 
 1.800001E+00 
 4.378920E-08 
 1.800000E+00 
 1.800000E+00 
 1.800000E+00 
 1.800000E+00 
 1.800000E+00 
 1.800000E+00 
 1.302311E-08 
 1.800000E+00 
 1.800000E+00 
 1.800000E+00 
 1.800000E+00 
 1.800000E+00 
 1.800000E+00 
 1.800000E+00 
 2.131543E-08 
 1.800000E+00 
 1.800000E+00 
 1.800000E+00 
 1.800000E+00 
 1.800000E+00 
 1.800005E+00 
-2.051873E-08 
 1.800000E+00 
 1.800000E+00 
 1.800000E+00 
 1.800000E+00 
 1.800000E+00 
 1.800000E+00 
 3.646929E-07 
 1.800000E+00 
 1.800000E+00 
 1.800000E+00 
 1.800000E+00 
 1.800000E+00 
 2.213497E-08 
 1.800000E+00 
 1.800000E+00 
 1.800000E+00 
 1.800000E+00 
 1.800000E+00 
 1.800000E+00 
 1.800002E+00 
-8.287507E-08 
 1.800000E+00 
 1.800000E+00 
 1.800000E+00 
 1.800000E+00 
 1.800000E+00 
-2.433589E-08 
 1.800000E+00 
 1.800000E+00 
 1.800000E+00 
 1.800000E+00 
 1.800000E+00 
 1.907392E-08 
 1.800007E+00 
 1.800007E+00 
 1.800007E+00 
 1.800007E+00 
 1.800007E+00 
 1.800000E+00 
 6.058690E-08 
 1.800000E+00 
 1.800000E+00 
 1.800000E+00 
 1.800000E+00 
 1.800000E+00 
 1.800000E+00 
-2.973765E-07 
 1.800000E+00 
 1.800000E+00 
 1.800004E+00 
 2.817183E-08 
 1.800000E+00 
 1.800000E+00 
 1.800000E+00 
 1.800000E+00 
 1.800000E+00 
 1.800000E+00 
 1.800000E+00 
 2.874669E-07 
 1.800000E+00 
 1.800000E+00 
 1.800000E+00 
 1.800000E+00 
-1.325836E-07 
 1.800000E+00 
 1.800000E+00 
 1.800000E+00 
 1.800000E+00 
 1.800000E+00 
 1.800005E+00 
 3.812063E-07 
 1.800000E+00 
 1.800000E+00 
 1.800000E+00 
 9.360984E-09 
 1.800000E+00 
 1.800000E+00 
 1.800000E+00 
 1.800000E+00 
 1.800000E+00 
 1.800000E+00 
 1.800000E+00 
 2.084579E-08 
 1.800000E+00 
 1.800000E+00 
 7.178490E-07 
 1.800000E+00 
 1.800000E+00 
 1.800000E+00 
 1.800000E+00 
 1.800000E+00 
 1.800000E+00 
 1.800000E+00 
 6.666403E-09 
 1.800000E+00 
 1.800000E+00 
 1.800000E+00 
-1.864727E-06 
 1.800000E+00 
 1.800000E+00 
 1.800000E+00 
 1.800000E+00 
 1.800000E+00 
 1.799999E+00 
-2.620723E-07 
 1.799999E+00 
 1.800000E+00 
 1.938196E-09 
 1.800000E+00 
 1.800000E+00 
 1.800000E+00 
 1.800000E+00 
 1.800000E+00 
 1.800000E+00 
 6.591940E-08 
 1.800000E+00 
 1.800000E+00 
 1.800000E+00 
 1.800000E+00 
 9.593834E-07 
 1.800000E+00 
 1.800000E+00 
 1.800000E+00 
 1.800000E+00 
 1.294598E-08 
 1.799999E+00 
 1.799999E+00 
 1.800000E+00 
 1.800000E+00 
 8.994690E-09 
 1.800000E+00 
 1.800000E+00 
 1.800000E+00 
 1.800000E+00 
-1.196077E-07 
 1.800000E+00 
 1.800000E+00 
 1.800000E+00 
 1.800000E+00 
-3.096183E-07 
 1.800000E+00 
 1.800000E+00 
 1.800000E+00 
 1.800000E+00 
 1.441577E-06 
 1.800000E+00 
 1.800000E+00 
 1.800000E+00 
-2.510133E-07 
 1.800000E+00 
 1.800000E+00 
 1.800000E+00 
 1.800000E+00 
 1.800000E+00 
 6.214446E-06 
 1.800000E+00 
 1.800000E+00 
 1.800000E+00 
-6.701110E-08 
 1.800000E+00 
 1.800000E+00 
 1.800000E+00 
 1.800000E+00 
-9.071586E-07 
 1.800000E+00 
 1.800000E+00 
 1.800000E+00 
-4.916953E-09 
 1.800001E+00 
 1.800001E+00 
 1.800001E+00 
 1.800003E+00 
 7.494796E-09 
 1.800000E+00 
 1.800000E+00 
 1.800000E+00 
 1.800000E+00 
 9.019612E-09 
 1.800000E+00 
 1.800000E+00 
 1.174960E-06 
 1.800000E+00 
 1.800000E+00 
 1.800000E+00 
 1.800000E+00 
 1.800006E+00 
-1.826850E-08 
 1.800000E+00 
 1.800000E+00 
 2.919078E-07 
 1.800000E+00 
 1.800000E+00 
 1.800000E+00 
 1.800000E+00 
-9.650714E-08 
 1.800007E+00 
 1.800007E+00 
 1.800000E+00 
-3.362657E-06 
 1.800000E+00 
 1.800000E+00 
 1.800000E+00 
 1.800000E+00 
-3.927117E-08 
 1.800000E+00 
 1.800000E+00 
 2.085461E-08 
 1.800000E+00 
 1.800000E+00 
 1.800000E+00 
 1.799999E+00 
 1.864840E-08 
 1.800000E+00 
 1.800000E+00 
 1.800000E+00 
 2.417100E-08 
 1.800000E+00 
 1.800000E+00 
-2.512768E-08 
 1.800000E+00 
 1.800000E+00 
 1.800000E+00 
 1.800000E+00 
 1.800000E+00 
-1.438189E-07 
 1.800000E+00 
-9.877001E-06 
 1.800000E+00 
 1.800000E+00 
 1.800000E+00 
 1.800000E+00 
-3.096479E-07 
 1.800005E+00 
 1.800000E+00 
 1.800000E+00 
-1.275131E-06 
 1.800000E+00 
 1.799999E+00 
-1.540444E-06 
 1.800000E+00 
 1.800000E+00 
 1.800000E+00 
 1.800000E+00 
 2.502172E-07 
 1.800004E+00 
 2.260975E-06 
 1.800000E+00 
 1.800000E+00 
 1.800000E+00 
 1.800000E+00 
 1.800000E+00 
-3.483348E-07 
 1.800000E+00 
 5.550316E-06 
 1.800007E+00 
 1.800007E+00 
 1.799999E+00 
 1.800000E+00 
-1.524114E-06 
 1.800000E+00 
-8.972829E-09 
 1.800000E+00 
 1.800000E+00 
 1.800000E+00 
 1.800000E+00 
 8.638914E-07 
 1.800000E+00 
 1.800000E+00 
 8.101069E-09 
 1.800000E+00 
 1.800000E+00 
 1.800000E+00 
 8.154841E-09 
 1.800000E+00 
 1.800000E+00 
 2.957171E-08 
 1.800000E+00 
 1.800000E+00 
 1.800000E+00 
 3.309513E-08 
 1.800002E+00 
 1.800000E+00 
 1.800000E+00 
-2.407807E-06 
 1.800000E+00 
 5.393005E-07 
 1.800000E+00 
 1.800000E+00 
 1.800000E+00 
 1.800000E+00 
 1.163165E-07 
 1.800000E+00 
 8.032017E-07 
 1.800000E+00 
 1.800000E+00 
 1.800000E+00 
-4.820027E-08 
 1.800000E+00 
 1.800000E+00 
 1.800000E+00 
-3.463505E-08 
 1.800000E+00 
 8.177717E-06 
 1.800000E+00 
 1.800000E+00 
 1.800000E+00 
-6.429888E-06 
 1.800000E+00 
 1.799997E+00 
 1.800000E+00 
-5.710187E-07 
 1.800000E+00 
-1.669031E-05 
 1.800000E+00 
 1.800000E+00 
 1.800000E+00 
 5.628802E-06 
 1.800000E+00 
 1.800001E+00 
 3.884425E-07 
 1.799999E+00 
 1.800000E+00 
-2.067389E-07 
 1.800000E+00 
 1.800000E+00 
 8.575412E-09 
 1.800000E+00 
 1.800000E+00 
 1.800000E+00 
 5.167913E-08 
 1.800000E+00 
 1.800000E+00 
 7.781010E-07 
 1.800000E+00 
 5.608675E-08 
 1.800000E+00 
 1.800000E+00 
 1.800000E+00 
 5.959219E-08 
 1.800000E+00 
 1.800000E+00 
-9.813355E-07 
 1.800000E+00 
 1.800000E+00 
 3.184650E-06 
 1.800000E+00 
 1.800008E+00 
 1.278402E-06 
 1.800000E+00 
 1.800000E+00 
 6.997535E-10 
 1.799998E+00 
 1.800003E+00 
 6.086039E-07 
 1.800000E+00 
 2.873542E-07 
 1.800000E+00 
 1.800000E+00 
 1.800000E+00 
 1.800000E+00 
 1.528151E-08 
 1.700635E-08 
 1.800000E+00 
 1.800000E+00 
 1.800000E+00 
-1.865265E-08 
 1.800007E+00 
-1.112008E-06 
 1.800000E+00 
 1.800000E+00 
 1.800000E+00 
-9.142645E-06 
 1.800000E+00 
 1.647405E-07 
 1.800000E+00 
 1.800000E+00 
 4.910385E-08 
 1.800000E+00 
 1.800000E+00 
 1.800007E+00 
 3.677182E-06 
-6.795673E-09 
 1.800000E+00 
 1.800000E+00 
 1.800000E+00 
 1.187259E-05 
 1.800000E+00 
 1.026054E-05 
 1.800000E+00 
 1.800000E+00 
 1.800000E+00 
-4.568166E-07 
-4.431773E-07 
 1.800000E+00 
 1.800000E+00 
 1.800000E+00 
 6.234007E-09 
 1.800000E+00 
 7.492950E-09 
 1.800000E+00 
 1.800000E+00 
 1.800000E+00 
-2.443323E-09 
 2.114675E-10 
 1.800000E+00 
 1.800000E+00 
 1.800000E+00 
 3.813851E-07 
 1.800000E+00 
-8.502021E-08 
 1.799999E+00 
 1.800000E+00 
 1.258980E-08 
 1.799999E+00 
 3.796520E-07 
 1.800000E+00 
 1.800000E+00 
 7.997678E-09 
 1.800000E+00 
 1.800006E+00 
-2.439127E-06 
 1.800000E+00 
 5.098117E-09 
 1.800000E+00 
 1.800000E+00 
 3.900821E-07 
 1.800000E+00 
-2.510108E-07 
 1.800000E+00 
 1.800000E+00 
-1.367322E-06 
 1.800000E+00 
 1.800000E+00 
 8.969706E-07 
 1.800000E+00 
 5.838064E-07 
 1.800000E+00 
 1.800000E+00 
-1.476859E-08 
-3.633743E-09 
 1.800000E+00 
 1.800000E+00 
 1.800000E+00 
-1.971372E-06 
 1.800000E+00 
 1.800000E+00 
-1.167749E-07 
-1.021697E-07 
 1.800000E+00 
 1.800000E+00 
 9.309914E-07 
 1.800000E+00 
 1.799999E+00 
-4.644813E-07 
-1.111482E-07 
 1.800000E+00 
 1.800000E+00 
 1.800000E+00 
-1.041529E-05 
 1.800000E+00 
-2.621533E-07 
 1.800000E+00 
-4.658234E-09 
 1.800001E+00 
 1.800000E+00 
 3.461658E-08 
 1.590351E-08 
 1.800000E+00 
 1.800000E+00 
 1.800000E+00 
 9.374829E-08 
 1.800000E+00 
 4.829876E-08 
 1.800001E+00 
 2.044195E-06 
 1.800000E+00 
 4.255265E-06 
 1.800000E+00 
 1.800000E+00 
-4.436731E-08 
 1.800000E+00 
 6.439472E-09 
 1.800000E+00 
 1.800000E+00 
 1.975594E-06 
 1.800000E+00 
-1.792491E-07 
 9.515104E-08 
 1.800000E+00 
 1.800000E+00 
 1.799998E+00 
 1.323998E-07 
 1.799998E+00 
-3.925062E-08 
 1.800006E+00 
 9.936759E-07 
 1.800000E+00 
-9.042797E-07 
 1.800007E+00 
-6.816514E-07 
 1.800000E+00 
 1.800000E+00 
 7.343335E-08 
 1.800000E+00 
-1.953169E-06 
 1.800000E+00 
 1.156609E-08 
 1.800000E+00 
 1.800000E+00 
 1.431248E-05 
 1.426695E-05 
 1.800000E+00 
 1.800000E+00 
 1.295533E-08 
 1.800000E+00 
 2.486939E-08 
 1.800000E+00 
-6.129123E-08 
 1.800000E+00 
 1.800000E+00 
-1.392540E-08 
 5.278024E-09 
 1.800000E+00 
 1.800000E+00 
 3.366113E-07 
 1.800000E+00 
 5.940655E-09 
 1.800000E+00 
 7.641775E-09 
 1.800000E+00 
 2.159253E-07 
 1.800000E+00 
 1.800000E+00 
-1.125432E-07 
 1.343630E-08 
 1.800000E+00 
 1.800000E+00 
 1.278113E-08 
 1.242315E-09 
 1.800000E+00 
 1.800001E+00 
 6.228419E-09 
 1.800000E+00 
 1.279309E-07 
 1.800000E+00 
 6.002791E-09 
 1.800005E+00 
-5.088357E-09 
 1.800000E+00 
 1.800000E+00 
 1.203112E-05 
 1.191872E-05 
 1.800000E+00 
-6.109522E-06 
 1.800000E+00 
 2.847736E-09 
 1.800007E+00 
 1.800000E+00 
 8.567785E-09 
 8.744089E-09 
 1.800000E+00 
 1.800001E+00 
 1.494353E-06 
-8.302350E-08 
 1.800000E+00 
 1.800000E+00 
 5.055121E-07 
 1.800000E+00 
 5.600848E-06 
 5.588628E-06 
 1.800000E+00 
 1.800000E+00 
 2.847148E-08 
 2.831468E-08 
 1.800000E+00 
 1.800000E+00 
-9.885314E-08 
 1.800000E+00 
-8.014663E-08 
-8.155879E-08 
 1.800000E+00 
 1.800000E+00 
 1.549896E-08 
 1.568459E-08 
 1.800000E+00 
 1.800000E+00 
 1.104206E-08 
 1.025203E-08 
 1.800000E+00 
 1.799999E+00 
-2.870235E-09 
-2.822133E-09 
 1.800000E+00 
 1.800000E+00 
 3.039980E-06 
 2.996144E-06 
 1.800000E+00 
 2.842388E-07 
 1.800000E+00 
 3.181113E-08 
 1.800000E+00 
 5.231074E-08 
 1.800000E+00 
-2.073926E-07 
 1.800000E+00 
-1.225326E-07 
 1.800000E+00 
-1.293115E-06 
 8.731799E-09 
 1.800000E+00 
 1.799999E+00 
 5.224801E-09 
 5.243250E-09 
 1.800000E+00 
 1.800000E+00 
 1.260341E-06 
 6.520885E-09 
 1.800000E+00 
 5.215829E-09 
 1.800000E+00 
 1.188149E-07 
 1.800000E+00 
-1.948442E-06 
-1.862505E-06 
 1.800000E+00 
 1.800000E+00 
 1.666036E-08 
 1.675719E-08 
 1.800000E+00 
 1.800000E+00 
 2.973754E-08 
 3.755827E-08 
 3.755824E-08 
 1.800000E+00 
 1.800000E+00 
 8.796840E-06 
 1.800000E+00 
-1.458540E-06 
-2.890199E-07 
 1.800000E+00 
-7.960158E-07 
 1.800000E+00 
-6.064882E-07 
 1.800006E+00 
 2.085716E-05 
 1.800000E+00 
 2.110141E-06 
 2.520769E-06 
 1.800000E+00 
 9.411281E-08 
 1.800001E+00 
-1.404352E-05 
 1.800000E+00 
 5.325264E-07 
 1.800000E+00 
-8.885661E-07 
-1.050794E-07 
 1.800000E+00 
-1.457648E-07 
 1.800000E+00 
 2.200142E-07 
 1.800000E+00 
-1.256556E-07 
 7.211685E-09 
 1.800000E+00 
 6.229761E-06 
 1.800000E+00 
 1.733863E-08 
 1.800000E+00 
-1.952588E-06 
-1.957313E-06 
 1.800000E+00 
 6.314019E-09 
 1.800000E+00 
 2.272096E-07 
 1.800000E+00 
-1.092811E-06 
-8.772534E-07 
 1.800000E+00 
 1.236792E-08 
 1.800000E+00 
 6.599885E-07 
 7.532661E-07 
 1.800000E+00 
 1.800003E+00 
-8.340956E-07 
 8.669585E-09 
 8.669624E-09 
 1.800000E+00 
-7.280346E-07 
 1.800000E+00 
 2.060842E-06 
 1.800000E+00 
-1.255054E-06 
-9.773946E-07 
 1.800000E+00 
-2.094851E-06 
 1.800002E+00 
 3.925295E-07 
 1.800000E+00 
 4.352231E-06 
-2.415600E-08 
-2.415607E-08 
 1.800000E+00 
 1.800000E+00 
 1.213112E-07 
 1.510040E-09 
 1.800000E+00 
 1.743525E-07 
 5.113675E-08 
 1.800000E+00 
-4.052227E-06 
 1.800000E+00 
-4.472501E-08 
 1.982571E-08 
 1.800000E+00 
-1.908776E-05 
 1.800000E+00 
 2.985939E-09 
 6.080550E-09 
 1.800000E+00 
 4.877980E-06 
 1.800000E+00 
 3.115494E-07 
 3.800378E-07 
 1.800000E+00 
 1.113324E-08 
 8.442762E-09 
 1.800000E+00 
 3.454391E-08 
 1.800007E+00 
 5.449278E-07 
 9.487858E-07 
 1.800000E+00 
 3.041234E-06 
 1.800000E+00 
-3.102962E-06 
-3.120400E-06 
-3.120400E-06 
 1.800000E+00 
 1.800000E+00 
 8.517640E-08 
 2.148459E-08 
 2.148342E-08 
 1.800000E+00 
-1.482312E-08 
 1.799999E+00 
-7.154567E-06 
-7.155247E-06 
 1.800000E+00 
 3.003815E-06 
 1.800000E+00 
 6.461838E-07 
 1.025129E-08 
 1.025130E-08 
 1.800000E+00 
 8.977337E-09 
 1.800000E+00 
 1.783377E-06 
 2.431811E-09 
 1.800000E+00 
-1.969832E-05 
-1.969738E-05 
 1.800000E+00 
-2.391019E-07 
 1.800000E+00 
 5.313551E-06 
-1.468278E-05 
-1.468278E-05 
 1.800000E+00 
 1.800000E+00 
-1.343245E-07 
-1.234815E-07 
-1.234814E-07 
-1.234815E-07 
 1.800000E+00 
 1.800000E+00 
-6.129778E-05 
 3.834529E-07 
 3.834530E-07 
 1.800001E+00 
-9.282273E-09 
-9.593770E-09 
 1.800000E+00 
 2.794573E-06 
 2.794636E-06 
 1.800000E+00 
 4.741572E-08 
 1.800000E+00 
 6.835760E-07 
 5.664694E-09 
 5.664920E-09 
 1.800000E+00 
 1.019688E-06 
 1.800000E+00 
-3.309884E-05 
 6.742242E-09 
 6.742582E-09 
 1.800000E+00 
 4.147202E-06 
 1.800000E+00 
 2.562209E-08 
 6.374129E-09 
 6.373866E-09 
 1.800000E+00 
 7.724778E-07 
 1.800000E+00 
 1.168776E-07 
 1.355534E-08 
 1.355538E-08 
 1.800002E+00 
 3.671901E-07 
-4.019481E-08 
 1.800000E+00 
-5.033101E-08 
 1.800006E+00 
 1.912409E-08 
-2.481089E-09 
-2.480953E-09 
-2.481049E-09 
 1.800000E+00 
 1.800000E+00 
-9.268456E-06 
-9.333327E-06 
-9.333327E-06 
-9.333322E-06 
 1.800003E+00 
 8.228733E-08 
 6.888985E-08 
 1.800000E+00 
 6.398830E-07 
 1.800000E+00 
 5.624720E-07 
 5.285456E-07 
 5.285459E-07 
 5.285455E-07 
 1.800000E+00 
 1.800000E+00 
 1.633064E-07 
 1.782709E-07 
 1.782707E-07 
 1.782709E-07 
 1.800000E+00 
 7.219529E-09 
 3.164301E-09 
 1.800000E+00 
-9.427289E-07 
 8.392340E-09 
 1.800002E+00 
 3.671496E-06 
 3.872500E-06 
 3.872498E-06 
 1.800000E+00 
 2.616221E-08 
 1.288638E-08 
 1.800000E+00 
-2.550017E-08 
-3.144177E-08 
 1.800000E+00 
-1.277299E-06 
 8.369322E-09 
 8.370981E-09 
 1.800000E+00 
-3.887444E-07 
 6.681041E-09 
 1.800000E+00 
 9.999521E-06 
 1.950447E-05 
 1.950447E-05 
 1.800000E+00 
 2.227666E-07 
 2.227827E-07 
 1.800000E+00 
 5.732202E-07 
 5.680605E-07 
 5.680592E-07 
 1.800000E+00 
-2.864874E-07 
-2.507292E-07 
-2.507299E-07 
 1.800000E+00 
 1.644916E-08 
 1.800000E+00 
-7.709868E-06 
 2.288041E-06 
 2.288041E-06 
 2.288041E-06 
 2.288040E-06 
 1.800000E+00 
 1.800000E+00 
 1.970202E-05 
 9.088596E-09 
 9.080575E-09 
 9.080389E-09 
 9.080533E-09 
 1.800000E+00 
-2.389245E-08 
 1.800002E+00 
 3.262353E-06 
-4.373479E-09 
-4.373479E-09 
-4.349611E-09 
 1.800000E+00 
 5.722568E-09 
 2.040437E-09 
 1.800000E+00 
 1.534775E-05 
 1.536668E-05 
 1.536668E-05 
 1.536668E-05 
 1.799997E+00 
-3.672789E-08 
 1.800001E+00 
 1.045685E-05 
 1.035370E-05 
 1.035370E-05 
 1.035370E-05 
 1.035370E-05 
 1.800000E+00 
 2.379288E-08 
 1.800000E+00 
 1.515281E-07 
-2.351080E-08 
-2.351215E-08 
-2.351079E-08 
-2.351100E-08 
 1.800000E+00 
-1.576205E-08 
 1.800001E+00 
-1.218759E-06 
-1.811588E-06 
-1.811591E-06 
-1.811591E-06 
-1.811592E-06 
 1.800006E+00 
 8.700535E-09 
 1.800000E+00 
 2.480470E-06 
 2.402981E-06 
 2.402981E-06 
 2.402981E-06 
 2.402981E-06 
 1.800000E+00 
-7.439933E-06 
-7.849008E-06 
 1.800007E+00 
 1.497960E-06 
 6.583230E-09 
 6.583232E-09 
 6.583206E-09 
 1.800000E+00 
 5.463764E-09 
 4.838390E-09 
 4.863373E-09 
 1.800000E+00 
-4.573397E-06 
 9.915229E-08 
 9.915231E-08 
 1.800000E+00 
-1.387956E-06 
-1.810928E-05 
-1.810928E-05 
-1.810928E-05 
 1.800000E+00 
 9.378244E-08 
 9.390753E-08 
 9.390766E-08 
 1.800000E+00 
 3.868746E-06 
 3.866713E-06 
 3.866713E-06 
 1.800000E+00 
 5.909329E-10 
 5.195515E-09 
 5.195527E-09 
 5.195520E-09 
 5.195461E-09 
 1.800000E+00 
-2.442535E-05 
-2.437952E-05 
 1.800000E+00 
 1.265628E-08 
 1.216890E-08 
 1.216940E-08 
 1.217028E-08 
 1.800000E+00 
 1.837177E-07 
 1.798537E-07 
 1.798537E-07 
 1.798573E-07 
 1.798536E-07 
 1.800000E+00 
-5.029786E-08 
 1.800000E+00 
 1.077325E-06 
 6.486304E-09 
 6.484620E-09 
 6.482872E-09 
 6.484044E-09 
 6.486962E-09 
 6.484594E-09 
 1.799999E+00 
 6.912349E-09 
 1.800000E+00 
-2.054200E-06 
 8.610496E-09 
 8.609973E-09 
 8.609805E-09 
 8.609758E-09 
 8.609831E-09 
 1.800000E+00 
-1.837326E-07 
 8.535931E-09 
 8.535931E-09 
 1.800000E+00 
-1.467870E-05 
-1.468126E-05 
-1.468126E-05 
-1.468126E-05 
 1.800007E+00 
-3.540773E-08 
-4.101995E-08 
-4.102069E-08 
-4.101999E-08 
-4.101989E-08 
 1.800000E+00 
 1.156037E-07 
 1.231064E-08 
 1.800000E+00 
-2.231653E-05 
-2.224849E-05 
-2.224849E-05 
-2.224849E-05 
-2.224849E-05 
-2.224849E-05 
-2.224849E-05 
 1.800000E+00 
-7.441648E-10 
-6.929452E-10 
 1.799999E+00 
 2.713358E-08 
 1.118841E-09 
 1.118886E-09 
 1.118769E-09 
 1.118896E-09 
 1.118827E-09 
 1.800000E+00 
-4.996515E-06 
 1.585658E-05 
 1.585659E-05 
 1.585658E-05 
 1.800000E+00 
-5.844574E-06 
-5.802494E-06 
-5.802491E-06 
-5.802491E-06 
 1.800000E+00 
 5.719140E-06 
-7.045845E-07 
-7.045845E-07 
-7.045898E-07 
-7.045845E-07 
 1.800000E+00 
 7.178489E-06 
-1.404402E-06 
-1.404402E-06 
-1.404402E-06 
-1.404402E-06 
 1.800000E+00 
 2.699195E-06 
 2.695153E-06 
 2.695154E-06 
 2.695153E-06 
 1.800000E+00 
-5.400651E-07 
-1.030286E-06 
-1.030287E-06 
-1.030287E-06 
-1.030287E-06 
-1.030287E-06 
 1.800000E+00 
 5.424088E-06 
 5.441887E-06 
 5.441887E-06 
 1.800000E+00 
 7.215498E-06 
 7.209045E-06 
 7.209043E-06 
 7.209045E-06 
 7.209045E-06 
 7.209045E-06 
 7.209045E-06 
 1.800007E+00 
 1.472930E-05 
 1.488367E-05 
 1.488367E-05 
 1.488367E-05 
 1.800000E+00 
 1.134968E-07 
 8.737118E-08 
 8.737121E-08 
 8.737119E-08 
 8.737109E-08 
 8.737037E-08 
 1.800000E+00 
 1.160258E-08 
 1.120886E-08 
 1.120881E-08 
 1.120880E-08 
 1.120891E-08 
 1.800000E+00 
-1.036386E-06 
-1.045969E-07 
-1.045969E-07 
-1.045968E-07 
-1.045969E-07 
 1.800000E+00 
-4.431756E-08 
 1.057049E-08 
 1.057062E-08 
 1.057052E-08 
 1.057053E-08 
 1.057046E-08 
 1.800000E+00 
 2.348464E-08 
 2.402402E-08 
 2.402404E-08 
 2.402402E-08 
 2.402462E-08 
 2.402412E-08 
 1.800000E+00 
-6.281345E-07 
-4.977240E-09 
-4.975336E-09 
-4.977209E-09 
-4.977220E-09 
 1.800000E+00 
-1.064123E-06 
 9.107263E-09 
 9.107272E-09 
 9.107327E-09 
 9.106258E-09 
 9.107336E-09 
 1.800000E+00 
 1.197284E-07 
 6.649689E-09 
 6.649742E-09 
 6.649665E-09 
 6.644943E-09 
 6.649726E-09 
 6.649518E-09 
 1.800000E+00 
 1.213891E-07 
 1.321812E-07 
 1.321813E-07 
 1.321813E-07 
 1.321879E-07 
 1.800008E+00 
-7.550716E-08 
-6.916897E-08 
-6.916885E-08 
-6.916885E-08 
-6.916921E-08 
-6.916888E-08 
-6.916885E-08 
 1.799996E+00 
-1.763307E-07 
 1.323103E-08 
 1.322984E-08 
 1.323104E-08 
 1.323105E-08 
 1.800000E+00 
 3.300835E-07 
 1.253598E-07 
 1.253574E-07 
 1.253598E-07 
 1.253598E-07 
 1.253598E-07 
 1.253598E-07 
 1.253598E-07 
 1.800000E+00 
 5.687899E-06 
-7.632419E-08 
-7.632420E-08 
-7.632416E-08 
-7.632423E-08 
-7.632042E-08 
 1.800000E+00 
-4.935981E-08 
 6.120840E-09 
 6.120496E-09 
 6.120514E-09 
 6.120518E-09 
 6.120522E-09 
 6.120607E-09 
 1.800000E+00 
 2.168931E-06 
-1.843408E-05 
-1.843408E-05 
-1.843408E-05 
-1.843408E-05 
-1.843408E-05 
-1.843408E-05 
 1.800000E+00 
-5.528746E-07 
-5.548875E-07 
-5.548875E-07 
-5.548874E-07 
-5.548874E-07 
-5.548874E-07 
 1.800000E+00 
-2.730474E-05 
-2.741914E-05 
-2.741914E-05 
-2.741914E-05 
-2.741914E-05 
-2.741914E-05 
-2.741914E-05 
-2.741914E-05 
-2.741914E-05 
 1.800000E+00 
-2.125131E-05 
-2.124477E-05 
-2.124477E-05 
-2.124477E-05 
-2.124477E-05 
-2.124477E-05 
 1.800007E+00 
 4.190650E-07 
 4.189982E-07 
 4.189985E-07 
 4.189984E-07 
 4.189931E-07 
 4.190031E-07 
 4.189986E-07 
 4.189968E-07 
 1.800000E+00 
 1.217671E-04 
-1.549967E-08 
-1.550092E-08 
-1.550039E-08 
-1.550092E-08 
-1.550981E-08 
-1.550099E-08 
 1.800000E+00 
-3.221613E-07 
 7.338008E-09 
 7.336940E-09 
 7.337056E-09 
 7.337040E-09 
 7.337033E-09 
 7.337067E-09 
 7.337061E-09 
 7.337041E-09 
 1.800000E+00 
-5.929017E-09 
-5.384642E-09 
-5.384648E-09 
-5.384789E-09 
-5.384466E-09 
-5.393011E-09 
-5.384645E-09 
 1.800000E+00 
 9.945437E-06 
 1.003238E-05 
 1.003238E-05 
 1.003238E-05 
 1.003238E-05 
 1.003238E-05 
 1.003238E-05 
 1.003238E-05 
 1.800000E+00 
 8.037622E-09 
 5.529182E-09 
 5.524904E-09 
 5.526639E-09 
 5.528872E-09 
 5.528931E-09 
 5.531547E-09 
 5.528943E-09 
 5.528499E-09 
 1.800000E+00 
-1.393771E-06 
 9.124213E-09 
 9.124330E-09 
 9.124380E-09 
 9.124342E-09 
 9.123136E-09 
 9.126390E-09 
 1.800000E+00 
 1.245272E-06 
 5.935493E-09 
 5.934925E-09 
 5.936529E-09 
 5.935485E-09 
 5.935489E-09 
 5.934774E-09 
 5.934786E-09 
 5.935517E-09 
 5.935930E-09 
 1.800000E+00 
-4.209819E-08 
-4.455809E-08 
-4.455895E-08 
-4.455801E-08 
-4.455800E-08 
-4.455471E-08 
 1.799999E+00 
-2.465181E-05 
-2.477689E-05 
-2.477689E-05 
-2.477689E-05 
-2.477689E-05 
-2.477689E-05 
-2.477689E-05 
-2.477689E-05 
-2.477689E-05 
-2.477689E-05 
-2.477689E-05 
-2.477689E-05 
 1.800000E+00 
-2.036597E-06 
-2.101877E-06 
-2.101885E-06 
-2.101877E-06 
-2.101878E-06 
 1.800000E+00 
-1.525596E-08 
-2.160573E-08 
-2.160027E-08 
-2.160163E-08 
-2.159797E-08 
-2.160064E-08 
-2.160027E-08 
-2.160053E-08 
-2.160032E-08 
-2.160073E-08 
-2.160031E-08 
-2.160029E-08 
-2.160026E-08 
 1.800000E+00 
 8.329368E-07 
 8.327477E-07 
 8.327477E-07 
 8.327466E-07 
 8.327475E-07 
 1.800000E+00 
 4.499312E-09 
 6.530816E-09 
 6.531139E-09 
 6.531156E-09 
 6.533241E-09 
 6.523806E-09 
 6.532284E-09 
 6.531174E-09 
 6.531160E-09 
 6.531322E-09 
 6.530729E-09 
 6.531180E-09 
 1.800000E+00 
 3.437238E-07 
 1.256496E-09 
 1.256491E-09 
 1.255872E-09 
 1.256355E-09 
 1.255633E-09 
 1.253863E-09 
 1.800000E+00 
 6.375136E-08 
 1.080365E-08 
 1.080363E-08 
 1.080377E-08 
 1.080370E-08 
 1.080239E-08 
 1.080363E-08 
 1.080352E-08 
 1.080364E-08 
 1.078479E-08 
 1.080368E-08 
 1.800000E+00 
-1.246092E-05 
-1.291233E-05 
-1.291233E-05 
-1.291233E-05 
-1.291233E-05 
-1.291233E-05 
-1.291233E-05 
 1.800000E+00 
-1.754287E-05 
-2.095672E-05 
-2.095672E-05 
-2.095672E-05 
-2.095672E-05 
-2.095672E-05 
-2.095672E-05 
-2.095672E-05 
-2.095672E-05 
-2.095672E-05 
-2.095672E-05 
 1.800000E+00 
 2.593783E-07 
 9.063149E-09 
 9.063144E-09 
 9.063154E-09 
 9.063372E-09 
 9.063164E-09 
 9.062966E-09 
 1.800000E+00 
 1.255586E-06 
 3.138283E-07 
 3.138284E-07 
 3.138284E-07 
 3.138286E-07 
 3.138281E-07 
 3.138284E-07 
 3.138309E-07 
 3.138283E-07 
 3.138612E-07 
 3.138284E-07 
 1.800000E+00 
-3.724277E-07 
-3.586088E-07 
-3.586094E-07 
-3.586091E-07 
-3.586092E-07 
-3.586092E-07 
-3.586010E-07 
-3.586103E-07 
 1.800000E+00 
 3.742044E-07 
 1.469499E-07 
 1.469500E-07 
 1.469504E-07 
 1.469500E-07 
 1.469499E-07 
 1.469500E-07 
 1.469500E-07 
 1.469425E-07 
 1.469498E-07 
 1.800007E+00 
 2.327372E-06 
-6.918635E-09 
-6.918705E-09 
-6.918664E-09 
-6.918627E-09 
-6.919286E-09 
-6.918926E-09 
 1.800000E+00 
-7.012033E-06 
-7.014138E-06 
-7.014152E-06 
-7.014138E-06 
-7.014138E-06 
-7.014138E-06 
-7.014138E-06 
-7.014144E-06 
-7.014143E-06 
-7.014143E-06 
-7.014231E-06 
 1.800000E+00 
 5.899635E-09 
 5.891242E-09 
 5.891260E-09 
 5.891719E-09 
 5.878546E-09 
 5.891237E-09 
 5.891108E-09 
 1.799998E+00 
 1.317878E-07 
 1.869555E-09 
 1.874029E-09 
 1.874032E-09 
 1.873044E-09 
 1.875638E-09 
 1.874034E-09 
 1.873918E-09 
 1.873991E-09 
 1.874032E-09 
 1.800000E+00 
 2.924684E-07 
 2.941614E-07 
 2.941622E-07 
 2.941622E-07 
 2.941645E-07 
 2.941622E-07 
 2.941622E-07 
 2.941617E-07 
 1.800000E+00 
 1.131143E-06 
 1.132180E-06 
 1.132180E-06 
 1.132180E-06 
 1.132180E-06 
 1.132180E-06 
 1.132180E-06 
 1.132180E-06 
 1.132182E-06 
 1.800007E+00 
-7.737497E-09 
-1.372554E-07 
-1.372555E-07 
-1.372555E-07 
-1.372553E-07 
-1.372554E-07 
-1.372552E-07 
 1.800000E+00 
-2.701384E-06 
-2.925865E-06 
-2.925863E-06 
-2.925865E-06 
-2.925865E-06 
-2.925863E-06 
-2.925865E-06 
-2.925865E-06 
-2.925865E-06 
-2.925868E-06 
 1.800000E+00 
 1.643100E-06 
 2.346911E-06 
 2.346910E-06 
 2.346911E-06 
 2.346911E-06 
 2.346954E-06 
 1.800000E+00 
-5.856568E-06 
-5.855491E-06 
-5.855491E-06 
-5.855490E-06 
-5.855491E-06 
-5.855491E-06 
-5.855491E-06 
-5.855493E-06 
-5.855491E-06 
 1.799998E+00 
-7.423854E-07 
-7.764021E-07 
-7.764025E-07 
-7.764023E-07 
-7.764025E-07 
-7.764024E-07 
-7.764019E-07 
-7.764025E-07 
 1.800000E+00 
 9.789666E-08 
 5.075159E-09 
 5.075076E-09 
 5.075322E-09 
 5.075018E-09 
 5.075280E-09 
 1.800000E+00 
-8.171474E-07 
-8.171769E-07 
-8.171825E-07 
-8.171810E-07 
-8.171818E-07 
-8.171826E-07 
-8.171817E-07 
-8.171819E-07 
-8.171817E-07 
-8.171817E-07 
 1.799999E+00 
 2.748704E-08 
 1.322899E-08 
 1.322900E-08 
 1.322894E-08 
 1.800000E+00 
-1.953477E-06 
-2.742956E-06 
-2.742955E-06 
-2.742955E-06 
-2.742955E-06 
-2.742956E-06 
-2.742955E-06 
-2.742956E-06 
-2.742955E-06 
-2.742956E-06 
-2.742956E-06 
 1.800000E+00 
 5.720336E-08 
 5.568996E-08 
 5.568993E-08 
 1.800000E+00 
 7.484396E-09 
 7.459965E-09 
 7.459296E-09 
 7.459205E-09 
 7.459291E-09 
 7.459385E-09 
 7.459288E-09 
 7.459276E-09 
 7.459773E-09 
 7.459474E-09 
 1.800000E+00 
-1.289223E-07 
-1.426859E-07 
-1.426879E-07 
-1.426862E-07 
-1.426871E-07 
-1.426863E-07 
 1.800000E+00 
 1.134527E-07 
 1.394659E-07 
 1.394652E-07 
 1.394652E-07 
 1.394651E-07 
 1.800008E+00 
-1.262470E-06 
-9.171809E-07 
-9.171808E-07 
-9.171808E-07 
-9.171737E-07 
-9.171812E-07 
-9.171809E-07 
-9.171812E-07 
-9.171809E-07 
 1.800000E+00 
 4.213542E-09 
 6.391662E-09 
 6.392233E-09 
 6.392659E-09 
 1.800000E+00 
-4.595807E-06 
-4.596095E-06 
-4.596095E-06 
-4.596095E-06 
-4.596095E-06 
-4.596095E-06 
-4.596095E-06 
-4.596095E-06 
-4.596169E-06 
 1.799999E+00 
 1.093009E-07 
-1.886978E-07 
 1.800000E+00 
 8.062933E-07 
 5.977468E-09 
 5.977468E-09 
 5.977505E-09 
 5.977639E-09 
 5.980458E-09 
 5.977463E-09 
 5.978476E-09 
 5.977467E-09 
 5.977468E-09 
 5.980779E-09 
 1.799999E+00 
-1.466486E-07 
 1.800000E+00 
 6.342902E-06 
 6.258099E-06 
 6.258099E-06 
 6.258091E-06 
 6.258099E-06 
 6.258143E-06 
 6.258099E-06 
 6.258099E-06 
 6.258099E-06 
 6.258099E-06 
 1.800000E+00 
 7.012035E-08 
-8.482448E-08 
-8.482285E-08 
 1.800008E+00 
-8.390969E-07 
-7.752180E-07 
-7.752190E-07 
-7.752185E-07 
-7.752194E-07 
-7.752164E-07 
 1.800000E+00 
-1.711220E-06 
-1.557125E-06 
-1.557125E-06 
-1.557125E-06 
-1.557126E-06 
-1.557125E-06 
 1.800006E+00 
 3.703155E-07 
 8.009537E-08 
 8.009536E-08 
 8.009528E-08 
 8.009506E-08 
 1.800000E+00 
-2.002852E-07 
 4.015271E-08 
 4.015272E-08 
 4.015267E-08 
 4.015271E-08 
 1.800000E+00 
 1.388280E-07 
-1.740818E-10 
-1.737872E-10 
-1.833216E-10 
-1.733796E-10 
-1.760623E-10 
 1.800001E+00 
-1.782881E-06 
-1.809123E-06 
-1.809123E-06 
 1.800000E+00 
 7.414039E-07 
 7.212285E-07 
 7.212287E-07 
 7.212289E-07 
 7.212286E-07 
 7.212285E-07 
 7.212286E-07 
 7.212175E-07 
 1.800000E+00 
 7.556491E-09 
 1.800000E+00 
-2.756196E-09 
 2.359527E-08 
 2.359524E-08 
 2.359525E-08 
 2.359524E-08 
 2.359510E-08 
 2.359520E-08 
 2.359575E-08 
 2.359574E-08 
 1.800000E+00 
 1.800000E+00 
 3.634391E-09 
 8.856151E-09 
 8.855508E-09 
 8.855495E-09 
 8.855520E-09 
 8.856645E-09 
 8.855454E-09 
 8.855528E-09 
 8.855609E-09 
 1.800000E+00 
 5.577749E-07 
 6.994219E-08 
 6.994184E-08 
 1.800000E+00 
-2.216169E-06 
-2.140152E-06 
-2.140152E-06 
-2.140152E-06 
 1.800000E+00 
-8.074443E-08 
-5.897126E-08 
-5.897192E-08 
-5.897183E-08 
 1.800000E+00 
-8.714854E-06 
-8.706155E-06 
-8.706159E-06 
-8.706155E-06 
-8.706155E-06 
-8.706155E-06 
 1.800000E+00 
-1.125720E-06 
 1.800000E+00 
 3.827677E-08 
 9.719277E-09 
 9.719276E-09 
 9.719199E-09 
 9.719285E-09 
 9.719265E-09 
 9.719196E-09 
 9.719618E-09 
 1.800000E+00 
 2.430294E-07 
 1.800007E+00 
 5.742676E-08 
 5.573880E-08 
 5.574012E-08 
 5.574013E-08 
 5.574003E-08 
 5.574196E-08 
 5.574011E-08 
 1.800000E+00 
 1.800001E+00 
 8.165426E-07 
 2.229814E-07 
 2.229724E-07 
 2.229690E-07 
 2.229692E-07 
 2.229686E-07 
 2.229691E-07 
 2.229691E-07 
 1.800000E+00 
 1.745951E-07 
 1.800000E+00 
 1.275648E-06 
 5.989933E-09 
 5.989865E-09 
 5.989683E-09 
 5.990599E-09 
 5.989967E-09 
 1.800000E+00 
 8.748160E-09 
 1.800000E+00 
-5.717340E-07 
-5.279731E-07 
-5.279730E-07 
-5.279726E-07 
-5.279732E-07 
-5.279731E-07 
 1.800000E+00 
 3.944795E-06 
 3.859905E-06 
 1.800000E+00 
 3.481732E-06 
-6.860285E-08 
-6.860242E-08 
-6.860357E-08 
-6.860241E-08 
 1.800000E+00 
-6.347401E-06 
-5.734434E-06 
-5.734435E-06 
 1.800007E+00 
 2.128535E-08 
 5.711471E-09 
 5.714473E-09 
 1.800000E+00 
-3.655059E-06 
 6.614662E-08 
 6.614915E-08 
 6.614718E-08 
 1.800000E+00 
-2.816017E-07 
 3.420930E-08 
 1.800000E+00 
-8.772403E-08 
-5.064639E-08 
-5.068783E-08 
-5.064637E-08 
-5.064634E-08 
 1.800000E+00 
 9.173907E-06 
 8.704393E-06 
 8.704392E-06 
 1.799999E+00 
 5.591542E-08 
 5.594649E-08 
 1.800000E+00 
-8.570003E-08 
 6.603428E-09 
 6.603266E-09 
 6.603255E-09 
 6.603162E-09 
 1.800000E+00 
 7.997095E-06 
 1.800000E+00 
-3.904456E-08 
-4.249790E-08 
-4.251985E-08 
-4.249821E-08 
-4.249677E-08 
 1.800000E+00 
-6.465804E-06 
-6.478818E-06 
 1.800001E+00 
 4.233193E-06 
-1.840942E-05 
-1.840942E-05 
 1.800000E+00 
-1.897305E-05 
 1.940697E-05 
 1.940697E-05 
 1.940697E-05 
 1.800000E+00 
-1.360298E-08 
 1.800000E+00 
 1.209610E-05 
 1.194120E-05 
 1.194120E-05 
 1.194120E-05 
 1.194120E-05 
 1.800000E+00 
 1.915150E-07 
 3.194162E-07 
 1.799999E+00 
-1.455442E-06 
 1.113644E-08 
 1.800000E+00 
 3.321374E-06 
 3.214125E-06 
 3.214125E-06 
 3.214126E-06 
 1.800000E+00 
 8.704902E-08 
 1.289194E-07 
 1.289185E-07 
 1.800000E+00 
 1.232314E-07 
 1.800000E+00 
 4.695478E-07 
 4.695836E-07 
 4.695814E-07 
 4.695779E-07 
 4.695777E-07 
 1.800000E+00 
 1.042865E-08 
 1.800000E+00 
 2.973517E-09 
 3.071493E-09 
 3.071501E-09 
 1.800000E+00 
-7.876153E-08 
-6.940784E-09 
-6.940283E-09 
 1.800000E+00 
 1.282747E-08 
 1.283965E-08 
 1.800000E+00 
-2.572398E-07 
 5.552073E-09 
 5.552154E-09 
 1.800000E+00 
-9.288980E-08 
 8.658967E-09 
 1.800000E+00 
-2.720699E-06 
-2.720910E-06 
-2.720910E-06 
 1.800000E+00 
-4.147495E-06 
 1.499230E-08 
 1.499235E-08 
 1.800000E+00 
 7.553370E-07 
 1.800000E+00 
-2.088102E-06 
-2.430814E-06 
-2.430814E-06 
-2.430814E-06 
 1.800000E+00 
 2.959080E-06 
 1.800000E+00 
 1.327130E-08 
 1.791799E-08 
 1.791801E-08 
 1.800000E+00 
 4.247113E-08 
-3.974789E-08 
 1.800000E+00 
 6.333597E-08 
-1.712661E-08 
-1.712675E-08 
 1.800000E+00 
 3.221149E-08 
 1.800000E+00 
 4.781181E-07 
 4.874967E-07 
 4.874966E-07 
 4.874939E-07 
 1.800000E+00 
-1.170700E-05 
 1.800000E+00 
 5.829266E-08 
 1.011957E-08 
 1.800000E+00 
 2.802038E-07 
 2.805780E-07 
 2.805780E-07 
 1.800000E+00 
-9.952448E-06 
-9.980149E-06 
 1.800000E+00 
 9.578341E-07 
 1.368255E-06 
 1.800004E+00 
-6.683396E-08 
 1.260400E-08 
 1.260390E-08 
 1.800000E+00 
 1.800000E+00 
 8.198530E-07 
 7.923821E-08 
 7.923822E-08 
 7.923821E-08 
 1.800000E+00 
 4.429525E-08 
 4.284227E-08 
 1.800000E+00 
 7.368781E-09 
 1.800000E+00 
 1.739693E-07 
 6.972093E-08 
 6.972119E-08 
 1.800000E+00 
 8.827099E-07 
 1.800000E+00 
 3.095551E-05 
 8.212278E-08 
 8.212062E-08 
 1.800006E+00 
 8.853488E-07 
 1.800000E+00 
-1.627478E-06 
-1.310102E-06 
-1.310102E-06 
 1.800004E+00 
 2.206083E-06 
 1.800000E+00 
-3.462354E-07 
-3.460212E-07 
 1.799998E+00 
 1.779404E-06 
-1.284964E-07 
-1.284960E-07 
 1.800000E+00 
-6.519916E-08 
 1.800000E+00 
-3.426897E-06 
-2.492432E-06 
 1.800000E+00 
-1.816080E-07 
 1.800000E+00 
 8.830370E-07 
 8.839611E-07 
 8.839618E-07 
 1.800000E+00 
 5.317658E-06 
 5.424800E-06 
 1.800000E+00 
 9.300864E-09 
 1.800000E+00 
-2.452419E-06 
 1.319465E-08 
 1.800000E+00 
-6.766370E-08 
-3.470628E-08 
 1.800000E+00 
-4.366269E-08 
 9.856816E-10 
 1.800000E+00 
-5.987440E-08 
 1.800001E+00 
-3.982941E-07 
 5.191906E-09 
 1.800000E+00 
 1.201751E-07 
 1.215636E-07 
 1.800004E+00 
 1.322471E-05 
-3.005022E-05 
 1.800000E+00 
-4.515088E-06 
 1.800000E+00 
 9.425242E-09 
 6.739673E-09 
 1.800000E+00 
 3.496556E-08 
 1.800003E+00 
 1.253565E-06 
 6.255208E-09 
 6.254534E-09 
 1.800000E+00 
 1.800000E+00 
-7.113946E-07 
-1.414600E-07 
-1.414601E-07 
 1.800000E+00 
 1.083503E-08 
 1.800000E+00 
-4.489139E-10 
 1.800000E+00 
 6.015272E-07 
 6.154031E-07 
 6.154024E-07 
 1.800000E+00 
 1.800001E+00 
-6.040821E-08 
-2.162558E-07 
-2.162557E-07 
 1.800000E+00 
 1.800000E+00 
 2.107480E-06 
 4.983626E-09 
 4.985637E-09 
 1.800000E+00 
 4.779233E-08 
 1.800000E+00 
 1.140782E-07 
 1.800000E+00 
-1.447896E-07 
-3.148756E-07 
 1.800000E+00 
 1.238258E-06 
 4.613107E-09 
 1.800000E+00 
 1.800000E+00 
 1.678944E-08 
 9.184185E-09 
 9.183641E-09 
 1.800006E+00 
 1.800000E+00 
-6.032440E-05 
 6.685319E-06 
 6.685319E-06 
 1.800000E+00 
 1.800007E+00 
 2.236045E-06 
 1.643342E-06 
 1.800000E+00 
-2.407409E-07 
-2.434242E-09 
 1.800000E+00 
-4.445788E-09 
 1.800000E+00 
 1.414975E-05 
 1.800000E+00 
 4.129905E-07 
 1.800000E+00 
 1.058839E-08 
 1.593397E-08 
 1.593396E-08 
 1.800000E+00 
 1.800000E+00 
 7.591520E-08 
 1.800000E+00 
 2.350708E-08 
-1.005755E-07 
 1.800000E+00 
 3.008316E-07 
 2.945415E-07 
 1.800000E+00 
 1.800000E+00 
-1.643384E-06 
 8.781094E-09 
 1.800000E+00 
 7.521918E-09 
 1.800000E+00 
 2.554162E-06 
 2.578173E-06 
 1.800000E+00 
-9.212624E-08 
 1.800000E+00 
-1.958972E-05 
 1.800000E+00 
-2.304041E-06 
 1.800001E+00 
-6.884755E-06 
-7.193988E-06 
 1.800000E+00 
 1.800000E+00 
 2.019748E-06 
 5.387395E-09 
 5.386413E-09 
 1.800000E+00 
 1.800000E+00 
 1.202387E-07 
 1.800000E+00 
-2.234754E-08 
-1.960684E-08 
 1.800003E+00 
 9.465318E-09 
 1.800000E+00 
 7.176681E-09 
 1.800000E+00 
 2.824357E-08 
 1.800000E+00 
 6.186941E-09 
 1.380934E-10 
 1.800000E+00 
 1.800000E+00 
 5.643808E-10 
 8.166974E-09 
 1.800000E+00 
 9.421039E-07 
 1.800000E+00 
-5.245228E-09 
 1.800000E+00 
-7.754869E-08 
 1.800000E+00 
 2.811282E-06 
 2.809748E-06 
 1.800000E+00 
 1.800000E+00 
 8.069909E-08 
 7.814843E-08 
 1.800000E+00 
 1.800004E+00 
-6.643667E-06 
-6.651849E-06 
 1.800000E+00 
-5.503783E-08 
 1.800000E+00 
 1.894929E-08 
 1.800000E+00 
 3.471283E-08 
 1.800000E+00 
-7.411205E-06 
 1.800000E+00 
 9.382035E-09 
 1.195607E-08 
 1.800000E+00 
 1.800000E+00 
 6.797902E-08 
 1.800000E+00 
-1.641683E-06 
 1.800000E+00 
-2.155935E-06 
 1.456148E-08 
 1.800000E+00 
 1.800000E+00 
 1.341105E-08 
 1.019928E-08 
 1.800000E+00 
 1.800000E+00 
-4.961244E-08 
 1.604774E-08 
 1.800000E+00 
 1.800000E+00 
 4.828275E-08 
 4.497302E-08 
 1.800000E+00 
 1.800000E+00 
 3.136666E-06 
 2.960544E-06 
 1.800000E+00 
 1.800001E+00 
-1.487025E-06 
 9.349921E-09 
 1.799999E+00 
 1.800000E+00 
 1.573700E-05 
 1.579444E-05 
 1.800000E+00 
 1.800000E+00 
 1.061703E-08 
 1.800000E+00 
-2.543747E-06 
 1.196303E-08 
 1.800000E+00 
 1.800000E+00 
 1.294092E-06 
 1.800000E+00 
-4.802162E-06 
 1.800000E+00 
 3.942086E-07 
 1.800000E+00 
 2.479174E-06 
 1.800000E+00 
 7.782908E-09 
 1.800001E+00 
 8.408698E-09 
 1.800000E+00 
 1.800000E+00 
 2.819509E-08 
 5.535842E-09 
 1.800000E+00 
 1.800000E+00 
 1.544073E-06 
 5.094644E-09 
 1.799999E+00 
 1.800005E+00 
-1.315894E-07 
 1.800000E+00 
-1.207343E-08 
 1.800000E+00 
 2.012451E-07 
 1.799998E+00 
 3.647314E-07 
 1.800003E+00 
 1.800000E+00 
 2.613769E-09 
 1.000939E-08 
 1.800000E+00 
 1.800000E+00 
 5.368989E-08 
 1.800000E+00 
-2.821082E-07 
 1.800000E+00 
 4.128819E-07 
 1.800000E+00 
 3.575579E-07 
 1.800000E+00 
 1.800000E+00 
 4.225218E-09 
 1.800000E+00 
 1.997198E-05 
 1.999914E-05 
 1.800007E+00 
 1.800007E+00 
 1.800006E+00 
-1.300767E-06 
-1.299005E-06 
 1.800000E+00 
 1.800000E+00 
 4.471759E-08 
 1.800004E+00 
-2.510475E-06 
 1.800000E+00 
 8.728534E-09 
 1.800000E+00 
 1.800006E+00 
 8.171349E-09 
 8.562046E-09 
 1.800002E+00 
 1.800002E+00 
 1.800000E+00 
 4.578077E-08 
 5.472728E-08 
 1.800000E+00 
 1.800000E+00 
 6.096925E-07 
 6.096686E-07 
 1.800000E+00 
 1.800000E+00 
 1.800000E+00 
 2.500104E-09 
 1.800000E+00 
 4.056900E-08 
 1.800000E+00 
-3.544028E-07 
 1.800000E+00 
 2.264541E-06 
 1.800000E+00 
 1.800000E+00 
 5.402433E-09 
 1.800000E+00 
 5.607147E-09 
 1.800000E+00 
 1.800000E+00 
-5.251034E-08 
 1.800000E+00 
 3.546046E-06 
 1.800001E+00 
 2.909076E-08 
 1.800000E+00 
 1.800001E+00 
-2.422978E-05 
 1.800000E+00 
-3.425516E-07 
 1.800001E+00 
 1.800000E+00 
-2.686303E-09 
 1.800000E+00 
-9.463741E-07 
 1.800000E+00 
 1.800000E+00 
-6.335610E-06 
 1.800002E+00 
 5.052706E-09 
 1.800000E+00 
 1.800000E+00 
-2.281784E-07 
-2.209429E-07 
 1.800000E+00 
 1.800000E+00 
 1.800000E+00 
 1.800000E+00 
-1.318771E-07 
 2.884776E-09 
 1.800000E+00 
 2.383767E-07 
 1.800013E+00 
 1.800000E+00 
 1.800000E+00 
-5.517656E-07 
 6.079643E-08 
 1.800000E+00 
 1.800000E+00 
 1.800000E+00 
 4.792947E-09 
 1.800000E+00 
-1.808147E-06 
 1.800000E+00 
 1.917927E-06 
 1.800000E+00 
 1.800000E+00 
 1.799999E+00 
 1.655810E-07 
 4.221282E-07 
 1.800000E+00 
 1.800000E+00 
 1.800000E+00 
 2.962806E-08 
 1.800002E+00 
 1.847852E-06 
 1.800000E+00 
 1.800000E+00 
-6.565096E-09 
 1.800000E+00 
 7.172796E-08 
 1.800000E+00 
 1.800000E+00 
 1.800000E+00 
-1.513859E-06 
 9.012465E-09 
 1.800000E+00 
 1.800000E+00 
 1.800000E+00 
 5.835802E-08 
 1.800000E+00 
 5.399679E-07 
 1.800007E+00 
 1.800000E+00 
 7.641527E-08 
 1.800000E+00 
 1.800000E+00 
-4.647517E-06 
 1.799999E+00 
 1.800000E+00 
 2.744504E-06 
 1.800000E+00 
-8.784727E-08 
 1.800000E+00 
 1.800000E+00 
 1.799999E+00 
-1.791671E-06 
 1.800004E+00 
 5.584364E-07 
 1.800000E+00 
 1.800000E+00 
